insert into fleur (id,directory_name,scientific_name,scientific_family_fk,doc_url) values (52,"Ache_faux_cresson","Helosciadium nodiflorum",0,"http://abiris.snv.jussieu.fr/flore/descriptions/Ache_faux_cresson.html");
insert into taxonomy (lang, taxon, searched_taxon, fleur_fk, taxon_usuel) values ("fr","Ache faux cresson","ache faux cresson",52,1);
insert into taxonomy (lang, taxon, searched_taxon, fleur_fk, taxon_usuel) values ("fr","Ache nodiflore","ache nodiflore",52,0);
insert into taxonomy (lang, taxon, searched_taxon, fleur_fk, taxon_usuel) values ("la","Helosciadium nodiflorum","helosciadium nodiflorum",52,1);
insert into taxonomy (lang, taxon, searched_taxon, fleur_fk, taxon_usuel) values ("en","Fool's-water-cress","fool's-water-cress",52,1);
insert into fleur_inflorescence (fleur_fk, inflorescence_fk) values (52,0);
insert into fleur_couleur (fleur_fk, couleur_fk) values (52,0);
insert into fleur_aspect (fleur_fk, aspect_fk) values (52,0);
insert into fleur_nb_petale (fleur_fk, nb_petale_fk) values (52,0);
insert into fleur_type_feuille (fleur_fk, type_feuille_fk) values (52,0);
insert into fleur_disposition_feuille (fleur_fk, disposition_feuille_fk) values (52,0);
insert into fleur_pilosite_tige (fleur_fk, pilosite_tige_fk) values (52,0);
insert into fleur_pilosite_feuille (fleur_fk, pilosite_feuille_fk) values (52,0);
insert into fleur (id,directory_name,scientific_name,scientific_family_fk,doc_url) values (53,"Achillee_millefeuille","Achillea millefolium",1,"http://abiris.snv.jussieu.fr/flore/descriptions/Achillee_millefeuille.html");
insert into taxonomy (lang, taxon, searched_taxon, fleur_fk, taxon_usuel) values ("fr","Achillée millefeuille","achillee millefeuille",53,1);
insert into taxonomy (lang, taxon, searched_taxon, fleur_fk, taxon_usuel) values ("la","Achillea millefolium","achillea millefolium",53,1);
insert into taxonomy (lang, taxon, searched_taxon, fleur_fk, taxon_usuel) values ("en","common yarrow","common yarrow",53,1);
insert into fleur_inflorescence (fleur_fk, inflorescence_fk) values (53,0);
insert into fleur_couleur (fleur_fk, couleur_fk) values (53,0);
insert into fleur_couleur (fleur_fk, couleur_fk) values (53,1);
insert into fleur_aspect (fleur_fk, aspect_fk) values (53,1);
insert into fleur_nb_petale (fleur_fk, nb_petale_fk) values (53,1);
insert into fleur_type_feuille (fleur_fk, type_feuille_fk) values (53,1);
insert into fleur_disposition_feuille (fleur_fk, disposition_feuille_fk) values (53,0);
insert into fleur_pilosite_tige (fleur_fk, pilosite_tige_fk) values (53,1);
insert into fleur_pilosite_feuille (fleur_fk, pilosite_feuille_fk) values (53,1);
insert into fleur (id,directory_name,scientific_name,scientific_family_fk,doc_url) values (54,"Achillee_sternutatoire","Achillea ptarmica",1,"http://abiris.snv.jussieu.fr/flore/descriptions/Achillee_sternutatoire.html");
insert into taxonomy (lang, taxon, searched_taxon, fleur_fk, taxon_usuel) values ("fr","Achillée sternutatoire","achillee sternutatoire",54,1);
insert into taxonomy (lang, taxon, searched_taxon, fleur_fk, taxon_usuel) values ("fr","Herbe à éternuer","herbe a eternuer",54,0);
insert into taxonomy (lang, taxon, searched_taxon, fleur_fk, taxon_usuel) values ("la","Achillea ptarmica","achillea ptarmica",54,1);
insert into taxonomy (lang, taxon, searched_taxon, fleur_fk, taxon_usuel) values ("en","sneezewort","sneezewort",54,1);
insert into fleur_inflorescence (fleur_fk, inflorescence_fk) values (54,0);
insert into fleur_couleur (fleur_fk, couleur_fk) values (54,0);
insert into fleur_aspect (fleur_fk, aspect_fk) values (54,1);
insert into fleur_nb_petale (fleur_fk, nb_petale_fk) values (54,1);
insert into fleur_type_feuille (fleur_fk, type_feuille_fk) values (54,2);
insert into fleur_disposition_feuille (fleur_fk, disposition_feuille_fk) values (54,0);
insert into fleur_pilosite_tige (fleur_fk, pilosite_tige_fk) values (54,0);
insert into fleur_pilosite_tige (fleur_fk, pilosite_tige_fk) values (54,1);
insert into fleur_pilosite_feuille (fleur_fk, pilosite_feuille_fk) values (54,0);
insert into fleur (id,directory_name,scientific_name,scientific_family_fk,doc_url) values (55,"Aconit_napel","Aconitum napellus",2,"http://abiris.snv.jussieu.fr/flore/descriptions/Aconit_napel.html");
insert into taxonomy (lang, taxon, searched_taxon, fleur_fk, taxon_usuel) values ("fr","Aconit napel","aconit napel",55,1);
insert into taxonomy (lang, taxon, searched_taxon, fleur_fk, taxon_usuel) values ("fr","Casque de Jupiter","casque de jupiter",55,0);
insert into taxonomy (lang, taxon, searched_taxon, fleur_fk, taxon_usuel) values ("fr","Napel","napel",55,0);
insert into taxonomy (lang, taxon, searched_taxon, fleur_fk, taxon_usuel) values ("la","Aconitum napellus","aconitum napellus",55,1);
insert into taxonomy (lang, taxon, searched_taxon, fleur_fk, taxon_usuel) values ("en","monkshood","monkshood",55,1);
insert into fleur_inflorescence (fleur_fk, inflorescence_fk) values (55,0);
insert into fleur_couleur (fleur_fk, couleur_fk) values (55,2);
insert into fleur_aspect (fleur_fk, aspect_fk) values (55,2);
insert into fleur_nb_petale (fleur_fk, nb_petale_fk) values (55,0);
insert into fleur_type_feuille (fleur_fk, type_feuille_fk) values (55,1);
insert into fleur_disposition_feuille (fleur_fk, disposition_feuille_fk) values (55,0);
insert into fleur_pilosite_tige (fleur_fk, pilosite_tige_fk) values (55,0);
insert into fleur_pilosite_tige (fleur_fk, pilosite_tige_fk) values (55,1);
insert into fleur_pilosite_feuille (fleur_fk, pilosite_feuille_fk) values (55,0);
insert into fleur (id,directory_name,scientific_name,scientific_family_fk,doc_url) values (56,"Agripaume_faux_marrube","Leonorus marrubiastrum",3,"http://abiris.snv.jussieu.fr/flore/descriptions/Agripaume_faux_Marrube.html");
insert into taxonomy (lang, taxon, searched_taxon, fleur_fk, taxon_usuel) values ("fr","Agripaume faux Marrube","agripaume faux marrube",56,1);
insert into taxonomy (lang, taxon, searched_taxon, fleur_fk, taxon_usuel) values ("la","Leonorus marrubiastrum","leonorus marrubiastrum",56,1);
insert into taxonomy (lang, taxon, searched_taxon, fleur_fk, taxon_usuel) values ("en","False Motherwort","false motherwort",56,1);
insert into fleur_inflorescence (fleur_fk, inflorescence_fk) values (56,0);
insert into fleur_couleur (fleur_fk, couleur_fk) values (56,1);
insert into fleur_aspect (fleur_fk, aspect_fk) values (56,3);
insert into fleur_nb_petale (fleur_fk, nb_petale_fk) values (56,2);
insert into fleur_type_feuille (fleur_fk, type_feuille_fk) values (56,2);
insert into fleur_disposition_feuille (fleur_fk, disposition_feuille_fk) values (56,1);
insert into fleur_pilosite_tige (fleur_fk, pilosite_tige_fk) values (56,1);
insert into fleur_pilosite_feuille (fleur_fk, pilosite_feuille_fk) values (56,1);
insert into fleur (id,directory_name,scientific_name,scientific_family_fk,doc_url) values (57,"Aigremoine_eupatoire","Agrimonia eupatoria",4,"http://abiris.snv.jussieu.fr/flore/descriptions/Aigremoine_eupatoire.html");
insert into taxonomy (lang, taxon, searched_taxon, fleur_fk, taxon_usuel) values ("fr","Aigremoine eupatoire","aigremoine eupatoire",57,1);
insert into taxonomy (lang, taxon, searched_taxon, fleur_fk, taxon_usuel) values ("la","Agrimonia eupatoria","agrimonia eupatoria",57,1);
insert into taxonomy (lang, taxon, searched_taxon, fleur_fk, taxon_usuel) values ("en","common agrimony","common agrimony",57,1);
insert into fleur_inflorescence (fleur_fk, inflorescence_fk) values (57,0);
insert into fleur_couleur (fleur_fk, couleur_fk) values (57,3);
insert into fleur_aspect (fleur_fk, aspect_fk) values (57,0);
insert into fleur_nb_petale (fleur_fk, nb_petale_fk) values (57,0);
insert into fleur_type_feuille (fleur_fk, type_feuille_fk) values (57,0);
insert into fleur_disposition_feuille (fleur_fk, disposition_feuille_fk) values (57,0);
insert into fleur_pilosite_tige (fleur_fk, pilosite_tige_fk) values (57,1);
insert into fleur_pilosite_feuille (fleur_fk, pilosite_feuille_fk) values (57,2);
insert into fleur (id,directory_name,scientific_name,scientific_family_fk,doc_url) values (58,"Ail_tete_ronde","Allium sphaerocephalon",5,"http://abiris.snv.jussieu.fr/flore/descriptions/Ail_a_tete_ronde.html");
insert into taxonomy (lang, taxon, searched_taxon, fleur_fk, taxon_usuel) values ("fr","Ail à tête ronde","ail a tete ronde",58,1);
insert into taxonomy (lang, taxon, searched_taxon, fleur_fk, taxon_usuel) values ("la","Allium sphaerocephalon","allium sphaerocephalon",58,1);
insert into taxonomy (lang, taxon, searched_taxon, fleur_fk, taxon_usuel) values ("en","round-headed garlic","round-headed garlic",58,1);
insert into fleur_inflorescence (fleur_fk, inflorescence_fk) values (58,0);
insert into fleur_couleur (fleur_fk, couleur_fk) values (58,1);
insert into fleur_aspect (fleur_fk, aspect_fk) values (58,0);
insert into fleur_nb_petale (fleur_fk, nb_petale_fk) values (58,3);
insert into fleur_type_feuille (fleur_fk, type_feuille_fk) values (58,3);
insert into fleur_type_feuille (fleur_fk, type_feuille_fk) values (58,4);
insert into fleur_disposition_feuille (fleur_fk, disposition_feuille_fk) values (58,0);
insert into fleur_pilosite_tige (fleur_fk, pilosite_tige_fk) values (58,0);
insert into fleur_pilosite_feuille (fleur_fk, pilosite_feuille_fk) values (58,0);
insert into fleur (id,directory_name,scientific_name,scientific_family_fk,doc_url) values (59,"Ail_des_champs","Allium oleraceum",5,"http://abiris.snv.jussieu.fr/flore/descriptions/Ail_des_champs.html");
insert into taxonomy (lang, taxon, searched_taxon, fleur_fk, taxon_usuel) values ("fr","Ail des champs","ail des champs",59,1);
insert into taxonomy (lang, taxon, searched_taxon, fleur_fk, taxon_usuel) values ("fr","Ail potager","ail potager",59,0);
insert into taxonomy (lang, taxon, searched_taxon, fleur_fk, taxon_usuel) values ("fr","Ail des jardins","ail des jardins",59,0);
insert into taxonomy (lang, taxon, searched_taxon, fleur_fk, taxon_usuel) values ("la","Allium oleraceum","allium oleraceum",59,1);
insert into taxonomy (lang, taxon, searched_taxon, fleur_fk, taxon_usuel) values ("en","field garlic","field garlic",59,1);
insert into fleur_inflorescence (fleur_fk, inflorescence_fk) values (59,0);
insert into fleur_couleur (fleur_fk, couleur_fk) values (59,1);
insert into fleur_couleur (fleur_fk, couleur_fk) values (59,4);
insert into fleur_aspect (fleur_fk, aspect_fk) values (59,0);
insert into fleur_nb_petale (fleur_fk, nb_petale_fk) values (59,3);
insert into fleur_type_feuille (fleur_fk, type_feuille_fk) values (59,3);
insert into fleur_type_feuille (fleur_fk, type_feuille_fk) values (59,4);
insert into fleur_disposition_feuille (fleur_fk, disposition_feuille_fk) values (59,0);
insert into fleur_pilosite_tige (fleur_fk, pilosite_tige_fk) values (59,0);
insert into fleur_pilosite_feuille (fleur_fk, pilosite_feuille_fk) values (59,0);
insert into fleur (id,directory_name,scientific_name,scientific_family_fk,doc_url) values (60,"Ail_des_ours","Allium ursinum",5,"http://abiris.snv.jussieu.fr/flore/descriptions/Ail_des_ours.html");
insert into taxonomy (lang, taxon, searched_taxon, fleur_fk, taxon_usuel) values ("fr","Ail des ours","ail des ours",60,1);
insert into taxonomy (lang, taxon, searched_taxon, fleur_fk, taxon_usuel) values ("fr","Ail des bois","ail des bois",60,0);
insert into taxonomy (lang, taxon, searched_taxon, fleur_fk, taxon_usuel) values ("la","Allium ursinum","allium ursinum",60,1);
insert into taxonomy (lang, taxon, searched_taxon, fleur_fk, taxon_usuel) values ("en","wild garlic","wild garlic",60,1);
insert into fleur_inflorescence (fleur_fk, inflorescence_fk) values (60,0);
insert into fleur_couleur (fleur_fk, couleur_fk) values (60,0);
insert into fleur_aspect (fleur_fk, aspect_fk) values (60,0);
insert into fleur_nb_petale (fleur_fk, nb_petale_fk) values (60,3);
insert into fleur_type_feuille (fleur_fk, type_feuille_fk) values (60,3);
insert into fleur_type_feuille (fleur_fk, type_feuille_fk) values (60,4);
insert into fleur_disposition_feuille (fleur_fk, disposition_feuille_fk) values (60,0);
insert into fleur_pilosite_tige (fleur_fk, pilosite_tige_fk) values (60,0);
insert into fleur_pilosite_feuille (fleur_fk, pilosite_feuille_fk) values (60,0);
insert into fleur (id,directory_name,scientific_name,scientific_family_fk,doc_url) values (61,"Ail_des_vignes","Allium vineale",5,"http://abiris.snv.jussieu.fr/flore/descriptions/Ail_des_vignes.html");
insert into taxonomy (lang, taxon, searched_taxon, fleur_fk, taxon_usuel) values ("fr","Ail des vignes","ail des vignes",61,1);
insert into taxonomy (lang, taxon, searched_taxon, fleur_fk, taxon_usuel) values ("la","Allium vineale","allium vineale",61,1);
insert into taxonomy (lang, taxon, searched_taxon, fleur_fk, taxon_usuel) values ("en","crow Garlic","crow garlic",61,1);
insert into fleur_inflorescence (fleur_fk, inflorescence_fk) values (61,0);
insert into fleur_couleur (fleur_fk, couleur_fk) values (61,1);
insert into fleur_couleur (fleur_fk, couleur_fk) values (61,0);
insert into fleur_particularite (fleur_fk, particularite_fk) values (61,0);
insert into fleur_aspect (fleur_fk, aspect_fk) values (61,0);
insert into fleur_nb_petale (fleur_fk, nb_petale_fk) values (61,3);
insert into fleur_type_feuille (fleur_fk, type_feuille_fk) values (61,3);
insert into fleur_type_feuille (fleur_fk, type_feuille_fk) values (61,4);
insert into fleur_disposition_feuille (fleur_fk, disposition_feuille_fk) values (61,0);
insert into fleur_pilosite_tige (fleur_fk, pilosite_tige_fk) values (61,0);
insert into fleur_pilosite_feuille (fleur_fk, pilosite_feuille_fk) values (61,0);
insert into fleur (id,directory_name,scientific_name,scientific_family_fk,doc_url) values (62,"Alliaire","Alliaria petiolata",7,"http://abiris.snv.jussieu.fr/flore/descriptions/Alliaire.html");
insert into taxonomy (lang, taxon, searched_taxon, fleur_fk, taxon_usuel) values ("fr","Alliaire","alliaire",62,1);
insert into taxonomy (lang, taxon, searched_taxon, fleur_fk, taxon_usuel) values ("fr","Herbe à ail","herbe a ail",62,0);
insert into taxonomy (lang, taxon, searched_taxon, fleur_fk, taxon_usuel) values ("fr","Alliaire officinale","alliaire officinale",62,0);
insert into taxonomy (lang, taxon, searched_taxon, fleur_fk, taxon_usuel) values ("la","Alliaria petiolata","alliaria petiolata",62,1);
insert into taxonomy (lang, taxon, searched_taxon, fleur_fk, taxon_usuel) values ("en","Garlic mustard","garlic mustard",62,1);
insert into fleur_inflorescence (fleur_fk, inflorescence_fk) values (62,0);
insert into fleur_couleur (fleur_fk, couleur_fk) values (62,0);
insert into fleur_aspect (fleur_fk, aspect_fk) values (62,0);
insert into fleur_nb_petale (fleur_fk, nb_petale_fk) values (62,2);
insert into fleur_type_feuille (fleur_fk, type_feuille_fk) values (62,2);
insert into fleur_disposition_feuille (fleur_fk, disposition_feuille_fk) values (62,0);
insert into fleur_pilosite_tige (fleur_fk, pilosite_tige_fk) values (62,0);
insert into fleur_pilosite_tige (fleur_fk, pilosite_tige_fk) values (62,1);
insert into fleur_pilosite_feuille (fleur_fk, pilosite_feuille_fk) values (62,0);
insert into fleur (id,directory_name,scientific_name,scientific_family_fk,doc_url) values (63,"Alysson_calycinal","Alyssum alyssoides",7,"http://abiris.snv.jussieu.fr/flore/descriptions/Alysson_a_calice_persistant.html");
insert into taxonomy (lang, taxon, searched_taxon, fleur_fk, taxon_usuel) values ("fr","Alysson à calice persistant","alysson a calice persistant",63,1);
insert into taxonomy (lang, taxon, searched_taxon, fleur_fk, taxon_usuel) values ("fr","Passerage à calices persistants","passerage a calices persistants",63,0);
insert into taxonomy (lang, taxon, searched_taxon, fleur_fk, taxon_usuel) values ("fr","Passerage faux alysson","passerage faux alysson",63,0);
insert into taxonomy (lang, taxon, searched_taxon, fleur_fk, taxon_usuel) values ("la","Alyssum alyssoides","alyssum alyssoides",63,1);
insert into taxonomy (lang, taxon, searched_taxon, fleur_fk, taxon_usuel) values ("en","pale madwort","pale madwort",63,1);
insert into fleur_inflorescence (fleur_fk, inflorescence_fk) values (63,0);
insert into fleur_couleur (fleur_fk, couleur_fk) values (63,3);
insert into fleur_aspect (fleur_fk, aspect_fk) values (63,0);
insert into fleur_nb_petale (fleur_fk, nb_petale_fk) values (63,2);
insert into fleur_type_feuille (fleur_fk, type_feuille_fk) values (63,3);
insert into fleur_disposition_feuille (fleur_fk, disposition_feuille_fk) values (63,0);
insert into fleur_pilosite_tige (fleur_fk, pilosite_tige_fk) values (63,1);
insert into fleur_pilosite_feuille (fleur_fk, pilosite_feuille_fk) values (63,1);
insert into fleur (id,directory_name,scientific_name,scientific_family_fk,doc_url) values (64,"Berteroa_blanchatre","Berteroa incana",7,"http://abiris.snv.jussieu.fr/flore/descriptions/Berteroa_blanchatre.html");
insert into taxonomy (lang, taxon, searched_taxon, fleur_fk, taxon_usuel) values ("fr","Alysson blanc","alysson blanc",64,1);
insert into taxonomy (lang, taxon, searched_taxon, fleur_fk, taxon_usuel) values ("fr","Bertéroa blanchâtre","berteroa blanchatre",64,0);
insert into taxonomy (lang, taxon, searched_taxon, fleur_fk, taxon_usuel) values ("la","Berteroa incana","berteroa incana",64,1);
insert into taxonomy (lang, taxon, searched_taxon, fleur_fk, taxon_usuel) values ("en","hoary alyssum","hoary alyssum",64,1);
insert into fleur_inflorescence (fleur_fk, inflorescence_fk) values (64,0);
insert into fleur_couleur (fleur_fk, couleur_fk) values (64,0);
insert into fleur_particularite (fleur_fk, particularite_fk) values (64,1);
insert into fleur_aspect (fleur_fk, aspect_fk) values (64,0);
insert into fleur_nb_petale (fleur_fk, nb_petale_fk) values (64,2);
insert into fleur_type_feuille (fleur_fk, type_feuille_fk) values (64,3);
insert into fleur_disposition_feuille (fleur_fk, disposition_feuille_fk) values (64,0);
insert into fleur_pilosite_tige (fleur_fk, pilosite_tige_fk) values (64,1);
insert into fleur_pilosite_feuille (fleur_fk, pilosite_feuille_fk) values (64,1);
insert into fleur (id,directory_name,scientific_name,scientific_family_fk,doc_url) values (65,"Ambroisie_feuilles_armoise","Ambrosia artemisiifolia",1,"http://abiris.snv.jussieu.fr/flore/descriptions/Ambroisie_a_feuilles_d_Armoise.html");
insert into taxonomy (lang, taxon, searched_taxon, fleur_fk, taxon_usuel) values ("fr","Ambroisie à feuilles d'Armoise","ambroisie a feuilles d'armoise",65,1);
insert into taxonomy (lang, taxon, searched_taxon, fleur_fk, taxon_usuel) values ("fr","Ambroisie élevée","ambroisie elevee",65,0);
insert into taxonomy (lang, taxon, searched_taxon, fleur_fk, taxon_usuel) values ("la","Ambrosia artemisiifolia","ambrosia artemisiifolia",65,1);
insert into taxonomy (lang, taxon, searched_taxon, fleur_fk, taxon_usuel) values ("en","Common Ragweed","common ragweed",65,1);
insert into fleur_inflorescence (fleur_fk, inflorescence_fk) values (65,0);
insert into fleur_couleur (fleur_fk, couleur_fk) values (65,5);
insert into fleur_couleur (fleur_fk, couleur_fk) values (65,3);
insert into fleur_aspect (fleur_fk, aspect_fk) values (65,4);
insert into fleur_aspect (fleur_fk, aspect_fk) values (65,5);
insert into fleur_nb_petale (fleur_fk, nb_petale_fk) values (65,1);
insert into fleur_type_feuille (fleur_fk, type_feuille_fk) values (65,1);
insert into fleur_disposition_feuille (fleur_fk, disposition_feuille_fk) values (65,0);
insert into fleur_pilosite_tige (fleur_fk, pilosite_tige_fk) values (65,1);
insert into fleur_pilosite_feuille (fleur_fk, pilosite_feuille_fk) values (65,1);
insert into fleur (id,directory_name,scientific_name,scientific_family_fk,doc_url) values (66,"Ancolie_commune","Aquilegia vulgaris",2,"http://abiris.snv.jussieu.fr/flore/descriptions/Ancolie_commune.html");
insert into taxonomy (lang, taxon, searched_taxon, fleur_fk, taxon_usuel) values ("fr","Ancolie commune","ancolie commune",66,1);
insert into taxonomy (lang, taxon, searched_taxon, fleur_fk, taxon_usuel) values ("la","Aquilegia vulgaris","aquilegia vulgaris",66,1);
insert into taxonomy (lang, taxon, searched_taxon, fleur_fk, taxon_usuel) values ("en","Common columbine","common columbine",66,1);
insert into fleur_inflorescence (fleur_fk, inflorescence_fk) values (66,0);
insert into fleur_couleur (fleur_fk, couleur_fk) values (66,2);
insert into fleur_couleur (fleur_fk, couleur_fk) values (66,1);
insert into fleur_particularite (fleur_fk, particularite_fk) values (66,2);
insert into fleur_aspect (fleur_fk, aspect_fk) values (66,0);
insert into fleur_nb_petale (fleur_fk, nb_petale_fk) values (66,0);
insert into fleur_type_feuille (fleur_fk, type_feuille_fk) values (66,0);
insert into fleur_disposition_feuille (fleur_fk, disposition_feuille_fk) values (66,0);
insert into fleur_pilosite_tige (fleur_fk, pilosite_tige_fk) values (66,1);
insert into fleur_pilosite_feuille (fleur_fk, pilosite_feuille_fk) values (66,2);
insert into fleur (id,directory_name,scientific_name,scientific_family_fk,doc_url) values (67,"Andryale_feuilles_entieres","Andryala integrifolia",1,"http://abiris.snv.jussieu.fr/flore/descriptions/Andryale_a_feuilles_entieres.html");
insert into taxonomy (lang, taxon, searched_taxon, fleur_fk, taxon_usuel) values ("fr","Andryale à feuilles entières","andryale a feuilles entieres",67,1);
insert into taxonomy (lang, taxon, searched_taxon, fleur_fk, taxon_usuel) values ("fr","Andryale sinueuse","andryale sinueuse",67,0);
insert into taxonomy (lang, taxon, searched_taxon, fleur_fk, taxon_usuel) values ("la","Andryala integrifolia","andryala integrifolia",67,1);
insert into taxonomy (lang, taxon, searched_taxon, fleur_fk, taxon_usuel) values ("en","Common Andryala","common andryala",67,1);
insert into fleur_inflorescence (fleur_fk, inflorescence_fk) values (67,0);
insert into fleur_couleur (fleur_fk, couleur_fk) values (67,3);
insert into fleur_aspect (fleur_fk, aspect_fk) values (67,4);
insert into fleur_nb_petale (fleur_fk, nb_petale_fk) values (67,1);
insert into fleur_type_feuille (fleur_fk, type_feuille_fk) values (67,2);
insert into fleur_disposition_feuille (fleur_fk, disposition_feuille_fk) values (67,0);
insert into fleur_pilosite_tige (fleur_fk, pilosite_tige_fk) values (67,1);
insert into fleur_pilosite_feuille (fleur_fk, pilosite_feuille_fk) values (67,1);
insert into fleur (id,directory_name,scientific_name,scientific_family_fk,doc_url) values (68,"Anemone_sylvie","Anemone nemorosa",2,"http://abiris.snv.jussieu.fr/flore/descriptions/Anemone_des_bois.html");
insert into taxonomy (lang, taxon, searched_taxon, fleur_fk, taxon_usuel) values ("fr","Anémone des bois","anemone des bois",68,1);
insert into taxonomy (lang, taxon, searched_taxon, fleur_fk, taxon_usuel) values ("fr","Anémone sylvie","anemone sylvie",68,0);
insert into taxonomy (lang, taxon, searched_taxon, fleur_fk, taxon_usuel) values ("la","Anemone nemorosa","anemone nemorosa",68,1);
insert into taxonomy (lang, taxon, searched_taxon, fleur_fk, taxon_usuel) values ("en","Wood anemone","wood anemone",68,1);
insert into fleur_inflorescence (fleur_fk, inflorescence_fk) values (68,1);
insert into fleur_couleur (fleur_fk, couleur_fk) values (68,0);
insert into fleur_aspect (fleur_fk, aspect_fk) values (68,0);
insert into fleur_nb_petale (fleur_fk, nb_petale_fk) values (68,0);
insert into fleur_nb_petale (fleur_fk, nb_petale_fk) values (68,3);
insert into fleur_nb_petale (fleur_fk, nb_petale_fk) values (68,4);
insert into fleur_type_feuille (fleur_fk, type_feuille_fk) values (68,0);
insert into fleur_disposition_feuille (fleur_fk, disposition_feuille_fk) values (68,2);
insert into fleur_pilosite_tige (fleur_fk, pilosite_tige_fk) values (68,1);
insert into fleur_pilosite_feuille (fleur_fk, pilosite_feuille_fk) values (68,1);
insert into fleur (id,directory_name,scientific_name,scientific_family_fk,doc_url) values (69,"Angelique_sylvestre","Angelica sylvestris",0,"http://abiris.snv.jussieu.fr/flore/descriptions/Angelique_des_bois.html");
insert into taxonomy (lang, taxon, searched_taxon, fleur_fk, taxon_usuel) values ("fr","Angélique des bois","angelique des bois",69,1);
insert into taxonomy (lang, taxon, searched_taxon, fleur_fk, taxon_usuel) values ("fr","Angélique sauvage","angelique sauvage",69,0);
insert into taxonomy (lang, taxon, searched_taxon, fleur_fk, taxon_usuel) values ("la","Angelica sylvestris","angelica sylvestris",69,1);
insert into taxonomy (lang, taxon, searched_taxon, fleur_fk, taxon_usuel) values ("en","wild angelica","wild angelica",69,1);
insert into fleur_inflorescence (fleur_fk, inflorescence_fk) values (69,0);
insert into fleur_couleur (fleur_fk, couleur_fk) values (69,0);
insert into fleur_aspect (fleur_fk, aspect_fk) values (69,0);
insert into fleur_nb_petale (fleur_fk, nb_petale_fk) values (69,0);
insert into fleur_type_feuille (fleur_fk, type_feuille_fk) values (69,0);
insert into fleur_disposition_feuille (fleur_fk, disposition_feuille_fk) values (69,0);
insert into fleur_pilosite_tige (fleur_fk, pilosite_tige_fk) values (69,0);
insert into fleur_pilosite_feuille (fleur_fk, pilosite_feuille_fk) values (69,2);
insert into fleur (id,directory_name,scientific_name,scientific_family_fk,doc_url) values (70,"Anthemis_bicolore","Anthemis mixta",1,"http://abiris.snv.jussieu.fr/flore/descriptions/Anthemis_bicolore.html");
insert into taxonomy (lang, taxon, searched_taxon, fleur_fk, taxon_usuel) values ("fr","Anthémis bicolore","anthemis bicolore",70,1);
insert into taxonomy (lang, taxon, searched_taxon, fleur_fk, taxon_usuel) values ("fr","Camomille mixte","camomille mixte",70,0);
insert into taxonomy (lang, taxon, searched_taxon, fleur_fk, taxon_usuel) values ("fr","Anthémis panaché","anthemis panache",70,0);
insert into taxonomy (lang, taxon, searched_taxon, fleur_fk, taxon_usuel) values ("la","Anthemis mixta","anthemis mixta",70,1);
insert into taxonomy (lang, taxon, searched_taxon, fleur_fk, taxon_usuel) values ("en"," simple-leaved chamomile"," simple-leaved chamomile",70,1);
insert into fleur_inflorescence (fleur_fk, inflorescence_fk) values (70,1);
insert into fleur_couleur (fleur_fk, couleur_fk) values (70,0);
insert into fleur_couleur (fleur_fk, couleur_fk) values (70,3);
insert into fleur_aspect (fleur_fk, aspect_fk) values (70,1);
insert into fleur_nb_petale (fleur_fk, nb_petale_fk) values (70,1);
insert into fleur_type_feuille (fleur_fk, type_feuille_fk) values (70,1);
insert into fleur_disposition_feuille (fleur_fk, disposition_feuille_fk) values (70,0);
insert into fleur_pilosite_tige (fleur_fk, pilosite_tige_fk) values (70,1);
insert into fleur_pilosite_feuille (fleur_fk, pilosite_feuille_fk) values (70,1);
insert into fleur (id,directory_name,scientific_name,scientific_family_fk,doc_url) values (71,"Anthemis_des_champs","Anthemis arvensis",1,"http://abiris.snv.jussieu.fr/flore/descriptions/Anthemis_des_champs.html");
insert into taxonomy (lang, taxon, searched_taxon, fleur_fk, taxon_usuel) values ("fr","Anthémis des champs","anthemis des champs",71,1);
insert into taxonomy (lang, taxon, searched_taxon, fleur_fk, taxon_usuel) values ("fr","Fausse Camomille","fausse camomille",71,0);
insert into taxonomy (lang, taxon, searched_taxon, fleur_fk, taxon_usuel) values ("fr","Camomille sauvage","camomille sauvage",71,0);
insert into taxonomy (lang, taxon, searched_taxon, fleur_fk, taxon_usuel) values ("la","Anthemis arvensis","anthemis arvensis",71,1);
insert into taxonomy (lang, taxon, searched_taxon, fleur_fk, taxon_usuel) values ("en","corn chamomile","corn chamomile",71,1);
insert into fleur_inflorescence (fleur_fk, inflorescence_fk) values (71,1);
insert into fleur_couleur (fleur_fk, couleur_fk) values (71,0);
insert into fleur_couleur (fleur_fk, couleur_fk) values (71,3);
insert into fleur_aspect (fleur_fk, aspect_fk) values (71,1);
insert into fleur_nb_petale (fleur_fk, nb_petale_fk) values (71,1);
insert into fleur_type_feuille (fleur_fk, type_feuille_fk) values (71,1);
insert into fleur_disposition_feuille (fleur_fk, disposition_feuille_fk) values (71,0);
insert into fleur_pilosite_tige (fleur_fk, pilosite_tige_fk) values (71,1);
insert into fleur_pilosite_feuille (fleur_fk, pilosite_feuille_fk) values (71,1);
insert into fleur (id,directory_name,scientific_name,scientific_family_fk,doc_url) values (72,"Arabette_Thalius","Arabidopsis thaliana",7,"http://abiris.snv.jussieu.fr/flore/descriptions/Arabette_de_Thalius.html");
insert into taxonomy (lang, taxon, searched_taxon, fleur_fk, taxon_usuel) values ("fr","Arabette de Thalius","arabette de thalius",72,1);
insert into taxonomy (lang, taxon, searched_taxon, fleur_fk, taxon_usuel) values ("fr","Arabette des dames","arabette des dames",72,0);
insert into taxonomy (lang, taxon, searched_taxon, fleur_fk, taxon_usuel) values ("la","Arabidopsis thaliana","arabidopsis thaliana",72,1);
insert into taxonomy (lang, taxon, searched_taxon, fleur_fk, taxon_usuel) values ("en","thale cress","thale cress",72,1);
insert into fleur_inflorescence (fleur_fk, inflorescence_fk) values (72,0);
insert into fleur_couleur (fleur_fk, couleur_fk) values (72,0);
insert into fleur_aspect (fleur_fk, aspect_fk) values (72,0);
insert into fleur_nb_petale (fleur_fk, nb_petale_fk) values (72,2);
insert into fleur_type_feuille (fleur_fk, type_feuille_fk) values (72,2);
insert into fleur_disposition_feuille (fleur_fk, disposition_feuille_fk) values (72,0);
insert into fleur_pilosite_tige (fleur_fk, pilosite_tige_fk) values (72,0);
insert into fleur_pilosite_tige (fleur_fk, pilosite_tige_fk) values (72,1);
insert into fleur_pilosite_feuille (fleur_fk, pilosite_feuille_fk) values (72,1);
insert into fleur (id,directory_name,scientific_name,scientific_family_fk,doc_url) values (73,"Arabette_glabre","Arabis glabra",7,"http://abiris.snv.jussieu.fr/flore/descriptions/Arabette_glabre.html");
insert into taxonomy (lang, taxon, searched_taxon, fleur_fk, taxon_usuel) values ("fr","Arabette glabre","arabette glabre",73,1);
insert into taxonomy (lang, taxon, searched_taxon, fleur_fk, taxon_usuel) values ("fr","Tourette glabre","tourette glabre",73,0);
insert into taxonomy (lang, taxon, searched_taxon, fleur_fk, taxon_usuel) values ("fr","Tourelle","tourelle",73,0);
insert into taxonomy (lang, taxon, searched_taxon, fleur_fk, taxon_usuel) values ("la","Arabis glabra","arabis glabra",73,1);
insert into taxonomy (lang, taxon, searched_taxon, fleur_fk, taxon_usuel) values ("en","tower mustard","tower mustard",73,1);
insert into fleur_inflorescence (fleur_fk, inflorescence_fk) values (73,0);
insert into fleur_couleur (fleur_fk, couleur_fk) values (73,0);
insert into fleur_aspect (fleur_fk, aspect_fk) values (73,0);
insert into fleur_nb_petale (fleur_fk, nb_petale_fk) values (73,2);
insert into fleur_type_feuille (fleur_fk, type_feuille_fk) values (73,3);
insert into fleur_disposition_feuille (fleur_fk, disposition_feuille_fk) values (73,0);
insert into fleur_pilosite_tige (fleur_fk, pilosite_tige_fk) values (73,0);
insert into fleur_pilosite_feuille (fleur_fk, pilosite_feuille_fk) values (73,0);
insert into fleur_pilosite_feuille (fleur_fk, pilosite_feuille_fk) values (73,1);
insert into fleur (id,directory_name,scientific_name,scientific_family_fk,doc_url) values (74,"Arabette_hirsute","Arabis hirsuta",7,"http://abiris.snv.jussieu.fr/flore/descriptions/Arabette_hirsute.html");
insert into taxonomy (lang, taxon, searched_taxon, fleur_fk, taxon_usuel) values ("fr","Arabette hirsute","arabette hirsute",74,1);
insert into taxonomy (lang, taxon, searched_taxon, fleur_fk, taxon_usuel) values ("fr","Arabette poilue","arabette poilue",74,0);
insert into taxonomy (lang, taxon, searched_taxon, fleur_fk, taxon_usuel) values ("fr","Arabette hérissée","arabette herissee",74,0);
insert into taxonomy (lang, taxon, searched_taxon, fleur_fk, taxon_usuel) values ("la","Arabis hirsuta","arabis hirsuta",74,1);
insert into taxonomy (lang, taxon, searched_taxon, fleur_fk, taxon_usuel) values ("en","hairy rockcress ","hairy rockcress ",74,1);
insert into fleur_inflorescence (fleur_fk, inflorescence_fk) values (74,0);
insert into fleur_couleur (fleur_fk, couleur_fk) values (74,0);
insert into fleur_aspect (fleur_fk, aspect_fk) values (74,0);
insert into fleur_nb_petale (fleur_fk, nb_petale_fk) values (74,2);
insert into fleur_type_feuille (fleur_fk, type_feuille_fk) values (74,2);
insert into fleur_disposition_feuille (fleur_fk, disposition_feuille_fk) values (74,0);
insert into fleur_pilosite_tige (fleur_fk, pilosite_tige_fk) values (74,1);
insert into fleur_pilosite_feuille (fleur_fk, pilosite_feuille_fk) values (74,1);
insert into fleur (id,directory_name,scientific_name,scientific_family_fk,doc_url) values (75,"Aristoloche_clematite","Aristolochia clematitis",8,"http://abiris.snv.jussieu.fr/flore/descriptions/Aristoloche_clematite.html");
insert into taxonomy (lang, taxon, searched_taxon, fleur_fk, taxon_usuel) values ("fr","Aristoloche clématite","aristoloche clematite",75,1);
insert into taxonomy (lang, taxon, searched_taxon, fleur_fk, taxon_usuel) values ("la","Aristolochia clematitis","aristolochia clematitis",75,1);
insert into taxonomy (lang, taxon, searched_taxon, fleur_fk, taxon_usuel) values ("en","birthwort ","birthwort ",75,1);
insert into fleur_inflorescence (fleur_fk, inflorescence_fk) values (75,0);
insert into fleur_couleur (fleur_fk, couleur_fk) values (75,3);
insert into fleur_aspect (fleur_fk, aspect_fk) values (75,3);
insert into fleur_nb_petale (fleur_fk, nb_petale_fk) values (75,5);
insert into fleur_type_feuille (fleur_fk, type_feuille_fk) values (75,3);
insert into fleur_disposition_feuille (fleur_fk, disposition_feuille_fk) values (75,0);
insert into fleur_pilosite_tige (fleur_fk, pilosite_tige_fk) values (75,0);
insert into fleur_pilosite_feuille (fleur_fk, pilosite_feuille_fk) values (75,0);
insert into fleur (id,directory_name,scientific_name,scientific_family_fk,doc_url) values (76,"Armerie_des_sables","Armeria arenaria",9,"http://abiris.snv.jussieu.fr/flore/descriptions/Armerie_des_sables.html");
insert into taxonomy (lang, taxon, searched_taxon, fleur_fk, taxon_usuel) values ("fr","Armérie des sables","armerie des sables",76,1);
insert into taxonomy (lang, taxon, searched_taxon, fleur_fk, taxon_usuel) values ("fr","Armérie faux plantain","armerie faux plantain",76,0);
insert into taxonomy (lang, taxon, searched_taxon, fleur_fk, taxon_usuel) values ("la","Armeria arenaria","armeria arenaria",76,1);
insert into taxonomy (lang, taxon, searched_taxon, fleur_fk, taxon_usuel) values ("en","Armeria arenaria","armeria arenaria",76,1);
insert into fleur_inflorescence (fleur_fk, inflorescence_fk) values (76,0);
insert into fleur_couleur (fleur_fk, couleur_fk) values (76,1);
insert into fleur_aspect (fleur_fk, aspect_fk) values (76,6);
insert into fleur_nb_petale (fleur_fk, nb_petale_fk) values (76,0);
insert into fleur_type_feuille (fleur_fk, type_feuille_fk) values (76,3);
insert into fleur_disposition_feuille (fleur_fk, disposition_feuille_fk) values (76,3);
insert into fleur_pilosite_tige (fleur_fk, pilosite_tige_fk) values (76,0);
insert into fleur_pilosite_feuille (fleur_fk, pilosite_feuille_fk) values (76,0);
insert into fleur (id,directory_name,scientific_name,scientific_family_fk,doc_url) values (77,"Armoise_commune","Artemisia vulgaris",1,"http://abiris.snv.jussieu.fr/flore/descriptions/Armoise_commune.html");
insert into taxonomy (lang, taxon, searched_taxon, fleur_fk, taxon_usuel) values ("fr","Armoise commune","armoise commune",77,1);
insert into taxonomy (lang, taxon, searched_taxon, fleur_fk, taxon_usuel) values ("fr","Artémise","artemise",77,0);
insert into taxonomy (lang, taxon, searched_taxon, fleur_fk, taxon_usuel) values ("fr","Armoise citronnelle","armoise citronnelle",77,0);
insert into taxonomy (lang, taxon, searched_taxon, fleur_fk, taxon_usuel) values ("la","Artemisia vulgaris","artemisia vulgaris",77,1);
insert into taxonomy (lang, taxon, searched_taxon, fleur_fk, taxon_usuel) values ("en","mugwort","mugwort",77,1);
insert into fleur_inflorescence (fleur_fk, inflorescence_fk) values (77,0);
insert into fleur_couleur (fleur_fk, couleur_fk) values (77,3);
insert into fleur_couleur (fleur_fk, couleur_fk) values (77,5);
insert into fleur_aspect (fleur_fk, aspect_fk) values (77,1);
insert into fleur_aspect (fleur_fk, aspect_fk) values (77,4);
insert into fleur_nb_petale (fleur_fk, nb_petale_fk) values (77,1);
insert into fleur_type_feuille (fleur_fk, type_feuille_fk) values (77,1);
insert into fleur_type_feuille (fleur_fk, type_feuille_fk) values (77,0);
insert into fleur_disposition_feuille (fleur_fk, disposition_feuille_fk) values (77,0);
insert into fleur_pilosite_tige (fleur_fk, pilosite_tige_fk) values (77,0);
insert into fleur_pilosite_feuille (fleur_fk, pilosite_feuille_fk) values (77,2);
insert into fleur (id,directory_name,scientific_name,scientific_family_fk,doc_url) values (78,"Arum_Italie","Arum italicum",10,"http://abiris.snv.jussieu.fr/flore/descriptions/Arum_d_Italie.html");
insert into taxonomy (lang, taxon, searched_taxon, fleur_fk, taxon_usuel) values ("fr","Arum d'Italie","arum d'italie",78,1);
insert into taxonomy (lang, taxon, searched_taxon, fleur_fk, taxon_usuel) values ("fr","Gouet d'Italie","gouet d'italie",78,0);
insert into taxonomy (lang, taxon, searched_taxon, fleur_fk, taxon_usuel) values ("la","Arum italicum","arum italicum",78,1);
insert into taxonomy (lang, taxon, searched_taxon, fleur_fk, taxon_usuel) values ("en"," Italian arum"," italian arum",78,1);
insert into fleur_inflorescence (fleur_fk, inflorescence_fk) values (78,1);
insert into fleur_couleur (fleur_fk, couleur_fk) values (78,3);
insert into fleur_couleur (fleur_fk, couleur_fk) values (78,0);
insert into fleur_aspect (fleur_fk, aspect_fk) values (78,5);
insert into fleur_nb_petale (fleur_fk, nb_petale_fk) values (78,6);
insert into fleur_type_feuille (fleur_fk, type_feuille_fk) values (78,3);
insert into fleur_disposition_feuille (fleur_fk, disposition_feuille_fk) values (78,3);
insert into fleur_pilosite_tige (fleur_fk, pilosite_tige_fk) values (78,0);
insert into fleur_pilosite_feuille (fleur_fk, pilosite_feuille_fk) values (78,0);
insert into fleur (id,directory_name,scientific_name,scientific_family_fk,doc_url) values (79,"Arum_tachete","Arum maculatum",10,"http://abiris.snv.jussieu.fr/flore/descriptions/Arum_tachete.html");
insert into taxonomy (lang, taxon, searched_taxon, fleur_fk, taxon_usuel) values ("fr","Arum tacheté","arum tachete",79,1);
insert into taxonomy (lang, taxon, searched_taxon, fleur_fk, taxon_usuel) values ("fr","Gouet tacheté","gouet tachete",79,0);
insert into taxonomy (lang, taxon, searched_taxon, fleur_fk, taxon_usuel) values ("la","Arum maculatum","arum maculatum",79,1);
insert into taxonomy (lang, taxon, searched_taxon, fleur_fk, taxon_usuel) values ("en","wild arum","wild arum",79,1);
insert into fleur_inflorescence (fleur_fk, inflorescence_fk) values (79,1);
insert into fleur_couleur (fleur_fk, couleur_fk) values (79,4);
insert into fleur_couleur (fleur_fk, couleur_fk) values (79,1);
insert into fleur_aspect (fleur_fk, aspect_fk) values (79,5);
insert into fleur_nb_petale (fleur_fk, nb_petale_fk) values (79,6);
insert into fleur_type_feuille (fleur_fk, type_feuille_fk) values (79,3);
insert into fleur_disposition_feuille (fleur_fk, disposition_feuille_fk) values (79,3);
insert into fleur_pilosite_tige (fleur_fk, pilosite_tige_fk) values (79,0);
insert into fleur_pilosite_feuille (fleur_fk, pilosite_feuille_fk) values (79,0);
insert into fleur (id,directory_name,scientific_name,scientific_family_fk,doc_url) values (80,"Asperge","Asparagus officinalis",11,"http://abiris.snv.jussieu.fr/flore/descriptions/Asperge.html");
insert into taxonomy (lang, taxon, searched_taxon, fleur_fk, taxon_usuel) values ("fr","Asperge","asperge",80,1);
insert into taxonomy (lang, taxon, searched_taxon, fleur_fk, taxon_usuel) values ("fr","Asperge officinale","asperge officinale",80,0);
insert into taxonomy (lang, taxon, searched_taxon, fleur_fk, taxon_usuel) values ("la","Asparagus officinalis","asparagus officinalis",80,1);
insert into taxonomy (lang, taxon, searched_taxon, fleur_fk, taxon_usuel) values ("en","asparagus","asparagus",80,1);
insert into fleur_inflorescence (fleur_fk, inflorescence_fk) values (80,0);
insert into fleur_couleur (fleur_fk, couleur_fk) values (80,5);
insert into fleur_couleur (fleur_fk, couleur_fk) values (80,3);
insert into fleur_aspect (fleur_fk, aspect_fk) values (80,0);
insert into fleur_nb_petale (fleur_fk, nb_petale_fk) values (80,3);
insert into fleur_type_feuille (fleur_fk, type_feuille_fk) values (80,3);
insert into fleur_disposition_feuille (fleur_fk, disposition_feuille_fk) values (80,4);
insert into fleur_pilosite_tige (fleur_fk, pilosite_tige_fk) values (80,0);
insert into fleur_pilosite_feuille (fleur_fk, pilosite_feuille_fk) values (80,0);
insert into fleur (id,directory_name,scientific_name,scientific_family_fk,doc_url) values (81,"Aster_lanceole","Aster lanceolatus",1,"http://abiris.snv.jussieu.fr/flore/descriptions/Aster_lanceole.html");
insert into taxonomy (lang, taxon, searched_taxon, fleur_fk, taxon_usuel) values ("fr","Aster lancéolé","aster lanceole",81,1);
insert into taxonomy (lang, taxon, searched_taxon, fleur_fk, taxon_usuel) values ("fr","Aster à feuilles lancéolées","aster a feuilles lanceolees",81,0);
insert into taxonomy (lang, taxon, searched_taxon, fleur_fk, taxon_usuel) values ("la","Aster lanceolatus","aster lanceolatus",81,1);
insert into taxonomy (lang, taxon, searched_taxon, fleur_fk, taxon_usuel) values ("en","panicled aster","panicled aster",81,1);
insert into fleur_inflorescence (fleur_fk, inflorescence_fk) values (81,0);
insert into fleur_couleur (fleur_fk, couleur_fk) values (81,0);
insert into fleur_couleur (fleur_fk, couleur_fk) values (81,3);
insert into fleur_aspect (fleur_fk, aspect_fk) values (81,1);
insert into fleur_nb_petale (fleur_fk, nb_petale_fk) values (81,1);
insert into fleur_type_feuille (fleur_fk, type_feuille_fk) values (81,2);
insert into fleur_disposition_feuille (fleur_fk, disposition_feuille_fk) values (81,0);
insert into fleur_pilosite_tige (fleur_fk, pilosite_tige_fk) values (81,0);
insert into fleur_pilosite_feuille (fleur_fk, pilosite_feuille_fk) values (81,0);
insert into fleur (id,directory_name,scientific_name,scientific_family_fk,doc_url) values (82,"Astragale_reglisse","Astragalus glycyphyllos",12,"http://abiris.snv.jussieu.fr/flore/descriptions/Astragale_a_feuilles_de_reglisse.html");
insert into taxonomy (lang, taxon, searched_taxon, fleur_fk, taxon_usuel) values ("fr","Astragale à feuilles de réglisse","astragale a feuilles de reglisse",82,1);
insert into taxonomy (lang, taxon, searched_taxon, fleur_fk, taxon_usuel) values ("fr","Astragale réglisse","astragale reglisse",82,0);
insert into taxonomy (lang, taxon, searched_taxon, fleur_fk, taxon_usuel) values ("fr","Réglisse sauvage","reglisse sauvage",82,0);
insert into taxonomy (lang, taxon, searched_taxon, fleur_fk, taxon_usuel) values ("la","Astragalus glycyphyllos","astragalus glycyphyllos",82,1);
insert into taxonomy (lang, taxon, searched_taxon, fleur_fk, taxon_usuel) values ("en","Liquorice milkvetch","liquorice milkvetch",82,1);
insert into fleur_inflorescence (fleur_fk, inflorescence_fk) values (82,0);
insert into fleur_couleur (fleur_fk, couleur_fk) values (82,0);
insert into fleur_couleur (fleur_fk, couleur_fk) values (82,5);
insert into fleur_particularite (fleur_fk, particularite_fk) values (82,3);
insert into fleur_aspect (fleur_fk, aspect_fk) values (82,2);
insert into fleur_nb_petale (fleur_fk, nb_petale_fk) values (82,0);
insert into fleur_type_feuille (fleur_fk, type_feuille_fk) values (82,0);
insert into fleur_disposition_feuille (fleur_fk, disposition_feuille_fk) values (82,0);
insert into fleur_pilosite_tige (fleur_fk, pilosite_tige_fk) values (82,0);
insert into fleur_pilosite_feuille (fleur_fk, pilosite_feuille_fk) values (82,2);
insert into fleur (id,directory_name,scientific_name,scientific_family_fk,doc_url) values (83,"Ballote_noire","Ballota nigra",3,"http://abiris.snv.jussieu.fr/flore/descriptions/Ballote_noire.html");
insert into taxonomy (lang, taxon, searched_taxon, fleur_fk, taxon_usuel) values ("fr","Ballote noire","ballote noire",83,1);
insert into taxonomy (lang, taxon, searched_taxon, fleur_fk, taxon_usuel) values ("fr","Ballote fétide","ballote fetide",83,0);
insert into taxonomy (lang, taxon, searched_taxon, fleur_fk, taxon_usuel) values ("fr","Marrube noire","marrube noire",83,0);
insert into taxonomy (lang, taxon, searched_taxon, fleur_fk, taxon_usuel) values ("la","Ballota nigra","ballota nigra",83,1);
insert into taxonomy (lang, taxon, searched_taxon, fleur_fk, taxon_usuel) values ("en","black horehound","black horehound",83,1);
insert into fleur_inflorescence (fleur_fk, inflorescence_fk) values (83,0);
insert into fleur_couleur (fleur_fk, couleur_fk) values (83,1);
insert into fleur_couleur (fleur_fk, couleur_fk) values (83,0);
insert into fleur_particularite (fleur_fk, particularite_fk) values (83,4);
insert into fleur_aspect (fleur_fk, aspect_fk) values (83,3);
insert into fleur_nb_petale (fleur_fk, nb_petale_fk) values (83,0);
insert into fleur_type_feuille (fleur_fk, type_feuille_fk) values (83,2);
insert into fleur_disposition_feuille (fleur_fk, disposition_feuille_fk) values (83,1);
insert into fleur_pilosite_tige (fleur_fk, pilosite_tige_fk) values (83,1);
insert into fleur_pilosite_feuille (fleur_fk, pilosite_feuille_fk) values (83,1);
insert into fleur (id,directory_name,scientific_name,scientific_family_fk,doc_url) values (84,"Barbaree_commune","Barbarea vulgaris",7,"http://abiris.snv.jussieu.fr/flore/descriptions/Barbaree_commune.html");
insert into taxonomy (lang, taxon, searched_taxon, fleur_fk, taxon_usuel) values ("fr","Barbarée commune","barbaree commune",84,1);
insert into taxonomy (lang, taxon, searched_taxon, fleur_fk, taxon_usuel) values ("fr","Herbe de Sainte Barbe","herbe de sainte barbe",84,0);
insert into taxonomy (lang, taxon, searched_taxon, fleur_fk, taxon_usuel) values ("la","Barbarea vulgaris","barbarea vulgaris",84,1);
insert into taxonomy (lang, taxon, searched_taxon, fleur_fk, taxon_usuel) values ("en","bittercress","bittercress",84,1);
insert into fleur_inflorescence (fleur_fk, inflorescence_fk) values (84,0);
insert into fleur_couleur (fleur_fk, couleur_fk) values (84,3);
insert into fleur_aspect (fleur_fk, aspect_fk) values (84,0);
insert into fleur_nb_petale (fleur_fk, nb_petale_fk) values (84,2);
insert into fleur_type_feuille (fleur_fk, type_feuille_fk) values (84,1);
insert into fleur_disposition_feuille (fleur_fk, disposition_feuille_fk) values (84,0);
insert into fleur_pilosite_tige (fleur_fk, pilosite_tige_fk) values (84,0);
insert into fleur_pilosite_feuille (fleur_fk, pilosite_feuille_fk) values (84,0);
insert into fleur (id,directory_name,scientific_name,scientific_family_fk,doc_url) values (85,"Barbaree_intermediaire","Barbarea intermedia",7,"http://abiris.snv.jussieu.fr/flore/descriptions/Barbaree_intermediaire.html");
insert into taxonomy (lang, taxon, searched_taxon, fleur_fk, taxon_usuel) values ("fr","Barbarée intermédiaire","barbaree intermediaire",85,1);
insert into taxonomy (lang, taxon, searched_taxon, fleur_fk, taxon_usuel) values ("fr","Barbarée précoce","barbaree precoce",85,0);
insert into taxonomy (lang, taxon, searched_taxon, fleur_fk, taxon_usuel) values ("la","Barbarea intermedia","barbarea intermedia",85,1);
insert into taxonomy (lang, taxon, searched_taxon, fleur_fk, taxon_usuel) values ("en","Medium-flowered Winter-cress","medium-flowered winter-cress",85,1);
insert into fleur_inflorescence (fleur_fk, inflorescence_fk) values (85,0);
insert into fleur_couleur (fleur_fk, couleur_fk) values (85,3);
insert into fleur_aspect (fleur_fk, aspect_fk) values (85,0);
insert into fleur_nb_petale (fleur_fk, nb_petale_fk) values (85,2);
insert into fleur_type_feuille (fleur_fk, type_feuille_fk) values (85,1);
insert into fleur_disposition_feuille (fleur_fk, disposition_feuille_fk) values (85,0);
insert into fleur_pilosite_tige (fleur_fk, pilosite_tige_fk) values (85,0);
insert into fleur_pilosite_feuille (fleur_fk, pilosite_feuille_fk) values (85,0);
insert into fleur (id,directory_name,scientific_name,scientific_family_fk,doc_url) values (86,"Barbaree_printaniere","Barbarea verna",7,"http://abiris.snv.jussieu.fr/flore/descriptions/Barbaree_printaniere.html");
insert into taxonomy (lang, taxon, searched_taxon, fleur_fk, taxon_usuel) values ("fr","Barbarée printanière","barbaree printaniere",86,1);
insert into taxonomy (lang, taxon, searched_taxon, fleur_fk, taxon_usuel) values ("la","Barbarea verna","barbarea verna",86,1);
insert into taxonomy (lang, taxon, searched_taxon, fleur_fk, taxon_usuel) values ("en","American Winter-cress","american winter-cress",86,1);
insert into fleur_inflorescence (fleur_fk, inflorescence_fk) values (86,0);
insert into fleur_couleur (fleur_fk, couleur_fk) values (86,3);
insert into fleur_aspect (fleur_fk, aspect_fk) values (86,0);
insert into fleur_nb_petale (fleur_fk, nb_petale_fk) values (86,2);
insert into fleur_type_feuille (fleur_fk, type_feuille_fk) values (86,1);
insert into fleur_disposition_feuille (fleur_fk, disposition_feuille_fk) values (86,0);
insert into fleur_pilosite_tige (fleur_fk, pilosite_tige_fk) values (86,0);
insert into fleur_pilosite_feuille (fleur_fk, pilosite_feuille_fk) values (86,0);
insert into fleur (id,directory_name,scientific_name,scientific_family_fk,doc_url) values (87,"Bardane_petite","Arctium minus",1,"http://abiris.snv.jussieu.fr/flore/descriptions/Bardane_a_petites_tetes.html");
insert into taxonomy (lang, taxon, searched_taxon, fleur_fk, taxon_usuel) values ("fr","Bardane à petites têtes","bardane a petites tetes",87,1);
insert into taxonomy (lang, taxon, searched_taxon, fleur_fk, taxon_usuel) values ("fr","Petite bardane","petite bardane",87,0);
insert into taxonomy (lang, taxon, searched_taxon, fleur_fk, taxon_usuel) values ("la","Arctium minus","arctium minus",87,1);
insert into taxonomy (lang, taxon, searched_taxon, fleur_fk, taxon_usuel) values ("en","lesser burdock","lesser burdock",87,1);
insert into fleur_inflorescence (fleur_fk, inflorescence_fk) values (87,0);
insert into fleur_couleur (fleur_fk, couleur_fk) values (87,1);
insert into fleur_aspect (fleur_fk, aspect_fk) values (87,4);
insert into fleur_nb_petale (fleur_fk, nb_petale_fk) values (87,1);
insert into fleur_type_feuille (fleur_fk, type_feuille_fk) values (87,3);
insert into fleur_disposition_feuille (fleur_fk, disposition_feuille_fk) values (87,0);
insert into fleur_pilosite_tige (fleur_fk, pilosite_tige_fk) values (87,1);
insert into fleur_pilosite_feuille (fleur_fk, pilosite_feuille_fk) values (87,2);
insert into fleur (id,directory_name,scientific_name,scientific_family_fk,doc_url) values (88,"Bardane_officinale","Arctium lappa",1,"http://abiris.snv.jussieu.fr/flore/descriptions/Bardane_commune.html");
insert into taxonomy (lang, taxon, searched_taxon, fleur_fk, taxon_usuel) values ("fr","Bardane commune","bardane commune",88,1);
insert into taxonomy (lang, taxon, searched_taxon, fleur_fk, taxon_usuel) values ("fr","Bardane officinale","bardane officinale",88,0);
insert into taxonomy (lang, taxon, searched_taxon, fleur_fk, taxon_usuel) values ("fr","Grande bardane","grande bardane",88,0);
insert into taxonomy (lang, taxon, searched_taxon, fleur_fk, taxon_usuel) values ("la","Arctium lappa","arctium lappa",88,1);
insert into taxonomy (lang, taxon, searched_taxon, fleur_fk, taxon_usuel) values ("en","greater burdock","greater burdock",88,1);
insert into fleur_inflorescence (fleur_fk, inflorescence_fk) values (88,0);
insert into fleur_couleur (fleur_fk, couleur_fk) values (88,1);
insert into fleur_aspect (fleur_fk, aspect_fk) values (88,4);
insert into fleur_nb_petale (fleur_fk, nb_petale_fk) values (88,1);
insert into fleur_type_feuille (fleur_fk, type_feuille_fk) values (88,3);
insert into fleur_disposition_feuille (fleur_fk, disposition_feuille_fk) values (88,0);
insert into fleur_pilosite_tige (fleur_fk, pilosite_tige_fk) values (88,1);
insert into fleur_pilosite_feuille (fleur_fk, pilosite_feuille_fk) values (88,2);
insert into fleur (id,directory_name,scientific_name,scientific_family_fk,doc_url) values (90,"","Geum urbanum",4,"http://abiris.snv.jussieu.fr/flore/descriptions/Benoite_urbaine.html");
insert into taxonomy (lang, taxon, searched_taxon, fleur_fk, taxon_usuel) values ("fr","Benoîte urbaine","benoite urbaine",90,1);
insert into taxonomy (lang, taxon, searched_taxon, fleur_fk, taxon_usuel) values ("fr","Herbe de Saint Benoît","herbe de saint benoit",90,0);
insert into taxonomy (lang, taxon, searched_taxon, fleur_fk, taxon_usuel) values ("fr","Benoîte commune","benoite commune",90,0);
insert into taxonomy (lang, taxon, searched_taxon, fleur_fk, taxon_usuel) values ("la","Geum urbanum","geum urbanum",90,1);
insert into taxonomy (lang, taxon, searched_taxon, fleur_fk, taxon_usuel) values ("en","wood avens","wood avens",90,1);
insert into fleur_inflorescence (fleur_fk, inflorescence_fk) values (90,0);
insert into fleur_inflorescence (fleur_fk, inflorescence_fk) values (90,1);
insert into fleur_couleur (fleur_fk, couleur_fk) values (90,3);
insert into fleur_aspect (fleur_fk, aspect_fk) values (90,0);
insert into fleur_nb_petale (fleur_fk, nb_petale_fk) values (90,0);
insert into fleur_type_feuille (fleur_fk, type_feuille_fk) values (90,0);
insert into fleur_disposition_feuille (fleur_fk, disposition_feuille_fk) values (90,0);
insert into fleur_pilosite_tige (fleur_fk, pilosite_tige_fk) values (90,1);
insert into fleur_pilosite_feuille (fleur_fk, pilosite_feuille_fk) values (90,2);
insert into fleur (id,directory_name,scientific_name,scientific_family_fk,doc_url) values (91,"Berce_pres","Heracleum sphondylium",0,"http://abiris.snv.jussieu.fr/flore/descriptions/Berce_des_pres.html");
insert into taxonomy (lang, taxon, searched_taxon, fleur_fk, taxon_usuel) values ("fr","Berce des prés","berce des pres",91,1);
insert into taxonomy (lang, taxon, searched_taxon, fleur_fk, taxon_usuel) values ("fr","Grande berce","grande berce",91,0);
insert into taxonomy (lang, taxon, searched_taxon, fleur_fk, taxon_usuel) values ("fr","Berce commune","berce commune",91,0);
insert into taxonomy (lang, taxon, searched_taxon, fleur_fk, taxon_usuel) values ("la","Heracleum sphondylium","heracleum sphondylium",91,1);
insert into taxonomy (lang, taxon, searched_taxon, fleur_fk, taxon_usuel) values ("en","hogweed","hogweed",91,1);
insert into fleur_inflorescence (fleur_fk, inflorescence_fk) values (91,0);
insert into fleur_couleur (fleur_fk, couleur_fk) values (91,0);
insert into fleur_aspect (fleur_fk, aspect_fk) values (91,0);
insert into fleur_aspect (fleur_fk, aspect_fk) values (91,2);
insert into fleur_nb_petale (fleur_fk, nb_petale_fk) values (91,0);
insert into fleur_type_feuille (fleur_fk, type_feuille_fk) values (91,0);
insert into fleur_disposition_feuille (fleur_fk, disposition_feuille_fk) values (91,0);
insert into fleur_pilosite_tige (fleur_fk, pilosite_tige_fk) values (91,1);
insert into fleur_pilosite_feuille (fleur_fk, pilosite_feuille_fk) values (91,1);
insert into fleur (id,directory_name,scientific_name,scientific_family_fk,doc_url) values (92,"Bident_feuille","Bidens frondosa",1,"http://abiris.snv.jussieu.fr/flore/descriptions/Bident_feuille.html");
insert into taxonomy (lang, taxon, searched_taxon, fleur_fk, taxon_usuel) values ("fr","Bident feuillé","bident feuille",92,1);
insert into taxonomy (lang, taxon, searched_taxon, fleur_fk, taxon_usuel) values ("fr","Bident à fruits noirs","bident a fruits noirs",92,0);
insert into taxonomy (lang, taxon, searched_taxon, fleur_fk, taxon_usuel) values ("la","Bidens frondosa","bidens frondosa",92,1);
insert into taxonomy (lang, taxon, searched_taxon, fleur_fk, taxon_usuel) values ("en","devil's beggarticks","devil's beggarticks",92,1);
insert into fleur_inflorescence (fleur_fk, inflorescence_fk) values (92,0);
insert into fleur_couleur (fleur_fk, couleur_fk) values (92,3);
insert into fleur_aspect (fleur_fk, aspect_fk) values (92,4);
insert into fleur_nb_petale (fleur_fk, nb_petale_fk) values (92,1);
insert into fleur_type_feuille (fleur_fk, type_feuille_fk) values (92,0);
insert into fleur_disposition_feuille (fleur_fk, disposition_feuille_fk) values (92,1);
insert into fleur_pilosite_tige (fleur_fk, pilosite_tige_fk) values (92,1);
insert into fleur_pilosite_feuille (fleur_fk, pilosite_feuille_fk) values (92,0);
insert into fleur (id,directory_name,scientific_name,scientific_family_fk,doc_url) values (93,"Bident_penche","Bidens cernua",1,"http://abiris.snv.jussieu.fr/flore/descriptions/Bident_penche.html");
insert into taxonomy (lang, taxon, searched_taxon, fleur_fk, taxon_usuel) values ("fr","Bident penché","bident penche",93,1);
insert into taxonomy (lang, taxon, searched_taxon, fleur_fk, taxon_usuel) values ("la","Bidens cernua","bidens cernua",93,1);
insert into taxonomy (lang, taxon, searched_taxon, fleur_fk, taxon_usuel) values ("en","Nodding Bur-marigold","nodding bur-marigold",93,1);
insert into fleur_inflorescence (fleur_fk, inflorescence_fk) values (93,0);
insert into fleur_couleur (fleur_fk, couleur_fk) values (93,3);
insert into fleur_aspect (fleur_fk, aspect_fk) values (93,4);
insert into fleur_nb_petale (fleur_fk, nb_petale_fk) values (93,1);
insert into fleur_type_feuille (fleur_fk, type_feuille_fk) values (93,2);
insert into fleur_disposition_feuille (fleur_fk, disposition_feuille_fk) values (93,1);
insert into fleur_pilosite_tige (fleur_fk, pilosite_tige_fk) values (93,1);
insert into fleur_pilosite_feuille (fleur_fk, pilosite_feuille_fk) values (93,0);
insert into fleur_pilosite_feuille (fleur_fk, pilosite_feuille_fk) values (93,1);
insert into fleur (id,directory_name,scientific_name,scientific_family_fk,doc_url) values (94,"Bident_rayonnant","Bidens radiata",1,"http://abiris.snv.jussieu.fr/flore/descriptions/Bident_rayonnant.html");
insert into taxonomy (lang, taxon, searched_taxon, fleur_fk, taxon_usuel) values ("fr","Bident rayonnant","bident rayonnant",94,1);
insert into taxonomy (lang, taxon, searched_taxon, fleur_fk, taxon_usuel) values ("la","Bidens radiata","bidens radiata",94,1);
insert into taxonomy (lang, taxon, searched_taxon, fleur_fk, taxon_usuel) values ("en","Bidens radiata","bidens radiata",94,1);
insert into fleur_inflorescence (fleur_fk, inflorescence_fk) values (94,0);
insert into fleur_couleur (fleur_fk, couleur_fk) values (94,3);
insert into fleur_aspect (fleur_fk, aspect_fk) values (94,4);
insert into fleur_nb_petale (fleur_fk, nb_petale_fk) values (94,1);
insert into fleur_type_feuille (fleur_fk, type_feuille_fk) values (94,1);
insert into fleur_disposition_feuille (fleur_fk, disposition_feuille_fk) values (94,1);
insert into fleur_pilosite_tige (fleur_fk, pilosite_tige_fk) values (94,0);
insert into fleur_pilosite_tige (fleur_fk, pilosite_tige_fk) values (94,1);
insert into fleur_pilosite_feuille (fleur_fk, pilosite_feuille_fk) values (94,0);
insert into fleur_pilosite_feuille (fleur_fk, pilosite_feuille_fk) values (94,1);
insert into fleur (id,directory_name,scientific_name,scientific_family_fk,doc_url) values (95,"Bident_trifoliole","Bidens tripartita",1,"http://abiris.snv.jussieu.fr/flore/descriptions/Bident_trifoliole.html");
insert into taxonomy (lang, taxon, searched_taxon, fleur_fk, taxon_usuel) values ("fr","Bident trifoliolé","bident trifoliole",95,1);
insert into taxonomy (lang, taxon, searched_taxon, fleur_fk, taxon_usuel) values ("fr","Bident à feuilles tripartites","bident a feuilles tripartites",95,0);
insert into taxonomy (lang, taxon, searched_taxon, fleur_fk, taxon_usuel) values ("fr","Bident tripartite","bident tripartite",95,0);
insert into taxonomy (lang, taxon, searched_taxon, fleur_fk, taxon_usuel) values ("la","Bidens tripartita","bidens tripartita",95,1);
insert into taxonomy (lang, taxon, searched_taxon, fleur_fk, taxon_usuel) values ("en","Trifid Bur-marigold","trifid bur-marigold",95,1);
insert into fleur_inflorescence (fleur_fk, inflorescence_fk) values (95,0);
insert into fleur_couleur (fleur_fk, couleur_fk) values (95,3);
insert into fleur_aspect (fleur_fk, aspect_fk) values (95,4);
insert into fleur_nb_petale (fleur_fk, nb_petale_fk) values (95,1);
insert into fleur_type_feuille (fleur_fk, type_feuille_fk) values (95,1);
insert into fleur_disposition_feuille (fleur_fk, disposition_feuille_fk) values (95,1);
insert into fleur_pilosite_tige (fleur_fk, pilosite_tige_fk) values (95,0);
insert into fleur_pilosite_tige (fleur_fk, pilosite_tige_fk) values (95,1);
insert into fleur_pilosite_feuille (fleur_fk, pilosite_feuille_fk) values (95,1);
insert into fleur_pilosite_feuille (fleur_fk, pilosite_feuille_fk) values (95,2);
insert into fleur (id,directory_name,scientific_name,scientific_family_fk,doc_url) values (96,"Blackstonie_perfoliee","Blackstonia perfoliata",13,"http://abiris.snv.jussieu.fr/flore/descriptions/Blackstonie_perfoliee.html");
insert into taxonomy (lang, taxon, searched_taxon, fleur_fk, taxon_usuel) values ("fr","Blackstonie perfoliée","blackstonie perfoliee",96,1);
insert into taxonomy (lang, taxon, searched_taxon, fleur_fk, taxon_usuel) values ("fr","Chlorette","chlorette",96,0);
insert into taxonomy (lang, taxon, searched_taxon, fleur_fk, taxon_usuel) values ("fr","Chlore perfoliée","chlore perfoliee",96,0);
insert into taxonomy (lang, taxon, searched_taxon, fleur_fk, taxon_usuel) values ("la","Blackstonia perfoliata","blackstonia perfoliata",96,1);
insert into taxonomy (lang, taxon, searched_taxon, fleur_fk, taxon_usuel) values ("en","yellow-wort","yellow-wort",96,1);
insert into fleur_inflorescence (fleur_fk, inflorescence_fk) values (96,0);
insert into fleur_couleur (fleur_fk, couleur_fk) values (96,3);
insert into fleur_aspect (fleur_fk, aspect_fk) values (96,6);
insert into fleur_nb_petale (fleur_fk, nb_petale_fk) values (96,4);
insert into fleur_type_feuille (fleur_fk, type_feuille_fk) values (96,3);
insert into fleur_disposition_feuille (fleur_fk, disposition_feuille_fk) values (96,1);
insert into fleur_pilosite_tige (fleur_fk, pilosite_tige_fk) values (96,0);
insert into fleur_pilosite_feuille (fleur_fk, pilosite_feuille_fk) values (96,0);
insert into fleur (id,directory_name,scientific_name,scientific_family_fk,doc_url) values (97,"Bleuet","Centaurea cyanus",1,"http://abiris.snv.jussieu.fr/flore/descriptions/Bleuet.html");
insert into taxonomy (lang, taxon, searched_taxon, fleur_fk, taxon_usuel) values ("fr","Bleuet","bleuet",97,1);
insert into taxonomy (lang, taxon, searched_taxon, fleur_fk, taxon_usuel) values ("la","Centaurea cyanus","centaurea cyanus",97,1);
insert into taxonomy (lang, taxon, searched_taxon, fleur_fk, taxon_usuel) values ("en","cornflower","cornflower",97,1);
insert into fleur_inflorescence (fleur_fk, inflorescence_fk) values (97,0);
insert into fleur_couleur (fleur_fk, couleur_fk) values (97,2);
insert into fleur_aspect (fleur_fk, aspect_fk) values (97,4);
insert into fleur_nb_petale (fleur_fk, nb_petale_fk) values (97,1);
insert into fleur_type_feuille (fleur_fk, type_feuille_fk) values (97,1);
insert into fleur_disposition_feuille (fleur_fk, disposition_feuille_fk) values (97,0);
insert into fleur_pilosite_tige (fleur_fk, pilosite_tige_fk) values (97,1);
insert into fleur_pilosite_feuille (fleur_fk, pilosite_feuille_fk) values (97,1);
insert into fleur (id,directory_name,scientific_name,scientific_family_fk,doc_url) values (98,"Boucage_saxifrage","Pimpinella saxifraga",0,"http://abiris.snv.jussieu.fr/flore/descriptions/Boucage_saxifrage.html");
insert into taxonomy (lang, taxon, searched_taxon, fleur_fk, taxon_usuel) values ("fr","Boucage saxifrage","boucage saxifrage",98,1);
insert into taxonomy (lang, taxon, searched_taxon, fleur_fk, taxon_usuel) values ("la","Pimpinella saxifraga","pimpinella saxifraga",98,1);
insert into taxonomy (lang, taxon, searched_taxon, fleur_fk, taxon_usuel) values ("en","burnet-saxifrage","burnet-saxifrage",98,1);
insert into fleur_inflorescence (fleur_fk, inflorescence_fk) values (98,0);
insert into fleur_couleur (fleur_fk, couleur_fk) values (98,0);
insert into fleur_aspect (fleur_fk, aspect_fk) values (98,0);
insert into fleur_nb_petale (fleur_fk, nb_petale_fk) values (98,0);
insert into fleur_type_feuille (fleur_fk, type_feuille_fk) values (98,0);
insert into fleur_disposition_feuille (fleur_fk, disposition_feuille_fk) values (98,0);
insert into fleur_pilosite_tige (fleur_fk, pilosite_tige_fk) values (98,1);
insert into fleur_pilosite_feuille (fleur_fk, pilosite_feuille_fk) values (98,0);
insert into fleur (id,directory_name,scientific_name,scientific_family_fk,doc_url) values (99,"Bourrache_officinale","Borago officinalis",14,"http://abiris.snv.jussieu.fr/flore/descriptions/Bourrache_officinale.html");
insert into taxonomy (lang, taxon, searched_taxon, fleur_fk, taxon_usuel) values ("fr","Bourrache officinale","bourrache officinale",99,1);
insert into taxonomy (lang, taxon, searched_taxon, fleur_fk, taxon_usuel) values ("la","Borago officinalis","borago officinalis",99,1);
insert into taxonomy (lang, taxon, searched_taxon, fleur_fk, taxon_usuel) values ("en","starflower","starflower",99,1);
insert into fleur_inflorescence (fleur_fk, inflorescence_fk) values (99,0);
insert into fleur_couleur (fleur_fk, couleur_fk) values (99,2);
insert into fleur_aspect (fleur_fk, aspect_fk) values (99,6);
insert into fleur_nb_petale (fleur_fk, nb_petale_fk) values (99,0);
insert into fleur_type_feuille (fleur_fk, type_feuille_fk) values (99,2);
insert into fleur_disposition_feuille (fleur_fk, disposition_feuille_fk) values (99,0);
insert into fleur_pilosite_tige (fleur_fk, pilosite_tige_fk) values (99,1);
insert into fleur_pilosite_feuille (fleur_fk, pilosite_feuille_fk) values (99,1);
insert into fleur (id,directory_name,scientific_name,scientific_family_fk,doc_url) values (101,"","Prunella laciniata",3,"http://abiris.snv.jussieu.fr/flore/descriptions/Brunelle_blanche.html");
insert into taxonomy (lang, taxon, searched_taxon, fleur_fk, taxon_usuel) values ("fr","Brunelle blanche","brunelle blanche",101,1);
insert into taxonomy (lang, taxon, searched_taxon, fleur_fk, taxon_usuel) values ("la","Prunella laciniata","prunella laciniata",101,1);
insert into taxonomy (lang, taxon, searched_taxon, fleur_fk, taxon_usuel) values ("en","Cut-leaf Self-heal","cut-leaf self-heal",101,1);
insert into fleur_inflorescence (fleur_fk, inflorescence_fk) values (101,0);
insert into fleur_couleur (fleur_fk, couleur_fk) values (101,0);
insert into fleur_aspect (fleur_fk, aspect_fk) values (101,3);
insert into fleur_nb_petale (fleur_fk, nb_petale_fk) values (101,2);
insert into fleur_type_feuille (fleur_fk, type_feuille_fk) values (101,3);
insert into fleur_disposition_feuille (fleur_fk, disposition_feuille_fk) values (101,1);
insert into fleur_pilosite_tige (fleur_fk, pilosite_tige_fk) values (101,1);
insert into fleur_pilosite_feuille (fleur_fk, pilosite_feuille_fk) values (101,1);
insert into fleur (id,directory_name,scientific_name,scientific_family_fk,doc_url) values (103,"","Prunella vulgaris",3,"http://abiris.snv.jussieu.fr/flore/descriptions/Brunelle_commune.html");
insert into taxonomy (lang, taxon, searched_taxon, fleur_fk, taxon_usuel) values ("fr","Brunelle commune","brunelle commune",103,1);
insert into taxonomy (lang, taxon, searched_taxon, fleur_fk, taxon_usuel) values ("la","Prunella vulgaris","prunella vulgaris",103,1);
insert into taxonomy (lang, taxon, searched_taxon, fleur_fk, taxon_usuel) values ("en"," common self-heal"," common self-heal",103,1);
insert into fleur_inflorescence (fleur_fk, inflorescence_fk) values (103,0);
insert into fleur_couleur (fleur_fk, couleur_fk) values (103,2);
insert into fleur_couleur (fleur_fk, couleur_fk) values (103,1);
insert into fleur_aspect (fleur_fk, aspect_fk) values (103,3);
insert into fleur_nb_petale (fleur_fk, nb_petale_fk) values (103,2);
insert into fleur_type_feuille (fleur_fk, type_feuille_fk) values (103,2);
insert into fleur_disposition_feuille (fleur_fk, disposition_feuille_fk) values (103,1);
insert into fleur_pilosite_tige (fleur_fk, pilosite_tige_fk) values (103,0);
insert into fleur_pilosite_tige (fleur_fk, pilosite_tige_fk) values (103,1);
insert into fleur_pilosite_feuille (fleur_fk, pilosite_feuille_fk) values (103,1);
insert into fleur (id,directory_name,scientific_name,scientific_family_fk,doc_url) values (104,"Brunelle_grandes_fleurs","Prunella grandiflora",3,"http://abiris.snv.jussieu.fr/flore/descriptions/Brunelle_a_grandes_fleurs.html");
insert into taxonomy (lang, taxon, searched_taxon, fleur_fk, taxon_usuel) values ("fr","Brunelle à grandes fleurs","brunelle a grandes fleurs",104,1);
insert into taxonomy (lang, taxon, searched_taxon, fleur_fk, taxon_usuel) values ("la","Prunella grandiflora","prunella grandiflora",104,1);
insert into taxonomy (lang, taxon, searched_taxon, fleur_fk, taxon_usuel) values ("en","Large Self-heal","large self-heal",104,1);
insert into fleur_inflorescence (fleur_fk, inflorescence_fk) values (104,0);
insert into fleur_couleur (fleur_fk, couleur_fk) values (104,2);
insert into fleur_couleur (fleur_fk, couleur_fk) values (104,1);
insert into fleur_aspect (fleur_fk, aspect_fk) values (104,3);
insert into fleur_nb_petale (fleur_fk, nb_petale_fk) values (104,2);
insert into fleur_type_feuille (fleur_fk, type_feuille_fk) values (104,2);
insert into fleur_disposition_feuille (fleur_fk, disposition_feuille_fk) values (104,1);
insert into fleur_pilosite_tige (fleur_fk, pilosite_tige_fk) values (104,1);
insert into fleur_pilosite_feuille (fleur_fk, pilosite_feuille_fk) values (104,1);
insert into fleur (id,directory_name,scientific_name,scientific_family_fk,doc_url) values (105,"Bruyere_cendree","Erica cinerea",15,"http://abiris.snv.jussieu.fr/flore/descriptions/Bruyere_cendree.html");
insert into taxonomy (lang, taxon, searched_taxon, fleur_fk, taxon_usuel) values ("fr","Bruyère cendrée","bruyere cendree",105,1);
insert into taxonomy (lang, taxon, searched_taxon, fleur_fk, taxon_usuel) values ("la","Erica cinerea","erica cinerea",105,1);
insert into taxonomy (lang, taxon, searched_taxon, fleur_fk, taxon_usuel) values ("en","bell heather","bell heather",105,1);
insert into fleur_inflorescence (fleur_fk, inflorescence_fk) values (105,0);
insert into fleur_couleur (fleur_fk, couleur_fk) values (105,1);
insert into fleur_particularite (fleur_fk, particularite_fk) values (105,0);
insert into fleur_aspect (fleur_fk, aspect_fk) values (105,6);
insert into fleur_nb_petale (fleur_fk, nb_petale_fk) values (105,2);
insert into fleur_type_feuille (fleur_fk, type_feuille_fk) values (105,3);
insert into fleur_disposition_feuille (fleur_fk, disposition_feuille_fk) values (105,2);
insert into fleur_pilosite_tige (fleur_fk, pilosite_tige_fk) values (105,1);
insert into fleur_pilosite_feuille (fleur_fk, pilosite_feuille_fk) values (105,0);
insert into fleur (id,directory_name,scientific_name,scientific_family_fk,doc_url) values (106,"Bryone_dioique","Bryonia dioica",16,"http://abiris.snv.jussieu.fr/flore/descriptions/Bryone_dioique.html");
insert into taxonomy (lang, taxon, searched_taxon, fleur_fk, taxon_usuel) values ("fr","Bryone dioïque","bryone dioique",106,1);
insert into taxonomy (lang, taxon, searched_taxon, fleur_fk, taxon_usuel) values ("la","Bryonia dioica","bryonia dioica",106,1);
insert into taxonomy (lang, taxon, searched_taxon, fleur_fk, taxon_usuel) values ("en","red bryony","red bryony",106,1);
insert into fleur_inflorescence (fleur_fk, inflorescence_fk) values (106,0);
insert into fleur_couleur (fleur_fk, couleur_fk) values (106,0);
insert into fleur_couleur (fleur_fk, couleur_fk) values (106,5);
insert into fleur_aspect (fleur_fk, aspect_fk) values (106,6);
insert into fleur_nb_petale (fleur_fk, nb_petale_fk) values (106,0);
insert into fleur_type_feuille (fleur_fk, type_feuille_fk) values (106,2);
insert into fleur_disposition_feuille (fleur_fk, disposition_feuille_fk) values (106,0);
insert into fleur_pilosite_tige (fleur_fk, pilosite_tige_fk) values (106,1);
insert into fleur_pilosite_feuille (fleur_fk, pilosite_feuille_fk) values (106,1);
insert into fleur (id,directory_name,scientific_name,scientific_family_fk,doc_url) values (107,"Bugle_Geneve","Ajuga genevensis",3,"http://abiris.snv.jussieu.fr/flore/descriptions/Bugle_de_Geneve.html");
insert into taxonomy (lang, taxon, searched_taxon, fleur_fk, taxon_usuel) values ("fr","Bugle de Genève","bugle de geneve",107,1);
insert into taxonomy (lang, taxon, searched_taxon, fleur_fk, taxon_usuel) values ("la","Ajuga genevensis","ajuga genevensis",107,1);
insert into taxonomy (lang, taxon, searched_taxon, fleur_fk, taxon_usuel) values ("en","blue bugle","blue bugle",107,1);
insert into fleur_inflorescence (fleur_fk, inflorescence_fk) values (107,0);
insert into fleur_couleur (fleur_fk, couleur_fk) values (107,2);
insert into fleur_aspect (fleur_fk, aspect_fk) values (107,3);
insert into fleur_nb_petale (fleur_fk, nb_petale_fk) values (107,0);
insert into fleur_type_feuille (fleur_fk, type_feuille_fk) values (107,2);
insert into fleur_disposition_feuille (fleur_fk, disposition_feuille_fk) values (107,1);
insert into fleur_pilosite_tige (fleur_fk, pilosite_tige_fk) values (107,1);
insert into fleur_pilosite_feuille (fleur_fk, pilosite_feuille_fk) values (107,1);
insert into fleur (id,directory_name,scientific_name,scientific_family_fk,doc_url) values (108,"Bugle_petit_pin","Ajuga chamaepitys",3,"http://abiris.snv.jussieu.fr/flore/descriptions/Bugle_petit_pin.html");
insert into taxonomy (lang, taxon, searched_taxon, fleur_fk, taxon_usuel) values ("fr","Bugle petit pin","bugle petit pin",108,1);
insert into taxonomy (lang, taxon, searched_taxon, fleur_fk, taxon_usuel) values ("fr","Ivette","ivette",108,0);
insert into taxonomy (lang, taxon, searched_taxon, fleur_fk, taxon_usuel) values ("la","Ajuga chamaepitys","ajuga chamaepitys",108,1);
insert into taxonomy (lang, taxon, searched_taxon, fleur_fk, taxon_usuel) values ("en","Yellow bugle","yellow bugle",108,1);
insert into fleur_inflorescence (fleur_fk, inflorescence_fk) values (108,0);
insert into fleur_couleur (fleur_fk, couleur_fk) values (108,3);
insert into fleur_aspect (fleur_fk, aspect_fk) values (108,3);
insert into fleur_nb_petale (fleur_fk, nb_petale_fk) values (108,0);
insert into fleur_type_feuille (fleur_fk, type_feuille_fk) values (108,1);
insert into fleur_disposition_feuille (fleur_fk, disposition_feuille_fk) values (108,1);
insert into fleur_pilosite_tige (fleur_fk, pilosite_tige_fk) values (108,1);
insert into fleur_pilosite_feuille (fleur_fk, pilosite_feuille_fk) values (108,1);
insert into fleur (id,directory_name,scientific_name,scientific_family_fk,doc_url) values (109,"Bugle_rampante","Ajuga reptans",3,"http://abiris.snv.jussieu.fr/flore/descriptions/Bugle_rampante.html");
insert into taxonomy (lang, taxon, searched_taxon, fleur_fk, taxon_usuel) values ("fr","Bugle rampante","bugle rampante",109,1);
insert into taxonomy (lang, taxon, searched_taxon, fleur_fk, taxon_usuel) values ("la","Ajuga reptans","ajuga reptans",109,1);
insert into taxonomy (lang, taxon, searched_taxon, fleur_fk, taxon_usuel) values ("en","common bugle","common bugle",109,1);
insert into fleur_inflorescence (fleur_fk, inflorescence_fk) values (109,0);
insert into fleur_couleur (fleur_fk, couleur_fk) values (109,2);
insert into fleur_particularite (fleur_fk, particularite_fk) values (109,4);
insert into fleur_aspect (fleur_fk, aspect_fk) values (109,3);
insert into fleur_nb_petale (fleur_fk, nb_petale_fk) values (109,0);
insert into fleur_type_feuille (fleur_fk, type_feuille_fk) values (109,2);
insert into fleur_disposition_feuille (fleur_fk, disposition_feuille_fk) values (109,1);
insert into fleur_pilosite_tige (fleur_fk, pilosite_tige_fk) values (109,1);
insert into fleur_pilosite_feuille (fleur_fk, pilosite_feuille_fk) values (109,1);
insert into fleur (id,directory_name,scientific_name,scientific_family_fk,doc_url) values (110,"Buglosse_champs","Anchusa arvensis",14,"http://abiris.snv.jussieu.fr/flore/descriptions/Buglosse_des_champs.html");
insert into taxonomy (lang, taxon, searched_taxon, fleur_fk, taxon_usuel) values ("fr","Buglosse des champs","buglosse des champs",110,1);
insert into taxonomy (lang, taxon, searched_taxon, fleur_fk, taxon_usuel) values ("fr","Petit buglosse","petit buglosse",110,0);
insert into taxonomy (lang, taxon, searched_taxon, fleur_fk, taxon_usuel) values ("la","Anchusa arvensis","anchusa arvensis",110,1);
insert into taxonomy (lang, taxon, searched_taxon, fleur_fk, taxon_usuel) values ("en","small bugloss","small bugloss",110,1);
insert into fleur_inflorescence (fleur_fk, inflorescence_fk) values (110,0);
insert into fleur_couleur (fleur_fk, couleur_fk) values (110,2);
insert into fleur_aspect (fleur_fk, aspect_fk) values (110,6);
insert into fleur_nb_petale (fleur_fk, nb_petale_fk) values (110,0);
insert into fleur_type_feuille (fleur_fk, type_feuille_fk) values (110,2);
insert into fleur_disposition_feuille (fleur_fk, disposition_feuille_fk) values (110,0);
insert into fleur_pilosite_tige (fleur_fk, pilosite_tige_fk) values (110,1);
insert into fleur_pilosite_feuille (fleur_fk, pilosite_feuille_fk) values (110,1);
insert into fleur (id,directory_name,scientific_name,scientific_family_fk,doc_url) values (111,"Bugrane_rampante","Ononis spinosa var. procurrens",12,"http://abiris.snv.jussieu.fr/flore/descriptions/Bugrane_rampante.html");
insert into taxonomy (lang, taxon, searched_taxon, fleur_fk, taxon_usuel) values ("fr","Bugrane rampante","bugrane rampante",111,1);
insert into taxonomy (lang, taxon, searched_taxon, fleur_fk, taxon_usuel) values ("fr","Arrête-boeuf","arrete-boeuf",111,0);
insert into taxonomy (lang, taxon, searched_taxon, fleur_fk, taxon_usuel) values ("la","Ononis spinosa var. procurrens","ononis spinosa var. procurrens",111,1);
insert into taxonomy (lang, taxon, searched_taxon, fleur_fk, taxon_usuel) values ("en","common rest-harrow","common rest-harrow",111,1);
insert into fleur_inflorescence (fleur_fk, inflorescence_fk) values (111,0);
insert into fleur_inflorescence (fleur_fk, inflorescence_fk) values (111,1);
insert into fleur_couleur (fleur_fk, couleur_fk) values (111,1);
insert into fleur_particularite (fleur_fk, particularite_fk) values (111,3);
insert into fleur_aspect (fleur_fk, aspect_fk) values (111,2);
insert into fleur_nb_petale (fleur_fk, nb_petale_fk) values (111,0);
insert into fleur_type_feuille (fleur_fk, type_feuille_fk) values (111,0);
insert into fleur_disposition_feuille (fleur_fk, disposition_feuille_fk) values (111,0);
insert into fleur_pilosite_tige (fleur_fk, pilosite_tige_fk) values (111,1);
insert into fleur_pilosite_feuille (fleur_fk, pilosite_feuille_fk) values (111,1);
insert into fleur (id,directory_name,scientific_name,scientific_family_fk,doc_url) values (112,"Buplevre_en_faux","Bupleurum falcatum",0,"http://abiris.snv.jussieu.fr/flore/descriptions/Buplevre_en_faux.html");
insert into taxonomy (lang, taxon, searched_taxon, fleur_fk, taxon_usuel) values ("fr","Buplèvre en faux","buplevre en faux",112,1);
insert into taxonomy (lang, taxon, searched_taxon, fleur_fk, taxon_usuel) values ("la","Bupleurum falcatum","bupleurum falcatum",112,1);
insert into taxonomy (lang, taxon, searched_taxon, fleur_fk, taxon_usuel) values ("en","Chinese Thoroughwax","chinese thoroughwax",112,1);
insert into fleur_inflorescence (fleur_fk, inflorescence_fk) values (112,0);
insert into fleur_couleur (fleur_fk, couleur_fk) values (112,3);
insert into fleur_aspect (fleur_fk, aspect_fk) values (112,0);
insert into fleur_nb_petale (fleur_fk, nb_petale_fk) values (112,0);
insert into fleur_type_feuille (fleur_fk, type_feuille_fk) values (112,3);
insert into fleur_disposition_feuille (fleur_fk, disposition_feuille_fk) values (112,0);
insert into fleur_pilosite_tige (fleur_fk, pilosite_tige_fk) values (112,0);
insert into fleur_pilosite_feuille (fleur_fk, pilosite_feuille_fk) values (112,0);
insert into fleur (id,directory_name,scientific_name,scientific_family_fk,doc_url) values (113,"Butome_ombelle","Butomus umbellatus",17,"http://abiris.snv.jussieu.fr/flore/descriptions/Butome_en_ombelle.html");
insert into taxonomy (lang, taxon, searched_taxon, fleur_fk, taxon_usuel) values ("fr","Butome en ombelle","butome en ombelle",113,1);
insert into taxonomy (lang, taxon, searched_taxon, fleur_fk, taxon_usuel) values ("fr","Jonc fleuri","jonc fleuri",113,0);
insert into taxonomy (lang, taxon, searched_taxon, fleur_fk, taxon_usuel) values ("la","Butomus umbellatus","butomus umbellatus",113,1);
insert into taxonomy (lang, taxon, searched_taxon, fleur_fk, taxon_usuel) values ("en","flowering rush","flowering rush",113,1);
insert into fleur_inflorescence (fleur_fk, inflorescence_fk) values (113,0);
insert into fleur_couleur (fleur_fk, couleur_fk) values (113,1);
insert into fleur_aspect (fleur_fk, aspect_fk) values (113,2);
insert into fleur_nb_petale (fleur_fk, nb_petale_fk) values (113,3);
insert into fleur_type_feuille (fleur_fk, type_feuille_fk) values (113,3);
insert into fleur_disposition_feuille (fleur_fk, disposition_feuille_fk) values (113,3);
insert into fleur_pilosite_tige (fleur_fk, pilosite_tige_fk) values (113,0);
insert into fleur_pilosite_feuille (fleur_fk, pilosite_feuille_fk) values (113,0);
insert into fleur (id,directory_name,scientific_name,scientific_family_fk,doc_url) values (114,"Calament_des_bois","Calamintha menthifolia",3,"http://abiris.snv.jussieu.fr/flore/descriptions/Calament_des_bois.html");
insert into taxonomy (lang, taxon, searched_taxon, fleur_fk, taxon_usuel) values ("fr","Calament des bois","calament des bois",114,1);
insert into taxonomy (lang, taxon, searched_taxon, fleur_fk, taxon_usuel) values ("fr","Sarriette à feuilles de menthe","sarriette a feuilles de menthe",114,0);
insert into taxonomy (lang, taxon, searched_taxon, fleur_fk, taxon_usuel) values ("fr","Calament à feuilles de menthe","calament a feuilles de menthe",114,0);
insert into taxonomy (lang, taxon, searched_taxon, fleur_fk, taxon_usuel) values ("la","Calamintha menthifolia","calamintha menthifolia",114,1);
insert into taxonomy (lang, taxon, searched_taxon, fleur_fk, taxon_usuel) values ("la","Calamintha officinalis subsp. sylvatica","calamintha officinalis subsp. sylvatica",114,0);
insert into taxonomy (lang, taxon, searched_taxon, fleur_fk, taxon_usuel) values ("en","Wood calamint","wood calamint",114,1);
insert into fleur_inflorescence (fleur_fk, inflorescence_fk) values (114,0);
insert into fleur_couleur (fleur_fk, couleur_fk) values (114,1);
insert into fleur_aspect (fleur_fk, aspect_fk) values (114,3);
insert into fleur_nb_petale (fleur_fk, nb_petale_fk) values (114,0);
insert into fleur_type_feuille (fleur_fk, type_feuille_fk) values (114,2);
insert into fleur_disposition_feuille (fleur_fk, disposition_feuille_fk) values (114,1);
insert into fleur_pilosite_tige (fleur_fk, pilosite_tige_fk) values (114,1);
insert into fleur_pilosite_feuille (fleur_fk, pilosite_feuille_fk) values (114,1);
insert into fleur (id,directory_name,scientific_name,scientific_family_fk,doc_url) values (115,"Callune","Calluna vulgaris",15,"http://www.tela-botanica.org/bdtfx-nn-12262-synthese");
insert into taxonomy (lang, taxon, searched_taxon, fleur_fk, taxon_usuel) values ("fr","Callune","callune",115,1);
insert into taxonomy (lang, taxon, searched_taxon, fleur_fk, taxon_usuel) values ("fr","Bruyère commune","bruyere commune",115,0);
insert into taxonomy (lang, taxon, searched_taxon, fleur_fk, taxon_usuel) values ("la","Calluna vulgaris","calluna vulgaris",115,1);
insert into taxonomy (lang, taxon, searched_taxon, fleur_fk, taxon_usuel) values ("en","common heather","common heather",115,1);
insert into fleur_inflorescence (fleur_fk, inflorescence_fk) values (115,0);
insert into fleur_couleur (fleur_fk, couleur_fk) values (115,1);
insert into fleur_aspect (fleur_fk, aspect_fk) values (115,0);
insert into fleur_nb_petale (fleur_fk, nb_petale_fk) values (115,2);
insert into fleur_type_feuille (fleur_fk, type_feuille_fk) values (115,3);
insert into fleur_disposition_feuille (fleur_fk, disposition_feuille_fk) values (115,1);
insert into fleur_pilosite_tige (fleur_fk, pilosite_tige_fk) values (115,1);
insert into fleur_pilosite_feuille (fleur_fk, pilosite_feuille_fk) values (115,0);
insert into fleur (id,directory_name,scientific_name,scientific_family_fk,doc_url) values (116,"Campanule_feuilles_pecher","Campanula persicifolia",18,"http://abiris.snv.jussieu.fr/flore/descriptions/Campanule_a_feuilles_de_pecher.html");
insert into taxonomy (lang, taxon, searched_taxon, fleur_fk, taxon_usuel) values ("fr","Campanule à feuilles de pêcher","campanule a feuilles de pecher",116,1);
insert into taxonomy (lang, taxon, searched_taxon, fleur_fk, taxon_usuel) values ("la","Campanula persicifolia","campanula persicifolia",116,1);
insert into taxonomy (lang, taxon, searched_taxon, fleur_fk, taxon_usuel) values ("en","Peach-leaved bellflower","peach-leaved bellflower",116,1);
insert into fleur_inflorescence (fleur_fk, inflorescence_fk) values (116,0);
insert into fleur_couleur (fleur_fk, couleur_fk) values (116,2);
insert into fleur_particularite (fleur_fk, particularite_fk) values (116,0);
insert into fleur_aspect (fleur_fk, aspect_fk) values (116,6);
insert into fleur_nb_petale (fleur_fk, nb_petale_fk) values (116,0);
insert into fleur_type_feuille (fleur_fk, type_feuille_fk) values (116,2);
insert into fleur_disposition_feuille (fleur_fk, disposition_feuille_fk) values (116,0);
insert into fleur_pilosite_tige (fleur_fk, pilosite_tige_fk) values (116,0);
insert into fleur_pilosite_feuille (fleur_fk, pilosite_feuille_fk) values (116,0);
insert into fleur (id,directory_name,scientific_name,scientific_family_fk,doc_url) values (117,"Campanule_agglomeree","Campanula glomerata",18,"http://abiris.snv.jussieu.fr/flore/descriptions/Campanule_agglomeree.html");
insert into taxonomy (lang, taxon, searched_taxon, fleur_fk, taxon_usuel) values ("fr","Campanule agglomérée","campanule agglomeree",117,1);
insert into taxonomy (lang, taxon, searched_taxon, fleur_fk, taxon_usuel) values ("fr","Ganteline ","ganteline ",117,0);
insert into taxonomy (lang, taxon, searched_taxon, fleur_fk, taxon_usuel) values ("la","Campanula glomerata","campanula glomerata",117,1);
insert into taxonomy (lang, taxon, searched_taxon, fleur_fk, taxon_usuel) values ("en","Clustered bellflower","clustered bellflower",117,1);
insert into fleur_inflorescence (fleur_fk, inflorescence_fk) values (117,0);
insert into fleur_couleur (fleur_fk, couleur_fk) values (117,2);
insert into fleur_particularite (fleur_fk, particularite_fk) values (117,0);
insert into fleur_aspect (fleur_fk, aspect_fk) values (117,6);
insert into fleur_nb_petale (fleur_fk, nb_petale_fk) values (117,0);
insert into fleur_type_feuille (fleur_fk, type_feuille_fk) values (117,2);
insert into fleur_disposition_feuille (fleur_fk, disposition_feuille_fk) values (117,0);
insert into fleur_pilosite_tige (fleur_fk, pilosite_tige_fk) values (117,1);
insert into fleur_pilosite_feuille (fleur_fk, pilosite_feuille_fk) values (117,1);
insert into fleur (id,directory_name,scientific_name,scientific_family_fk,doc_url) values (118,"Campanule_gantelee","Campanula trachelium",18,"http://abiris.snv.jussieu.fr/flore/descriptions/Campanule_gantelee.html");
insert into taxonomy (lang, taxon, searched_taxon, fleur_fk, taxon_usuel) values ("fr","Campanule gantelée","campanule gantelee",118,1);
insert into taxonomy (lang, taxon, searched_taxon, fleur_fk, taxon_usuel) values ("fr","Campanule à feuilles d'ortie","campanule a feuilles d'ortie",118,0);
insert into taxonomy (lang, taxon, searched_taxon, fleur_fk, taxon_usuel) values ("la","Campanula trachelium","campanula trachelium",118,1);
insert into taxonomy (lang, taxon, searched_taxon, fleur_fk, taxon_usuel) values ("en","nettle-leaved bellflower","nettle-leaved bellflower",118,1);
insert into fleur_inflorescence (fleur_fk, inflorescence_fk) values (118,0);
insert into fleur_couleur (fleur_fk, couleur_fk) values (118,2);
insert into fleur_particularite (fleur_fk, particularite_fk) values (118,0);
insert into fleur_aspect (fleur_fk, aspect_fk) values (118,6);
insert into fleur_nb_petale (fleur_fk, nb_petale_fk) values (118,0);
insert into fleur_type_feuille (fleur_fk, type_feuille_fk) values (118,2);
insert into fleur_disposition_feuille (fleur_fk, disposition_feuille_fk) values (118,0);
insert into fleur_pilosite_tige (fleur_fk, pilosite_tige_fk) values (118,1);
insert into fleur_pilosite_feuille (fleur_fk, pilosite_feuille_fk) values (118,1);
insert into fleur (id,directory_name,scientific_name,scientific_family_fk,doc_url) values (119,"Campanule_raiponce","Campanula rapunculus",18,"http://abiris.snv.jussieu.fr/flore/descriptions/Campanule_raiponce.html");
insert into taxonomy (lang, taxon, searched_taxon, fleur_fk, taxon_usuel) values ("fr","Campanule raiponce","campanule raiponce",119,1);
insert into taxonomy (lang, taxon, searched_taxon, fleur_fk, taxon_usuel) values ("la","Campanula rapunculus","campanula rapunculus",119,1);
insert into taxonomy (lang, taxon, searched_taxon, fleur_fk, taxon_usuel) values ("en","rampion bellflower","rampion bellflower",119,1);
insert into fleur_inflorescence (fleur_fk, inflorescence_fk) values (119,0);
insert into fleur_couleur (fleur_fk, couleur_fk) values (119,2);
insert into fleur_particularite (fleur_fk, particularite_fk) values (119,0);
insert into fleur_aspect (fleur_fk, aspect_fk) values (119,6);
insert into fleur_nb_petale (fleur_fk, nb_petale_fk) values (119,0);
insert into fleur_type_feuille (fleur_fk, type_feuille_fk) values (119,3);
insert into fleur_disposition_feuille (fleur_fk, disposition_feuille_fk) values (119,0);
insert into fleur_pilosite_tige (fleur_fk, pilosite_tige_fk) values (119,1);
insert into fleur_pilosite_feuille (fleur_fk, pilosite_feuille_fk) values (119,1);
insert into fleur_pilosite_feuille (fleur_fk, pilosite_feuille_fk) values (119,2);
insert into fleur (id,directory_name,scientific_name,scientific_family_fk,doc_url) values (120,"Campanule_fausse_raiponce","Campanula rapunculoides",18,"http://abiris.snv.jussieu.fr/flore/descriptions/Campanule_fausse_raiponce.html");
insert into taxonomy (lang, taxon, searched_taxon, fleur_fk, taxon_usuel) values ("fr","Campanule fausse raiponce","campanule fausse raiponce",120,1);
insert into taxonomy (lang, taxon, searched_taxon, fleur_fk, taxon_usuel) values ("la","Campanula rapunculoides","campanula rapunculoides",120,1);
insert into fleur_inflorescence (fleur_fk, inflorescence_fk) values (120,0);
insert into fleur_couleur (fleur_fk, couleur_fk) values (120,2);
insert into fleur_particularite (fleur_fk, particularite_fk) values (120,0);
insert into fleur_aspect (fleur_fk, aspect_fk) values (120,6);
insert into fleur_nb_petale (fleur_fk, nb_petale_fk) values (120,0);
insert into fleur_type_feuille (fleur_fk, type_feuille_fk) values (120,2);
insert into fleur_disposition_feuille (fleur_fk, disposition_feuille_fk) values (120,0);
insert into fleur_pilosite_tige (fleur_fk, pilosite_tige_fk) values (120,1);
insert into fleur_pilosite_feuille (fleur_fk, pilosite_feuille_fk) values (120,1);
insert into fleur (id,directory_name,scientific_name,scientific_family_fk,doc_url) values (121,"Capselle","Capsella bursa-pastoris",7,"http://abiris.snv.jussieu.fr/flore/descriptions/Capselle_bourse_a_pasteur.html");
insert into taxonomy (lang, taxon, searched_taxon, fleur_fk, taxon_usuel) values ("fr","Capselle bourse à pasteur","capselle bourse a pasteur",121,1);
insert into taxonomy (lang, taxon, searched_taxon, fleur_fk, taxon_usuel) values ("fr","Bourse à pasteur","bourse a pasteur",121,0);
insert into taxonomy (lang, taxon, searched_taxon, fleur_fk, taxon_usuel) values ("la","Capsella bursa-pastoris","capsella bursa-pastoris",121,1);
insert into taxonomy (lang, taxon, searched_taxon, fleur_fk, taxon_usuel) values ("en","shepherd's-purse","shepherd's-purse",121,1);
insert into fleur_inflorescence (fleur_fk, inflorescence_fk) values (121,0);
insert into fleur_couleur (fleur_fk, couleur_fk) values (121,0);
insert into fleur_particularite (fleur_fk, particularite_fk) values (121,0);
insert into fleur_aspect (fleur_fk, aspect_fk) values (121,0);
insert into fleur_nb_petale (fleur_fk, nb_petale_fk) values (121,2);
insert into fleur_type_feuille (fleur_fk, type_feuille_fk) values (121,1);
insert into fleur_type_feuille (fleur_fk, type_feuille_fk) values (121,2);
insert into fleur_disposition_feuille (fleur_fk, disposition_feuille_fk) values (121,0);
insert into fleur_pilosite_tige (fleur_fk, pilosite_tige_fk) values (121,0);
insert into fleur_pilosite_feuille (fleur_fk, pilosite_feuille_fk) values (121,1);
insert into fleur (id,directory_name,scientific_name,scientific_family_fk,doc_url) values (122,"Cardamine_pres","Cardamine pratensis",7,"http://abiris.snv.jussieu.fr/flore/descriptions/Cardamine_des_pres.html");
insert into taxonomy (lang, taxon, searched_taxon, fleur_fk, taxon_usuel) values ("fr","Cardamine des prés","cardamine des pres",122,1);
insert into taxonomy (lang, taxon, searched_taxon, fleur_fk, taxon_usuel) values ("fr","Cressonnette","cressonnette",122,0);
insert into taxonomy (lang, taxon, searched_taxon, fleur_fk, taxon_usuel) values ("la","Cardamine pratensis","cardamine pratensis",122,1);
insert into taxonomy (lang, taxon, searched_taxon, fleur_fk, taxon_usuel) values ("en","cuckoo flower","cuckoo flower",122,1);
insert into fleur_inflorescence (fleur_fk, inflorescence_fk) values (122,0);
insert into fleur_couleur (fleur_fk, couleur_fk) values (122,1);
insert into fleur_aspect (fleur_fk, aspect_fk) values (122,0);
insert into fleur_nb_petale (fleur_fk, nb_petale_fk) values (122,2);
insert into fleur_type_feuille (fleur_fk, type_feuille_fk) values (122,1);
insert into fleur_disposition_feuille (fleur_fk, disposition_feuille_fk) values (122,0);
insert into fleur_pilosite_tige (fleur_fk, pilosite_tige_fk) values (122,0);
insert into fleur_pilosite_feuille (fleur_fk, pilosite_feuille_fk) values (122,0);
insert into fleur (id,directory_name,scientific_name,scientific_family_fk,doc_url) values (123,"Cardamine_hirsute","Cardamine hirsuta",7,"http://abiris.snv.jussieu.fr/flore/descriptions/Cardamine_hirsute.html");
insert into taxonomy (lang, taxon, searched_taxon, fleur_fk, taxon_usuel) values ("fr","Cardamine hirsute","cardamine hirsute",123,1);
insert into taxonomy (lang, taxon, searched_taxon, fleur_fk, taxon_usuel) values ("fr","Cardamine hérissée","cardamine herissee",123,0);
insert into taxonomy (lang, taxon, searched_taxon, fleur_fk, taxon_usuel) values ("la","Cardamine hirsuta","cardamine hirsuta",123,1);
insert into taxonomy (lang, taxon, searched_taxon, fleur_fk, taxon_usuel) values ("en","Hairy bittercress","hairy bittercress",123,1);
insert into fleur_inflorescence (fleur_fk, inflorescence_fk) values (123,0);
insert into fleur_couleur (fleur_fk, couleur_fk) values (123,0);
insert into fleur_aspect (fleur_fk, aspect_fk) values (123,0);
insert into fleur_nb_petale (fleur_fk, nb_petale_fk) values (123,2);
insert into fleur_type_feuille (fleur_fk, type_feuille_fk) values (123,1);
insert into fleur_disposition_feuille (fleur_fk, disposition_feuille_fk) values (123,0);
insert into fleur_pilosite_tige (fleur_fk, pilosite_tige_fk) values (123,0);
insert into fleur_pilosite_feuille (fleur_fk, pilosite_feuille_fk) values (123,0);
insert into fleur (id,directory_name,scientific_name,scientific_family_fk,doc_url) values (124,"Cardamine_impatiente","Cardamine impatiens",7,"http://abiris.snv.jussieu.fr/flore/descriptions/Cardamine_impatiente.html");
insert into taxonomy (lang, taxon, searched_taxon, fleur_fk, taxon_usuel) values ("fr","Cardamine impatiente","cardamine impatiente",124,1);
insert into taxonomy (lang, taxon, searched_taxon, fleur_fk, taxon_usuel) values ("fr","Herbe au Diable","herbe au diable",124,0);
insert into taxonomy (lang, taxon, searched_taxon, fleur_fk, taxon_usuel) values ("fr","Cardamine irritable","cardamine irritable",124,0);
insert into taxonomy (lang, taxon, searched_taxon, fleur_fk, taxon_usuel) values ("la","Cardamine impatiens","cardamine impatiens",124,1);
insert into taxonomy (lang, taxon, searched_taxon, fleur_fk, taxon_usuel) values ("en","narrow-leaved bittercress","narrow-leaved bittercress",124,1);
insert into fleur_inflorescence (fleur_fk, inflorescence_fk) values (124,0);
insert into fleur_couleur (fleur_fk, couleur_fk) values (124,0);
insert into fleur_couleur (fleur_fk, couleur_fk) values (124,5);
insert into fleur_aspect (fleur_fk, aspect_fk) values (124,0);
insert into fleur_nb_petale (fleur_fk, nb_petale_fk) values (124,2);
insert into fleur_type_feuille (fleur_fk, type_feuille_fk) values (124,0);
insert into fleur_disposition_feuille (fleur_fk, disposition_feuille_fk) values (124,0);
insert into fleur_pilosite_tige (fleur_fk, pilosite_tige_fk) values (124,0);
insert into fleur_pilosite_feuille (fleur_fk, pilosite_feuille_fk) values (124,0);
insert into fleur (id,directory_name,scientific_name,scientific_family_fk,doc_url) values (125,"Cardere_sauvage","Dipsacus fullonum",19,"http://abiris.snv.jussieu.fr/flore/descriptions/Cardere_sauvage.html");
insert into taxonomy (lang, taxon, searched_taxon, fleur_fk, taxon_usuel) values ("fr","Cardère sauvage","cardere sauvage",125,1);
insert into taxonomy (lang, taxon, searched_taxon, fleur_fk, taxon_usuel) values ("fr","Cabaret des oiseaux","cabaret des oiseaux",125,0);
insert into taxonomy (lang, taxon, searched_taxon, fleur_fk, taxon_usuel) values ("la","Dipsacus fullonum","dipsacus fullonum",125,1);
insert into taxonomy (lang, taxon, searched_taxon, fleur_fk, taxon_usuel) values ("en","Fuller's teasel","fuller's teasel",125,1);
insert into fleur_inflorescence (fleur_fk, inflorescence_fk) values (125,0);
insert into fleur_inflorescence (fleur_fk, inflorescence_fk) values (125,1);
insert into fleur_couleur (fleur_fk, couleur_fk) values (125,1);
insert into fleur_aspect (fleur_fk, aspect_fk) values (125,4);
insert into fleur_nb_petale (fleur_fk, nb_petale_fk) values (125,1);
insert into fleur_type_feuille (fleur_fk, type_feuille_fk) values (125,2);
insert into fleur_disposition_feuille (fleur_fk, disposition_feuille_fk) values (125,1);
insert into fleur_pilosite_tige (fleur_fk, pilosite_tige_fk) values (125,2);
insert into fleur_pilosite_feuille (fleur_fk, pilosite_feuille_fk) values (125,0);
insert into fleur (id,directory_name,scientific_name,scientific_family_fk,doc_url) values (126,"Carotte_sauvage","Daucus carota",0,"http://abiris.snv.jussieu.fr/flore/descriptions/Carotte_sauvage.html");
insert into taxonomy (lang, taxon, searched_taxon, fleur_fk, taxon_usuel) values ("fr","Carotte sauvage","carotte sauvage",126,1);
insert into taxonomy (lang, taxon, searched_taxon, fleur_fk, taxon_usuel) values ("la","Daucus carota","daucus carota",126,1);
insert into taxonomy (lang, taxon, searched_taxon, fleur_fk, taxon_usuel) values ("en","wild carrot","wild carrot",126,1);
insert into fleur_inflorescence (fleur_fk, inflorescence_fk) values (126,0);
insert into fleur_couleur (fleur_fk, couleur_fk) values (126,0);
insert into fleur_aspect (fleur_fk, aspect_fk) values (126,0);
insert into fleur_aspect (fleur_fk, aspect_fk) values (126,2);
insert into fleur_nb_petale (fleur_fk, nb_petale_fk) values (126,0);
insert into fleur_type_feuille (fleur_fk, type_feuille_fk) values (126,0);
insert into fleur_disposition_feuille (fleur_fk, disposition_feuille_fk) values (126,0);
insert into fleur_pilosite_tige (fleur_fk, pilosite_tige_fk) values (126,1);
insert into fleur_pilosite_feuille (fleur_fk, pilosite_feuille_fk) values (126,2);
insert into fleur (id,directory_name,scientific_name,scientific_family_fk,doc_url) values (127,"Centauree_jacee","Centaurea jacea",1,"http://abiris.snv.jussieu.fr/flore/descriptions/Centauree_jacee.html");
insert into taxonomy (lang, taxon, searched_taxon, fleur_fk, taxon_usuel) values ("fr","Centaurée jacée","centauree jacee",127,1);
insert into taxonomy (lang, taxon, searched_taxon, fleur_fk, taxon_usuel) values ("fr","Tête de moineau","tete de moineau",127,0);
insert into taxonomy (lang, taxon, searched_taxon, fleur_fk, taxon_usuel) values ("la","Centaurea jacea","centaurea jacea",127,1);
insert into taxonomy (lang, taxon, searched_taxon, fleur_fk, taxon_usuel) values ("en","Brown Knapweed","brown knapweed",127,1);
insert into fleur_inflorescence (fleur_fk, inflorescence_fk) values (127,0);
insert into fleur_inflorescence (fleur_fk, inflorescence_fk) values (127,1);
insert into fleur_couleur (fleur_fk, couleur_fk) values (127,1);
insert into fleur_aspect (fleur_fk, aspect_fk) values (127,4);
insert into fleur_nb_petale (fleur_fk, nb_petale_fk) values (127,1);
insert into fleur_type_feuille (fleur_fk, type_feuille_fk) values (127,2);
insert into fleur_disposition_feuille (fleur_fk, disposition_feuille_fk) values (127,0);
insert into fleur_pilosite_tige (fleur_fk, pilosite_tige_fk) values (127,1);
insert into fleur_pilosite_feuille (fleur_fk, pilosite_feuille_fk) values (127,1);
insert into fleur (id,directory_name,scientific_name,scientific_family_fk,doc_url) values (128,"Cephalantere_blanche","Cephalanthera damasonium",20,"http://abiris.snv.jussieu.fr/flore/descriptions/Cephalanthere_blanche.html");
insert into taxonomy (lang, taxon, searched_taxon, fleur_fk, taxon_usuel) values ("fr","Céphalanthère blanche","cephalanthere blanche",128,1);
insert into taxonomy (lang, taxon, searched_taxon, fleur_fk, taxon_usuel) values ("fr","Céphalanthère à grandes fleurs","cephalanthere a grandes fleurs",128,0);
insert into taxonomy (lang, taxon, searched_taxon, fleur_fk, taxon_usuel) values ("fr","Céphalanthère de Damas","cephalanthere de damas",128,0);
insert into taxonomy (lang, taxon, searched_taxon, fleur_fk, taxon_usuel) values ("la","Cephalanthera damasonium","cephalanthera damasonium",128,1);
insert into taxonomy (lang, taxon, searched_taxon, fleur_fk, taxon_usuel) values ("en","White Helleborine","white helleborine",128,1);
insert into fleur_inflorescence (fleur_fk, inflorescence_fk) values (128,0);
insert into fleur_couleur (fleur_fk, couleur_fk) values (128,0);
insert into fleur_particularite (fleur_fk, particularite_fk) values (128,5);
insert into fleur_aspect (fleur_fk, aspect_fk) values (128,2);
insert into fleur_nb_petale (fleur_fk, nb_petale_fk) values (128,3);
insert into fleur_type_feuille (fleur_fk, type_feuille_fk) values (128,3);
insert into fleur_disposition_feuille (fleur_fk, disposition_feuille_fk) values (128,0);
insert into fleur_pilosite_tige (fleur_fk, pilosite_tige_fk) values (128,0);
insert into fleur_pilosite_feuille (fleur_fk, pilosite_feuille_fk) values (128,0);
insert into fleur (id,directory_name,scientific_name,scientific_family_fk,doc_url) values (129,"Cephalantere_rouge","Cephalanthera rubra",20,"http://abiris.snv.jussieu.fr/flore/descriptions/Cephalanthere_rouge.html");
insert into taxonomy (lang, taxon, searched_taxon, fleur_fk, taxon_usuel) values ("fr","Céphalanthère rouge","cephalanthere rouge",129,1);
insert into taxonomy (lang, taxon, searched_taxon, fleur_fk, taxon_usuel) values ("la","Cephalanthera rubra","cephalanthera rubra",129,1);
insert into taxonomy (lang, taxon, searched_taxon, fleur_fk, taxon_usuel) values ("en","Red Helleborine","red helleborine",129,1);
insert into fleur_inflorescence (fleur_fk, inflorescence_fk) values (129,0);
insert into fleur_couleur (fleur_fk, couleur_fk) values (129,1);
insert into fleur_particularite (fleur_fk, particularite_fk) values (129,5);
insert into fleur_aspect (fleur_fk, aspect_fk) values (129,2);
insert into fleur_nb_petale (fleur_fk, nb_petale_fk) values (129,3);
insert into fleur_type_feuille (fleur_fk, type_feuille_fk) values (129,3);
insert into fleur_disposition_feuille (fleur_fk, disposition_feuille_fk) values (129,0);
insert into fleur_pilosite_tige (fleur_fk, pilosite_tige_fk) values (129,1);
insert into fleur_pilosite_feuille (fleur_fk, pilosite_feuille_fk) values (129,0);
insert into fleur (id,directory_name,scientific_name,scientific_family_fk,doc_url) values (130,"Ceraiste_agglomere","Cerastium glomeratum",21,"http://abiris.snv.jussieu.fr/flore/descriptions/Ceraiste_agglomere.html");
insert into taxonomy (lang, taxon, searched_taxon, fleur_fk, taxon_usuel) values ("fr","Ceraiste aggloméré","ceraiste agglomere",130,1);
insert into taxonomy (lang, taxon, searched_taxon, fleur_fk, taxon_usuel) values ("la","Cerastium glomeratum","cerastium glomeratum",130,1);
insert into taxonomy (lang, taxon, searched_taxon, fleur_fk, taxon_usuel) values ("en","sticky mouse-ear chickweed","sticky mouse-ear chickweed",130,1);
insert into fleur_inflorescence (fleur_fk, inflorescence_fk) values (130,0);
insert into fleur_couleur (fleur_fk, couleur_fk) values (130,0);
insert into fleur_particularite (fleur_fk, particularite_fk) values (130,1);
insert into fleur_aspect (fleur_fk, aspect_fk) values (130,0);
insert into fleur_nb_petale (fleur_fk, nb_petale_fk) values (130,0);
insert into fleur_type_feuille (fleur_fk, type_feuille_fk) values (130,3);
insert into fleur_disposition_feuille (fleur_fk, disposition_feuille_fk) values (130,1);
insert into fleur_pilosite_tige (fleur_fk, pilosite_tige_fk) values (130,1);
insert into fleur_pilosite_feuille (fleur_fk, pilosite_feuille_fk) values (130,1);
insert into fleur (id,directory_name,scientific_name,scientific_family_fk,doc_url) values (131,"Ceraiste_commun","Cerastium fontanum",21,"http://abiris.snv.jussieu.fr/flore/descriptions/Ceraiste_commun.html");
insert into taxonomy (lang, taxon, searched_taxon, fleur_fk, taxon_usuel) values ("fr","Céraiste commun","ceraiste commun",131,1);
insert into taxonomy (lang, taxon, searched_taxon, fleur_fk, taxon_usuel) values ("fr","céraiste des fontaines","ceraiste des fontaines",131,0);
insert into taxonomy (lang, taxon, searched_taxon, fleur_fk, taxon_usuel) values ("la","Cerastium fontanum","cerastium fontanum",131,1);
insert into taxonomy (lang, taxon, searched_taxon, fleur_fk, taxon_usuel) values ("en","Mouse-ear chickweed","mouse-ear chickweed",131,1);
insert into fleur_inflorescence (fleur_fk, inflorescence_fk) values (131,0);
insert into fleur_couleur (fleur_fk, couleur_fk) values (131,0);
insert into fleur_particularite (fleur_fk, particularite_fk) values (131,1);
insert into fleur_aspect (fleur_fk, aspect_fk) values (131,0);
insert into fleur_nb_petale (fleur_fk, nb_petale_fk) values (131,0);
insert into fleur_type_feuille (fleur_fk, type_feuille_fk) values (131,3);
insert into fleur_disposition_feuille (fleur_fk, disposition_feuille_fk) values (131,1);
insert into fleur_pilosite_tige (fleur_fk, pilosite_tige_fk) values (131,1);
insert into fleur_pilosite_feuille (fleur_fk, pilosite_feuille_fk) values (131,1);
insert into fleur (id,directory_name,scientific_name,scientific_family_fk,doc_url) values (132,"Ceraiste_des_champs","Cerastium arvense",21,"http://abiris.snv.jussieu.fr/flore/descriptions/Ceraiste_des_champs.html");
insert into taxonomy (lang, taxon, searched_taxon, fleur_fk, taxon_usuel) values ("fr","Céraiste des champs","ceraiste des champs",132,1);
insert into taxonomy (lang, taxon, searched_taxon, fleur_fk, taxon_usuel) values ("la","Cerastium arvense","cerastium arvense",132,1);
insert into taxonomy (lang, taxon, searched_taxon, fleur_fk, taxon_usuel) values ("en","field chickweed","field chickweed",132,1);
insert into fleur_inflorescence (fleur_fk, inflorescence_fk) values (132,0);
insert into fleur_couleur (fleur_fk, couleur_fk) values (132,0);
insert into fleur_particularite (fleur_fk, particularite_fk) values (132,1);
insert into fleur_aspect (fleur_fk, aspect_fk) values (132,0);
insert into fleur_nb_petale (fleur_fk, nb_petale_fk) values (132,0);
insert into fleur_type_feuille (fleur_fk, type_feuille_fk) values (132,3);
insert into fleur_disposition_feuille (fleur_fk, disposition_feuille_fk) values (132,1);
insert into fleur_pilosite_tige (fleur_fk, pilosite_tige_fk) values (132,1);
insert into fleur_pilosite_feuille (fleur_fk, pilosite_feuille_fk) values (132,1);
insert into fleur (id,directory_name,scientific_name,scientific_family_fk,doc_url) values (133,"Cerfeuil_des_bois","Anthriscus sylvestris",0,"http://abiris.snv.jussieu.fr/flore/descriptions/Cerfeuil_des_bois.html");
insert into taxonomy (lang, taxon, searched_taxon, fleur_fk, taxon_usuel) values ("fr","Cerfeuil des bois","cerfeuil des bois",133,1);
insert into taxonomy (lang, taxon, searched_taxon, fleur_fk, taxon_usuel) values ("fr","Cerfeuil des prés","cerfeuil des pres",133,0);
insert into taxonomy (lang, taxon, searched_taxon, fleur_fk, taxon_usuel) values ("fr","Cerfeuil sauvage","cerfeuil sauvage",133,0);
insert into taxonomy (lang, taxon, searched_taxon, fleur_fk, taxon_usuel) values ("la","Anthriscus sylvestris","anthriscus sylvestris",133,1);
insert into taxonomy (lang, taxon, searched_taxon, fleur_fk, taxon_usuel) values ("en","cow parsley","cow parsley",133,1);
insert into fleur_inflorescence (fleur_fk, inflorescence_fk) values (133,0);
insert into fleur_couleur (fleur_fk, couleur_fk) values (133,0);
insert into fleur_aspect (fleur_fk, aspect_fk) values (133,0);
insert into fleur_aspect (fleur_fk, aspect_fk) values (133,2);
insert into fleur_nb_petale (fleur_fk, nb_petale_fk) values (133,0);
insert into fleur_type_feuille (fleur_fk, type_feuille_fk) values (133,0);
insert into fleur_disposition_feuille (fleur_fk, disposition_feuille_fk) values (133,0);
insert into fleur_pilosite_tige (fleur_fk, pilosite_tige_fk) values (133,1);
insert into fleur_pilosite_feuille (fleur_fk, pilosite_feuille_fk) values (133,1);
insert into fleur (id,directory_name,scientific_name,scientific_family_fk,doc_url) values (134,"Cherophylle_penche","Chaerophyllum temulum",0,"http://abiris.snv.jussieu.fr/flore/descriptions/Cerfeuil_penche.html");
insert into taxonomy (lang, taxon, searched_taxon, fleur_fk, taxon_usuel) values ("fr","Cerfeuil penché","cerfeuil penche",134,1);
insert into taxonomy (lang, taxon, searched_taxon, fleur_fk, taxon_usuel) values ("fr","Cerfeuil enivrant","cerfeuil enivrant",134,0);
insert into taxonomy (lang, taxon, searched_taxon, fleur_fk, taxon_usuel) values ("la","Chaerophyllum temulum","chaerophyllum temulum",134,1);
insert into taxonomy (lang, taxon, searched_taxon, fleur_fk, taxon_usuel) values ("en","rough chervil","rough chervil",134,1);
insert into fleur_inflorescence (fleur_fk, inflorescence_fk) values (134,0);
insert into fleur_couleur (fleur_fk, couleur_fk) values (134,0);
insert into fleur_particularite (fleur_fk, particularite_fk) values (134,1);
insert into fleur_aspect (fleur_fk, aspect_fk) values (134,0);
insert into fleur_aspect (fleur_fk, aspect_fk) values (134,2);
insert into fleur_nb_petale (fleur_fk, nb_petale_fk) values (134,0);
insert into fleur_type_feuille (fleur_fk, type_feuille_fk) values (134,0);
insert into fleur_disposition_feuille (fleur_fk, disposition_feuille_fk) values (134,0);
insert into fleur_pilosite_tige (fleur_fk, pilosite_tige_fk) values (134,1);
insert into fleur_pilosite_feuille (fleur_fk, pilosite_feuille_fk) values (134,1);
insert into fleur (id,directory_name,scientific_name,scientific_family_fk,doc_url) values (135,"Chanvre_cultive","Cannabis sativa",22,"http://abiris.snv.jussieu.fr/flore/descriptions/Chanvre_cultive.html");
insert into taxonomy (lang, taxon, searched_taxon, fleur_fk, taxon_usuel) values ("fr","Chanvre cultivé","chanvre cultive",135,1);
insert into taxonomy (lang, taxon, searched_taxon, fleur_fk, taxon_usuel) values ("fr","Cannabis","cannabis",135,0);
insert into taxonomy (lang, taxon, searched_taxon, fleur_fk, taxon_usuel) values ("la","Cannabis sativa","cannabis sativa",135,1);
insert into taxonomy (lang, taxon, searched_taxon, fleur_fk, taxon_usuel) values ("en","marijuana","marijuana",135,1);
insert into fleur_inflorescence (fleur_fk, inflorescence_fk) values (135,0);
insert into fleur_couleur (fleur_fk, couleur_fk) values (135,5);
insert into fleur_aspect (fleur_fk, aspect_fk) values (135,5);
insert into fleur_nb_petale (fleur_fk, nb_petale_fk) values (135,6);
insert into fleur_type_feuille (fleur_fk, type_feuille_fk) values (135,0);
insert into fleur_disposition_feuille (fleur_fk, disposition_feuille_fk) values (135,1);
insert into fleur_pilosite_tige (fleur_fk, pilosite_tige_fk) values (135,1);
insert into fleur_pilosite_feuille (fleur_fk, pilosite_feuille_fk) values (135,1);
insert into fleur (id,directory_name,scientific_name,scientific_family_fk,doc_url) values (136,"Chardon_crepu","Carduus crispus",1,"http://abiris.snv.jussieu.fr/flore/descriptions/Chardon_crepu.html");
insert into taxonomy (lang, taxon, searched_taxon, fleur_fk, taxon_usuel) values ("fr","Chardon crépu","chardon crepu",136,1);
insert into taxonomy (lang, taxon, searched_taxon, fleur_fk, taxon_usuel) values ("la","Carduus crispus","carduus crispus",136,1);
insert into taxonomy (lang, taxon, searched_taxon, fleur_fk, taxon_usuel) values ("en"," Welted thistle"," welted thistle",136,1);
insert into fleur_inflorescence (fleur_fk, inflorescence_fk) values (136,0);
insert into fleur_couleur (fleur_fk, couleur_fk) values (136,1);
insert into fleur_aspect (fleur_fk, aspect_fk) values (136,4);
insert into fleur_nb_petale (fleur_fk, nb_petale_fk) values (136,1);
insert into fleur_type_feuille (fleur_fk, type_feuille_fk) values (136,1);
insert into fleur_disposition_feuille (fleur_fk, disposition_feuille_fk) values (136,0);
insert into fleur_pilosite_tige (fleur_fk, pilosite_tige_fk) values (136,2);
insert into fleur_pilosite_feuille (fleur_fk, pilosite_feuille_fk) values (136,1);
insert into fleur (id,directory_name,scientific_name,scientific_family_fk,doc_url) values (137,"Chardon_penche","Carduus nutans",1,"http://abiris.snv.jussieu.fr/flore/descriptions/Chardon_penche.html");
insert into taxonomy (lang, taxon, searched_taxon, fleur_fk, taxon_usuel) values ("fr","Chardon penché","chardon penche",137,1);
insert into taxonomy (lang, taxon, searched_taxon, fleur_fk, taxon_usuel) values ("la","Carduus nutans","carduus nutans",137,1);
insert into taxonomy (lang, taxon, searched_taxon, fleur_fk, taxon_usuel) values ("en","Musk thistle","musk thistle",137,1);
insert into fleur_inflorescence (fleur_fk, inflorescence_fk) values (137,0);
insert into fleur_inflorescence (fleur_fk, inflorescence_fk) values (137,1);
insert into fleur_couleur (fleur_fk, couleur_fk) values (137,1);
insert into fleur_aspect (fleur_fk, aspect_fk) values (137,4);
insert into fleur_nb_petale (fleur_fk, nb_petale_fk) values (137,1);
insert into fleur_type_feuille (fleur_fk, type_feuille_fk) values (137,1);
insert into fleur_disposition_feuille (fleur_fk, disposition_feuille_fk) values (137,0);
insert into fleur_pilosite_tige (fleur_fk, pilosite_tige_fk) values (137,2);
insert into fleur_pilosite_tige (fleur_fk, pilosite_tige_fk) values (137,1);
insert into fleur_pilosite_feuille (fleur_fk, pilosite_feuille_fk) values (137,2);
insert into fleur (id,directory_name,scientific_name,scientific_family_fk,doc_url) values (138,"Chelidoine","Chelidonium majus",23,"http://abiris.snv.jussieu.fr/flore/descriptions/Chelidoine.html");
insert into taxonomy (lang, taxon, searched_taxon, fleur_fk, taxon_usuel) values ("fr","Chélidoine","chelidoine",138,1);
insert into taxonomy (lang, taxon, searched_taxon, fleur_fk, taxon_usuel) values ("fr","Grande Éclaire","grande eclaire",138,0);
insert into taxonomy (lang, taxon, searched_taxon, fleur_fk, taxon_usuel) values ("fr","Herbe aux verrues","herbe aux verrues",138,0);
insert into taxonomy (lang, taxon, searched_taxon, fleur_fk, taxon_usuel) values ("la","Chelidonium majus","chelidonium majus",138,1);
insert into taxonomy (lang, taxon, searched_taxon, fleur_fk, taxon_usuel) values ("en","greater celandine","greater celandine",138,1);
insert into fleur_inflorescence (fleur_fk, inflorescence_fk) values (138,0);
insert into fleur_couleur (fleur_fk, couleur_fk) values (138,3);
insert into fleur_aspect (fleur_fk, aspect_fk) values (138,0);
insert into fleur_nb_petale (fleur_fk, nb_petale_fk) values (138,2);
insert into fleur_type_feuille (fleur_fk, type_feuille_fk) values (138,1);
insert into fleur_disposition_feuille (fleur_fk, disposition_feuille_fk) values (138,0);
insert into fleur_pilosite_tige (fleur_fk, pilosite_tige_fk) values (138,1);
insert into fleur_pilosite_feuille (fleur_fk, pilosite_feuille_fk) values (138,0);
insert into fleur (id,directory_name,scientific_name,scientific_family_fk,doc_url) values (139,"Chenopode_blanc","Chenopodium album",24,"http://abiris.snv.jussieu.fr/flore/descriptions/Chenopode_blanc.html");
insert into taxonomy (lang, taxon, searched_taxon, fleur_fk, taxon_usuel) values ("fr","Chénopode blanc","chenopode blanc",139,1);
insert into taxonomy (lang, taxon, searched_taxon, fleur_fk, taxon_usuel) values ("fr","Ansérine blanche","anserine blanche",139,0);
insert into taxonomy (lang, taxon, searched_taxon, fleur_fk, taxon_usuel) values ("la","Chenopodium album","chenopodium album",139,1);
insert into taxonomy (lang, taxon, searched_taxon, fleur_fk, taxon_usuel) values ("en"," lamb's quarters"," lamb's quarters",139,1);
insert into fleur_inflorescence (fleur_fk, inflorescence_fk) values (139,0);
insert into fleur_couleur (fleur_fk, couleur_fk) values (139,5);
insert into fleur_aspect (fleur_fk, aspect_fk) values (139,5);
insert into fleur_nb_petale (fleur_fk, nb_petale_fk) values (139,6);
insert into fleur_type_feuille (fleur_fk, type_feuille_fk) values (139,2);
insert into fleur_disposition_feuille (fleur_fk, disposition_feuille_fk) values (139,0);
insert into fleur_pilosite_tige (fleur_fk, pilosite_tige_fk) values (139,0);
insert into fleur_pilosite_feuille (fleur_fk, pilosite_feuille_fk) values (139,0);
insert into fleur (id,directory_name,scientific_name,scientific_family_fk,doc_url) values (140,"Chevrefeuille_des_bois","Lonicera periclymenum",25,"http://www.tela-botanica.org/bdtfx-nn-39905-synthese");
insert into taxonomy (lang, taxon, searched_taxon, fleur_fk, taxon_usuel) values ("fr","Chèvrefeuille des bois","chevrefeuille des bois",140,1);
insert into taxonomy (lang, taxon, searched_taxon, fleur_fk, taxon_usuel) values ("la","Lonicera periclymenum","lonicera periclymenum",140,1);
insert into taxonomy (lang, taxon, searched_taxon, fleur_fk, taxon_usuel) values ("en","honeysuckle","honeysuckle",140,1);
insert into fleur_inflorescence (fleur_fk, inflorescence_fk) values (140,0);
insert into fleur_couleur (fleur_fk, couleur_fk) values (140,0);
insert into fleur_couleur (fleur_fk, couleur_fk) values (140,1);
insert into fleur_aspect (fleur_fk, aspect_fk) values (140,3);
insert into fleur_nb_petale (fleur_fk, nb_petale_fk) values (140,0);
insert into fleur_type_feuille (fleur_fk, type_feuille_fk) values (140,3);
insert into fleur_disposition_feuille (fleur_fk, disposition_feuille_fk) values (140,1);
insert into fleur_pilosite_tige (fleur_fk, pilosite_tige_fk) values (140,0);
insert into fleur_pilosite_feuille (fleur_fk, pilosite_feuille_fk) values (140,0);
insert into fleur (id,directory_name,scientific_name,scientific_family_fk,doc_url) values (141,"Chicoree_sauvage","Cichorium intybus",1,"http://abiris.snv.jussieu.fr/flore/descriptions/Chicoree_sauvage.html");
insert into taxonomy (lang, taxon, searched_taxon, fleur_fk, taxon_usuel) values ("fr","Chicorée sauvage","chicoree sauvage",141,1);
insert into taxonomy (lang, taxon, searched_taxon, fleur_fk, taxon_usuel) values ("la","Cichorium intybus","cichorium intybus",141,1);
insert into taxonomy (lang, taxon, searched_taxon, fleur_fk, taxon_usuel) values ("en","Common chicory","common chicory",141,1);
insert into fleur_inflorescence (fleur_fk, inflorescence_fk) values (141,0);
insert into fleur_inflorescence (fleur_fk, inflorescence_fk) values (141,1);
insert into fleur_couleur (fleur_fk, couleur_fk) values (141,2);
insert into fleur_aspect (fleur_fk, aspect_fk) values (141,4);
insert into fleur_nb_petale (fleur_fk, nb_petale_fk) values (141,1);
insert into fleur_type_feuille (fleur_fk, type_feuille_fk) values (141,2);
insert into fleur_disposition_feuille (fleur_fk, disposition_feuille_fk) values (141,0);
insert into fleur_pilosite_tige (fleur_fk, pilosite_tige_fk) values (141,1);
insert into fleur_pilosite_feuille (fleur_fk, pilosite_feuille_fk) values (141,0);
insert into fleur (id,directory_name,scientific_name,scientific_family_fk,doc_url) values (142,"Chondrille_tige_de_jonc","Chondrilla juncea",1,"http://abiris.snv.jussieu.fr/flore/descriptions/Chondrille_a_tiges_de_jonc.html");
insert into taxonomy (lang, taxon, searched_taxon, fleur_fk, taxon_usuel) values ("fr","Chondrille à tiges de jonc","chondrille a tiges de jonc",142,1);
insert into taxonomy (lang, taxon, searched_taxon, fleur_fk, taxon_usuel) values ("fr","Chondrille effilée","chondrille effilee",142,0);
insert into taxonomy (lang, taxon, searched_taxon, fleur_fk, taxon_usuel) values ("la","Chondrilla juncea","chondrilla juncea",142,1);
insert into taxonomy (lang, taxon, searched_taxon, fleur_fk, taxon_usuel) values ("en","rush skeletonweed","rush skeletonweed",142,1);
insert into fleur_inflorescence (fleur_fk, inflorescence_fk) values (142,0);
insert into fleur_couleur (fleur_fk, couleur_fk) values (142,3);
insert into fleur_aspect (fleur_fk, aspect_fk) values (142,4);
insert into fleur_nb_petale (fleur_fk, nb_petale_fk) values (142,1);
insert into fleur_type_feuille (fleur_fk, type_feuille_fk) values (142,1);
insert into fleur_disposition_feuille (fleur_fk, disposition_feuille_fk) values (142,0);
insert into fleur_pilosite_tige (fleur_fk, pilosite_tige_fk) values (142,0);
insert into fleur_pilosite_tige (fleur_fk, pilosite_tige_fk) values (142,1);
insert into fleur_pilosite_feuille (fleur_fk, pilosite_feuille_fk) values (142,0);
insert into fleur (id,directory_name,scientific_name,scientific_family_fk,doc_url) values (143,"Cicendie_naine","Exaculum pusillum",13,"http://abiris.snv.jussieu.fr/flore/descriptions/Cicendie_naine.html");
insert into taxonomy (lang, taxon, searched_taxon, fleur_fk, taxon_usuel) values ("fr","Cicendie naine","cicendie naine",143,1);
insert into taxonomy (lang, taxon, searched_taxon, fleur_fk, taxon_usuel) values ("fr","Cicendie fluette","cicendie fluette",143,0);
insert into taxonomy (lang, taxon, searched_taxon, fleur_fk, taxon_usuel) values ("fr","Gentiane fluette","gentiane fluette",143,0);
insert into taxonomy (lang, taxon, searched_taxon, fleur_fk, taxon_usuel) values ("la","Exaculum pusillum","exaculum pusillum",143,1);
insert into taxonomy (lang, taxon, searched_taxon, fleur_fk, taxon_usuel) values ("en","Guernsey Centaury","guernsey centaury",143,1);
insert into fleur_inflorescence (fleur_fk, inflorescence_fk) values (143,0);
insert into fleur_couleur (fleur_fk, couleur_fk) values (143,0);
insert into fleur_couleur (fleur_fk, couleur_fk) values (143,1);
insert into fleur_aspect (fleur_fk, aspect_fk) values (143,6);
insert into fleur_nb_petale (fleur_fk, nb_petale_fk) values (143,2);
insert into fleur_type_feuille (fleur_fk, type_feuille_fk) values (143,3);
insert into fleur_disposition_feuille (fleur_fk, disposition_feuille_fk) values (143,1);
insert into fleur_pilosite_tige (fleur_fk, pilosite_tige_fk) values (143,0);
insert into fleur_pilosite_feuille (fleur_fk, pilosite_feuille_fk) values (143,0);
insert into fleur (id,directory_name,scientific_name,scientific_family_fk,doc_url) values (144,"Cigue_tachee","Conium maculatum",0,"http://abiris.snv.jussieu.fr/flore/descriptions/Cigue_tachetee.html");
insert into taxonomy (lang, taxon, searched_taxon, fleur_fk, taxon_usuel) values ("fr","Ciguë tachetée","cigue tachetee",144,1);
insert into taxonomy (lang, taxon, searched_taxon, fleur_fk, taxon_usuel) values ("fr","Grande ciguë","grande cigue",144,0);
insert into taxonomy (lang, taxon, searched_taxon, fleur_fk, taxon_usuel) values ("la","Conium maculatum","conium maculatum",144,1);
insert into taxonomy (lang, taxon, searched_taxon, fleur_fk, taxon_usuel) values ("en","Hemlock","hemlock",144,1);
insert into fleur_inflorescence (fleur_fk, inflorescence_fk) values (144,0);
insert into fleur_couleur (fleur_fk, couleur_fk) values (144,0);
insert into fleur_aspect (fleur_fk, aspect_fk) values (144,0);
insert into fleur_aspect (fleur_fk, aspect_fk) values (144,2);
insert into fleur_nb_petale (fleur_fk, nb_petale_fk) values (144,0);
insert into fleur_type_feuille (fleur_fk, type_feuille_fk) values (144,0);
insert into fleur_disposition_feuille (fleur_fk, disposition_feuille_fk) values (144,0);
insert into fleur_pilosite_tige (fleur_fk, pilosite_tige_fk) values (144,0);
insert into fleur_pilosite_feuille (fleur_fk, pilosite_feuille_fk) values (144,0);
insert into fleur (id,directory_name,scientific_name,scientific_family_fk,doc_url) values (145,"Cirse_commun","Cirsium vulgare",1,"http://abiris.snv.jussieu.fr/flore/descriptions/Cirse_commun.html");
insert into taxonomy (lang, taxon, searched_taxon, fleur_fk, taxon_usuel) values ("fr","Cirse commun","cirse commun",145,1);
insert into taxonomy (lang, taxon, searched_taxon, fleur_fk, taxon_usuel) values ("fr","Chardon vulgaire","chardon vulgaire",145,0);
insert into taxonomy (lang, taxon, searched_taxon, fleur_fk, taxon_usuel) values ("fr"," Cirse lancéolé"," cirse lanceole",145,0);
insert into taxonomy (lang, taxon, searched_taxon, fleur_fk, taxon_usuel) values ("la","Cirsium vulgare","cirsium vulgare",145,1);
insert into taxonomy (lang, taxon, searched_taxon, fleur_fk, taxon_usuel) values ("en","Spear Thistle","spear thistle",145,1);
insert into fleur_inflorescence (fleur_fk, inflorescence_fk) values (145,0);
insert into fleur_couleur (fleur_fk, couleur_fk) values (145,1);
insert into fleur_aspect (fleur_fk, aspect_fk) values (145,4);
insert into fleur_nb_petale (fleur_fk, nb_petale_fk) values (145,1);
insert into fleur_type_feuille (fleur_fk, type_feuille_fk) values (145,1);
insert into fleur_disposition_feuille (fleur_fk, disposition_feuille_fk) values (145,0);
insert into fleur_pilosite_tige (fleur_fk, pilosite_tige_fk) values (145,2);
insert into fleur_pilosite_tige (fleur_fk, pilosite_tige_fk) values (145,1);
insert into fleur_pilosite_feuille (fleur_fk, pilosite_feuille_fk) values (145,1);
insert into fleur (id,directory_name,scientific_name,scientific_family_fk,doc_url) values (146,"Cirse_decoupe","Cirsium dissectum",1,"http://abiris.snv.jussieu.fr/flore/descriptions/Cirse_decoupe.html");
insert into taxonomy (lang, taxon, searched_taxon, fleur_fk, taxon_usuel) values ("fr","Cirse découpé","cirse decoupe",146,1);
insert into taxonomy (lang, taxon, searched_taxon, fleur_fk, taxon_usuel) values ("fr","Cirse anglais","cirse anglais",146,0);
insert into taxonomy (lang, taxon, searched_taxon, fleur_fk, taxon_usuel) values ("la","Cirsium dissectum","cirsium dissectum",146,1);
insert into taxonomy (lang, taxon, searched_taxon, fleur_fk, taxon_usuel) values ("en","Meadow Thistle","meadow thistle",146,1);
insert into fleur_inflorescence (fleur_fk, inflorescence_fk) values (146,0);
insert into fleur_inflorescence (fleur_fk, inflorescence_fk) values (146,1);
insert into fleur_couleur (fleur_fk, couleur_fk) values (146,1);
insert into fleur_aspect (fleur_fk, aspect_fk) values (146,4);
insert into fleur_nb_petale (fleur_fk, nb_petale_fk) values (146,1);
insert into fleur_type_feuille (fleur_fk, type_feuille_fk) values (146,1);
insert into fleur_type_feuille (fleur_fk, type_feuille_fk) values (146,2);
insert into fleur_disposition_feuille (fleur_fk, disposition_feuille_fk) values (146,0);
insert into fleur_pilosite_tige (fleur_fk, pilosite_tige_fk) values (146,1);
insert into fleur_pilosite_feuille (fleur_fk, pilosite_feuille_fk) values (146,1);
insert into fleur (id,directory_name,scientific_name,scientific_family_fk,doc_url) values (147,"Cirse_champs","Cirsium arvense",1,"http://abiris.snv.jussieu.fr/flore/descriptions/Cirse_des_champs.html");
insert into taxonomy (lang, taxon, searched_taxon, fleur_fk, taxon_usuel) values ("fr","Cirse des champs","cirse des champs",147,1);
insert into taxonomy (lang, taxon, searched_taxon, fleur_fk, taxon_usuel) values ("fr","Chardon des champs","chardon des champs",147,0);
insert into taxonomy (lang, taxon, searched_taxon, fleur_fk, taxon_usuel) values ("la","Cirsium arvense","cirsium arvense",147,1);
insert into taxonomy (lang, taxon, searched_taxon, fleur_fk, taxon_usuel) values ("en","Creeping Thistle","creeping thistle",147,1);
insert into fleur_inflorescence (fleur_fk, inflorescence_fk) values (147,0);
insert into fleur_couleur (fleur_fk, couleur_fk) values (147,1);
insert into fleur_aspect (fleur_fk, aspect_fk) values (147,4);
insert into fleur_nb_petale (fleur_fk, nb_petale_fk) values (147,1);
insert into fleur_type_feuille (fleur_fk, type_feuille_fk) values (147,2);
insert into fleur_disposition_feuille (fleur_fk, disposition_feuille_fk) values (147,0);
insert into fleur_pilosite_tige (fleur_fk, pilosite_tige_fk) values (147,0);
insert into fleur_pilosite_feuille (fleur_fk, pilosite_feuille_fk) values (147,0);
insert into fleur (id,directory_name,scientific_name,scientific_family_fk,doc_url) values (148,"Chardon_maraicher","Cirsium oleraceum",1,"http://abiris.snv.jussieu.fr/flore/descriptions/Cirse_maraicher.html");
insert into taxonomy (lang, taxon, searched_taxon, fleur_fk, taxon_usuel) values ("fr","Cirse maraîcher","cirse maraicher",148,1);
insert into taxonomy (lang, taxon, searched_taxon, fleur_fk, taxon_usuel) values ("fr","Cirse faux-épinard","cirse faux-epinard",148,0);
insert into taxonomy (lang, taxon, searched_taxon, fleur_fk, taxon_usuel) values ("la","Cirsium oleraceum","cirsium oleraceum",148,1);
insert into taxonomy (lang, taxon, searched_taxon, fleur_fk, taxon_usuel) values ("en","Cabbage thistle","cabbage thistle",148,1);
insert into fleur_inflorescence (fleur_fk, inflorescence_fk) values (148,0);
insert into fleur_couleur (fleur_fk, couleur_fk) values (148,0);
insert into fleur_aspect (fleur_fk, aspect_fk) values (148,4);
insert into fleur_nb_petale (fleur_fk, nb_petale_fk) values (148,1);
insert into fleur_type_feuille (fleur_fk, type_feuille_fk) values (148,1);
insert into fleur_disposition_feuille (fleur_fk, disposition_feuille_fk) values (148,0);
insert into fleur_pilosite_tige (fleur_fk, pilosite_tige_fk) values (148,0);
insert into fleur_pilosite_feuille (fleur_fk, pilosite_feuille_fk) values (148,1);
insert into fleur (id,directory_name,scientific_name,scientific_family_fk,doc_url) values (149,"Cirse_tubereux","Cirsium tuberosum",1,"http://abiris.snv.jussieu.fr/flore/descriptions/Cirse_tubereux.html");
insert into taxonomy (lang, taxon, searched_taxon, fleur_fk, taxon_usuel) values ("fr","Cirse tubéreux","cirse tubereux",149,1);
insert into taxonomy (lang, taxon, searched_taxon, fleur_fk, taxon_usuel) values ("la","Cirsium tuberosum","cirsium tuberosum",149,1);
insert into taxonomy (lang, taxon, searched_taxon, fleur_fk, taxon_usuel) values ("en","Tuberous Thistle","tuberous thistle",149,1);
insert into fleur_inflorescence (fleur_fk, inflorescence_fk) values (149,0);
insert into fleur_inflorescence (fleur_fk, inflorescence_fk) values (149,1);
insert into fleur_couleur (fleur_fk, couleur_fk) values (149,1);
insert into fleur_aspect (fleur_fk, aspect_fk) values (149,4);
insert into fleur_nb_petale (fleur_fk, nb_petale_fk) values (149,1);
insert into fleur_type_feuille (fleur_fk, type_feuille_fk) values (149,1);
insert into fleur_disposition_feuille (fleur_fk, disposition_feuille_fk) values (149,0);
insert into fleur_pilosite_tige (fleur_fk, pilosite_tige_fk) values (149,1);
insert into fleur_pilosite_feuille (fleur_fk, pilosite_feuille_fk) values (149,1);
insert into fleur (id,directory_name,scientific_name,scientific_family_fk,doc_url) values (150,"Clematite_vigne_blanche","Clematis vitalba",2,"http://abiris.snv.jussieu.fr/flore/descriptions/Clematite_vigne_blanche.html");
insert into taxonomy (lang, taxon, searched_taxon, fleur_fk, taxon_usuel) values ("fr","Clématite vigne-blanche","clematite vigne-blanche",150,1);
insert into taxonomy (lang, taxon, searched_taxon, fleur_fk, taxon_usuel) values ("fr","Clématite des haies","clematite des haies",150,0);
insert into taxonomy (lang, taxon, searched_taxon, fleur_fk, taxon_usuel) values ("la","Clematis vitalba","clematis vitalba",150,1);
insert into taxonomy (lang, taxon, searched_taxon, fleur_fk, taxon_usuel) values ("en","Old man's beard","old man's beard",150,1);
insert into fleur_inflorescence (fleur_fk, inflorescence_fk) values (150,0);
insert into fleur_couleur (fleur_fk, couleur_fk) values (150,0);
insert into fleur_aspect (fleur_fk, aspect_fk) values (150,0);
insert into fleur_nb_petale (fleur_fk, nb_petale_fk) values (150,2);
insert into fleur_nb_petale (fleur_fk, nb_petale_fk) values (150,0);
insert into fleur_type_feuille (fleur_fk, type_feuille_fk) values (150,0);
insert into fleur_disposition_feuille (fleur_fk, disposition_feuille_fk) values (150,1);
insert into fleur_pilosite_tige (fleur_fk, pilosite_tige_fk) values (150,1);
insert into fleur_pilosite_feuille (fleur_fk, pilosite_feuille_fk) values (150,0);
insert into fleur (id,directory_name,scientific_name,scientific_family_fk,doc_url) values (151,"Clinopode_commun","Clinopodium vulgare",3,"http://abiris.snv.jussieu.fr/flore/descriptions/Clinopode_commun.html");
insert into taxonomy (lang, taxon, searched_taxon, fleur_fk, taxon_usuel) values ("fr","Clinopode commun","clinopode commun",151,1);
insert into taxonomy (lang, taxon, searched_taxon, fleur_fk, taxon_usuel) values ("fr","Calament clinopode","calament clinopode",151,0);
insert into taxonomy (lang, taxon, searched_taxon, fleur_fk, taxon_usuel) values ("fr","Grand basilic","grand basilic",151,0);
insert into taxonomy (lang, taxon, searched_taxon, fleur_fk, taxon_usuel) values ("la","Clinopodium vulgare","clinopodium vulgare",151,1);
insert into taxonomy (lang, taxon, searched_taxon, fleur_fk, taxon_usuel) values ("en","Wild Basil","wild basil",151,1);
insert into fleur_inflorescence (fleur_fk, inflorescence_fk) values (151,0);
insert into fleur_couleur (fleur_fk, couleur_fk) values (151,1);
insert into fleur_particularite (fleur_fk, particularite_fk) values (151,4);
insert into fleur_aspect (fleur_fk, aspect_fk) values (151,3);
insert into fleur_nb_petale (fleur_fk, nb_petale_fk) values (151,0);
insert into fleur_type_feuille (fleur_fk, type_feuille_fk) values (151,3);
insert into fleur_disposition_feuille (fleur_fk, disposition_feuille_fk) values (151,1);
insert into fleur_pilosite_tige (fleur_fk, pilosite_tige_fk) values (151,1);
insert into fleur_pilosite_feuille (fleur_fk, pilosite_feuille_fk) values (151,1);
insert into fleur (id,directory_name,scientific_name,scientific_family_fk,doc_url) values (152,"Colza","Brassica napus",7,"http://abiris.snv.jussieu.fr/flore/descriptions/Colza.html");
insert into taxonomy (lang, taxon, searched_taxon, fleur_fk, taxon_usuel) values ("fr","Colza","colza",152,1);
insert into taxonomy (lang, taxon, searched_taxon, fleur_fk, taxon_usuel) values ("la","Brassica napus","brassica napus",152,1);
insert into taxonomy (lang, taxon, searched_taxon, fleur_fk, taxon_usuel) values ("en","Rapeseed","rapeseed",152,1);
insert into fleur_inflorescence (fleur_fk, inflorescence_fk) values (152,0);
insert into fleur_couleur (fleur_fk, couleur_fk) values (152,3);
insert into fleur_aspect (fleur_fk, aspect_fk) values (152,0);
insert into fleur_nb_petale (fleur_fk, nb_petale_fk) values (152,2);
insert into fleur_type_feuille (fleur_fk, type_feuille_fk) values (152,2);
insert into fleur_disposition_feuille (fleur_fk, disposition_feuille_fk) values (152,0);
insert into fleur_pilosite_tige (fleur_fk, pilosite_tige_fk) values (152,0);
insert into fleur_pilosite_feuille (fleur_fk, pilosite_feuille_fk) values (152,0);
insert into fleur (id,directory_name,scientific_name,scientific_family_fk,doc_url) values (153,"Consoude_officinale","Symphytum officinale",14,"http://abiris.snv.jussieu.fr/flore/descriptions/Consoude_officinale.html");
insert into taxonomy (lang, taxon, searched_taxon, fleur_fk, taxon_usuel) values ("fr","Consoude officinale","consoude officinale",153,1);
insert into taxonomy (lang, taxon, searched_taxon, fleur_fk, taxon_usuel) values ("fr","Grande consoude","grande consoude",153,0);
insert into taxonomy (lang, taxon, searched_taxon, fleur_fk, taxon_usuel) values ("la","Symphytum officinale","symphytum officinale",153,1);
insert into taxonomy (lang, taxon, searched_taxon, fleur_fk, taxon_usuel) values ("en","Common comfrey","common comfrey",153,1);
insert into fleur_inflorescence (fleur_fk, inflorescence_fk) values (153,0);
insert into fleur_couleur (fleur_fk, couleur_fk) values (153,0);
insert into fleur_couleur (fleur_fk, couleur_fk) values (153,1);
insert into fleur_aspect (fleur_fk, aspect_fk) values (153,6);
insert into fleur_nb_petale (fleur_fk, nb_petale_fk) values (153,0);
insert into fleur_type_feuille (fleur_fk, type_feuille_fk) values (153,3);
insert into fleur_disposition_feuille (fleur_fk, disposition_feuille_fk) values (153,0);
insert into fleur_pilosite_tige (fleur_fk, pilosite_tige_fk) values (153,1);
insert into fleur_pilosite_feuille (fleur_fk, pilosite_feuille_fk) values (153,1);
insert into fleur (id,directory_name,scientific_name,scientific_family_fk,doc_url) values (154,"Coquelicot","Papaver rhoeas",23,"http://abiris.snv.jussieu.fr/flore/descriptions/Coquelicot.html");
insert into taxonomy (lang, taxon, searched_taxon, fleur_fk, taxon_usuel) values ("fr","Coquelicot","coquelicot",154,1);
insert into taxonomy (lang, taxon, searched_taxon, fleur_fk, taxon_usuel) values ("la","Papaver rhoeas","papaver rhoeas",154,1);
insert into taxonomy (lang, taxon, searched_taxon, fleur_fk, taxon_usuel) values ("en","Red poppy","red poppy",154,1);
insert into fleur_inflorescence (fleur_fk, inflorescence_fk) values (154,1);
insert into fleur_couleur (fleur_fk, couleur_fk) values (154,1);
insert into fleur_aspect (fleur_fk, aspect_fk) values (154,0);
insert into fleur_nb_petale (fleur_fk, nb_petale_fk) values (154,2);
insert into fleur_type_feuille (fleur_fk, type_feuille_fk) values (154,1);
insert into fleur_disposition_feuille (fleur_fk, disposition_feuille_fk) values (154,0);
insert into fleur_pilosite_tige (fleur_fk, pilosite_tige_fk) values (154,1);
insert into fleur_pilosite_feuille (fleur_fk, pilosite_feuille_fk) values (154,1);
insert into fleur (id,directory_name,scientific_name,scientific_family_fk,doc_url) values (155,"Coquelicot_douteux","Papaver dubium",23,"http://abiris.snv.jussieu.fr/flore/descriptions/Coquelicot_douteux.html");
insert into taxonomy (lang, taxon, searched_taxon, fleur_fk, taxon_usuel) values ("fr","Coquelicot douteux","coquelicot douteux",155,1);
insert into taxonomy (lang, taxon, searched_taxon, fleur_fk, taxon_usuel) values ("fr","Petit Coquelicot","petit coquelicot",155,0);
insert into taxonomy (lang, taxon, searched_taxon, fleur_fk, taxon_usuel) values ("la","Papaver dubium","papaver dubium",155,1);
insert into taxonomy (lang, taxon, searched_taxon, fleur_fk, taxon_usuel) values ("en"," Long-headed Poppy"," long-headed poppy",155,1);
insert into fleur_inflorescence (fleur_fk, inflorescence_fk) values (155,1);
insert into fleur_couleur (fleur_fk, couleur_fk) values (155,1);
insert into fleur_aspect (fleur_fk, aspect_fk) values (155,0);
insert into fleur_nb_petale (fleur_fk, nb_petale_fk) values (155,2);
insert into fleur_type_feuille (fleur_fk, type_feuille_fk) values (155,1);
insert into fleur_disposition_feuille (fleur_fk, disposition_feuille_fk) values (155,0);
insert into fleur_pilosite_tige (fleur_fk, pilosite_tige_fk) values (155,1);
insert into fleur_pilosite_feuille (fleur_fk, pilosite_feuille_fk) values (155,1);
insert into fleur (id,directory_name,scientific_name,scientific_family_fk,doc_url) values (156,"Coronille_bigarée","Securigera varia",12,"http://abiris.snv.jussieu.fr/flore/descriptions/Coronille_bigarree.html");
insert into taxonomy (lang, taxon, searched_taxon, fleur_fk, taxon_usuel) values ("fr","Coronille bigarrée","coronille bigarree",156,1);
insert into taxonomy (lang, taxon, searched_taxon, fleur_fk, taxon_usuel) values ("fr","Coronille changeante","coronille changeante",156,0);
insert into taxonomy (lang, taxon, searched_taxon, fleur_fk, taxon_usuel) values ("fr","Coronille variée","coronille variee",156,0);
insert into taxonomy (lang, taxon, searched_taxon, fleur_fk, taxon_usuel) values ("la","Securigera varia","securigera varia",156,1);
insert into taxonomy (lang, taxon, searched_taxon, fleur_fk, taxon_usuel) values ("en","crown vetch","crown vetch",156,1);
insert into fleur_inflorescence (fleur_fk, inflorescence_fk) values (156,0);
insert into fleur_couleur (fleur_fk, couleur_fk) values (156,1);
insert into fleur_couleur (fleur_fk, couleur_fk) values (156,0);
insert into fleur_particularite (fleur_fk, particularite_fk) values (156,3);
insert into fleur_aspect (fleur_fk, aspect_fk) values (156,2);
insert into fleur_nb_petale (fleur_fk, nb_petale_fk) values (156,0);
insert into fleur_type_feuille (fleur_fk, type_feuille_fk) values (156,0);
insert into fleur_disposition_feuille (fleur_fk, disposition_feuille_fk) values (156,0);
insert into fleur_pilosite_tige (fleur_fk, pilosite_tige_fk) values (156,0);
insert into fleur_pilosite_feuille (fleur_fk, pilosite_feuille_fk) values (156,0);
insert into fleur (id,directory_name,scientific_name,scientific_family_fk,doc_url) values (157,"Crepis_bisannuel","Crepis biennis",1,"http://abiris.snv.jussieu.fr/flore/descriptions/Crepis_bisannuel.html");
insert into taxonomy (lang, taxon, searched_taxon, fleur_fk, taxon_usuel) values ("fr","Crépis bisannuel","crepis bisannuel",157,1);
insert into taxonomy (lang, taxon, searched_taxon, fleur_fk, taxon_usuel) values ("fr","Crépide des prés","crepide des pres",157,0);
insert into taxonomy (lang, taxon, searched_taxon, fleur_fk, taxon_usuel) values ("fr","Crépis des prés","crepis des pres",157,0);
insert into taxonomy (lang, taxon, searched_taxon, fleur_fk, taxon_usuel) values ("la","Crepis biennis","crepis biennis",157,1);
insert into taxonomy (lang, taxon, searched_taxon, fleur_fk, taxon_usuel) values ("en","rough hawksbeard","rough hawksbeard",157,1);
insert into fleur_inflorescence (fleur_fk, inflorescence_fk) values (157,0);
insert into fleur_couleur (fleur_fk, couleur_fk) values (157,3);
insert into fleur_aspect (fleur_fk, aspect_fk) values (157,4);
insert into fleur_nb_petale (fleur_fk, nb_petale_fk) values (157,1);
insert into fleur_type_feuille (fleur_fk, type_feuille_fk) values (157,1);
insert into fleur_disposition_feuille (fleur_fk, disposition_feuille_fk) values (157,0);
insert into fleur_pilosite_tige (fleur_fk, pilosite_tige_fk) values (157,1);
insert into fleur_pilosite_feuille (fleur_fk, pilosite_feuille_fk) values (157,1);
insert into fleur (id,directory_name,scientific_name,scientific_family_fk,doc_url) values (158,"Crepis_capillaire","Crepis capillaris",1,"http://abiris.snv.jussieu.fr/flore/descriptions/Crepis_capillaire.html");
insert into taxonomy (lang, taxon, searched_taxon, fleur_fk, taxon_usuel) values ("fr","Crépis capillaire","crepis capillaire",158,1);
insert into taxonomy (lang, taxon, searched_taxon, fleur_fk, taxon_usuel) values ("fr","Crépide capillaire","crepide capillaire",158,0);
insert into taxonomy (lang, taxon, searched_taxon, fleur_fk, taxon_usuel) values ("fr","Crépis verdâtre","crepis verdatre",158,0);
insert into taxonomy (lang, taxon, searched_taxon, fleur_fk, taxon_usuel) values ("la","Crepis capillaris","crepis capillaris",158,1);
insert into taxonomy (lang, taxon, searched_taxon, fleur_fk, taxon_usuel) values ("en","smooth hawksbeard","smooth hawksbeard",158,1);
insert into fleur_inflorescence (fleur_fk, inflorescence_fk) values (158,0);
insert into fleur_couleur (fleur_fk, couleur_fk) values (158,3);
insert into fleur_aspect (fleur_fk, aspect_fk) values (158,4);
insert into fleur_nb_petale (fleur_fk, nb_petale_fk) values (158,1);
insert into fleur_type_feuille (fleur_fk, type_feuille_fk) values (158,2);
insert into fleur_disposition_feuille (fleur_fk, disposition_feuille_fk) values (158,0);
insert into fleur_pilosite_tige (fleur_fk, pilosite_tige_fk) values (158,1);
insert into fleur_pilosite_feuille (fleur_fk, pilosite_feuille_fk) values (158,0);
insert into fleur (id,directory_name,scientific_name,scientific_family_fk,doc_url) values (159,"Crepis_Nimes","Crepis sancta subsp. nemausensis",1,"http://abiris.snv.jussieu.fr/flore/descriptions/Crepis_de_Nimes.html");
insert into taxonomy (lang, taxon, searched_taxon, fleur_fk, taxon_usuel) values ("fr","Crépis de Nîmes","crepis de nimes",159,1);
insert into taxonomy (lang, taxon, searched_taxon, fleur_fk, taxon_usuel) values ("la","Crepis sancta subsp. nemausensis","crepis sancta subsp. nemausensis",159,1);
insert into taxonomy (lang, taxon, searched_taxon, fleur_fk, taxon_usuel) values ("en","french hawksbeard","french hawksbeard",159,1);
insert into fleur_inflorescence (fleur_fk, inflorescence_fk) values (159,0);
insert into fleur_couleur (fleur_fk, couleur_fk) values (159,3);
insert into fleur_aspect (fleur_fk, aspect_fk) values (159,4);
insert into fleur_nb_petale (fleur_fk, nb_petale_fk) values (159,1);
insert into fleur_type_feuille (fleur_fk, type_feuille_fk) values (159,1);
insert into fleur_disposition_feuille (fleur_fk, disposition_feuille_fk) values (159,3);
insert into fleur_pilosite_tige (fleur_fk, pilosite_tige_fk) values (159,1);
insert into fleur_pilosite_feuille (fleur_fk, pilosite_feuille_fk) values (159,1);
insert into fleur (id,directory_name,scientific_name,scientific_family_fk,doc_url) values (160,"Crepis_fetide","Crepis foetida",1,"http://abiris.snv.jussieu.fr/flore/descriptions/Crepis_fetide.html");
insert into taxonomy (lang, taxon, searched_taxon, fleur_fk, taxon_usuel) values ("fr","Crépis fétide","crepis fetide",160,1);
insert into taxonomy (lang, taxon, searched_taxon, fleur_fk, taxon_usuel) values ("fr","Crépide fétide","crepide fetide",160,0);
insert into taxonomy (lang, taxon, searched_taxon, fleur_fk, taxon_usuel) values ("la","Crepis foetida","crepis foetida",160,1);
insert into taxonomy (lang, taxon, searched_taxon, fleur_fk, taxon_usuel) values ("en","stinking hawksbeard","stinking hawksbeard",160,1);
insert into fleur_inflorescence (fleur_fk, inflorescence_fk) values (160,0);
insert into fleur_couleur (fleur_fk, couleur_fk) values (160,3);
insert into fleur_aspect (fleur_fk, aspect_fk) values (160,4);
insert into fleur_nb_petale (fleur_fk, nb_petale_fk) values (160,1);
insert into fleur_type_feuille (fleur_fk, type_feuille_fk) values (160,1);
insert into fleur_disposition_feuille (fleur_fk, disposition_feuille_fk) values (160,0);
insert into fleur_pilosite_tige (fleur_fk, pilosite_tige_fk) values (160,1);
insert into fleur_pilosite_feuille (fleur_fk, pilosite_feuille_fk) values (160,1);
insert into fleur (id,directory_name,scientific_name,scientific_family_fk,doc_url) values (161,"Crepis_herisse","Crepis setosa",1,"http://abiris.snv.jussieu.fr/flore/descriptions/Crepis_herisse.html");
insert into taxonomy (lang, taxon, searched_taxon, fleur_fk, taxon_usuel) values ("fr","Crépis hérissé","crepis herisse",161,1);
insert into taxonomy (lang, taxon, searched_taxon, fleur_fk, taxon_usuel) values ("fr","Crépide hérissée","crepide herissee",161,0);
insert into taxonomy (lang, taxon, searched_taxon, fleur_fk, taxon_usuel) values ("la","Crepis setosa","crepis setosa",161,1);
insert into taxonomy (lang, taxon, searched_taxon, fleur_fk, taxon_usuel) values ("en","bristly hawksbeard","bristly hawksbeard",161,1);
insert into fleur_inflorescence (fleur_fk, inflorescence_fk) values (161,0);
insert into fleur_couleur (fleur_fk, couleur_fk) values (161,3);
insert into fleur_aspect (fleur_fk, aspect_fk) values (161,4);
insert into fleur_nb_petale (fleur_fk, nb_petale_fk) values (161,1);
insert into fleur_type_feuille (fleur_fk, type_feuille_fk) values (161,1);
insert into fleur_disposition_feuille (fleur_fk, disposition_feuille_fk) values (161,0);
insert into fleur_pilosite_tige (fleur_fk, pilosite_tige_fk) values (161,1);
insert into fleur_pilosite_feuille (fleur_fk, pilosite_feuille_fk) values (161,1);
insert into fleur (id,directory_name,scientific_name,scientific_family_fk,doc_url) values (162,"Cucubale","Cucubalus baccifer",21,"http://abiris.snv.jussieu.fr/flore/descriptions/Cucubale_a_baies.html");
insert into taxonomy (lang, taxon, searched_taxon, fleur_fk, taxon_usuel) values ("fr","Cucubale à baies","cucubale a baies",162,1);
insert into taxonomy (lang, taxon, searched_taxon, fleur_fk, taxon_usuel) values ("fr","Coulichon","coulichon",162,0);
insert into taxonomy (lang, taxon, searched_taxon, fleur_fk, taxon_usuel) values ("fr","Cucubale couchée","cucubale couchee",162,0);
insert into taxonomy (lang, taxon, searched_taxon, fleur_fk, taxon_usuel) values ("la","Cucubalus baccifer","cucubalus baccifer",162,1);
insert into taxonomy (lang, taxon, searched_taxon, fleur_fk, taxon_usuel) values ("en","Berry Catchfly","berry catchfly",162,1);
insert into fleur_inflorescence (fleur_fk, inflorescence_fk) values (162,0);
insert into fleur_couleur (fleur_fk, couleur_fk) values (162,0);
insert into fleur_particularite (fleur_fk, particularite_fk) values (162,1);
insert into fleur_aspect (fleur_fk, aspect_fk) values (162,0);
insert into fleur_nb_petale (fleur_fk, nb_petale_fk) values (162,0);
insert into fleur_type_feuille (fleur_fk, type_feuille_fk) values (162,3);
insert into fleur_disposition_feuille (fleur_fk, disposition_feuille_fk) values (162,1);
insert into fleur_pilosite_tige (fleur_fk, pilosite_tige_fk) values (162,1);
insert into fleur_pilosite_feuille (fleur_fk, pilosite_feuille_fk) values (162,1);
insert into fleur (id,directory_name,scientific_name,scientific_family_fk,doc_url) values (163,"Datura","Datura stramonium",26,"http://abiris.snv.jussieu.fr/flore/descriptions/Datura_officinal.html");
insert into taxonomy (lang, taxon, searched_taxon, fleur_fk, taxon_usuel) values ("fr","Datura officinal","datura officinal",163,1);
insert into taxonomy (lang, taxon, searched_taxon, fleur_fk, taxon_usuel) values ("fr","Herbe aux taupes","herbe aux taupes",163,0);
insert into taxonomy (lang, taxon, searched_taxon, fleur_fk, taxon_usuel) values ("fr","Stramoine commune","stramoine commune",163,0);
insert into taxonomy (lang, taxon, searched_taxon, fleur_fk, taxon_usuel) values ("la","Datura stramonium","datura stramonium",163,1);
insert into taxonomy (lang, taxon, searched_taxon, fleur_fk, taxon_usuel) values ("en","Jimson weed","jimson weed",163,1);
insert into fleur_inflorescence (fleur_fk, inflorescence_fk) values (163,0);
insert into fleur_inflorescence (fleur_fk, inflorescence_fk) values (163,1);
insert into fleur_couleur (fleur_fk, couleur_fk) values (163,0);
insert into fleur_couleur (fleur_fk, couleur_fk) values (163,1);
insert into fleur_aspect (fleur_fk, aspect_fk) values (163,6);
insert into fleur_nb_petale (fleur_fk, nb_petale_fk) values (163,0);
insert into fleur_type_feuille (fleur_fk, type_feuille_fk) values (163,2);
insert into fleur_disposition_feuille (fleur_fk, disposition_feuille_fk) values (163,0);
insert into fleur_pilosite_tige (fleur_fk, pilosite_tige_fk) values (163,0);
insert into fleur_pilosite_tige (fleur_fk, pilosite_tige_fk) values (163,1);
insert into fleur_pilosite_feuille (fleur_fk, pilosite_feuille_fk) values (163,0);
insert into fleur (id,directory_name,scientific_name,scientific_family_fk,doc_url) values (164,"Dauphinelle_jardins","Consolida ajacis",2,"http://abiris.snv.jussieu.fr/flore/descriptions/Dauphinelle_des_jardins.html");
insert into taxonomy (lang, taxon, searched_taxon, fleur_fk, taxon_usuel) values ("fr","Dauphinelle des jardins","dauphinelle des jardins",164,1);
insert into taxonomy (lang, taxon, searched_taxon, fleur_fk, taxon_usuel) values ("fr","Pied d'alouette des jardins","pied d'alouette des jardins",164,0);
insert into taxonomy (lang, taxon, searched_taxon, fleur_fk, taxon_usuel) values ("fr","Dauphinelle cultivée","dauphinelle cultivee",164,0);
insert into taxonomy (lang, taxon, searched_taxon, fleur_fk, taxon_usuel) values ("la","Consolida ajacis","consolida ajacis",164,1);
insert into taxonomy (lang, taxon, searched_taxon, fleur_fk, taxon_usuel) values ("en","doubtful knight's spur","doubtful knight's spur",164,1);
insert into fleur_inflorescence (fleur_fk, inflorescence_fk) values (164,0);
insert into fleur_couleur (fleur_fk, couleur_fk) values (164,2);
insert into fleur_particularite (fleur_fk, particularite_fk) values (164,2);
insert into fleur_aspect (fleur_fk, aspect_fk) values (164,2);
insert into fleur_nb_petale (fleur_fk, nb_petale_fk) values (164,0);
insert into fleur_type_feuille (fleur_fk, type_feuille_fk) values (164,1);
insert into fleur_disposition_feuille (fleur_fk, disposition_feuille_fk) values (164,0);
insert into fleur_pilosite_tige (fleur_fk, pilosite_tige_fk) values (164,0);
insert into fleur_pilosite_feuille (fleur_fk, pilosite_feuille_fk) values (164,1);
insert into fleur (id,directory_name,scientific_name,scientific_family_fk,doc_url) values (165,"Digitale_jaune","Digitalis lutea",27,"http://abiris.snv.jussieu.fr/flore/descriptions/Digitale_jaune.html");
insert into taxonomy (lang, taxon, searched_taxon, fleur_fk, taxon_usuel) values ("fr","Digitale jaune","digitale jaune",165,1);
insert into taxonomy (lang, taxon, searched_taxon, fleur_fk, taxon_usuel) values ("la","Digitalis lutea","digitalis lutea",165,1);
insert into taxonomy (lang, taxon, searched_taxon, fleur_fk, taxon_usuel) values ("en","yellow foxglove","yellow foxglove",165,1);
insert into fleur_inflorescence (fleur_fk, inflorescence_fk) values (165,0);
insert into fleur_couleur (fleur_fk, couleur_fk) values (165,3);
insert into fleur_couleur (fleur_fk, couleur_fk) values (165,0);
insert into fleur_aspect (fleur_fk, aspect_fk) values (165,3);
insert into fleur_nb_petale (fleur_fk, nb_petale_fk) values (165,0);
insert into fleur_type_feuille (fleur_fk, type_feuille_fk) values (165,3);
insert into fleur_disposition_feuille (fleur_fk, disposition_feuille_fk) values (165,0);
insert into fleur_pilosite_tige (fleur_fk, pilosite_tige_fk) values (165,0);
insert into fleur_pilosite_feuille (fleur_fk, pilosite_feuille_fk) values (165,0);
insert into fleur (id,directory_name,scientific_name,scientific_family_fk,doc_url) values (166,"Digitale_poupre","Digitalis purpurea",27,"http://abiris.snv.jussieu.fr/flore/descriptions/Digitale_pourpre.html");
insert into taxonomy (lang, taxon, searched_taxon, fleur_fk, taxon_usuel) values ("fr","Digitale pourpre","digitale pourpre",166,1);
insert into taxonomy (lang, taxon, searched_taxon, fleur_fk, taxon_usuel) values ("la","Digitalis purpurea","digitalis purpurea",166,1);
insert into taxonomy (lang, taxon, searched_taxon, fleur_fk, taxon_usuel) values ("en","common foxglove","common foxglove",166,1);
insert into fleur_inflorescence (fleur_fk, inflorescence_fk) values (166,0);
insert into fleur_couleur (fleur_fk, couleur_fk) values (166,1);
insert into fleur_aspect (fleur_fk, aspect_fk) values (166,3);
insert into fleur_nb_petale (fleur_fk, nb_petale_fk) values (166,2);
insert into fleur_type_feuille (fleur_fk, type_feuille_fk) values (166,2);
insert into fleur_disposition_feuille (fleur_fk, disposition_feuille_fk) values (166,0);
insert into fleur_pilosite_tige (fleur_fk, pilosite_tige_fk) values (166,1);
insert into fleur_pilosite_feuille (fleur_fk, pilosite_feuille_fk) values (166,1);
insert into fleur (id,directory_name,scientific_name,scientific_family_fk,doc_url) values (167,"Drave_printaniere","Erophila verna",7,"http://abiris.snv.jussieu.fr/flore/descriptions/Drave_printaniere.html");
insert into taxonomy (lang, taxon, searched_taxon, fleur_fk, taxon_usuel) values ("fr","Drave printanière","drave printaniere",167,1);
insert into taxonomy (lang, taxon, searched_taxon, fleur_fk, taxon_usuel) values ("la","Erophila verna","erophila verna",167,1);
insert into taxonomy (lang, taxon, searched_taxon, fleur_fk, taxon_usuel) values ("en","common whitlowgrass","common whitlowgrass",167,1);
insert into fleur_inflorescence (fleur_fk, inflorescence_fk) values (167,0);
insert into fleur_couleur (fleur_fk, couleur_fk) values (167,0);
insert into fleur_particularite (fleur_fk, particularite_fk) values (167,1);
insert into fleur_aspect (fleur_fk, aspect_fk) values (167,0);
insert into fleur_nb_petale (fleur_fk, nb_petale_fk) values (167,2);
insert into fleur_type_feuille (fleur_fk, type_feuille_fk) values (167,3);
insert into fleur_disposition_feuille (fleur_fk, disposition_feuille_fk) values (167,3);
insert into fleur_pilosite_tige (fleur_fk, pilosite_tige_fk) values (167,1);
insert into fleur_pilosite_feuille (fleur_fk, pilosite_feuille_fk) values (167,1);
insert into fleur (id,directory_name,scientific_name,scientific_family_fk,doc_url) values (168,"Eperviere_piloselle","Hieracium pilosella",1,"http://abiris.snv.jussieu.fr/flore/descriptions/Eperviere_piloselle.html");
insert into taxonomy (lang, taxon, searched_taxon, fleur_fk, taxon_usuel) values ("fr","Epervière piloselle","eperviere piloselle",168,1);
insert into taxonomy (lang, taxon, searched_taxon, fleur_fk, taxon_usuel) values ("fr","Piloselle","piloselle",168,0);
insert into taxonomy (lang, taxon, searched_taxon, fleur_fk, taxon_usuel) values ("la","Hieracium pilosella","hieracium pilosella",168,1);
insert into taxonomy (lang, taxon, searched_taxon, fleur_fk, taxon_usuel) values ("en"," mouse-ear hawkweed"," mouse-ear hawkweed",168,1);
insert into fleur_inflorescence (fleur_fk, inflorescence_fk) values (168,0);
insert into fleur_couleur (fleur_fk, couleur_fk) values (168,3);
insert into fleur_aspect (fleur_fk, aspect_fk) values (168,4);
insert into fleur_nb_petale (fleur_fk, nb_petale_fk) values (168,1);
insert into fleur_type_feuille (fleur_fk, type_feuille_fk) values (168,3);
insert into fleur_disposition_feuille (fleur_fk, disposition_feuille_fk) values (168,3);
insert into fleur_pilosite_tige (fleur_fk, pilosite_tige_fk) values (168,1);
insert into fleur_pilosite_feuille (fleur_fk, pilosite_feuille_fk) values (168,1);
insert into fleur (id,directory_name,scientific_name,scientific_family_fk,doc_url) values (169,"Epiaire_annuelle","Stachys annua",3,"http://abiris.snv.jussieu.fr/flore/descriptions/Epiaire_annuelle.html");
insert into taxonomy (lang, taxon, searched_taxon, fleur_fk, taxon_usuel) values ("fr","Epiaire annuelle","epiaire annuelle",169,1);
insert into taxonomy (lang, taxon, searched_taxon, fleur_fk, taxon_usuel) values ("la","Stachys annua","stachys annua",169,1);
insert into taxonomy (lang, taxon, searched_taxon, fleur_fk, taxon_usuel) values ("en","annual woundwort","annual woundwort",169,1);
insert into fleur_inflorescence (fleur_fk, inflorescence_fk) values (169,0);
insert into fleur_couleur (fleur_fk, couleur_fk) values (169,0);
insert into fleur_particularite (fleur_fk, particularite_fk) values (169,4);
insert into fleur_aspect (fleur_fk, aspect_fk) values (169,3);
insert into fleur_nb_petale (fleur_fk, nb_petale_fk) values (169,2);
insert into fleur_nb_petale (fleur_fk, nb_petale_fk) values (169,0);
insert into fleur_type_feuille (fleur_fk, type_feuille_fk) values (169,2);
insert into fleur_disposition_feuille (fleur_fk, disposition_feuille_fk) values (169,1);
insert into fleur_pilosite_tige (fleur_fk, pilosite_tige_fk) values (169,1);
insert into fleur_pilosite_feuille (fleur_fk, pilosite_feuille_fk) values (169,0);
insert into fleur (id,directory_name,scientific_name,scientific_family_fk,doc_url) values (170,"Epiaire_marais","Stachys palustris",3,"http://abiris.snv.jussieu.fr/flore/descriptions/Epiaire_des_marais.html");
insert into taxonomy (lang, taxon, searched_taxon, fleur_fk, taxon_usuel) values ("fr","Epiaire des marais","epiaire des marais",170,1);
insert into taxonomy (lang, taxon, searched_taxon, fleur_fk, taxon_usuel) values ("la","Stachys palustris","stachys palustris",170,1);
insert into taxonomy (lang, taxon, searched_taxon, fleur_fk, taxon_usuel) values ("en","Marsh woundwort","marsh woundwort",170,1);
insert into fleur_inflorescence (fleur_fk, inflorescence_fk) values (170,0);
insert into fleur_couleur (fleur_fk, couleur_fk) values (170,1);
insert into fleur_particularite (fleur_fk, particularite_fk) values (170,4);
insert into fleur_aspect (fleur_fk, aspect_fk) values (170,3);
insert into fleur_nb_petale (fleur_fk, nb_petale_fk) values (170,2);
insert into fleur_nb_petale (fleur_fk, nb_petale_fk) values (170,0);
insert into fleur_type_feuille (fleur_fk, type_feuille_fk) values (170,2);
insert into fleur_disposition_feuille (fleur_fk, disposition_feuille_fk) values (170,1);
insert into fleur_pilosite_tige (fleur_fk, pilosite_tige_fk) values (170,1);
insert into fleur_pilosite_feuille (fleur_fk, pilosite_feuille_fk) values (170,1);
insert into fleur (id,directory_name,scientific_name,scientific_family_fk,doc_url) values (171,"Epiaire_des_forets","Stachys sylvatica",3,"http://abiris.snv.jussieu.fr/flore/descriptions/Epiaire_des_forets.html");
insert into taxonomy (lang, taxon, searched_taxon, fleur_fk, taxon_usuel) values ("fr","Epiaire des forêts","epiaire des forets",171,1);
insert into taxonomy (lang, taxon, searched_taxon, fleur_fk, taxon_usuel) values ("fr","Ortie puante","ortie puante",171,0);
insert into taxonomy (lang, taxon, searched_taxon, fleur_fk, taxon_usuel) values ("fr","Epiaire des bois","epiaire des bois",171,0);
insert into taxonomy (lang, taxon, searched_taxon, fleur_fk, taxon_usuel) values ("la","Stachys sylvatica","stachys sylvatica",171,1);
insert into taxonomy (lang, taxon, searched_taxon, fleur_fk, taxon_usuel) values ("en","Hedge woundwort","hedge woundwort",171,1);
insert into fleur_inflorescence (fleur_fk, inflorescence_fk) values (171,0);
insert into fleur_couleur (fleur_fk, couleur_fk) values (171,1);
insert into fleur_particularite (fleur_fk, particularite_fk) values (171,4);
insert into fleur_aspect (fleur_fk, aspect_fk) values (171,3);
insert into fleur_nb_petale (fleur_fk, nb_petale_fk) values (171,2);
insert into fleur_nb_petale (fleur_fk, nb_petale_fk) values (171,0);
insert into fleur_type_feuille (fleur_fk, type_feuille_fk) values (171,2);
insert into fleur_disposition_feuille (fleur_fk, disposition_feuille_fk) values (171,1);
insert into fleur_pilosite_tige (fleur_fk, pilosite_tige_fk) values (171,1);
insert into fleur_pilosite_feuille (fleur_fk, pilosite_feuille_fk) values (171,1);
insert into fleur (id,directory_name,scientific_name,scientific_family_fk,doc_url) values (172,"Epiaire_droite","Stachys recta",3,"http://abiris.snv.jussieu.fr/flore/descriptions/Epiaire_droite.html");
insert into taxonomy (lang, taxon, searched_taxon, fleur_fk, taxon_usuel) values ("fr","Epiaire droite","epiaire droite",172,1);
insert into taxonomy (lang, taxon, searched_taxon, fleur_fk, taxon_usuel) values ("la","Stachys recta","stachys recta",172,1);
insert into taxonomy (lang, taxon, searched_taxon, fleur_fk, taxon_usuel) values ("en","yellow woundwort","yellow woundwort",172,1);
insert into fleur_inflorescence (fleur_fk, inflorescence_fk) values (172,0);
insert into fleur_couleur (fleur_fk, couleur_fk) values (172,0);
insert into fleur_particularite (fleur_fk, particularite_fk) values (172,4);
insert into fleur_aspect (fleur_fk, aspect_fk) values (172,3);
insert into fleur_nb_petale (fleur_fk, nb_petale_fk) values (172,2);
insert into fleur_nb_petale (fleur_fk, nb_petale_fk) values (172,0);
insert into fleur_type_feuille (fleur_fk, type_feuille_fk) values (172,2);
insert into fleur_disposition_feuille (fleur_fk, disposition_feuille_fk) values (172,1);
insert into fleur_pilosite_tige (fleur_fk, pilosite_tige_fk) values (172,1);
insert into fleur_pilosite_feuille (fleur_fk, pilosite_feuille_fk) values (172,1);
insert into fleur (id,directory_name,scientific_name,scientific_family_fk,doc_url) values (173,"Epiaire_officinale","Stachys officinalis",3,"http://abiris.snv.jussieu.fr/flore/descriptions/Epiaire_officinale.html");
insert into taxonomy (lang, taxon, searched_taxon, fleur_fk, taxon_usuel) values ("fr","Epiaire officinale","epiaire officinale",173,1);
insert into taxonomy (lang, taxon, searched_taxon, fleur_fk, taxon_usuel) values ("fr","Bétoine officinale","betoine officinale",173,0);
insert into taxonomy (lang, taxon, searched_taxon, fleur_fk, taxon_usuel) values ("fr","Epiaire bétoine","epiaire betoine",173,0);
insert into taxonomy (lang, taxon, searched_taxon, fleur_fk, taxon_usuel) values ("la","Stachys officinalis","stachys officinalis",173,1);
insert into taxonomy (lang, taxon, searched_taxon, fleur_fk, taxon_usuel) values ("en","Betony","betony",173,1);
insert into fleur_inflorescence (fleur_fk, inflorescence_fk) values (173,0);
insert into fleur_couleur (fleur_fk, couleur_fk) values (173,1);
insert into fleur_aspect (fleur_fk, aspect_fk) values (173,3);
insert into fleur_nb_petale (fleur_fk, nb_petale_fk) values (173,2);
insert into fleur_nb_petale (fleur_fk, nb_petale_fk) values (173,0);
insert into fleur_type_feuille (fleur_fk, type_feuille_fk) values (173,2);
insert into fleur_disposition_feuille (fleur_fk, disposition_feuille_fk) values (173,1);
insert into fleur_pilosite_tige (fleur_fk, pilosite_tige_fk) values (173,1);
insert into fleur_pilosite_feuille (fleur_fk, pilosite_feuille_fk) values (173,1);
insert into fleur (id,directory_name,scientific_name,scientific_family_fk,doc_url) values (174,"Epilobe_petites_fleurs","Epilobium parviflorum",28,"http://abiris.snv.jussieu.fr/flore/descriptions/Epilobe_a_petites_fleurs.html");
insert into taxonomy (lang, taxon, searched_taxon, fleur_fk, taxon_usuel) values ("fr","Epilobe à petites fleurs","epilobe a petites fleurs",174,1);
insert into taxonomy (lang, taxon, searched_taxon, fleur_fk, taxon_usuel) values ("fr","Epilobe mollet","epilobe mollet",174,0);
insert into taxonomy (lang, taxon, searched_taxon, fleur_fk, taxon_usuel) values ("la","Epilobium parviflorum","epilobium parviflorum",174,1);
insert into taxonomy (lang, taxon, searched_taxon, fleur_fk, taxon_usuel) values ("en","Smallflower Hairy Willowherb","smallflower hairy willowherb",174,1);
insert into fleur_inflorescence (fleur_fk, inflorescence_fk) values (174,0);
insert into fleur_couleur (fleur_fk, couleur_fk) values (174,1);
insert into fleur_particularite (fleur_fk, particularite_fk) values (174,1);
insert into fleur_aspect (fleur_fk, aspect_fk) values (174,0);
insert into fleur_nb_petale (fleur_fk, nb_petale_fk) values (174,2);
insert into fleur_type_feuille (fleur_fk, type_feuille_fk) values (174,3);
insert into fleur_disposition_feuille (fleur_fk, disposition_feuille_fk) values (174,0);
insert into fleur_pilosite_tige (fleur_fk, pilosite_tige_fk) values (174,1);
insert into fleur_pilosite_feuille (fleur_fk, pilosite_feuille_fk) values (174,1);
insert into fleur (id,directory_name,scientific_name,scientific_family_fk,doc_url) values (175,"Epilobe_a_quatre_angles","Epilobium tetragonum",28,"http://abiris.snv.jussieu.fr/flore/descriptions/Epilobe_a_quatre_angles.html");
insert into taxonomy (lang, taxon, searched_taxon, fleur_fk, taxon_usuel) values ("fr","Epilobe à quatre angles","epilobe a quatre angles",175,1);
insert into taxonomy (lang, taxon, searched_taxon, fleur_fk, taxon_usuel) values ("la","Epilobium tetragonum","epilobium tetragonum",175,1);
insert into taxonomy (lang, taxon, searched_taxon, fleur_fk, taxon_usuel) values ("en","square-stemmed willowherb","square-stemmed willowherb",175,1);
insert into fleur_inflorescence (fleur_fk, inflorescence_fk) values (175,0);
insert into fleur_couleur (fleur_fk, couleur_fk) values (175,1);
insert into fleur_particularite (fleur_fk, particularite_fk) values (175,1);
insert into fleur_aspect (fleur_fk, aspect_fk) values (175,0);
insert into fleur_nb_petale (fleur_fk, nb_petale_fk) values (175,2);
insert into fleur_type_feuille (fleur_fk, type_feuille_fk) values (175,2);
insert into fleur_disposition_feuille (fleur_fk, disposition_feuille_fk) values (175,0);
insert into fleur_pilosite_tige (fleur_fk, pilosite_tige_fk) values (175,0);
insert into fleur_pilosite_tige (fleur_fk, pilosite_tige_fk) values (175,1);
insert into fleur_pilosite_feuille (fleur_fk, pilosite_feuille_fk) values (175,0);
insert into fleur (id,directory_name,scientific_name,scientific_family_fk,doc_url) values (176,"Epilobe_cilie","Epilobium ciliatum",28,"http://abiris.snv.jussieu.fr/flore/descriptions/Epilobe_cilie.html");
insert into taxonomy (lang, taxon, searched_taxon, fleur_fk, taxon_usuel) values ("fr","Epilobe cilié","epilobe cilie",176,1);
insert into taxonomy (lang, taxon, searched_taxon, fleur_fk, taxon_usuel) values ("fr","Epilobe à tige glanduleuse","epilobe a tige glanduleuse",176,0);
insert into taxonomy (lang, taxon, searched_taxon, fleur_fk, taxon_usuel) values ("la","Epilobium ciliatum","epilobium ciliatum",176,1);
insert into taxonomy (lang, taxon, searched_taxon, fleur_fk, taxon_usuel) values ("en","fringed willowherb","fringed willowherb",176,1);
insert into fleur_inflorescence (fleur_fk, inflorescence_fk) values (176,0);
insert into fleur_couleur (fleur_fk, couleur_fk) values (176,1);
insert into fleur_particularite (fleur_fk, particularite_fk) values (176,1);
insert into fleur_aspect (fleur_fk, aspect_fk) values (176,0);
insert into fleur_nb_petale (fleur_fk, nb_petale_fk) values (176,2);
insert into fleur_type_feuille (fleur_fk, type_feuille_fk) values (176,2);
insert into fleur_disposition_feuille (fleur_fk, disposition_feuille_fk) values (176,1);
insert into fleur_pilosite_tige (fleur_fk, pilosite_tige_fk) values (176,0);
insert into fleur_pilosite_tige (fleur_fk, pilosite_tige_fk) values (176,1);
insert into fleur_pilosite_feuille (fleur_fk, pilosite_feuille_fk) values (176,0);
insert into fleur (id,directory_name,scientific_name,scientific_family_fk,doc_url) values (177,"Epilobe_automne","Epilobium brachycarpum",28,"http://abiris.snv.jussieu.fr/flore/descriptions/Epilobe_d_automne.html");
insert into taxonomy (lang, taxon, searched_taxon, fleur_fk, taxon_usuel) values ("fr","Epilobe d'automne","epilobe d'automne",177,1);
insert into taxonomy (lang, taxon, searched_taxon, fleur_fk, taxon_usuel) values ("fr","Epilobe à fruits courts","epilobe a fruits courts",177,0);
insert into taxonomy (lang, taxon, searched_taxon, fleur_fk, taxon_usuel) values ("la","Epilobium brachycarpum","epilobium brachycarpum",177,1);
insert into taxonomy (lang, taxon, searched_taxon, fleur_fk, taxon_usuel) values ("en","tall willowherb","tall willowherb",177,1);
insert into fleur_inflorescence (fleur_fk, inflorescence_fk) values (177,0);
insert into fleur_couleur (fleur_fk, couleur_fk) values (177,1);
insert into fleur_couleur (fleur_fk, couleur_fk) values (177,0);
insert into fleur_particularite (fleur_fk, particularite_fk) values (177,1);
insert into fleur_aspect (fleur_fk, aspect_fk) values (177,0);
insert into fleur_nb_petale (fleur_fk, nb_petale_fk) values (177,2);
insert into fleur_type_feuille (fleur_fk, type_feuille_fk) values (177,2);
insert into fleur_disposition_feuille (fleur_fk, disposition_feuille_fk) values (177,0);
insert into fleur_pilosite_tige (fleur_fk, pilosite_tige_fk) values (177,0);
insert into fleur_pilosite_feuille (fleur_fk, pilosite_feuille_fk) values (177,0);
insert into fleur (id,directory_name,scientific_name,scientific_family_fk,doc_url) values (178,"Epilobe_des_montagnes","Epilobium montanum",28,"http://abiris.snv.jussieu.fr/flore/descriptions/Epilobe_des_montagnes.html");
insert into taxonomy (lang, taxon, searched_taxon, fleur_fk, taxon_usuel) values ("fr","Epilobe des montagnes","epilobe des montagnes",178,1);
insert into taxonomy (lang, taxon, searched_taxon, fleur_fk, taxon_usuel) values ("la","Epilobium montanum","epilobium montanum",178,1);
insert into taxonomy (lang, taxon, searched_taxon, fleur_fk, taxon_usuel) values ("en","broad-leaved willowherb","broad-leaved willowherb",178,1);
insert into fleur_inflorescence (fleur_fk, inflorescence_fk) values (178,0);
insert into fleur_couleur (fleur_fk, couleur_fk) values (178,1);
insert into fleur_particularite (fleur_fk, particularite_fk) values (178,1);
insert into fleur_aspect (fleur_fk, aspect_fk) values (178,0);
insert into fleur_nb_petale (fleur_fk, nb_petale_fk) values (178,2);
insert into fleur_type_feuille (fleur_fk, type_feuille_fk) values (178,2);
insert into fleur_disposition_feuille (fleur_fk, disposition_feuille_fk) values (178,1);
insert into fleur_pilosite_tige (fleur_fk, pilosite_tige_fk) values (178,1);
insert into fleur_pilosite_feuille (fleur_fk, pilosite_feuille_fk) values (178,1);
insert into fleur (id,directory_name,scientific_name,scientific_family_fk,doc_url) values (179,"Epilobe_lanceole","Epilobium lanceolatum",28,"http://abiris.snv.jussieu.fr/flore/descriptions/Epilobe_lanceole.html");
insert into taxonomy (lang, taxon, searched_taxon, fleur_fk, taxon_usuel) values ("fr","Epilobe lancéolé","epilobe lanceole",179,1);
insert into taxonomy (lang, taxon, searched_taxon, fleur_fk, taxon_usuel) values ("la","Epilobium lanceolatum","epilobium lanceolatum",179,1);
insert into taxonomy (lang, taxon, searched_taxon, fleur_fk, taxon_usuel) values ("en","spear-leaved willowherb","spear-leaved willowherb",179,1);
insert into fleur_inflorescence (fleur_fk, inflorescence_fk) values (179,0);
insert into fleur_couleur (fleur_fk, couleur_fk) values (179,1);
insert into fleur_particularite (fleur_fk, particularite_fk) values (179,1);
insert into fleur_aspect (fleur_fk, aspect_fk) values (179,0);
insert into fleur_nb_petale (fleur_fk, nb_petale_fk) values (179,2);
insert into fleur_type_feuille (fleur_fk, type_feuille_fk) values (179,2);
insert into fleur_disposition_feuille (fleur_fk, disposition_feuille_fk) values (179,0);
insert into fleur_pilosite_tige (fleur_fk, pilosite_tige_fk) values (179,1);
insert into fleur_pilosite_feuille (fleur_fk, pilosite_feuille_fk) values (179,1);
insert into fleur (id,directory_name,scientific_name,scientific_family_fk,doc_url) values (180,"Epilobe_velu","Epilobium hirsutum",28,"http://abiris.snv.jussieu.fr/flore/descriptions/Epilobe_velu.html");
insert into taxonomy (lang, taxon, searched_taxon, fleur_fk, taxon_usuel) values ("fr","Epilobe velu","epilobe velu",180,1);
insert into taxonomy (lang, taxon, searched_taxon, fleur_fk, taxon_usuel) values ("fr","Epilobe à grandes fleurs","epilobe a grandes fleurs",180,0);
insert into taxonomy (lang, taxon, searched_taxon, fleur_fk, taxon_usuel) values ("fr","Epilobe hérissé","epilobe herisse",180,0);
insert into taxonomy (lang, taxon, searched_taxon, fleur_fk, taxon_usuel) values ("la","Epilobium hirsutum","epilobium hirsutum",180,1);
insert into taxonomy (lang, taxon, searched_taxon, fleur_fk, taxon_usuel) values ("en"," great willowherb "," great willowherb ",180,1);
insert into fleur_inflorescence (fleur_fk, inflorescence_fk) values (180,0);
insert into fleur_couleur (fleur_fk, couleur_fk) values (180,1);
insert into fleur_particularite (fleur_fk, particularite_fk) values (180,1);
insert into fleur_aspect (fleur_fk, aspect_fk) values (180,0);
insert into fleur_nb_petale (fleur_fk, nb_petale_fk) values (180,2);
insert into fleur_type_feuille (fleur_fk, type_feuille_fk) values (180,2);
insert into fleur_disposition_feuille (fleur_fk, disposition_feuille_fk) values (180,1);
insert into fleur_pilosite_tige (fleur_fk, pilosite_tige_fk) values (180,1);
insert into fleur_pilosite_feuille (fleur_fk, pilosite_feuille_fk) values (180,2);
insert into fleur (id,directory_name,scientific_name,scientific_family_fk,doc_url) values (181,"Epictatis_helleborine","Epipactis helleborine",20,"http://abiris.snv.jussieu.fr/flore/descriptions/Epipactis_helleborine.html");
insert into taxonomy (lang, taxon, searched_taxon, fleur_fk, taxon_usuel) values ("fr","Epipactis helléborine","epipactis helleborine",181,1);
insert into taxonomy (lang, taxon, searched_taxon, fleur_fk, taxon_usuel) values ("fr","Helléborine","helleborine",181,0);
insert into taxonomy (lang, taxon, searched_taxon, fleur_fk, taxon_usuel) values ("fr","Epipactis à larges feuilles","epipactis a larges feuilles",181,0);
insert into taxonomy (lang, taxon, searched_taxon, fleur_fk, taxon_usuel) values ("la","Epipactis helleborine","epipactis helleborine",181,1);
insert into taxonomy (lang, taxon, searched_taxon, fleur_fk, taxon_usuel) values ("en","Broad-leaved Helleborine","broad-leaved helleborine",181,1);
insert into fleur_inflorescence (fleur_fk, inflorescence_fk) values (181,0);
insert into fleur_couleur (fleur_fk, couleur_fk) values (181,5);
insert into fleur_aspect (fleur_fk, aspect_fk) values (181,2);
insert into fleur_nb_petale (fleur_fk, nb_petale_fk) values (181,3);
insert into fleur_type_feuille (fleur_fk, type_feuille_fk) values (181,3);
insert into fleur_disposition_feuille (fleur_fk, disposition_feuille_fk) values (181,0);
insert into fleur_pilosite_tige (fleur_fk, pilosite_tige_fk) values (181,0);
insert into fleur_pilosite_tige (fleur_fk, pilosite_tige_fk) values (181,1);
insert into fleur_pilosite_feuille (fleur_fk, pilosite_feuille_fk) values (181,0);
insert into fleur (id,directory_name,scientific_name,scientific_family_fk,doc_url) values (182,"Erodium_feuilles_cigue","Erodium cicutarium",29,"http://abiris.snv.jussieu.fr/flore/descriptions/Erodium_a_feuilles_de_cigue.html");
insert into taxonomy (lang, taxon, searched_taxon, fleur_fk, taxon_usuel) values ("fr","Erodium à feuilles de ciguë","erodium a feuilles de cigue",182,1);
insert into taxonomy (lang, taxon, searched_taxon, fleur_fk, taxon_usuel) values ("fr","Érodium commun","erodium commun",182,0);
insert into taxonomy (lang, taxon, searched_taxon, fleur_fk, taxon_usuel) values ("fr","Bec-de-grue  à feuilles de ciguë","bec-de-grue  a feuilles de cigue",182,0);
insert into taxonomy (lang, taxon, searched_taxon, fleur_fk, taxon_usuel) values ("la","Erodium cicutarium","erodium cicutarium",182,1);
insert into taxonomy (lang, taxon, searched_taxon, fleur_fk, taxon_usuel) values ("en","redstem filaree","redstem filaree",182,1);
insert into fleur_inflorescence (fleur_fk, inflorescence_fk) values (182,0);
insert into fleur_couleur (fleur_fk, couleur_fk) values (182,1);
insert into fleur_aspect (fleur_fk, aspect_fk) values (182,0);
insert into fleur_aspect (fleur_fk, aspect_fk) values (182,2);
insert into fleur_nb_petale (fleur_fk, nb_petale_fk) values (182,0);
insert into fleur_type_feuille (fleur_fk, type_feuille_fk) values (182,0);
insert into fleur_disposition_feuille (fleur_fk, disposition_feuille_fk) values (182,0);
insert into fleur_disposition_feuille (fleur_fk, disposition_feuille_fk) values (182,1);
insert into fleur_pilosite_tige (fleur_fk, pilosite_tige_fk) values (182,1);
insert into fleur_pilosite_feuille (fleur_fk, pilosite_feuille_fk) values (182,1);
insert into fleur (id,directory_name,scientific_name,scientific_family_fk,doc_url) values (183,"Eupatoire_chanvrine","Eupatorium cannabinum",1,"http://abiris.snv.jussieu.fr/flore/descriptions/Eupatoire_chanvrine.html");
insert into taxonomy (lang, taxon, searched_taxon, fleur_fk, taxon_usuel) values ("fr","Eupatoire chanvrine","eupatoire chanvrine",183,1);
insert into taxonomy (lang, taxon, searched_taxon, fleur_fk, taxon_usuel) values ("la","Eupatorium cannabinum","eupatorium cannabinum",183,1);
insert into taxonomy (lang, taxon, searched_taxon, fleur_fk, taxon_usuel) values ("en","Hemp-agrimony","hemp-agrimony",183,1);
insert into fleur_inflorescence (fleur_fk, inflorescence_fk) values (183,0);
insert into fleur_couleur (fleur_fk, couleur_fk) values (183,1);
insert into fleur_aspect (fleur_fk, aspect_fk) values (183,4);
insert into fleur_nb_petale (fleur_fk, nb_petale_fk) values (183,1);
insert into fleur_type_feuille (fleur_fk, type_feuille_fk) values (183,0);
insert into fleur_disposition_feuille (fleur_fk, disposition_feuille_fk) values (183,1);
insert into fleur_pilosite_tige (fleur_fk, pilosite_tige_fk) values (183,1);
insert into fleur_pilosite_feuille (fleur_fk, pilosite_feuille_fk) values (183,1);
insert into fleur (id,directory_name,scientific_name,scientific_family_fk,doc_url) values (184,"Euphorbe_peplus","Euphorbia peplus",30,"http://abiris.snv.jussieu.fr/flore/descriptions/Euphorbe_peplus.html");
insert into taxonomy (lang, taxon, searched_taxon, fleur_fk, taxon_usuel) values ("fr","Euphorbe péplus","euphorbe peplus",184,1);
insert into taxonomy (lang, taxon, searched_taxon, fleur_fk, taxon_usuel) values ("fr","Ésule ronde","esule ronde",184,0);
insert into taxonomy (lang, taxon, searched_taxon, fleur_fk, taxon_usuel) values ("fr","Euphorbe des jardins","euphorbe des jardins",184,0);
insert into taxonomy (lang, taxon, searched_taxon, fleur_fk, taxon_usuel) values ("la","Euphorbia peplus","euphorbia peplus",184,1);
insert into taxonomy (lang, taxon, searched_taxon, fleur_fk, taxon_usuel) values ("en","petty spurge","petty spurge",184,1);
insert into fleur_inflorescence (fleur_fk, inflorescence_fk) values (184,0);
insert into fleur_couleur (fleur_fk, couleur_fk) values (184,5);
insert into fleur_aspect (fleur_fk, aspect_fk) values (184,5);
insert into fleur_nb_petale (fleur_fk, nb_petale_fk) values (184,6);
insert into fleur_type_feuille (fleur_fk, type_feuille_fk) values (184,3);
insert into fleur_disposition_feuille (fleur_fk, disposition_feuille_fk) values (184,0);
insert into fleur_pilosite_tige (fleur_fk, pilosite_tige_fk) values (184,0);
insert into fleur_pilosite_feuille (fleur_fk, pilosite_feuille_fk) values (184,0);
insert into fleur (id,directory_name,scientific_name,scientific_family_fk,doc_url) values (185,"Euphorbe_reveil_matin","Euphorbia helioscopia",30,"http://abiris.snv.jussieu.fr/flore/descriptions/Euphorbe_reveil_matin.html");
insert into taxonomy (lang, taxon, searched_taxon, fleur_fk, taxon_usuel) values ("fr","Euphorbe réveil-matin","euphorbe reveil-matin",185,1);
insert into taxonomy (lang, taxon, searched_taxon, fleur_fk, taxon_usuel) values ("fr","Petite Éclaire","petite eclaire",185,0);
insert into taxonomy (lang, taxon, searched_taxon, fleur_fk, taxon_usuel) values ("la","Euphorbia helioscopia","euphorbia helioscopia",185,1);
insert into taxonomy (lang, taxon, searched_taxon, fleur_fk, taxon_usuel) values ("en","Sun Spurge","sun spurge",185,1);
insert into fleur_inflorescence (fleur_fk, inflorescence_fk) values (185,0);
insert into fleur_couleur (fleur_fk, couleur_fk) values (185,5);
insert into fleur_couleur (fleur_fk, couleur_fk) values (185,3);
insert into fleur_aspect (fleur_fk, aspect_fk) values (185,5);
insert into fleur_nb_petale (fleur_fk, nb_petale_fk) values (185,6);
insert into fleur_type_feuille (fleur_fk, type_feuille_fk) values (185,2);
insert into fleur_disposition_feuille (fleur_fk, disposition_feuille_fk) values (185,0);
insert into fleur_pilosite_tige (fleur_fk, pilosite_tige_fk) values (185,0);
insert into fleur_pilosite_tige (fleur_fk, pilosite_tige_fk) values (185,1);
insert into fleur_pilosite_feuille (fleur_fk, pilosite_feuille_fk) values (185,0);
insert into fleur (id,directory_name,scientific_name,scientific_family_fk,doc_url) values (186,"Euphraise_raide","Euphrasia stricta",27,"http://abiris.snv.jussieu.fr/flore/descriptions/Euphraise_raide.html");
insert into taxonomy (lang, taxon, searched_taxon, fleur_fk, taxon_usuel) values ("fr","Euphraise raide","euphraise raide",186,1);
insert into taxonomy (lang, taxon, searched_taxon, fleur_fk, taxon_usuel) values ("fr","Euphraise dressée","euphraise dressee",186,0);
insert into taxonomy (lang, taxon, searched_taxon, fleur_fk, taxon_usuel) values ("la","Euphrasia stricta","euphrasia stricta",186,1);
insert into taxonomy (lang, taxon, searched_taxon, fleur_fk, taxon_usuel) values ("en","drug eyebright","drug eyebright",186,1);
insert into fleur_inflorescence (fleur_fk, inflorescence_fk) values (186,0);
insert into fleur_couleur (fleur_fk, couleur_fk) values (186,1);
insert into fleur_couleur (fleur_fk, couleur_fk) values (186,0);
insert into fleur_particularite (fleur_fk, particularite_fk) values (186,4);
insert into fleur_aspect (fleur_fk, aspect_fk) values (186,3);
insert into fleur_nb_petale (fleur_fk, nb_petale_fk) values (186,0);
insert into fleur_type_feuille (fleur_fk, type_feuille_fk) values (186,2);
insert into fleur_disposition_feuille (fleur_fk, disposition_feuille_fk) values (186,0);
insert into fleur_pilosite_tige (fleur_fk, pilosite_tige_fk) values (186,1);
insert into fleur_pilosite_feuille (fleur_fk, pilosite_feuille_fk) values (186,0);
insert into fleur (id,directory_name,scientific_name,scientific_family_fk,doc_url) values (187,"Falcaire","Falcaria vulgaris",0,"http://abiris.snv.jussieu.fr/flore/descriptions/Falcaire_commune.html");
insert into taxonomy (lang, taxon, searched_taxon, fleur_fk, taxon_usuel) values ("fr","Falcaire commune","falcaire commune",187,1);
insert into taxonomy (lang, taxon, searched_taxon, fleur_fk, taxon_usuel) values ("fr","Falcaire de Rivin","falcaire de rivin",187,0);
insert into taxonomy (lang, taxon, searched_taxon, fleur_fk, taxon_usuel) values ("la","Falcaria vulgaris","falcaria vulgaris",187,1);
insert into taxonomy (lang, taxon, searched_taxon, fleur_fk, taxon_usuel) values ("en","longleaf","longleaf",187,1);
insert into fleur_inflorescence (fleur_fk, inflorescence_fk) values (187,0);
insert into fleur_couleur (fleur_fk, couleur_fk) values (187,0);
insert into fleur_particularite (fleur_fk, particularite_fk) values (187,1);
insert into fleur_aspect (fleur_fk, aspect_fk) values (187,0);
insert into fleur_nb_petale (fleur_fk, nb_petale_fk) values (187,0);
insert into fleur_type_feuille (fleur_fk, type_feuille_fk) values (187,0);
insert into fleur_disposition_feuille (fleur_fk, disposition_feuille_fk) values (187,0);
insert into fleur_pilosite_tige (fleur_fk, pilosite_tige_fk) values (187,1);
insert into fleur_pilosite_feuille (fleur_fk, pilosite_feuille_fk) values (187,0);
insert into fleur (id,directory_name,scientific_name,scientific_family_fk,doc_url) values (188,"Fenouil","Foeniculum vulgare",0,"http://abiris.snv.jussieu.fr/flore/descriptions/Fenouil_commun.html");
insert into taxonomy (lang, taxon, searched_taxon, fleur_fk, taxon_usuel) values ("fr","Fenouil commun","fenouil commun",188,1);
insert into taxonomy (lang, taxon, searched_taxon, fleur_fk, taxon_usuel) values ("la","Foeniculum vulgare","foeniculum vulgare",188,1);
insert into taxonomy (lang, taxon, searched_taxon, fleur_fk, taxon_usuel) values ("en","Fennel","fennel",188,1);
insert into fleur_inflorescence (fleur_fk, inflorescence_fk) values (188,0);
insert into fleur_couleur (fleur_fk, couleur_fk) values (188,3);
insert into fleur_aspect (fleur_fk, aspect_fk) values (188,0);
insert into fleur_nb_petale (fleur_fk, nb_petale_fk) values (188,0);
insert into fleur_type_feuille (fleur_fk, type_feuille_fk) values (188,0);
insert into fleur_disposition_feuille (fleur_fk, disposition_feuille_fk) values (188,0);
insert into fleur_pilosite_tige (fleur_fk, pilosite_tige_fk) values (188,0);
insert into fleur_pilosite_feuille (fleur_fk, pilosite_feuille_fk) values (188,0);
insert into fleur (id,directory_name,scientific_name,scientific_family_fk,doc_url) values (189,"Ficaire","Ranunculus ficaria",2,"http://abiris.snv.jussieu.fr/flore/descriptions/Ficaire.html");
insert into taxonomy (lang, taxon, searched_taxon, fleur_fk, taxon_usuel) values ("fr","Ficaire","ficaire",189,1);
insert into taxonomy (lang, taxon, searched_taxon, fleur_fk, taxon_usuel) values ("fr","Renoncule ficaire","renoncule ficaire",189,0);
insert into taxonomy (lang, taxon, searched_taxon, fleur_fk, taxon_usuel) values ("fr","Ficaire fausse-renoncule","ficaire fausse-renoncule",189,0);
insert into taxonomy (lang, taxon, searched_taxon, fleur_fk, taxon_usuel) values ("la","Ranunculus ficaria","ranunculus ficaria",189,1);
insert into taxonomy (lang, taxon, searched_taxon, fleur_fk, taxon_usuel) values ("en","Lesser celandine","lesser celandine",189,1);
insert into fleur_inflorescence (fleur_fk, inflorescence_fk) values (189,1);
insert into fleur_couleur (fleur_fk, couleur_fk) values (189,3);
insert into fleur_aspect (fleur_fk, aspect_fk) values (189,0);
insert into fleur_nb_petale (fleur_fk, nb_petale_fk) values (189,3);
insert into fleur_nb_petale (fleur_fk, nb_petale_fk) values (189,4);
insert into fleur_nb_petale (fleur_fk, nb_petale_fk) values (189,1);
insert into fleur_type_feuille (fleur_fk, type_feuille_fk) values (189,3);
insert into fleur_disposition_feuille (fleur_fk, disposition_feuille_fk) values (189,0);
insert into fleur_disposition_feuille (fleur_fk, disposition_feuille_fk) values (189,1);
insert into fleur_pilosite_tige (fleur_fk, pilosite_tige_fk) values (189,0);
insert into fleur_pilosite_feuille (fleur_fk, pilosite_feuille_fk) values (189,0);
insert into fleur (id,directory_name,scientific_name,scientific_family_fk,doc_url) values (190,"Filipendule_ulmaire","Filipendula ulmaria",4,"http://abiris.snv.jussieu.fr/flore/descriptions/Filipendule_ulmaire.html");
insert into taxonomy (lang, taxon, searched_taxon, fleur_fk, taxon_usuel) values ("fr","Filipendule ulmaire","filipendule ulmaire",190,1);
insert into taxonomy (lang, taxon, searched_taxon, fleur_fk, taxon_usuel) values ("fr","Fausse spirée","fausse spiree",190,0);
insert into taxonomy (lang, taxon, searched_taxon, fleur_fk, taxon_usuel) values ("fr","Reine des prés","reine des pres",190,0);
insert into taxonomy (lang, taxon, searched_taxon, fleur_fk, taxon_usuel) values ("la","Filipendula ulmaria","filipendula ulmaria",190,1);
insert into taxonomy (lang, taxon, searched_taxon, fleur_fk, taxon_usuel) values ("en","meadowsweet","meadowsweet",190,1);
insert into fleur_inflorescence (fleur_fk, inflorescence_fk) values (190,0);
insert into fleur_couleur (fleur_fk, couleur_fk) values (190,0);
insert into fleur_aspect (fleur_fk, aspect_fk) values (190,0);
insert into fleur_nb_petale (fleur_fk, nb_petale_fk) values (190,0);
insert into fleur_type_feuille (fleur_fk, type_feuille_fk) values (190,0);
insert into fleur_disposition_feuille (fleur_fk, disposition_feuille_fk) values (190,0);
insert into fleur_pilosite_tige (fleur_fk, pilosite_tige_fk) values (190,0);
insert into fleur_pilosite_feuille (fleur_fk, pilosite_feuille_fk) values (190,2);
insert into fleur (id,directory_name,scientific_name,scientific_family_fk,doc_url) values (191,"Fluteau_fausse_renoncule","Baldellia ranunculoides",31,"http://abiris.snv.jussieu.fr/flore/descriptions/Fluteau_fausse_renoncule.html");
insert into taxonomy (lang, taxon, searched_taxon, fleur_fk, taxon_usuel) values ("fr","Flûteau fausse renoncule","fluteau fausse renoncule",191,1);
insert into taxonomy (lang, taxon, searched_taxon, fleur_fk, taxon_usuel) values ("fr","Plantain d'eau fausse renoncule","plantain d'eau fausse renoncule",191,0);
insert into taxonomy (lang, taxon, searched_taxon, fleur_fk, taxon_usuel) values ("fr","Alisma fausse renoncule","alisma fausse renoncule",191,0);
insert into taxonomy (lang, taxon, searched_taxon, fleur_fk, taxon_usuel) values ("la","Baldellia ranunculoides","baldellia ranunculoides",191,1);
insert into taxonomy (lang, taxon, searched_taxon, fleur_fk, taxon_usuel) values ("en"," lesser water-plantain"," lesser water-plantain",191,1);
insert into fleur_inflorescence (fleur_fk, inflorescence_fk) values (191,0);
insert into fleur_couleur (fleur_fk, couleur_fk) values (191,0);
insert into fleur_couleur (fleur_fk, couleur_fk) values (191,1);
insert into fleur_particularite (fleur_fk, particularite_fk) values (191,4);
insert into fleur_aspect (fleur_fk, aspect_fk) values (191,0);
insert into fleur_nb_petale (fleur_fk, nb_petale_fk) values (191,5);
insert into fleur_type_feuille (fleur_fk, type_feuille_fk) values (191,3);
insert into fleur_disposition_feuille (fleur_fk, disposition_feuille_fk) values (191,3);
insert into fleur_pilosite_tige (fleur_fk, pilosite_tige_fk) values (191,0);
insert into fleur_pilosite_feuille (fleur_fk, pilosite_feuille_fk) values (191,0);
insert into fleur (id,directory_name,scientific_name,scientific_family_fk,doc_url) values (192,"Fraisier_bois","Fragaria vesca",4,"http://abiris.snv.jussieu.fr/flore/descriptions/Fraisier_des_bois.html");
insert into taxonomy (lang, taxon, searched_taxon, fleur_fk, taxon_usuel) values ("fr","Fraisier des bois","fraisier des bois",192,1);
insert into taxonomy (lang, taxon, searched_taxon, fleur_fk, taxon_usuel) values ("la","Fragaria vesca","fragaria vesca",192,1);
insert into taxonomy (lang, taxon, searched_taxon, fleur_fk, taxon_usuel) values ("en","wild strawberry","wild strawberry",192,1);
insert into fleur_inflorescence (fleur_fk, inflorescence_fk) values (192,0);
insert into fleur_couleur (fleur_fk, couleur_fk) values (192,0);
insert into fleur_aspect (fleur_fk, aspect_fk) values (192,0);
insert into fleur_nb_petale (fleur_fk, nb_petale_fk) values (192,0);
insert into fleur_type_feuille (fleur_fk, type_feuille_fk) values (192,0);
insert into fleur_disposition_feuille (fleur_fk, disposition_feuille_fk) values (192,3);
insert into fleur_pilosite_tige (fleur_fk, pilosite_tige_fk) values (192,1);
insert into fleur_pilosite_feuille (fleur_fk, pilosite_feuille_fk) values (192,1);
insert into fleur (id,directory_name,scientific_name,scientific_family_fk,doc_url) values (193,"Fritillaire_damier","Fritillaria meleagris",5,"http://abiris.snv.jussieu.fr/flore/descriptions/Fritillaire_damier.html");
insert into taxonomy (lang, taxon, searched_taxon, fleur_fk, taxon_usuel) values ("fr","Fritillaire damier","fritillaire damier",193,1);
insert into taxonomy (lang, taxon, searched_taxon, fleur_fk, taxon_usuel) values ("fr","Fritillaire oeuf de pintade","fritillaire oeuf de pintade",193,0);
insert into taxonomy (lang, taxon, searched_taxon, fleur_fk, taxon_usuel) values ("la","Fritillaria meleagris","fritillaria meleagris",193,1);
insert into taxonomy (lang, taxon, searched_taxon, fleur_fk, taxon_usuel) values ("en","snake's head fritillary","snake's head fritillary",193,1);
insert into fleur_inflorescence (fleur_fk, inflorescence_fk) values (193,1);
insert into fleur_couleur (fleur_fk, couleur_fk) values (193,2);
insert into fleur_couleur (fleur_fk, couleur_fk) values (193,1);
insert into fleur_particularite (fleur_fk, particularite_fk) values (193,0);
insert into fleur_particularite (fleur_fk, particularite_fk) values (193,4);
insert into fleur_aspect (fleur_fk, aspect_fk) values (193,0);
insert into fleur_nb_petale (fleur_fk, nb_petale_fk) values (193,3);
insert into fleur_type_feuille (fleur_fk, type_feuille_fk) values (193,3);
insert into fleur_disposition_feuille (fleur_fk, disposition_feuille_fk) values (193,0);
insert into fleur_pilosite_tige (fleur_fk, pilosite_tige_fk) values (193,0);
insert into fleur_pilosite_feuille (fleur_fk, pilosite_feuille_fk) values (193,0);
insert into fleur (id,directory_name,scientific_name,scientific_family_fk,doc_url) values (194,"Fumeterre_murs","Fumaria muralis",32,"http://abiris.snv.jussieu.fr/flore/descriptions/Fumeterre_des_murs.html");
insert into taxonomy (lang, taxon, searched_taxon, fleur_fk, taxon_usuel) values ("fr","Fumeterre des murs","fumeterre des murs",194,1);
insert into taxonomy (lang, taxon, searched_taxon, fleur_fk, taxon_usuel) values ("la","Fumaria muralis","fumaria muralis",194,1);
insert into taxonomy (lang, taxon, searched_taxon, fleur_fk, taxon_usuel) values ("en","common ramping-fumitory","common ramping-fumitory",194,1);
insert into fleur_inflorescence (fleur_fk, inflorescence_fk) values (194,0);
insert into fleur_couleur (fleur_fk, couleur_fk) values (194,1);
insert into fleur_particularite (fleur_fk, particularite_fk) values (194,2);
insert into fleur_aspect (fleur_fk, aspect_fk) values (194,2);
insert into fleur_nb_petale (fleur_fk, nb_petale_fk) values (194,2);
insert into fleur_type_feuille (fleur_fk, type_feuille_fk) values (194,0);
insert into fleur_disposition_feuille (fleur_fk, disposition_feuille_fk) values (194,0);
insert into fleur_pilosite_tige (fleur_fk, pilosite_tige_fk) values (194,0);
insert into fleur_pilosite_feuille (fleur_fk, pilosite_feuille_fk) values (194,0);
insert into fleur (id,directory_name,scientific_name,scientific_family_fk,doc_url) values (195,"Fumeterre_grimpante","Fumaria capreolata",32,"http://abiris.snv.jussieu.fr/flore/descriptions/Fumeterre_grimpante.html");
insert into taxonomy (lang, taxon, searched_taxon, fleur_fk, taxon_usuel) values ("fr","Fumeterre grimpante","fumeterre grimpante",195,1);
insert into taxonomy (lang, taxon, searched_taxon, fleur_fk, taxon_usuel) values ("fr","Fumeterre blanche","fumeterre blanche",195,0);
insert into taxonomy (lang, taxon, searched_taxon, fleur_fk, taxon_usuel) values ("la","Fumaria capreolata","fumaria capreolata",195,1);
insert into taxonomy (lang, taxon, searched_taxon, fleur_fk, taxon_usuel) values ("en","white fumitory","white fumitory",195,1);
insert into fleur_inflorescence (fleur_fk, inflorescence_fk) values (195,0);
insert into fleur_couleur (fleur_fk, couleur_fk) values (195,0);
insert into fleur_couleur (fleur_fk, couleur_fk) values (195,1);
insert into fleur_particularite (fleur_fk, particularite_fk) values (195,2);
insert into fleur_aspect (fleur_fk, aspect_fk) values (195,2);
insert into fleur_nb_petale (fleur_fk, nb_petale_fk) values (195,2);
insert into fleur_type_feuille (fleur_fk, type_feuille_fk) values (195,0);
insert into fleur_disposition_feuille (fleur_fk, disposition_feuille_fk) values (195,0);
insert into fleur_pilosite_tige (fleur_fk, pilosite_tige_fk) values (195,0);
insert into fleur_pilosite_feuille (fleur_fk, pilosite_feuille_fk) values (195,0);
insert into fleur (id,directory_name,scientific_name,scientific_family_fk,doc_url) values (196,"Fumeterre_officinale","Fumaria officinalis",32,"http://abiris.snv.jussieu.fr/flore/descriptions/Fumeterre_officinale.html");
insert into taxonomy (lang, taxon, searched_taxon, fleur_fk, taxon_usuel) values ("fr","Fumeterre officinale","fumeterre officinale",196,1);
insert into taxonomy (lang, taxon, searched_taxon, fleur_fk, taxon_usuel) values ("fr","Pied de Céline","pied de celine",196,0);
insert into taxonomy (lang, taxon, searched_taxon, fleur_fk, taxon_usuel) values ("la","Fumaria officinalis","fumaria officinalis",196,1);
insert into taxonomy (lang, taxon, searched_taxon, fleur_fk, taxon_usuel) values ("en","common fumitory","common fumitory",196,1);
insert into fleur_inflorescence (fleur_fk, inflorescence_fk) values (196,0);
insert into fleur_couleur (fleur_fk, couleur_fk) values (196,1);
insert into fleur_particularite (fleur_fk, particularite_fk) values (196,2);
insert into fleur_aspect (fleur_fk, aspect_fk) values (196,2);
insert into fleur_nb_petale (fleur_fk, nb_petale_fk) values (196,2);
insert into fleur_type_feuille (fleur_fk, type_feuille_fk) values (196,0);
insert into fleur_disposition_feuille (fleur_fk, disposition_feuille_fk) values (196,0);
insert into fleur_pilosite_tige (fleur_fk, pilosite_tige_fk) values (196,0);
insert into fleur_pilosite_feuille (fleur_fk, pilosite_feuille_fk) values (196,0);
insert into fleur (id,directory_name,scientific_name,scientific_family_fk,doc_url) values (197,"Gaillet_croisette","Cruciata laevipes",33,"http://abiris.snv.jussieu.fr/flore/descriptions/Gaillet_croisette.html");
insert into taxonomy (lang, taxon, searched_taxon, fleur_fk, taxon_usuel) values ("fr","Gaillet croisette","gaillet croisette",197,1);
insert into taxonomy (lang, taxon, searched_taxon, fleur_fk, taxon_usuel) values ("fr","Croisette commune","croisette commune",197,0);
insert into taxonomy (lang, taxon, searched_taxon, fleur_fk, taxon_usuel) values ("fr","Croisette velue","croisette velue",197,0);
insert into taxonomy (lang, taxon, searched_taxon, fleur_fk, taxon_usuel) values ("la","Cruciata laevipes","cruciata laevipes",197,1);
insert into taxonomy (lang, taxon, searched_taxon, fleur_fk, taxon_usuel) values ("en","crosswort","crosswort",197,1);
insert into fleur_inflorescence (fleur_fk, inflorescence_fk) values (197,0);
insert into fleur_couleur (fleur_fk, couleur_fk) values (197,3);
insert into fleur_aspect (fleur_fk, aspect_fk) values (197,6);
insert into fleur_nb_petale (fleur_fk, nb_petale_fk) values (197,2);
insert into fleur_type_feuille (fleur_fk, type_feuille_fk) values (197,3);
insert into fleur_disposition_feuille (fleur_fk, disposition_feuille_fk) values (197,2);
insert into fleur_pilosite_tige (fleur_fk, pilosite_tige_fk) values (197,1);
insert into fleur_pilosite_feuille (fleur_fk, pilosite_feuille_fk) values (197,1);
insert into fleur (id,directory_name,scientific_name,scientific_family_fk,doc_url) values (198,"Gaillet_gratteron","Galium aparine",33,"http://abiris.snv.jussieu.fr/flore/descriptions/Gaillet_gratteron.html");
insert into taxonomy (lang, taxon, searched_taxon, fleur_fk, taxon_usuel) values ("fr","Gaillet gratteron","gaillet gratteron",198,1);
insert into taxonomy (lang, taxon, searched_taxon, fleur_fk, taxon_usuel) values ("fr","Gratteron","gratteron",198,0);
insert into taxonomy (lang, taxon, searched_taxon, fleur_fk, taxon_usuel) values ("fr","Gaillet accrochant","gaillet accrochant",198,0);
insert into taxonomy (lang, taxon, searched_taxon, fleur_fk, taxon_usuel) values ("la","Galium aparine","galium aparine",198,1);
insert into taxonomy (lang, taxon, searched_taxon, fleur_fk, taxon_usuel) values ("en","Cleavers","cleavers",198,1);
insert into fleur_inflorescence (fleur_fk, inflorescence_fk) values (198,0);
insert into fleur_couleur (fleur_fk, couleur_fk) values (198,0);
insert into fleur_aspect (fleur_fk, aspect_fk) values (198,6);
insert into fleur_nb_petale (fleur_fk, nb_petale_fk) values (198,2);
insert into fleur_type_feuille (fleur_fk, type_feuille_fk) values (198,2);
insert into fleur_type_feuille (fleur_fk, type_feuille_fk) values (198,3);
insert into fleur_disposition_feuille (fleur_fk, disposition_feuille_fk) values (198,2);
insert into fleur_pilosite_tige (fleur_fk, pilosite_tige_fk) values (198,2);
insert into fleur_pilosite_tige (fleur_fk, pilosite_tige_fk) values (198,1);
insert into fleur_pilosite_feuille (fleur_fk, pilosite_feuille_fk) values (198,1);
insert into fleur (id,directory_name,scientific_name,scientific_family_fk,doc_url) values (199,"Gaillet_mollugine","Galium mollugo",33,"http://abiris.snv.jussieu.fr/flore/descriptions/Gaillet_mollugine.html");
insert into taxonomy (lang, taxon, searched_taxon, fleur_fk, taxon_usuel) values ("fr","Gaillet mollugine","gaillet mollugine",199,1);
insert into taxonomy (lang, taxon, searched_taxon, fleur_fk, taxon_usuel) values ("fr","Caille-lait blanc","caille-lait blanc",199,0);
insert into taxonomy (lang, taxon, searched_taxon, fleur_fk, taxon_usuel) values ("fr","Gaillet mou","gaillet mou",199,0);
insert into taxonomy (lang, taxon, searched_taxon, fleur_fk, taxon_usuel) values ("la","Galium mollugo","galium mollugo",199,1);
insert into taxonomy (lang, taxon, searched_taxon, fleur_fk, taxon_usuel) values ("en","white bedstraw","white bedstraw",199,1);
insert into fleur_inflorescence (fleur_fk, inflorescence_fk) values (199,0);
insert into fleur_couleur (fleur_fk, couleur_fk) values (199,0);
insert into fleur_aspect (fleur_fk, aspect_fk) values (199,6);
insert into fleur_nb_petale (fleur_fk, nb_petale_fk) values (199,2);
insert into fleur_type_feuille (fleur_fk, type_feuille_fk) values (199,2);
insert into fleur_type_feuille (fleur_fk, type_feuille_fk) values (199,3);
insert into fleur_disposition_feuille (fleur_fk, disposition_feuille_fk) values (199,2);
insert into fleur_pilosite_tige (fleur_fk, pilosite_tige_fk) values (199,1);
insert into fleur_pilosite_feuille (fleur_fk, pilosite_feuille_fk) values (199,0);
insert into fleur (id,directory_name,scientific_name,scientific_family_fk,doc_url) values (200,"Gaillet_odorant","Galium odoratum",33,"http://abiris.snv.jussieu.fr/flore/descriptions/Gaillet_odorant.html");
insert into taxonomy (lang, taxon, searched_taxon, fleur_fk, taxon_usuel) values ("fr","Gaillet odorant","gaillet odorant",200,1);
insert into taxonomy (lang, taxon, searched_taxon, fleur_fk, taxon_usuel) values ("fr","Aspérule odorante","asperule odorante",200,0);
insert into taxonomy (lang, taxon, searched_taxon, fleur_fk, taxon_usuel) values ("fr","Petit Muguet","petit muguet",200,0);
insert into taxonomy (lang, taxon, searched_taxon, fleur_fk, taxon_usuel) values ("la","Galium odoratum","galium odoratum",200,1);
insert into taxonomy (lang, taxon, searched_taxon, fleur_fk, taxon_usuel) values ("en","Sweetscented Bedstraw","sweetscented bedstraw",200,1);
insert into fleur_inflorescence (fleur_fk, inflorescence_fk) values (200,0);
insert into fleur_couleur (fleur_fk, couleur_fk) values (200,0);
insert into fleur_aspect (fleur_fk, aspect_fk) values (200,6);
insert into fleur_nb_petale (fleur_fk, nb_petale_fk) values (200,2);
insert into fleur_type_feuille (fleur_fk, type_feuille_fk) values (200,2);
insert into fleur_type_feuille (fleur_fk, type_feuille_fk) values (200,3);
insert into fleur_disposition_feuille (fleur_fk, disposition_feuille_fk) values (200,2);
insert into fleur_pilosite_tige (fleur_fk, pilosite_tige_fk) values (200,0);
insert into fleur_pilosite_feuille (fleur_fk, pilosite_feuille_fk) values (200,0);
insert into fleur (id,directory_name,scientific_name,scientific_family_fk,doc_url) values (201,"Gaillet_vrai","Galium verum",33,"http://abiris.snv.jussieu.fr/flore/descriptions/Gaillet_vrai.html");
insert into taxonomy (lang, taxon, searched_taxon, fleur_fk, taxon_usuel) values ("fr","Gaillet vrai","gaillet vrai",201,1);
insert into taxonomy (lang, taxon, searched_taxon, fleur_fk, taxon_usuel) values ("fr","Caille-lait jaune","caille-lait jaune",201,0);
insert into taxonomy (lang, taxon, searched_taxon, fleur_fk, taxon_usuel) values ("fr","Gaillet jaune","gaillet jaune",201,0);
insert into taxonomy (lang, taxon, searched_taxon, fleur_fk, taxon_usuel) values ("la","Galium verum","galium verum",201,1);
insert into taxonomy (lang, taxon, searched_taxon, fleur_fk, taxon_usuel) values ("en","Yellow Bedstraw","yellow bedstraw",201,1);
insert into fleur_inflorescence (fleur_fk, inflorescence_fk) values (201,0);
insert into fleur_couleur (fleur_fk, couleur_fk) values (201,3);
insert into fleur_aspect (fleur_fk, aspect_fk) values (201,6);
insert into fleur_nb_petale (fleur_fk, nb_petale_fk) values (201,2);
insert into fleur_type_feuille (fleur_fk, type_feuille_fk) values (201,2);
insert into fleur_type_feuille (fleur_fk, type_feuille_fk) values (201,3);
insert into fleur_disposition_feuille (fleur_fk, disposition_feuille_fk) values (201,2);
insert into fleur_pilosite_tige (fleur_fk, pilosite_tige_fk) values (201,1);
insert into fleur_pilosite_feuille (fleur_fk, pilosite_feuille_fk) values (201,1);
insert into fleur (id,directory_name,scientific_name,scientific_family_fk,doc_url) values (202,"Galeopsis_des_moissons","Galeopsis ladanum",3,"http://abiris.snv.jussieu.fr/flore/descriptions/Galeopsis_des_moissons.html");
insert into taxonomy (lang, taxon, searched_taxon, fleur_fk, taxon_usuel) values ("fr","Galéopsis des moissons","galeopsis des moissons",202,1);
insert into taxonomy (lang, taxon, searched_taxon, fleur_fk, taxon_usuel) values ("fr","Galéopsis des champs","galeopsis des champs",202,0);
insert into taxonomy (lang, taxon, searched_taxon, fleur_fk, taxon_usuel) values ("fr","Galéopsis douteux","galeopsis douteux",202,0);
insert into taxonomy (lang, taxon, searched_taxon, fleur_fk, taxon_usuel) values ("la","Galeopsis ladanum","galeopsis ladanum",202,1);
insert into taxonomy (lang, taxon, searched_taxon, fleur_fk, taxon_usuel) values ("en","red hempnettle ","red hempnettle ",202,1);
insert into fleur_inflorescence (fleur_fk, inflorescence_fk) values (202,0);
insert into fleur_couleur (fleur_fk, couleur_fk) values (202,0);
insert into fleur_particularite (fleur_fk, particularite_fk) values (202,4);
insert into fleur_aspect (fleur_fk, aspect_fk) values (202,3);
insert into fleur_nb_petale (fleur_fk, nb_petale_fk) values (202,2);
insert into fleur_nb_petale (fleur_fk, nb_petale_fk) values (202,0);
insert into fleur_type_feuille (fleur_fk, type_feuille_fk) values (202,2);
insert into fleur_disposition_feuille (fleur_fk, disposition_feuille_fk) values (202,1);
insert into fleur_pilosite_tige (fleur_fk, pilosite_tige_fk) values (202,1);
insert into fleur_pilosite_feuille (fleur_fk, pilosite_feuille_fk) values (202,1);
insert into fleur (id,directory_name,scientific_name,scientific_family_fk,doc_url) values (203,"Galeopsis_tetrahit","Galeopsis tetrahit ",3,"http://abiris.snv.jussieu.fr/flore/descriptions/Galeopsis_tetrahit.html");
insert into taxonomy (lang, taxon, searched_taxon, fleur_fk, taxon_usuel) values ("fr","Galéopsis tétrahit","galeopsis tetrahit",203,1);
insert into taxonomy (lang, taxon, searched_taxon, fleur_fk, taxon_usuel) values ("la","Galeopsis tetrahit ","galeopsis tetrahit ",203,1);
insert into taxonomy (lang, taxon, searched_taxon, fleur_fk, taxon_usuel) values ("en","brittlestem hempnettle ","brittlestem hempnettle ",203,1);
insert into fleur_inflorescence (fleur_fk, inflorescence_fk) values (203,0);
insert into fleur_couleur (fleur_fk, couleur_fk) values (203,1);
insert into fleur_couleur (fleur_fk, couleur_fk) values (203,0);
insert into fleur_particularite (fleur_fk, particularite_fk) values (203,4);
insert into fleur_aspect (fleur_fk, aspect_fk) values (203,3);
insert into fleur_nb_petale (fleur_fk, nb_petale_fk) values (203,2);
insert into fleur_nb_petale (fleur_fk, nb_petale_fk) values (203,0);
insert into fleur_type_feuille (fleur_fk, type_feuille_fk) values (203,2);
insert into fleur_disposition_feuille (fleur_fk, disposition_feuille_fk) values (203,1);
insert into fleur_pilosite_tige (fleur_fk, pilosite_tige_fk) values (203,1);
insert into fleur_pilosite_feuille (fleur_fk, pilosite_feuille_fk) values (203,1);
insert into fleur (id,directory_name,scientific_name,scientific_family_fk,doc_url) values (204,"Galinsoga_cilie","Galinsoga quadriradiata",1,"http://abiris.snv.jussieu.fr/flore/descriptions/Galinsoga_cilie.html");
insert into taxonomy (lang, taxon, searched_taxon, fleur_fk, taxon_usuel) values ("fr","Galinsoga cilié","galinsoga cilie",204,1);
insert into taxonomy (lang, taxon, searched_taxon, fleur_fk, taxon_usuel) values ("la","Galinsoga quadriradiata","galinsoga quadriradiata",204,1);
insert into taxonomy (lang, taxon, searched_taxon, fleur_fk, taxon_usuel) values ("en","shaggy soldier","shaggy soldier",204,1);
insert into fleur_inflorescence (fleur_fk, inflorescence_fk) values (204,0);
insert into fleur_couleur (fleur_fk, couleur_fk) values (204,0);
insert into fleur_couleur (fleur_fk, couleur_fk) values (204,3);
insert into fleur_aspect (fleur_fk, aspect_fk) values (204,1);
insert into fleur_nb_petale (fleur_fk, nb_petale_fk) values (204,1);
insert into fleur_type_feuille (fleur_fk, type_feuille_fk) values (204,2);
insert into fleur_disposition_feuille (fleur_fk, disposition_feuille_fk) values (204,1);
insert into fleur_pilosite_tige (fleur_fk, pilosite_tige_fk) values (204,1);
insert into fleur_pilosite_feuille (fleur_fk, pilosite_feuille_fk) values (204,0);
insert into fleur (id,directory_name,scientific_name,scientific_family_fk,doc_url) values (206,"","Geranium pusillum",29,"http://www.tela-botanica.org/bdtfx-nn-30036-synthese");
insert into taxonomy (lang, taxon, searched_taxon, fleur_fk, taxon_usuel) values ("fr","Géranium à tiges grêles","geranium a tiges greles",206,1);
insert into taxonomy (lang, taxon, searched_taxon, fleur_fk, taxon_usuel) values ("fr","Géranium fluet","geranium fluet",206,0);
insert into taxonomy (lang, taxon, searched_taxon, fleur_fk, taxon_usuel) values ("la","Geranium pusillum","geranium pusillum",206,1);
insert into taxonomy (lang, taxon, searched_taxon, fleur_fk, taxon_usuel) values ("en","Small-flowered crane's-bill","small-flowered crane's-bill",206,1);
insert into fleur_inflorescence (fleur_fk, inflorescence_fk) values (206,0);
insert into fleur_couleur (fleur_fk, couleur_fk) values (206,1);
insert into fleur_couleur (fleur_fk, couleur_fk) values (206,2);
insert into fleur_aspect (fleur_fk, aspect_fk) values (206,0);
insert into fleur_nb_petale (fleur_fk, nb_petale_fk) values (206,0);
insert into fleur_type_feuille (fleur_fk, type_feuille_fk) values (206,1);
insert into fleur_disposition_feuille (fleur_fk, disposition_feuille_fk) values (206,1);
insert into fleur_pilosite_tige (fleur_fk, pilosite_tige_fk) values (206,1);
insert into fleur_pilosite_feuille (fleur_fk, pilosite_feuille_fk) values (206,1);
insert into fleur (id,directory_name,scientific_name,scientific_family_fk,doc_url) values (207,"Geranium_des_Pyrenees","Geranium pyrenaicum",29,"http://www.tela-botanica.org/bdtfx-nn-75152-synthese");
insert into taxonomy (lang, taxon, searched_taxon, fleur_fk, taxon_usuel) values ("fr","Géranium des Pyrénées","geranium des pyrenees",207,1);
insert into taxonomy (lang, taxon, searched_taxon, fleur_fk, taxon_usuel) values ("la","Geranium pyrenaicum","geranium pyrenaicum",207,1);
insert into taxonomy (lang, taxon, searched_taxon, fleur_fk, taxon_usuel) values ("en","Hedgerow crane's-bill","hedgerow crane's-bill",207,1);
insert into fleur_inflorescence (fleur_fk, inflorescence_fk) values (207,0);
insert into fleur_couleur (fleur_fk, couleur_fk) values (207,1);
insert into fleur_couleur (fleur_fk, couleur_fk) values (207,2);
insert into fleur_particularite (fleur_fk, particularite_fk) values (207,1);
insert into fleur_aspect (fleur_fk, aspect_fk) values (207,0);
insert into fleur_nb_petale (fleur_fk, nb_petale_fk) values (207,0);
insert into fleur_type_feuille (fleur_fk, type_feuille_fk) values (207,1);
insert into fleur_disposition_feuille (fleur_fk, disposition_feuille_fk) values (207,1);
insert into fleur_pilosite_tige (fleur_fk, pilosite_tige_fk) values (207,1);
insert into fleur_pilosite_feuille (fleur_fk, pilosite_feuille_fk) values (207,1);
insert into fleur (id,directory_name,scientific_name,scientific_family_fk,doc_url) values (208,"Geranium_sanguin","Geranium sanguineum",29,"http://www.tela-botanica.org/bdtfx-nn-30061-synthese");
insert into taxonomy (lang, taxon, searched_taxon, fleur_fk, taxon_usuel) values ("fr","Géranium sanguin","geranium sanguin",208,1);
insert into taxonomy (lang, taxon, searched_taxon, fleur_fk, taxon_usuel) values ("la","Geranium sanguineum","geranium sanguineum",208,1);
insert into taxonomy (lang, taxon, searched_taxon, fleur_fk, taxon_usuel) values ("en","Bloody crane's-bill","bloody crane's-bill",208,1);
insert into fleur_inflorescence (fleur_fk, inflorescence_fk) values (208,0);
insert into fleur_couleur (fleur_fk, couleur_fk) values (208,1);
insert into fleur_particularite (fleur_fk, particularite_fk) values (208,1);
insert into fleur_aspect (fleur_fk, aspect_fk) values (208,0);
insert into fleur_nb_petale (fleur_fk, nb_petale_fk) values (208,0);
insert into fleur_type_feuille (fleur_fk, type_feuille_fk) values (208,1);
insert into fleur_disposition_feuille (fleur_fk, disposition_feuille_fk) values (208,1);
insert into fleur_pilosite_tige (fleur_fk, pilosite_tige_fk) values (208,1);
insert into fleur_pilosite_feuille (fleur_fk, pilosite_feuille_fk) values (208,1);
insert into fleur (id,directory_name,scientific_name,scientific_family_fk,doc_url) values (209,"Gernaium_feuilles_rondes","Geranium rotundifolium",29,"http://abiris.snv.jussieu.fr/flore/descriptions/Geranium_a_feuilles_rondes.html");
insert into taxonomy (lang, taxon, searched_taxon, fleur_fk, taxon_usuel) values ("fr","Géranium à feuilles rondes","geranium a feuilles rondes",209,1);
insert into taxonomy (lang, taxon, searched_taxon, fleur_fk, taxon_usuel) values ("la","Geranium rotundifolium","geranium rotundifolium",209,1);
insert into taxonomy (lang, taxon, searched_taxon, fleur_fk, taxon_usuel) values ("en","round-leave crane's-bill","round-leave crane's-bill",209,1);
insert into fleur_inflorescence (fleur_fk, inflorescence_fk) values (209,0);
insert into fleur_couleur (fleur_fk, couleur_fk) values (209,1);
insert into fleur_aspect (fleur_fk, aspect_fk) values (209,0);
insert into fleur_nb_petale (fleur_fk, nb_petale_fk) values (209,0);
insert into fleur_type_feuille (fleur_fk, type_feuille_fk) values (209,1);
insert into fleur_disposition_feuille (fleur_fk, disposition_feuille_fk) values (209,1);
insert into fleur_pilosite_tige (fleur_fk, pilosite_tige_fk) values (209,1);
insert into fleur_pilosite_feuille (fleur_fk, pilosite_feuille_fk) values (209,1);
insert into fleur (id,directory_name,scientific_name,scientific_family_fk,doc_url) values (210,"Geranium_colombin","Geranium columbinum",29,"http://abiris.snv.jussieu.fr/flore/descriptions/Geranium_colombin.html");
insert into taxonomy (lang, taxon, searched_taxon, fleur_fk, taxon_usuel) values ("fr","Géranium colombin","geranium colombin",210,1);
insert into taxonomy (lang, taxon, searched_taxon, fleur_fk, taxon_usuel) values ("la","Geranium columbinum","geranium columbinum",210,1);
insert into taxonomy (lang, taxon, searched_taxon, fleur_fk, taxon_usuel) values ("en","Long-stalked crane's-bill","long-stalked crane's-bill",210,1);
insert into fleur_inflorescence (fleur_fk, inflorescence_fk) values (210,0);
insert into fleur_couleur (fleur_fk, couleur_fk) values (210,1);
insert into fleur_particularite (fleur_fk, particularite_fk) values (210,1);
insert into fleur_aspect (fleur_fk, aspect_fk) values (210,0);
insert into fleur_nb_petale (fleur_fk, nb_petale_fk) values (210,0);
insert into fleur_type_feuille (fleur_fk, type_feuille_fk) values (210,1);
insert into fleur_disposition_feuille (fleur_fk, disposition_feuille_fk) values (210,1);
insert into fleur_pilosite_tige (fleur_fk, pilosite_tige_fk) values (210,1);
insert into fleur_pilosite_feuille (fleur_fk, pilosite_feuille_fk) values (210,1);
insert into fleur (id,directory_name,scientific_name,scientific_family_fk,doc_url) values (211,"Geranium_dissectum","Geranium dissectum",29,"http://abiris.snv.jussieu.fr/flore/descriptions/Geranium_decoupe.html");
insert into taxonomy (lang, taxon, searched_taxon, fleur_fk, taxon_usuel) values ("fr","Géranium découpé","geranium decoupe",211,1);
insert into taxonomy (lang, taxon, searched_taxon, fleur_fk, taxon_usuel) values ("fr","Géranium disséqué","geranium disseque",211,0);
insert into taxonomy (lang, taxon, searched_taxon, fleur_fk, taxon_usuel) values ("fr","Géranium à feuilles découpées","geranium a feuilles decoupees",211,0);
insert into taxonomy (lang, taxon, searched_taxon, fleur_fk, taxon_usuel) values ("la","Geranium dissectum","geranium dissectum",211,1);
insert into taxonomy (lang, taxon, searched_taxon, fleur_fk, taxon_usuel) values ("en","Cut-leave crane's-bill","cut-leave crane's-bill",211,1);
insert into fleur_inflorescence (fleur_fk, inflorescence_fk) values (211,0);
insert into fleur_couleur (fleur_fk, couleur_fk) values (211,1);
insert into fleur_particularite (fleur_fk, particularite_fk) values (211,1);
insert into fleur_aspect (fleur_fk, aspect_fk) values (211,0);
insert into fleur_nb_petale (fleur_fk, nb_petale_fk) values (211,0);
insert into fleur_type_feuille (fleur_fk, type_feuille_fk) values (211,1);
insert into fleur_disposition_feuille (fleur_fk, disposition_feuille_fk) values (211,1);
insert into fleur_pilosite_tige (fleur_fk, pilosite_tige_fk) values (211,1);
insert into fleur_pilosite_feuille (fleur_fk, pilosite_feuille_fk) values (211,0);
insert into fleur_pilosite_feuille (fleur_fk, pilosite_feuille_fk) values (211,1);
insert into fleur (id,directory_name,scientific_name,scientific_family_fk,doc_url) values (212,"Geranium_herbe_Robert","Geranium robertianum",29,"http://abiris.snv.jussieu.fr/flore/descriptions/Geranium_herbe_a_Robert.html");
insert into taxonomy (lang, taxon, searched_taxon, fleur_fk, taxon_usuel) values ("fr","Géranium herbe à Robert","geranium herbe a robert",212,1);
insert into taxonomy (lang, taxon, searched_taxon, fleur_fk, taxon_usuel) values ("la","Geranium robertianum","geranium robertianum",212,1);
insert into taxonomy (lang, taxon, searched_taxon, fleur_fk, taxon_usuel) values ("en","Herb Robert","herb robert",212,1);
insert into fleur_inflorescence (fleur_fk, inflorescence_fk) values (212,0);
insert into fleur_couleur (fleur_fk, couleur_fk) values (212,1);
insert into fleur_aspect (fleur_fk, aspect_fk) values (212,0);
insert into fleur_nb_petale (fleur_fk, nb_petale_fk) values (212,0);
insert into fleur_type_feuille (fleur_fk, type_feuille_fk) values (212,1);
insert into fleur_disposition_feuille (fleur_fk, disposition_feuille_fk) values (212,1);
insert into fleur_pilosite_tige (fleur_fk, pilosite_tige_fk) values (212,1);
insert into fleur_pilosite_feuille (fleur_fk, pilosite_feuille_fk) values (212,0);
insert into fleur (id,directory_name,scientific_name,scientific_family_fk,doc_url) values (213,"Geranium_luisant","Geranium lucidum",29,"http://abiris.snv.jussieu.fr/flore/descriptions/Geranium_luisant.html");
insert into taxonomy (lang, taxon, searched_taxon, fleur_fk, taxon_usuel) values ("fr","Géranium luisant","geranium luisant",213,1);
insert into taxonomy (lang, taxon, searched_taxon, fleur_fk, taxon_usuel) values ("la","Geranium lucidum","geranium lucidum",213,1);
insert into taxonomy (lang, taxon, searched_taxon, fleur_fk, taxon_usuel) values ("en","Shiny crane's-bill","shiny crane's-bill",213,1);
insert into fleur_inflorescence (fleur_fk, inflorescence_fk) values (213,0);
insert into fleur_couleur (fleur_fk, couleur_fk) values (213,1);
insert into fleur_aspect (fleur_fk, aspect_fk) values (213,0);
insert into fleur_nb_petale (fleur_fk, nb_petale_fk) values (213,0);
insert into fleur_type_feuille (fleur_fk, type_feuille_fk) values (213,1);
insert into fleur_disposition_feuille (fleur_fk, disposition_feuille_fk) values (213,1);
insert into fleur_pilosite_tige (fleur_fk, pilosite_tige_fk) values (213,0);
insert into fleur_pilosite_feuille (fleur_fk, pilosite_feuille_fk) values (213,2);
insert into fleur (id,directory_name,scientific_name,scientific_family_fk,doc_url) values (214,"Geranium_mou","Geranium molle",29,"http://abiris.snv.jussieu.fr/flore/descriptions/Geranium_mou.html");
insert into taxonomy (lang, taxon, searched_taxon, fleur_fk, taxon_usuel) values ("fr","Géranium mou","geranium mou",214,1);
insert into taxonomy (lang, taxon, searched_taxon, fleur_fk, taxon_usuel) values ("la","Geranium molle","geranium molle",214,1);
insert into taxonomy (lang, taxon, searched_taxon, fleur_fk, taxon_usuel) values ("en","dove's foot crane's-bill","dove's foot crane's-bill",214,1);
insert into fleur_inflorescence (fleur_fk, inflorescence_fk) values (214,0);
insert into fleur_couleur (fleur_fk, couleur_fk) values (214,1);
insert into fleur_particularite (fleur_fk, particularite_fk) values (214,1);
insert into fleur_aspect (fleur_fk, aspect_fk) values (214,0);
insert into fleur_nb_petale (fleur_fk, nb_petale_fk) values (214,0);
insert into fleur_type_feuille (fleur_fk, type_feuille_fk) values (214,1);
insert into fleur_disposition_feuille (fleur_fk, disposition_feuille_fk) values (214,1);
insert into fleur_pilosite_tige (fleur_fk, pilosite_tige_fk) values (214,1);
insert into fleur_pilosite_feuille (fleur_fk, pilosite_feuille_fk) values (214,1);
insert into fleur (id,directory_name,scientific_name,scientific_family_fk,doc_url) values (215,"Germandree_marais","Teucrium scordium",3,"http://abiris.snv.jussieu.fr/flore/descriptions/Germandree_des_marais.html");
insert into taxonomy (lang, taxon, searched_taxon, fleur_fk, taxon_usuel) values ("fr","Germandrée des marais","germandree des marais",215,1);
insert into taxonomy (lang, taxon, searched_taxon, fleur_fk, taxon_usuel) values ("la","Teucrium scordium","teucrium scordium",215,1);
insert into taxonomy (lang, taxon, searched_taxon, fleur_fk, taxon_usuel) values ("en","Water Germander","water germander",215,1);
insert into fleur_inflorescence (fleur_fk, inflorescence_fk) values (215,0);
insert into fleur_couleur (fleur_fk, couleur_fk) values (215,1);
insert into fleur_aspect (fleur_fk, aspect_fk) values (215,3);
insert into fleur_nb_petale (fleur_fk, nb_petale_fk) values (215,0);
insert into fleur_type_feuille (fleur_fk, type_feuille_fk) values (215,2);
insert into fleur_disposition_feuille (fleur_fk, disposition_feuille_fk) values (215,1);
insert into fleur_pilosite_tige (fleur_fk, pilosite_tige_fk) values (215,1);
insert into fleur_pilosite_feuille (fleur_fk, pilosite_feuille_fk) values (215,1);
insert into fleur (id,directory_name,scientific_name,scientific_family_fk,doc_url) values (216,"Germandree_scorodoine","Teucrium scorodonia",3,"http://abiris.snv.jussieu.fr/flore/descriptions/Germandree_scorodoine.html");
insert into taxonomy (lang, taxon, searched_taxon, fleur_fk, taxon_usuel) values ("fr","Germandrée scorodoine","germandree scorodoine",216,1);
insert into taxonomy (lang, taxon, searched_taxon, fleur_fk, taxon_usuel) values ("fr","Germandrée des bois","germandree des bois",216,0);
insert into taxonomy (lang, taxon, searched_taxon, fleur_fk, taxon_usuel) values ("fr","Sauge des bois","sauge des bois",216,0);
insert into taxonomy (lang, taxon, searched_taxon, fleur_fk, taxon_usuel) values ("la","Teucrium scorodonia","teucrium scorodonia",216,1);
insert into taxonomy (lang, taxon, searched_taxon, fleur_fk, taxon_usuel) values ("en","wood sage","wood sage",216,1);
insert into fleur_inflorescence (fleur_fk, inflorescence_fk) values (216,0);
insert into fleur_couleur (fleur_fk, couleur_fk) values (216,0);
insert into fleur_aspect (fleur_fk, aspect_fk) values (216,3);
insert into fleur_nb_petale (fleur_fk, nb_petale_fk) values (216,0);
insert into fleur_type_feuille (fleur_fk, type_feuille_fk) values (216,2);
insert into fleur_disposition_feuille (fleur_fk, disposition_feuille_fk) values (216,1);
insert into fleur_pilosite_tige (fleur_fk, pilosite_tige_fk) values (216,1);
insert into fleur_pilosite_feuille (fleur_fk, pilosite_feuille_fk) values (216,2);
insert into fleur (id,directory_name,scientific_name,scientific_family_fk,doc_url) values (218,"","Lathyrus latifolius",12,"http://abiris.snv.jussieu.fr/flore/descriptions/Gesse_a_larges_feuilles.html");
insert into taxonomy (lang, taxon, searched_taxon, fleur_fk, taxon_usuel) values ("fr","Gesse à larges feuilles","gesse a larges feuilles",218,1);
insert into taxonomy (lang, taxon, searched_taxon, fleur_fk, taxon_usuel) values ("fr","Pois vivace","pois vivace",218,0);
insert into taxonomy (lang, taxon, searched_taxon, fleur_fk, taxon_usuel) values ("la","Lathyrus latifolius","lathyrus latifolius",218,1);
insert into taxonomy (lang, taxon, searched_taxon, fleur_fk, taxon_usuel) values ("en","perennial peavine","perennial peavine",218,1);
insert into fleur_inflorescence (fleur_fk, inflorescence_fk) values (218,0);
insert into fleur_couleur (fleur_fk, couleur_fk) values (218,1);
insert into fleur_particularite (fleur_fk, particularite_fk) values (218,3);
insert into fleur_aspect (fleur_fk, aspect_fk) values (218,2);
insert into fleur_nb_petale (fleur_fk, nb_petale_fk) values (218,0);
insert into fleur_type_feuille (fleur_fk, type_feuille_fk) values (218,0);
insert into fleur_disposition_feuille (fleur_fk, disposition_feuille_fk) values (218,0);
insert into fleur_pilosite_tige (fleur_fk, pilosite_tige_fk) values (218,0);
insert into fleur_pilosite_tige (fleur_fk, pilosite_tige_fk) values (218,1);
insert into fleur_pilosite_feuille (fleur_fk, pilosite_feuille_fk) values (218,0);
insert into fleur (id,directory_name,scientific_name,scientific_family_fk,doc_url) values (219,"Gesse_des_montagnes","Lathyrus linifolius",12,"http://abiris.snv.jussieu.fr/flore/descriptions/Gesse_des_montagnes.html");
insert into taxonomy (lang, taxon, searched_taxon, fleur_fk, taxon_usuel) values ("fr","Gesse des montagnes","gesse des montagnes",219,1);
insert into taxonomy (lang, taxon, searched_taxon, fleur_fk, taxon_usuel) values ("fr","Gesse à feuilles de lin","gesse a feuilles de lin",219,0);
insert into taxonomy (lang, taxon, searched_taxon, fleur_fk, taxon_usuel) values ("la","Lathyrus linifolius","lathyrus linifolius",219,1);
insert into taxonomy (lang, taxon, searched_taxon, fleur_fk, taxon_usuel) values ("en","bitter vetch","bitter vetch",219,1);
insert into fleur_inflorescence (fleur_fk, inflorescence_fk) values (219,0);
insert into fleur_couleur (fleur_fk, couleur_fk) values (219,1);
insert into fleur_particularite (fleur_fk, particularite_fk) values (219,3);
insert into fleur_aspect (fleur_fk, aspect_fk) values (219,2);
insert into fleur_nb_petale (fleur_fk, nb_petale_fk) values (219,0);
insert into fleur_type_feuille (fleur_fk, type_feuille_fk) values (219,0);
insert into fleur_disposition_feuille (fleur_fk, disposition_feuille_fk) values (219,0);
insert into fleur_pilosite_tige (fleur_fk, pilosite_tige_fk) values (219,0);
insert into fleur_pilosite_feuille (fleur_fk, pilosite_feuille_fk) values (219,0);
insert into fleur (id,directory_name,scientific_name,scientific_family_fk,doc_url) values (220,"Gesse_pres","Lathyrus pratensis",12,"http://abiris.snv.jussieu.fr/flore/descriptions/Gesse_des_pres.html");
insert into taxonomy (lang, taxon, searched_taxon, fleur_fk, taxon_usuel) values ("fr","Gesse des prés","gesse des pres",220,1);
insert into taxonomy (lang, taxon, searched_taxon, fleur_fk, taxon_usuel) values ("la","Lathyrus pratensis","lathyrus pratensis",220,1);
insert into taxonomy (lang, taxon, searched_taxon, fleur_fk, taxon_usuel) values ("en","meadow vetchling","meadow vetchling",220,1);
insert into fleur_inflorescence (fleur_fk, inflorescence_fk) values (220,0);
insert into fleur_couleur (fleur_fk, couleur_fk) values (220,3);
insert into fleur_particularite (fleur_fk, particularite_fk) values (220,3);
insert into fleur_aspect (fleur_fk, aspect_fk) values (220,2);
insert into fleur_nb_petale (fleur_fk, nb_petale_fk) values (220,0);
insert into fleur_type_feuille (fleur_fk, type_feuille_fk) values (220,0);
insert into fleur_disposition_feuille (fleur_fk, disposition_feuille_fk) values (220,0);
insert into fleur_pilosite_tige (fleur_fk, pilosite_tige_fk) values (220,1);
insert into fleur_pilosite_feuille (fleur_fk, pilosite_feuille_fk) values (220,2);
insert into fleur (id,directory_name,scientific_name,scientific_family_fk,doc_url) values (221,"Gesse_hirsute","Lathyrus hirsutus",12,"http://abiris.snv.jussieu.fr/flore/descriptions/Gesse_herissee.html");
insert into taxonomy (lang, taxon, searched_taxon, fleur_fk, taxon_usuel) values ("fr","Gesse hérissée","gesse herissee",221,1);
insert into taxonomy (lang, taxon, searched_taxon, fleur_fk, taxon_usuel) values ("fr","Gesse velue","gesse velue",221,0);
insert into taxonomy (lang, taxon, searched_taxon, fleur_fk, taxon_usuel) values ("fr","Gesse hirsute","gesse hirsute",221,0);
insert into taxonomy (lang, taxon, searched_taxon, fleur_fk, taxon_usuel) values ("la","Lathyrus hirsutus","lathyrus hirsutus",221,1);
insert into taxonomy (lang, taxon, searched_taxon, fleur_fk, taxon_usuel) values ("en","hairy vetchling","hairy vetchling",221,1);
insert into fleur_inflorescence (fleur_fk, inflorescence_fk) values (221,0);
insert into fleur_couleur (fleur_fk, couleur_fk) values (221,2);
insert into fleur_couleur (fleur_fk, couleur_fk) values (221,1);
insert into fleur_particularite (fleur_fk, particularite_fk) values (221,3);
insert into fleur_particularite (fleur_fk, particularite_fk) values (221,4);
insert into fleur_aspect (fleur_fk, aspect_fk) values (221,2);
insert into fleur_nb_petale (fleur_fk, nb_petale_fk) values (221,0);
insert into fleur_type_feuille (fleur_fk, type_feuille_fk) values (221,0);
insert into fleur_disposition_feuille (fleur_fk, disposition_feuille_fk) values (221,0);
insert into fleur_pilosite_tige (fleur_fk, pilosite_tige_fk) values (221,1);
insert into fleur_pilosite_feuille (fleur_fk, pilosite_feuille_fk) values (221,0);
insert into fleur (id,directory_name,scientific_name,scientific_family_fk,doc_url) values (223,"","Lathyrus aphaca",12,"http://abiris.snv.jussieu.fr/flore/descriptions/Gesse_sans_feuille.html");
insert into taxonomy (lang, taxon, searched_taxon, fleur_fk, taxon_usuel) values ("fr","Gesse sans feuille","gesse sans feuille",223,1);
insert into taxonomy (lang, taxon, searched_taxon, fleur_fk, taxon_usuel) values ("la","Lathyrus aphaca","lathyrus aphaca",223,1);
insert into taxonomy (lang, taxon, searched_taxon, fleur_fk, taxon_usuel) values ("en","yellow pea","yellow pea",223,1);
insert into fleur_inflorescence (fleur_fk, inflorescence_fk) values (223,0);
insert into fleur_couleur (fleur_fk, couleur_fk) values (223,3);
insert into fleur_particularite (fleur_fk, particularite_fk) values (223,3);
insert into fleur_particularite (fleur_fk, particularite_fk) values (223,4);
insert into fleur_aspect (fleur_fk, aspect_fk) values (223,2);
insert into fleur_nb_petale (fleur_fk, nb_petale_fk) values (223,0);
insert into fleur_type_feuille (fleur_fk, type_feuille_fk) values (223,4);
insert into fleur_disposition_feuille (fleur_fk, disposition_feuille_fk) values (223,4);
insert into fleur_pilosite_tige (fleur_fk, pilosite_tige_fk) values (223,0);
insert into fleur_pilosite_feuille (fleur_fk, pilosite_feuille_fk) values (223,0);
insert into fleur (id,directory_name,scientific_name,scientific_family_fk,doc_url) values (224,"Glechoma","Glechoma hederacea",3,"http://abiris.snv.jussieu.fr/flore/descriptions/Glechoma_faux_lierre.html");
insert into taxonomy (lang, taxon, searched_taxon, fleur_fk, taxon_usuel) values ("fr","Gléchoma faux lierre","glechoma faux lierre",224,1);
insert into taxonomy (lang, taxon, searched_taxon, fleur_fk, taxon_usuel) values ("fr","Lierre terrestre","lierre terrestre",224,0);
insert into taxonomy (lang, taxon, searched_taxon, fleur_fk, taxon_usuel) values ("fr","Gléchome lierre terrestre","glechome lierre terrestre",224,0);
insert into taxonomy (lang, taxon, searched_taxon, fleur_fk, taxon_usuel) values ("la","Glechoma hederacea","glechoma hederacea",224,1);
insert into taxonomy (lang, taxon, searched_taxon, fleur_fk, taxon_usuel) values ("en","ground-ivy","ground-ivy",224,1);
insert into fleur_inflorescence (fleur_fk, inflorescence_fk) values (224,0);
insert into fleur_couleur (fleur_fk, couleur_fk) values (224,2);
insert into fleur_particularite (fleur_fk, particularite_fk) values (224,4);
insert into fleur_aspect (fleur_fk, aspect_fk) values (224,3);
insert into fleur_nb_petale (fleur_fk, nb_petale_fk) values (224,0);
insert into fleur_type_feuille (fleur_fk, type_feuille_fk) values (224,2);
insert into fleur_disposition_feuille (fleur_fk, disposition_feuille_fk) values (224,0);
insert into fleur_pilosite_tige (fleur_fk, pilosite_tige_fk) values (224,1);
insert into fleur_pilosite_feuille (fleur_fk, pilosite_feuille_fk) values (224,1);
insert into fleur (id,directory_name,scientific_name,scientific_family_fk,doc_url) values (226,"","Laphangium luteoalbum",1,"http://abiris.snv.jussieu.fr/flore/descriptions/Gnaphale_jaunatre.html");
insert into taxonomy (lang, taxon, searched_taxon, fleur_fk, taxon_usuel) values ("fr","Gnaphale jaunâtre","gnaphale jaunatre",226,1);
insert into taxonomy (lang, taxon, searched_taxon, fleur_fk, taxon_usuel) values ("fr","Cotonnière blanc-jaunâtre","cotonniere blanc-jaunatre",226,0);
insert into taxonomy (lang, taxon, searched_taxon, fleur_fk, taxon_usuel) values ("fr","Immortelle des marais","immortelle des marais",226,0);
insert into taxonomy (lang, taxon, searched_taxon, fleur_fk, taxon_usuel) values ("la","Laphangium luteoalbum","laphangium luteoalbum",226,1);
insert into fleur_inflorescence (fleur_fk, inflorescence_fk) values (226,0);
insert into fleur_couleur (fleur_fk, couleur_fk) values (226,3);
insert into fleur_couleur (fleur_fk, couleur_fk) values (226,0);
insert into fleur_aspect (fleur_fk, aspect_fk) values (226,4);
insert into fleur_nb_petale (fleur_fk, nb_petale_fk) values (226,1);
insert into fleur_type_feuille (fleur_fk, type_feuille_fk) values (226,2);
insert into fleur_type_feuille (fleur_fk, type_feuille_fk) values (226,3);
insert into fleur_disposition_feuille (fleur_fk, disposition_feuille_fk) values (226,0);
insert into fleur_pilosite_tige (fleur_fk, pilosite_tige_fk) values (226,1);
insert into fleur_pilosite_feuille (fleur_fk, pilosite_feuille_fk) values (226,1);
insert into fleur (id,directory_name,scientific_name,scientific_family_fk,doc_url) values (227,"Grande_camomille","Tanacetum parthenium",1,"http://abiris.snv.jussieu.fr/flore/descriptions/Grande_Camomille.html");
insert into taxonomy (lang, taxon, searched_taxon, fleur_fk, taxon_usuel) values ("fr","Grande Camomille","grande camomille",227,1);
insert into taxonomy (lang, taxon, searched_taxon, fleur_fk, taxon_usuel) values ("la","Tanacetum parthenium","tanacetum parthenium",227,1);
insert into taxonomy (lang, taxon, searched_taxon, fleur_fk, taxon_usuel) values ("en","feverfew","feverfew",227,1);
insert into fleur_inflorescence (fleur_fk, inflorescence_fk) values (227,0);
insert into fleur_couleur (fleur_fk, couleur_fk) values (227,0);
insert into fleur_couleur (fleur_fk, couleur_fk) values (227,3);
insert into fleur_aspect (fleur_fk, aspect_fk) values (227,1);
insert into fleur_nb_petale (fleur_fk, nb_petale_fk) values (227,1);
insert into fleur_type_feuille (fleur_fk, type_feuille_fk) values (227,1);
insert into fleur_disposition_feuille (fleur_fk, disposition_feuille_fk) values (227,0);
insert into fleur_pilosite_tige (fleur_fk, pilosite_tige_fk) values (227,0);
insert into fleur_pilosite_feuille (fleur_fk, pilosite_feuille_fk) values (227,1);
insert into fleur (id,directory_name,scientific_name,scientific_family_fk,doc_url) values (228,"Grande_pimprenelle","Sanguisorba officinalis",4,"http://abiris.snv.jussieu.fr/flore/descriptions/Grande_Pimprenelle.html");
insert into taxonomy (lang, taxon, searched_taxon, fleur_fk, taxon_usuel) values ("fr","Grande Pimprenelle","grande pimprenelle",228,1);
insert into taxonomy (lang, taxon, searched_taxon, fleur_fk, taxon_usuel) values ("fr","Pimprenelle officinale","pimprenelle officinale",228,0);
insert into taxonomy (lang, taxon, searched_taxon, fleur_fk, taxon_usuel) values ("la","Sanguisorba officinalis","sanguisorba officinalis",228,1);
insert into taxonomy (lang, taxon, searched_taxon, fleur_fk, taxon_usuel) values ("en","great burnet","great burnet",228,1);
insert into fleur_inflorescence (fleur_fk, inflorescence_fk) values (228,0);
insert into fleur_couleur (fleur_fk, couleur_fk) values (228,1);
insert into fleur_aspect (fleur_fk, aspect_fk) values (228,0);
insert into fleur_nb_petale (fleur_fk, nb_petale_fk) values (228,2);
insert into fleur_type_feuille (fleur_fk, type_feuille_fk) values (228,0);
insert into fleur_disposition_feuille (fleur_fk, disposition_feuille_fk) values (228,0);
insert into fleur_pilosite_tige (fleur_fk, pilosite_tige_fk) values (228,0);
insert into fleur_pilosite_feuille (fleur_fk, pilosite_feuille_fk) values (228,0);
insert into fleur (id,directory_name,scientific_name,scientific_family_fk,doc_url) values (229,"Gremil_bleu_pourpre","Lithospermum purpurocaeruleum",14,"http://abiris.snv.jussieu.fr/flore/descriptions/Gremil_bleu_pourpre.html");
insert into taxonomy (lang, taxon, searched_taxon, fleur_fk, taxon_usuel) values ("fr","Grémil bleu-pourpre","gremil bleu-pourpre",229,1);
insert into taxonomy (lang, taxon, searched_taxon, fleur_fk, taxon_usuel) values ("la","Lithospermum purpurocaeruleum","lithospermum purpurocaeruleum",229,1);
insert into taxonomy (lang, taxon, searched_taxon, fleur_fk, taxon_usuel) values ("en","Purple Gromwell","purple gromwell",229,1);
insert into fleur_inflorescence (fleur_fk, inflorescence_fk) values (229,0);
insert into fleur_couleur (fleur_fk, couleur_fk) values (229,2);
insert into fleur_aspect (fleur_fk, aspect_fk) values (229,6);
insert into fleur_nb_petale (fleur_fk, nb_petale_fk) values (229,0);
insert into fleur_type_feuille (fleur_fk, type_feuille_fk) values (229,3);
insert into fleur_disposition_feuille (fleur_fk, disposition_feuille_fk) values (229,0);
insert into fleur_pilosite_tige (fleur_fk, pilosite_tige_fk) values (229,1);
insert into fleur_pilosite_feuille (fleur_fk, pilosite_feuille_fk) values (229,1);
insert into fleur (id,directory_name,scientific_name,scientific_family_fk,doc_url) values (230,"Guimauve","Althaea officinalisa",34,"http://abiris.snv.jussieu.fr/flore/descriptions/Guimauve.html");
insert into taxonomy (lang, taxon, searched_taxon, fleur_fk, taxon_usuel) values ("fr","Guimauve","guimauve",230,1);
insert into taxonomy (lang, taxon, searched_taxon, fleur_fk, taxon_usuel) values ("fr","Guimauve officinale","guimauve officinale",230,0);
insert into taxonomy (lang, taxon, searched_taxon, fleur_fk, taxon_usuel) values ("fr","Mauve blanche","mauve blanche",230,0);
insert into taxonomy (lang, taxon, searched_taxon, fleur_fk, taxon_usuel) values ("la","Althaea officinalisa","althaea officinalisa",230,1);
insert into taxonomy (lang, taxon, searched_taxon, fleur_fk, taxon_usuel) values ("en","marshmallow","marshmallow",230,1);
insert into fleur_inflorescence (fleur_fk, inflorescence_fk) values (230,0);
insert into fleur_couleur (fleur_fk, couleur_fk) values (230,0);
insert into fleur_aspect (fleur_fk, aspect_fk) values (230,0);
insert into fleur_nb_petale (fleur_fk, nb_petale_fk) values (230,0);
insert into fleur_type_feuille (fleur_fk, type_feuille_fk) values (230,2);
insert into fleur_disposition_feuille (fleur_fk, disposition_feuille_fk) values (230,0);
insert into fleur_pilosite_tige (fleur_fk, pilosite_tige_fk) values (230,1);
insert into fleur_pilosite_feuille (fleur_fk, pilosite_feuille_fk) values (230,1);
insert into fleur (id,directory_name,scientific_name,scientific_family_fk,doc_url) values (231,"Heliantheme_nummulaire","Helianthemum nummularium",35,"http://abiris.snv.jussieu.fr/flore/descriptions/Heliantheme_commun.html");
insert into taxonomy (lang, taxon, searched_taxon, fleur_fk, taxon_usuel) values ("fr","Hélianthème commun","heliantheme commun",231,1);
insert into taxonomy (lang, taxon, searched_taxon, fleur_fk, taxon_usuel) values ("fr","Hélianthème jaune","heliantheme jaune",231,0);
insert into taxonomy (lang, taxon, searched_taxon, fleur_fk, taxon_usuel) values ("fr","Hélianthème nummulaire","heliantheme nummulaire",231,0);
insert into taxonomy (lang, taxon, searched_taxon, fleur_fk, taxon_usuel) values ("la","Helianthemum nummularium","helianthemum nummularium",231,1);
insert into taxonomy (lang, taxon, searched_taxon, fleur_fk, taxon_usuel) values ("en","Common Rock-rose","common rock-rose",231,1);
insert into fleur_inflorescence (fleur_fk, inflorescence_fk) values (231,0);
insert into fleur_couleur (fleur_fk, couleur_fk) values (231,3);
insert into fleur_aspect (fleur_fk, aspect_fk) values (231,0);
insert into fleur_nb_petale (fleur_fk, nb_petale_fk) values (231,0);
insert into fleur_type_feuille (fleur_fk, type_feuille_fk) values (231,3);
insert into fleur_disposition_feuille (fleur_fk, disposition_feuille_fk) values (231,1);
insert into fleur_pilosite_tige (fleur_fk, pilosite_tige_fk) values (231,0);
insert into fleur_pilosite_feuille (fleur_fk, pilosite_feuille_fk) values (231,1);
insert into fleur (id,directory_name,scientific_name,scientific_family_fk,doc_url) values (232,"Heliantheme_tachete","Tuberaria guttata",35,"http://abiris.snv.jussieu.fr/flore/descriptions/Heliantheme_tachete.html");
insert into taxonomy (lang, taxon, searched_taxon, fleur_fk, taxon_usuel) values ("fr","Hélianthème tacheté","heliantheme tachete",232,1);
insert into taxonomy (lang, taxon, searched_taxon, fleur_fk, taxon_usuel) values ("fr","Hélianthème à gouttes","heliantheme a gouttes",232,0);
insert into taxonomy (lang, taxon, searched_taxon, fleur_fk, taxon_usuel) values ("fr","Hélianthème taché","heliantheme tache",232,0);
insert into taxonomy (lang, taxon, searched_taxon, fleur_fk, taxon_usuel) values ("la","Tuberaria guttata","tuberaria guttata",232,1);
insert into taxonomy (lang, taxon, searched_taxon, fleur_fk, taxon_usuel) values ("en","spotted rockrose","spotted rockrose",232,1);
insert into fleur_inflorescence (fleur_fk, inflorescence_fk) values (232,0);
insert into fleur_couleur (fleur_fk, couleur_fk) values (232,3);
insert into fleur_particularite (fleur_fk, particularite_fk) values (232,4);
insert into fleur_aspect (fleur_fk, aspect_fk) values (232,0);
insert into fleur_nb_petale (fleur_fk, nb_petale_fk) values (232,0);
insert into fleur_type_feuille (fleur_fk, type_feuille_fk) values (232,3);
insert into fleur_disposition_feuille (fleur_fk, disposition_feuille_fk) values (232,0);
insert into fleur_disposition_feuille (fleur_fk, disposition_feuille_fk) values (232,1);
insert into fleur_pilosite_tige (fleur_fk, pilosite_tige_fk) values (232,1);
insert into fleur_pilosite_feuille (fleur_fk, pilosite_feuille_fk) values (232,1);
insert into fleur (id,directory_name,scientific_name,scientific_family_fk,doc_url) values (233,"Heliotrope","Heliotropium europaeum",14,"http://abiris.snv.jussieu.fr/flore/descriptions/Heliotrope_d_Europe.html");
insert into taxonomy (lang, taxon, searched_taxon, fleur_fk, taxon_usuel) values ("fr","Héliotrope d'Europe","heliotrope d'europe",233,1);
insert into taxonomy (lang, taxon, searched_taxon, fleur_fk, taxon_usuel) values ("fr","Héliotrope commun","heliotrope commun",233,0);
insert into taxonomy (lang, taxon, searched_taxon, fleur_fk, taxon_usuel) values ("fr","Herbe de la Saint-Fiacre","herbe de la saint-fiacre",233,0);
insert into taxonomy (lang, taxon, searched_taxon, fleur_fk, taxon_usuel) values ("la","Heliotropium europaeum","heliotropium europaeum",233,1);
insert into taxonomy (lang, taxon, searched_taxon, fleur_fk, taxon_usuel) values ("en","European Heliotrope","european heliotrope",233,1);
insert into fleur_inflorescence (fleur_fk, inflorescence_fk) values (233,0);
insert into fleur_couleur (fleur_fk, couleur_fk) values (233,0);
insert into fleur_aspect (fleur_fk, aspect_fk) values (233,6);
insert into fleur_nb_petale (fleur_fk, nb_petale_fk) values (233,0);
insert into fleur_type_feuille (fleur_fk, type_feuille_fk) values (233,3);
insert into fleur_disposition_feuille (fleur_fk, disposition_feuille_fk) values (233,0);
insert into fleur_pilosite_tige (fleur_fk, pilosite_tige_fk) values (233,1);
insert into fleur_pilosite_feuille (fleur_fk, pilosite_feuille_fk) values (233,1);
insert into fleur (id,directory_name,scientific_name,scientific_family_fk,doc_url) values (234,"Inule_feuilles_de_saule","Inula salicina",1,"http://abiris.snv.jussieu.fr/flore/descriptions/Inule_a_feuilles_de_saule.html");
insert into taxonomy (lang, taxon, searched_taxon, fleur_fk, taxon_usuel) values ("fr","Inule à feuilles de saule","inule a feuilles de saule",234,1);
insert into taxonomy (lang, taxon, searched_taxon, fleur_fk, taxon_usuel) values ("la","Inula salicina","inula salicina",234,1);
insert into taxonomy (lang, taxon, searched_taxon, fleur_fk, taxon_usuel) values ("en","willowleaf yellowhead","willowleaf yellowhead",234,1);
insert into fleur_inflorescence (fleur_fk, inflorescence_fk) values (234,0);
insert into fleur_inflorescence (fleur_fk, inflorescence_fk) values (234,1);
insert into fleur_couleur (fleur_fk, couleur_fk) values (234,3);
insert into fleur_aspect (fleur_fk, aspect_fk) values (234,1);
insert into fleur_nb_petale (fleur_fk, nb_petale_fk) values (234,1);
insert into fleur_type_feuille (fleur_fk, type_feuille_fk) values (234,3);
insert into fleur_disposition_feuille (fleur_fk, disposition_feuille_fk) values (234,0);
insert into fleur_pilosite_tige (fleur_fk, pilosite_tige_fk) values (234,0);
insert into fleur_pilosite_tige (fleur_fk, pilosite_tige_fk) values (234,1);
insert into fleur_pilosite_feuille (fleur_fk, pilosite_feuille_fk) values (234,1);
insert into fleur (id,directory_name,scientific_name,scientific_family_fk,doc_url) values (235,"Inule_britannique","Inula britannica",1,"http://abiris.snv.jussieu.fr/flore/descriptions/Inule_britannique.html");
insert into taxonomy (lang, taxon, searched_taxon, fleur_fk, taxon_usuel) values ("fr","Inule britannique","inule britannique",235,1);
insert into taxonomy (lang, taxon, searched_taxon, fleur_fk, taxon_usuel) values ("la","Inula britannica","inula britannica",235,1);
insert into taxonomy (lang, taxon, searched_taxon, fleur_fk, taxon_usuel) values ("en","British yellowhead","british yellowhead",235,1);
insert into fleur_inflorescence (fleur_fk, inflorescence_fk) values (235,0);
insert into fleur_inflorescence (fleur_fk, inflorescence_fk) values (235,1);
insert into fleur_couleur (fleur_fk, couleur_fk) values (235,3);
insert into fleur_aspect (fleur_fk, aspect_fk) values (235,1);
insert into fleur_nb_petale (fleur_fk, nb_petale_fk) values (235,1);
insert into fleur_type_feuille (fleur_fk, type_feuille_fk) values (235,2);
insert into fleur_disposition_feuille (fleur_fk, disposition_feuille_fk) values (235,0);
insert into fleur_pilosite_tige (fleur_fk, pilosite_tige_fk) values (235,1);
insert into fleur_pilosite_feuille (fleur_fk, pilosite_feuille_fk) values (235,1);
insert into fleur (id,directory_name,scientific_name,scientific_family_fk,doc_url) values (236,"Inule_conyze","Inula conyza",1,"http://abiris.snv.jussieu.fr/flore/descriptions/Inule_conyze.html");
insert into taxonomy (lang, taxon, searched_taxon, fleur_fk, taxon_usuel) values ("fr","Inule conyze","inule conyze",236,1);
insert into taxonomy (lang, taxon, searched_taxon, fleur_fk, taxon_usuel) values ("fr","Herbe aux mouches","herbe aux mouches",236,0);
insert into taxonomy (lang, taxon, searched_taxon, fleur_fk, taxon_usuel) values ("la","Inula conyza","inula conyza",236,1);
insert into taxonomy (lang, taxon, searched_taxon, fleur_fk, taxon_usuel) values ("en","plougman's-spikenard","plougman's-spikenard",236,1);
insert into fleur_inflorescence (fleur_fk, inflorescence_fk) values (236,0);
insert into fleur_couleur (fleur_fk, couleur_fk) values (236,3);
insert into fleur_aspect (fleur_fk, aspect_fk) values (236,4);
insert into fleur_nb_petale (fleur_fk, nb_petale_fk) values (236,1);
insert into fleur_type_feuille (fleur_fk, type_feuille_fk) values (236,2);
insert into fleur_disposition_feuille (fleur_fk, disposition_feuille_fk) values (236,0);
insert into fleur_pilosite_tige (fleur_fk, pilosite_tige_fk) values (236,1);
insert into fleur_pilosite_feuille (fleur_fk, pilosite_feuille_fk) values (236,2);
insert into fleur (id,directory_name,scientific_name,scientific_family_fk,doc_url) values (237,"Inule_odorante","Dittrichia graveolens",1,"http://abiris.snv.jussieu.fr/flore/descriptions/Inule_odorante.html");
insert into taxonomy (lang, taxon, searched_taxon, fleur_fk, taxon_usuel) values ("fr","Inule odorante","inule odorante",237,1);
insert into taxonomy (lang, taxon, searched_taxon, fleur_fk, taxon_usuel) values ("fr","Inule fétide","inule fetide",237,0);
insert into taxonomy (lang, taxon, searched_taxon, fleur_fk, taxon_usuel) values ("la","Dittrichia graveolens","dittrichia graveolens",237,1);
insert into taxonomy (lang, taxon, searched_taxon, fleur_fk, taxon_usuel) values ("en","stinkwort","stinkwort",237,1);
insert into fleur_inflorescence (fleur_fk, inflorescence_fk) values (237,0);
insert into fleur_couleur (fleur_fk, couleur_fk) values (237,3);
insert into fleur_aspect (fleur_fk, aspect_fk) values (237,1);
insert into fleur_nb_petale (fleur_fk, nb_petale_fk) values (237,1);
insert into fleur_type_feuille (fleur_fk, type_feuille_fk) values (237,3);
insert into fleur_disposition_feuille (fleur_fk, disposition_feuille_fk) values (237,0);
insert into fleur_pilosite_tige (fleur_fk, pilosite_tige_fk) values (237,1);
insert into fleur_pilosite_feuille (fleur_fk, pilosite_feuille_fk) values (237,1);
insert into fleur (id,directory_name,scientific_name,scientific_family_fk,doc_url) values (238,"Iris_marais","Iris pseudacorus",36,"http://abiris.snv.jussieu.fr/flore/descriptions/Iris_des_marais.html");
insert into taxonomy (lang, taxon, searched_taxon, fleur_fk, taxon_usuel) values ("fr","Iris des marais","iris des marais",238,1);
insert into taxonomy (lang, taxon, searched_taxon, fleur_fk, taxon_usuel) values ("fr","Iris jaune","iris jaune",238,0);
insert into taxonomy (lang, taxon, searched_taxon, fleur_fk, taxon_usuel) values ("fr","Iris faux acore","iris faux acore",238,0);
insert into taxonomy (lang, taxon, searched_taxon, fleur_fk, taxon_usuel) values ("la","Iris pseudacorus","iris pseudacorus",238,1);
insert into taxonomy (lang, taxon, searched_taxon, fleur_fk, taxon_usuel) values ("en","yellow iris","yellow iris",238,1);
insert into fleur_inflorescence (fleur_fk, inflorescence_fk) values (238,0);
insert into fleur_couleur (fleur_fk, couleur_fk) values (238,3);
insert into fleur_aspect (fleur_fk, aspect_fk) values (238,0);
insert into fleur_aspect (fleur_fk, aspect_fk) values (238,6);
insert into fleur_nb_petale (fleur_fk, nb_petale_fk) values (238,3);
insert into fleur_type_feuille (fleur_fk, type_feuille_fk) values (238,3);
insert into fleur_disposition_feuille (fleur_fk, disposition_feuille_fk) values (238,0);
insert into fleur_pilosite_tige (fleur_fk, pilosite_tige_fk) values (238,0);
insert into fleur_pilosite_feuille (fleur_fk, pilosite_feuille_fk) values (238,0);
insert into fleur (id,directory_name,scientific_name,scientific_family_fk,doc_url) values (239,"Iris_fetide","Iris foetidissima",36,"http://abiris.snv.jussieu.fr/flore/descriptions/Iris_fetide.html");
insert into taxonomy (lang, taxon, searched_taxon, fleur_fk, taxon_usuel) values ("fr","Iris fétide","iris fetide",239,1);
insert into taxonomy (lang, taxon, searched_taxon, fleur_fk, taxon_usuel) values ("fr","Iris gigot","iris gigot",239,0);
insert into taxonomy (lang, taxon, searched_taxon, fleur_fk, taxon_usuel) values ("la","Iris foetidissima","iris foetidissima",239,1);
insert into taxonomy (lang, taxon, searched_taxon, fleur_fk, taxon_usuel) values ("en","Stinking iris","stinking iris",239,1);
insert into fleur_inflorescence (fleur_fk, inflorescence_fk) values (239,0);
insert into fleur_couleur (fleur_fk, couleur_fk) values (239,1);
insert into fleur_couleur (fleur_fk, couleur_fk) values (239,4);
insert into fleur_aspect (fleur_fk, aspect_fk) values (239,0);
insert into fleur_aspect (fleur_fk, aspect_fk) values (239,6);
insert into fleur_nb_petale (fleur_fk, nb_petale_fk) values (239,3);
insert into fleur_type_feuille (fleur_fk, type_feuille_fk) values (239,3);
insert into fleur_disposition_feuille (fleur_fk, disposition_feuille_fk) values (239,0);
insert into fleur_pilosite_tige (fleur_fk, pilosite_tige_fk) values (239,0);
insert into fleur_pilosite_feuille (fleur_fk, pilosite_feuille_fk) values (239,0);
insert into fleur (id,directory_name,scientific_name,scientific_family_fk,doc_url) values (240,"Jacinthe_des_bois","Hyacinthoides non-scripta",37,"http://abiris.snv.jussieu.fr/flore/descriptions/Jacinthe_des_bois.html");
insert into taxonomy (lang, taxon, searched_taxon, fleur_fk, taxon_usuel) values ("fr","Jacinthe des bois","jacinthe des bois",240,1);
insert into taxonomy (lang, taxon, searched_taxon, fleur_fk, taxon_usuel) values ("fr","Endymion penché","endymion penche",240,0);
insert into taxonomy (lang, taxon, searched_taxon, fleur_fk, taxon_usuel) values ("fr","Jacinthe sauvage","jacinthe sauvage",240,0);
insert into taxonomy (lang, taxon, searched_taxon, fleur_fk, taxon_usuel) values ("la","Hyacinthoides non-scripta","hyacinthoides non-scripta",240,1);
insert into taxonomy (lang, taxon, searched_taxon, fleur_fk, taxon_usuel) values ("en","common bluebell","common bluebell",240,1);
insert into fleur_inflorescence (fleur_fk, inflorescence_fk) values (240,0);
insert into fleur_couleur (fleur_fk, couleur_fk) values (240,2);
insert into fleur_particularite (fleur_fk, particularite_fk) values (240,0);
insert into fleur_aspect (fleur_fk, aspect_fk) values (240,6);
insert into fleur_nb_petale (fleur_fk, nb_petale_fk) values (240,3);
insert into fleur_type_feuille (fleur_fk, type_feuille_fk) values (240,3);
insert into fleur_disposition_feuille (fleur_fk, disposition_feuille_fk) values (240,3);
insert into fleur_pilosite_tige (fleur_fk, pilosite_tige_fk) values (240,0);
insert into fleur_pilosite_feuille (fleur_fk, pilosite_feuille_fk) values (240,0);
insert into fleur (id,directory_name,scientific_name,scientific_family_fk,doc_url) values (241,"Jasione_des_montagnes","Jasione montana",18,"http://abiris.snv.jussieu.fr/flore/descriptions/Jasione_des_montagnes.html");
insert into taxonomy (lang, taxon, searched_taxon, fleur_fk, taxon_usuel) values ("fr","Jasione des montagnes","jasione des montagnes",241,1);
insert into taxonomy (lang, taxon, searched_taxon, fleur_fk, taxon_usuel) values ("fr","Jasione ondulée","jasione ondulee",241,0);
insert into taxonomy (lang, taxon, searched_taxon, fleur_fk, taxon_usuel) values ("la","Jasione montana","jasione montana",241,1);
insert into taxonomy (lang, taxon, searched_taxon, fleur_fk, taxon_usuel) values ("en","Sheep's bit scabious","sheep's bit scabious",241,1);
insert into fleur_inflorescence (fleur_fk, inflorescence_fk) values (241,0);
insert into fleur_inflorescence (fleur_fk, inflorescence_fk) values (241,1);
insert into fleur_couleur (fleur_fk, couleur_fk) values (241,2);
insert into fleur_aspect (fleur_fk, aspect_fk) values (241,4);
insert into fleur_nb_petale (fleur_fk, nb_petale_fk) values (241,1);
insert into fleur_type_feuille (fleur_fk, type_feuille_fk) values (241,2);
insert into fleur_disposition_feuille (fleur_fk, disposition_feuille_fk) values (241,0);
insert into fleur_pilosite_tige (fleur_fk, pilosite_tige_fk) values (241,1);
insert into fleur_pilosite_feuille (fleur_fk, pilosite_feuille_fk) values (241,1);
insert into fleur (id,directory_name,scientific_name,scientific_family_fk,doc_url) values (242,"Jonquille","Narcissus pseudonarcissus",6,"http://abiris.snv.jussieu.fr/flore/descriptions/Jonquille.html");
insert into taxonomy (lang, taxon, searched_taxon, fleur_fk, taxon_usuel) values ("fr","Jonquille","jonquille",242,1);
insert into taxonomy (lang, taxon, searched_taxon, fleur_fk, taxon_usuel) values ("fr","Narcisse janne","narcisse janne",242,0);
insert into taxonomy (lang, taxon, searched_taxon, fleur_fk, taxon_usuel) values ("fr","Narcisse trompette","narcisse trompette",242,0);
insert into taxonomy (lang, taxon, searched_taxon, fleur_fk, taxon_usuel) values ("la","Narcissus pseudonarcissus","narcissus pseudonarcissus",242,1);
insert into taxonomy (lang, taxon, searched_taxon, fleur_fk, taxon_usuel) values ("en","wild daffodil","wild daffodil",242,1);
insert into fleur_inflorescence (fleur_fk, inflorescence_fk) values (242,1);
insert into fleur_couleur (fleur_fk, couleur_fk) values (242,3);
insert into fleur_aspect (fleur_fk, aspect_fk) values (242,6);
insert into fleur_nb_petale (fleur_fk, nb_petale_fk) values (242,3);
insert into fleur_type_feuille (fleur_fk, type_feuille_fk) values (242,3);
insert into fleur_disposition_feuille (fleur_fk, disposition_feuille_fk) values (242,3);
insert into fleur_pilosite_tige (fleur_fk, pilosite_tige_fk) values (242,0);
insert into fleur_pilosite_feuille (fleur_fk, pilosite_feuille_fk) values (242,0);
insert into fleur (id,directory_name,scientific_name,scientific_family_fk,doc_url) values (243,"Julienne","Hesperis matronalis",7,"http://abiris.snv.jussieu.fr/flore/descriptions/Julienne_des_dames.html");
insert into taxonomy (lang, taxon, searched_taxon, fleur_fk, taxon_usuel) values ("fr","Julienne des dames","julienne des dames",243,1);
insert into taxonomy (lang, taxon, searched_taxon, fleur_fk, taxon_usuel) values ("fr","giroflée des dames","giroflee des dames",243,0);
insert into taxonomy (lang, taxon, searched_taxon, fleur_fk, taxon_usuel) values ("fr","violette de Damas","violette de damas",243,0);
insert into taxonomy (lang, taxon, searched_taxon, fleur_fk, taxon_usuel) values ("la","Hesperis matronalis","hesperis matronalis",243,1);
insert into taxonomy (lang, taxon, searched_taxon, fleur_fk, taxon_usuel) values ("en","dame's rocket","dame's rocket",243,1);
insert into fleur_inflorescence (fleur_fk, inflorescence_fk) values (243,0);
insert into fleur_couleur (fleur_fk, couleur_fk) values (243,1);
insert into fleur_couleur (fleur_fk, couleur_fk) values (243,0);
insert into fleur_aspect (fleur_fk, aspect_fk) values (243,0);
insert into fleur_nb_petale (fleur_fk, nb_petale_fk) values (243,2);
insert into fleur_type_feuille (fleur_fk, type_feuille_fk) values (243,2);
insert into fleur_disposition_feuille (fleur_fk, disposition_feuille_fk) values (243,0);
insert into fleur_pilosite_tige (fleur_fk, pilosite_tige_fk) values (243,1);
insert into fleur_pilosite_feuille (fleur_fk, pilosite_feuille_fk) values (243,1);
insert into fleur (id,directory_name,scientific_name,scientific_family_fk,doc_url) values (244,"Jussie_grandes_fleurs","Ludwigia grandiflora",28,"http://abiris.snv.jussieu.fr/flore/descriptions/Jussie_a_grandes_fleurs.html");
insert into taxonomy (lang, taxon, searched_taxon, fleur_fk, taxon_usuel) values ("fr","Jussie à grandes fleurs","jussie a grandes fleurs",244,1);
insert into taxonomy (lang, taxon, searched_taxon, fleur_fk, taxon_usuel) values ("fr","Ludwigie à grandes fleurs. ","ludwigie a grandes fleurs. ",244,0);
insert into taxonomy (lang, taxon, searched_taxon, fleur_fk, taxon_usuel) values ("la","Ludwigia grandiflora","ludwigia grandiflora",244,1);
insert into taxonomy (lang, taxon, searched_taxon, fleur_fk, taxon_usuel) values ("en","large-flower primrose-willow","large-flower primrose-willow",244,1);
insert into fleur_inflorescence (fleur_fk, inflorescence_fk) values (244,0);
insert into fleur_inflorescence (fleur_fk, inflorescence_fk) values (244,1);
insert into fleur_couleur (fleur_fk, couleur_fk) values (244,3);
insert into fleur_aspect (fleur_fk, aspect_fk) values (244,0);
insert into fleur_nb_petale (fleur_fk, nb_petale_fk) values (244,0);
insert into fleur_type_feuille (fleur_fk, type_feuille_fk) values (244,3);
insert into fleur_disposition_feuille (fleur_fk, disposition_feuille_fk) values (244,0);
insert into fleur_pilosite_tige (fleur_fk, pilosite_tige_fk) values (244,1);
insert into fleur_pilosite_feuille (fleur_fk, pilosite_feuille_fk) values (244,0);
insert into fleur (id,directory_name,scientific_name,scientific_family_fk,doc_url) values (245,"Knautia_champs","Knautia arvensis",19,"http://abiris.snv.jussieu.fr/flore/descriptions/Knautie_des_champs.html");
insert into taxonomy (lang, taxon, searched_taxon, fleur_fk, taxon_usuel) values ("fr","Knautie des champs","knautie des champs",245,1);
insert into taxonomy (lang, taxon, searched_taxon, fleur_fk, taxon_usuel) values ("fr","Scabieuse des champs","scabieuse des champs",245,0);
insert into taxonomy (lang, taxon, searched_taxon, fleur_fk, taxon_usuel) values ("la","Knautia arvensis","knautia arvensis",245,1);
insert into taxonomy (lang, taxon, searched_taxon, fleur_fk, taxon_usuel) values ("en","Field Scabious","field scabious",245,1);
insert into fleur_inflorescence (fleur_fk, inflorescence_fk) values (245,0);
insert into fleur_couleur (fleur_fk, couleur_fk) values (245,1);
insert into fleur_aspect (fleur_fk, aspect_fk) values (245,4);
insert into fleur_nb_petale (fleur_fk, nb_petale_fk) values (245,1);
insert into fleur_type_feuille (fleur_fk, type_feuille_fk) values (245,1);
insert into fleur_type_feuille (fleur_fk, type_feuille_fk) values (245,2);
insert into fleur_type_feuille (fleur_fk, type_feuille_fk) values (245,3);
insert into fleur_disposition_feuille (fleur_fk, disposition_feuille_fk) values (245,1);
insert into fleur_pilosite_tige (fleur_fk, pilosite_tige_fk) values (245,1);
insert into fleur_pilosite_feuille (fleur_fk, pilosite_feuille_fk) values (245,1);
insert into fleur (id,directory_name,scientific_name,scientific_family_fk,doc_url) values (246,"Laiteron_apre","Sonchus asper",1,"http://abiris.snv.jussieu.fr/flore/descriptions/Laiteron_apre.html");
insert into taxonomy (lang, taxon, searched_taxon, fleur_fk, taxon_usuel) values ("fr","Laiteron âpre","laiteron apre",246,1);
insert into taxonomy (lang, taxon, searched_taxon, fleur_fk, taxon_usuel) values ("fr","Laiteron piquant","laiteron piquant",246,0);
insert into taxonomy (lang, taxon, searched_taxon, fleur_fk, taxon_usuel) values ("fr","Laiteron rude","laiteron rude",246,0);
insert into taxonomy (lang, taxon, searched_taxon, fleur_fk, taxon_usuel) values ("la","Sonchus asper","sonchus asper",246,1);
insert into taxonomy (lang, taxon, searched_taxon, fleur_fk, taxon_usuel) values ("en","sharp-fringed sow thistle","sharp-fringed sow thistle",246,1);
insert into fleur_inflorescence (fleur_fk, inflorescence_fk) values (246,0);
insert into fleur_couleur (fleur_fk, couleur_fk) values (246,3);
insert into fleur_aspect (fleur_fk, aspect_fk) values (246,4);
insert into fleur_nb_petale (fleur_fk, nb_petale_fk) values (246,1);
insert into fleur_type_feuille (fleur_fk, type_feuille_fk) values (246,2);
insert into fleur_disposition_feuille (fleur_fk, disposition_feuille_fk) values (246,0);
insert into fleur_pilosite_tige (fleur_fk, pilosite_tige_fk) values (246,0);
insert into fleur_pilosite_feuille (fleur_fk, pilosite_feuille_fk) values (246,0);
insert into fleur (id,directory_name,scientific_name,scientific_family_fk,doc_url) values (247,"Laiteron_champs","Sonchus arvensis",1,"http://abiris.snv.jussieu.fr/flore/descriptions/Laiteron_des_champs.html");
insert into taxonomy (lang, taxon, searched_taxon, fleur_fk, taxon_usuel) values ("fr","Laiteron des champs","laiteron des champs",247,1);
insert into taxonomy (lang, taxon, searched_taxon, fleur_fk, taxon_usuel) values ("la","Sonchus arvensis","sonchus arvensis",247,1);
insert into taxonomy (lang, taxon, searched_taxon, fleur_fk, taxon_usuel) values ("en","field sow thistle","field sow thistle",247,1);
insert into fleur_inflorescence (fleur_fk, inflorescence_fk) values (247,0);
insert into fleur_couleur (fleur_fk, couleur_fk) values (247,3);
insert into fleur_aspect (fleur_fk, aspect_fk) values (247,4);
insert into fleur_nb_petale (fleur_fk, nb_petale_fk) values (247,1);
insert into fleur_type_feuille (fleur_fk, type_feuille_fk) values (247,1);
insert into fleur_disposition_feuille (fleur_fk, disposition_feuille_fk) values (247,0);
insert into fleur_pilosite_tige (fleur_fk, pilosite_tige_fk) values (247,0);
insert into fleur_pilosite_feuille (fleur_fk, pilosite_feuille_fk) values (247,0);
insert into fleur (id,directory_name,scientific_name,scientific_family_fk,doc_url) values (248,"Laiteron_maraicher","Sonchus oleraceus",1,"http://abiris.snv.jussieu.fr/flore/descriptions/Laiteron_maraicher.html");
insert into taxonomy (lang, taxon, searched_taxon, fleur_fk, taxon_usuel) values ("fr","Laiteron maraîcher","laiteron maraicher",248,1);
insert into taxonomy (lang, taxon, searched_taxon, fleur_fk, taxon_usuel) values ("fr","Laiteron potager","laiteron potager",248,0);
insert into taxonomy (lang, taxon, searched_taxon, fleur_fk, taxon_usuel) values ("la","Sonchus oleraceus","sonchus oleraceus",248,1);
insert into taxonomy (lang, taxon, searched_taxon, fleur_fk, taxon_usuel) values ("en","common sow thistle","common sow thistle",248,1);
insert into fleur_inflorescence (fleur_fk, inflorescence_fk) values (248,0);
insert into fleur_couleur (fleur_fk, couleur_fk) values (248,3);
insert into fleur_aspect (fleur_fk, aspect_fk) values (248,4);
insert into fleur_nb_petale (fleur_fk, nb_petale_fk) values (248,1);
insert into fleur_type_feuille (fleur_fk, type_feuille_fk) values (248,1);
insert into fleur_disposition_feuille (fleur_fk, disposition_feuille_fk) values (248,0);
insert into fleur_pilosite_tige (fleur_fk, pilosite_tige_fk) values (248,0);
insert into fleur_pilosite_feuille (fleur_fk, pilosite_feuille_fk) values (248,0);
insert into fleur (id,directory_name,scientific_name,scientific_family_fk,doc_url) values (249,"Laitue_murs","Mycelis muralis",1,"http://abiris.snv.jussieu.fr/flore/descriptions/Laitue_des_murs.html");
insert into taxonomy (lang, taxon, searched_taxon, fleur_fk, taxon_usuel) values ("fr","Laitue des murs","laitue des murs",249,1);
insert into taxonomy (lang, taxon, searched_taxon, fleur_fk, taxon_usuel) values ("fr","Laitue des murailles","laitue des murailles",249,0);
insert into taxonomy (lang, taxon, searched_taxon, fleur_fk, taxon_usuel) values ("la","Mycelis muralis","mycelis muralis",249,1);
insert into taxonomy (lang, taxon, searched_taxon, fleur_fk, taxon_usuel) values ("en","wall lettuce","wall lettuce",249,1);
insert into fleur_inflorescence (fleur_fk, inflorescence_fk) values (249,0);
insert into fleur_couleur (fleur_fk, couleur_fk) values (249,3);
insert into fleur_aspect (fleur_fk, aspect_fk) values (249,4);
insert into fleur_nb_petale (fleur_fk, nb_petale_fk) values (249,0);
insert into fleur_type_feuille (fleur_fk, type_feuille_fk) values (249,1);
insert into fleur_disposition_feuille (fleur_fk, disposition_feuille_fk) values (249,0);
insert into fleur_pilosite_tige (fleur_fk, pilosite_tige_fk) values (249,0);
insert into fleur_pilosite_feuille (fleur_fk, pilosite_feuille_fk) values (249,0);
insert into fleur (id,directory_name,scientific_name,scientific_family_fk,doc_url) values (250,"Laitue_scariole","Lactuca serriola",1,"http://abiris.snv.jussieu.fr/flore/descriptions/Laitue_scariole.html");
insert into taxonomy (lang, taxon, searched_taxon, fleur_fk, taxon_usuel) values ("fr","Laitue scariole","laitue scariole",250,1);
insert into taxonomy (lang, taxon, searched_taxon, fleur_fk, taxon_usuel) values ("fr","Laitue sauvage","laitue sauvage",250,0);
insert into taxonomy (lang, taxon, searched_taxon, fleur_fk, taxon_usuel) values ("la","Lactuca serriola","lactuca serriola",250,1);
insert into taxonomy (lang, taxon, searched_taxon, fleur_fk, taxon_usuel) values ("en","prickly lettuce","prickly lettuce",250,1);
insert into fleur_inflorescence (fleur_fk, inflorescence_fk) values (250,0);
insert into fleur_couleur (fleur_fk, couleur_fk) values (250,3);
insert into fleur_aspect (fleur_fk, aspect_fk) values (250,4);
insert into fleur_nb_petale (fleur_fk, nb_petale_fk) values (250,1);
insert into fleur_type_feuille (fleur_fk, type_feuille_fk) values (250,2);
insert into fleur_disposition_feuille (fleur_fk, disposition_feuille_fk) values (250,0);
insert into fleur_pilosite_tige (fleur_fk, pilosite_tige_fk) values (250,0);
insert into fleur_pilosite_feuille (fleur_fk, pilosite_feuille_fk) values (250,0);
insert into fleur (id,directory_name,scientific_name,scientific_family_fk,doc_url) values (251,"Lamier_amplexicaule","Lamium amplexicaule",3,"http://abiris.snv.jussieu.fr/flore/descriptions/Lamier_amplexicaule.html");
insert into taxonomy (lang, taxon, searched_taxon, fleur_fk, taxon_usuel) values ("fr","Lamier amplexicaule","lamier amplexicaule",251,1);
insert into taxonomy (lang, taxon, searched_taxon, fleur_fk, taxon_usuel) values ("la","Lamium amplexicaule","lamium amplexicaule",251,1);
insert into taxonomy (lang, taxon, searched_taxon, fleur_fk, taxon_usuel) values ("en","henbit deadnettle","henbit deadnettle",251,1);
insert into fleur_inflorescence (fleur_fk, inflorescence_fk) values (251,0);
insert into fleur_couleur (fleur_fk, couleur_fk) values (251,1);
insert into fleur_particularite (fleur_fk, particularite_fk) values (251,4);
insert into fleur_aspect (fleur_fk, aspect_fk) values (251,3);
insert into fleur_nb_petale (fleur_fk, nb_petale_fk) values (251,0);
insert into fleur_type_feuille (fleur_fk, type_feuille_fk) values (251,2);
insert into fleur_disposition_feuille (fleur_fk, disposition_feuille_fk) values (251,1);
insert into fleur_pilosite_tige (fleur_fk, pilosite_tige_fk) values (251,1);
insert into fleur_pilosite_feuille (fleur_fk, pilosite_feuille_fk) values (251,1);
insert into fleur (id,directory_name,scientific_name,scientific_family_fk,doc_url) values (252,"Lamier_blanc","Lamium album",3,"http://abiris.snv.jussieu.fr/flore/descriptions/Lamier_blanc.html");
insert into taxonomy (lang, taxon, searched_taxon, fleur_fk, taxon_usuel) values ("fr","Lamier blanc","lamier blanc",252,1);
insert into taxonomy (lang, taxon, searched_taxon, fleur_fk, taxon_usuel) values ("fr","Ortie blanche","ortie blanche",252,0);
insert into taxonomy (lang, taxon, searched_taxon, fleur_fk, taxon_usuel) values ("la","Lamium album","lamium album",252,1);
insert into taxonomy (lang, taxon, searched_taxon, fleur_fk, taxon_usuel) values ("en","white deadnettle","white deadnettle",252,1);
insert into fleur_inflorescence (fleur_fk, inflorescence_fk) values (252,0);
insert into fleur_couleur (fleur_fk, couleur_fk) values (252,0);
insert into fleur_aspect (fleur_fk, aspect_fk) values (252,3);
insert into fleur_nb_petale (fleur_fk, nb_petale_fk) values (252,0);
insert into fleur_type_feuille (fleur_fk, type_feuille_fk) values (252,2);
insert into fleur_disposition_feuille (fleur_fk, disposition_feuille_fk) values (252,1);
insert into fleur_pilosite_tige (fleur_fk, pilosite_tige_fk) values (252,1);
insert into fleur_pilosite_feuille (fleur_fk, pilosite_feuille_fk) values (252,1);
insert into fleur (id,directory_name,scientific_name,scientific_family_fk,doc_url) values (253,"Lamier_jaune","Lamium galeobdolon",3,"http://abiris.snv.jussieu.fr/flore/descriptions/Lamier_jaune.html");
insert into taxonomy (lang, taxon, searched_taxon, fleur_fk, taxon_usuel) values ("fr","Lamier jaune","lamier jaune",253,1);
insert into taxonomy (lang, taxon, searched_taxon, fleur_fk, taxon_usuel) values ("fr","Ortie jaune","ortie jaune",253,0);
insert into taxonomy (lang, taxon, searched_taxon, fleur_fk, taxon_usuel) values ("la","Lamium galeobdolon","lamium galeobdolon",253,1);
insert into taxonomy (lang, taxon, searched_taxon, fleur_fk, taxon_usuel) values ("en","yellow archangel","yellow archangel",253,1);
insert into fleur_inflorescence (fleur_fk, inflorescence_fk) values (253,0);
insert into fleur_couleur (fleur_fk, couleur_fk) values (253,3);
insert into fleur_particularite (fleur_fk, particularite_fk) values (253,4);
insert into fleur_aspect (fleur_fk, aspect_fk) values (253,3);
insert into fleur_nb_petale (fleur_fk, nb_petale_fk) values (253,2);
insert into fleur_type_feuille (fleur_fk, type_feuille_fk) values (253,2);
insert into fleur_disposition_feuille (fleur_fk, disposition_feuille_fk) values (253,1);
insert into fleur_pilosite_tige (fleur_fk, pilosite_tige_fk) values (253,1);
insert into fleur_pilosite_feuille (fleur_fk, pilosite_feuille_fk) values (253,1);
insert into fleur (id,directory_name,scientific_name,scientific_family_fk,doc_url) values (254,"Lamier_pourpre","Lamium purpureum",3,"http://abiris.snv.jussieu.fr/flore/descriptions/Lamier_pourpre.html");
insert into taxonomy (lang, taxon, searched_taxon, fleur_fk, taxon_usuel) values ("fr","Lamier pourpre","lamier pourpre",254,1);
insert into taxonomy (lang, taxon, searched_taxon, fleur_fk, taxon_usuel) values ("fr","Pain de poulet","pain de poulet",254,0);
insert into taxonomy (lang, taxon, searched_taxon, fleur_fk, taxon_usuel) values ("fr","Ortie rouge","ortie rouge",254,0);
insert into taxonomy (lang, taxon, searched_taxon, fleur_fk, taxon_usuel) values ("la","Lamium purpureum","lamium purpureum",254,1);
insert into taxonomy (lang, taxon, searched_taxon, fleur_fk, taxon_usuel) values ("en","red deadnettle","red deadnettle",254,1);
insert into fleur_inflorescence (fleur_fk, inflorescence_fk) values (254,0);
insert into fleur_couleur (fleur_fk, couleur_fk) values (254,1);
insert into fleur_couleur (fleur_fk, couleur_fk) values (254,0);
insert into fleur_particularite (fleur_fk, particularite_fk) values (254,4);
insert into fleur_aspect (fleur_fk, aspect_fk) values (254,3);
insert into fleur_nb_petale (fleur_fk, nb_petale_fk) values (254,0);
insert into fleur_type_feuille (fleur_fk, type_feuille_fk) values (254,2);
insert into fleur_disposition_feuille (fleur_fk, disposition_feuille_fk) values (254,0);
insert into fleur_pilosite_tige (fleur_fk, pilosite_tige_fk) values (254,0);
insert into fleur_pilosite_feuille (fleur_fk, pilosite_feuille_fk) values (254,1);
insert into fleur (id,directory_name,scientific_name,scientific_family_fk,doc_url) values (255,"Lamier_tachete","Lamium maculatum",3,"http://abiris.snv.jussieu.fr/flore/descriptions/Lamier_tachete.html");
insert into taxonomy (lang, taxon, searched_taxon, fleur_fk, taxon_usuel) values ("fr","Lamier tacheté","lamier tachete",255,1);
insert into taxonomy (lang, taxon, searched_taxon, fleur_fk, taxon_usuel) values ("fr","Lamier maculé","lamier macule",255,0);
insert into taxonomy (lang, taxon, searched_taxon, fleur_fk, taxon_usuel) values ("la","Lamium maculatum","lamium maculatum",255,1);
insert into taxonomy (lang, taxon, searched_taxon, fleur_fk, taxon_usuel) values ("en","spotted white deadnettle","spotted white deadnettle",255,1);
insert into fleur_inflorescence (fleur_fk, inflorescence_fk) values (255,0);
insert into fleur_couleur (fleur_fk, couleur_fk) values (255,1);
insert into fleur_particularite (fleur_fk, particularite_fk) values (255,4);
insert into fleur_aspect (fleur_fk, aspect_fk) values (255,3);
insert into fleur_nb_petale (fleur_fk, nb_petale_fk) values (255,0);
insert into fleur_type_feuille (fleur_fk, type_feuille_fk) values (255,2);
insert into fleur_disposition_feuille (fleur_fk, disposition_feuille_fk) values (255,1);
insert into fleur_pilosite_tige (fleur_fk, pilosite_tige_fk) values (255,1);
insert into fleur_pilosite_feuille (fleur_fk, pilosite_feuille_fk) values (255,1);
insert into fleur (id,directory_name,scientific_name,scientific_family_fk,doc_url) values (256,"Lampourde_Italie","Xanthium orientale subsp. italicum ",1,"http://abiris.snv.jussieu.fr/flore/descriptions/Lampourde_d_Italie.html");
insert into taxonomy (lang, taxon, searched_taxon, fleur_fk, taxon_usuel) values ("fr","Lampourde d'Italie","lampourde d'italie",256,1);
insert into taxonomy (lang, taxon, searched_taxon, fleur_fk, taxon_usuel) values ("la","Xanthium orientale subsp. italicum ","xanthium orientale subsp. italicum ",256,1);
insert into taxonomy (lang, taxon, searched_taxon, fleur_fk, taxon_usuel) values ("en","Canada cocklebur","canada cocklebur",256,1);
insert into fleur_inflorescence (fleur_fk, inflorescence_fk) values (256,0);
insert into fleur_couleur (fleur_fk, couleur_fk) values (256,3);
insert into fleur_couleur (fleur_fk, couleur_fk) values (256,5);
insert into fleur_aspect (fleur_fk, aspect_fk) values (256,5);
insert into fleur_nb_petale (fleur_fk, nb_petale_fk) values (256,6);
insert into fleur_type_feuille (fleur_fk, type_feuille_fk) values (256,2);
insert into fleur_disposition_feuille (fleur_fk, disposition_feuille_fk) values (256,0);
insert into fleur_pilosite_tige (fleur_fk, pilosite_tige_fk) values (256,1);
insert into fleur_pilosite_feuille (fleur_fk, pilosite_feuille_fk) values (256,1);
insert into fleur (id,directory_name,scientific_name,scientific_family_fk,doc_url) values (257,"Lampsane_commune","Lapsana communis",1,"http://abiris.snv.jussieu.fr/flore/descriptions/Lampsane_commune.html");
insert into taxonomy (lang, taxon, searched_taxon, fleur_fk, taxon_usuel) values ("fr","Lampsane commune","lampsane commune",257,1);
insert into taxonomy (lang, taxon, searched_taxon, fleur_fk, taxon_usuel) values ("la","Lapsana communis","lapsana communis",257,1);
insert into taxonomy (lang, taxon, searched_taxon, fleur_fk, taxon_usuel) values ("en","common nipplewort","common nipplewort",257,1);
insert into fleur_inflorescence (fleur_fk, inflorescence_fk) values (257,0);
insert into fleur_couleur (fleur_fk, couleur_fk) values (257,3);
insert into fleur_aspect (fleur_fk, aspect_fk) values (257,4);
insert into fleur_nb_petale (fleur_fk, nb_petale_fk) values (257,1);
insert into fleur_type_feuille (fleur_fk, type_feuille_fk) values (257,1);
insert into fleur_type_feuille (fleur_fk, type_feuille_fk) values (257,2);
insert into fleur_disposition_feuille (fleur_fk, disposition_feuille_fk) values (257,0);
insert into fleur_pilosite_tige (fleur_fk, pilosite_tige_fk) values (257,0);
insert into fleur_pilosite_tige (fleur_fk, pilosite_tige_fk) values (257,1);
insert into fleur_pilosite_feuille (fleur_fk, pilosite_feuille_fk) values (257,1);
insert into fleur (id,directory_name,scientific_name,scientific_family_fk,doc_url) values (258,"Lierre","Hedera helix",38,"http://abiris.snv.jussieu.fr/flore/descriptions/Lierre.html");
insert into taxonomy (lang, taxon, searched_taxon, fleur_fk, taxon_usuel) values ("fr","Lierre","lierre",258,1);
insert into taxonomy (lang, taxon, searched_taxon, fleur_fk, taxon_usuel) values ("fr","Lierre grimpant","lierre grimpant",258,0);
insert into taxonomy (lang, taxon, searched_taxon, fleur_fk, taxon_usuel) values ("la","Hedera helix","hedera helix",258,1);
insert into taxonomy (lang, taxon, searched_taxon, fleur_fk, taxon_usuel) values ("en","English ivy ","english ivy ",258,1);
insert into fleur_inflorescence (fleur_fk, inflorescence_fk) values (258,0);
insert into fleur_couleur (fleur_fk, couleur_fk) values (258,5);
insert into fleur_couleur (fleur_fk, couleur_fk) values (258,3);
insert into fleur_aspect (fleur_fk, aspect_fk) values (258,0);
insert into fleur_nb_petale (fleur_fk, nb_petale_fk) values (258,0);
insert into fleur_type_feuille (fleur_fk, type_feuille_fk) values (258,3);
insert into fleur_disposition_feuille (fleur_fk, disposition_feuille_fk) values (258,0);
insert into fleur_pilosite_tige (fleur_fk, pilosite_tige_fk) values (258,0);
insert into fleur_pilosite_feuille (fleur_fk, pilosite_feuille_fk) values (258,0);
insert into fleur (id,directory_name,scientific_name,scientific_family_fk,doc_url) values (260,"","Limodorum abortivum",20,"http://abiris.snv.jussieu.fr/flore/descriptions/Limodore_a_feuilles_avortees.html");
insert into taxonomy (lang, taxon, searched_taxon, fleur_fk, taxon_usuel) values ("fr","Limodore à feuilles avortées","limodore a feuilles avortees",260,1);
insert into taxonomy (lang, taxon, searched_taxon, fleur_fk, taxon_usuel) values ("fr","Limodore sans feuille","limodore sans feuille",260,0);
insert into taxonomy (lang, taxon, searched_taxon, fleur_fk, taxon_usuel) values ("la","Limodorum abortivum","limodorum abortivum",260,1);
insert into taxonomy (lang, taxon, searched_taxon, fleur_fk, taxon_usuel) values ("en","Violet Limodore","violet limodore",260,1);
insert into fleur_inflorescence (fleur_fk, inflorescence_fk) values (260,0);
insert into fleur_couleur (fleur_fk, couleur_fk) values (260,2);
insert into fleur_couleur (fleur_fk, couleur_fk) values (260,0);
insert into fleur_particularite (fleur_fk, particularite_fk) values (260,2);
insert into fleur_particularite (fleur_fk, particularite_fk) values (260,5);
insert into fleur_aspect (fleur_fk, aspect_fk) values (260,2);
insert into fleur_nb_petale (fleur_fk, nb_petale_fk) values (260,3);
insert into fleur_type_feuille (fleur_fk, type_feuille_fk) values (260,4);
insert into fleur_disposition_feuille (fleur_fk, disposition_feuille_fk) values (260,0);
insert into fleur_pilosite_tige (fleur_fk, pilosite_tige_fk) values (260,0);
insert into fleur_pilosite_feuille (fleur_fk, pilosite_feuille_fk) values (260,0);
insert into fleur (id,directory_name,scientific_name,scientific_family_fk,doc_url) values (261,"Lin_bisannuel","Linum bienne",39,"http://abiris.snv.jussieu.fr/flore/descriptions/Lin_bisannuel.html");
insert into taxonomy (lang, taxon, searched_taxon, fleur_fk, taxon_usuel) values ("fr","Lin bisannuel","lin bisannuel",261,1);
insert into taxonomy (lang, taxon, searched_taxon, fleur_fk, taxon_usuel) values ("fr","Lin à feuilles étroites","lin a feuilles etroites",261,0);
insert into taxonomy (lang, taxon, searched_taxon, fleur_fk, taxon_usuel) values ("la","Linum bienne","linum bienne",261,1);
insert into taxonomy (lang, taxon, searched_taxon, fleur_fk, taxon_usuel) values ("en","pale flax ","pale flax ",261,1);
insert into fleur_inflorescence (fleur_fk, inflorescence_fk) values (261,0);
insert into fleur_couleur (fleur_fk, couleur_fk) values (261,1);
insert into fleur_aspect (fleur_fk, aspect_fk) values (261,0);
insert into fleur_nb_petale (fleur_fk, nb_petale_fk) values (261,0);
insert into fleur_type_feuille (fleur_fk, type_feuille_fk) values (261,3);
insert into fleur_disposition_feuille (fleur_fk, disposition_feuille_fk) values (261,0);
insert into fleur_pilosite_tige (fleur_fk, pilosite_tige_fk) values (261,0);
insert into fleur_pilosite_feuille (fleur_fk, pilosite_feuille_fk) values (261,0);
insert into fleur (id,directory_name,scientific_name,scientific_family_fk,doc_url) values (262,"Lin_purgatif","Linum catharticum",39,"http://abiris.snv.jussieu.fr/flore/descriptions/Lin_purgatif.html");
insert into taxonomy (lang, taxon, searched_taxon, fleur_fk, taxon_usuel) values ("fr","Lin purgatif","lin purgatif",262,1);
insert into taxonomy (lang, taxon, searched_taxon, fleur_fk, taxon_usuel) values ("la","Linum catharticum","linum catharticum",262,1);
insert into taxonomy (lang, taxon, searched_taxon, fleur_fk, taxon_usuel) values ("en","fairy flax","fairy flax",262,1);
insert into fleur_inflorescence (fleur_fk, inflorescence_fk) values (262,0);
insert into fleur_couleur (fleur_fk, couleur_fk) values (262,0);
insert into fleur_particularite (fleur_fk, particularite_fk) values (262,4);
insert into fleur_aspect (fleur_fk, aspect_fk) values (262,0);
insert into fleur_nb_petale (fleur_fk, nb_petale_fk) values (262,0);
insert into fleur_type_feuille (fleur_fk, type_feuille_fk) values (262,3);
insert into fleur_disposition_feuille (fleur_fk, disposition_feuille_fk) values (262,1);
insert into fleur_pilosite_tige (fleur_fk, pilosite_tige_fk) values (262,0);
insert into fleur_pilosite_feuille (fleur_fk, pilosite_feuille_fk) values (262,0);
insert into fleur (id,directory_name,scientific_name,scientific_family_fk,doc_url) values (263,"Linaire_batarde","Kickxia spuria",27,"http://abiris.snv.jussieu.fr/flore/descriptions/Linaire_batarde.html");
insert into taxonomy (lang, taxon, searched_taxon, fleur_fk, taxon_usuel) values ("fr","Linaire bâtarde","linaire batarde",263,1);
insert into taxonomy (lang, taxon, searched_taxon, fleur_fk, taxon_usuel) values ("fr","Fausse velvote","fausse velvote",263,0);
insert into taxonomy (lang, taxon, searched_taxon, fleur_fk, taxon_usuel) values ("la","Kickxia spuria","kickxia spuria",263,1);
insert into taxonomy (lang, taxon, searched_taxon, fleur_fk, taxon_usuel) values ("en","roundleaf cancerwort ","roundleaf cancerwort ",263,1);
insert into fleur_inflorescence (fleur_fk, inflorescence_fk) values (263,0);
insert into fleur_inflorescence (fleur_fk, inflorescence_fk) values (263,1);
insert into fleur_couleur (fleur_fk, couleur_fk) values (263,3);
insert into fleur_couleur (fleur_fk, couleur_fk) values (263,4);
insert into fleur_particularite (fleur_fk, particularite_fk) values (263,2);
insert into fleur_particularite (fleur_fk, particularite_fk) values (263,4);
insert into fleur_aspect (fleur_fk, aspect_fk) values (263,3);
insert into fleur_nb_petale (fleur_fk, nb_petale_fk) values (263,0);
insert into fleur_type_feuille (fleur_fk, type_feuille_fk) values (263,2);
insert into fleur_disposition_feuille (fleur_fk, disposition_feuille_fk) values (263,0);
insert into fleur_disposition_feuille (fleur_fk, disposition_feuille_fk) values (263,1);
insert into fleur_pilosite_tige (fleur_fk, pilosite_tige_fk) values (263,1);
insert into fleur_pilosite_feuille (fleur_fk, pilosite_feuille_fk) values (263,1);
insert into fleur (id,directory_name,scientific_name,scientific_family_fk,doc_url) values (264,"Linaire_commune","Linaria vulgaris",27,"http://abiris.snv.jussieu.fr/flore/descriptions/Linaire_commune.html");
insert into taxonomy (lang, taxon, searched_taxon, fleur_fk, taxon_usuel) values ("fr","Linaire commune","linaire commune",264,1);
insert into taxonomy (lang, taxon, searched_taxon, fleur_fk, taxon_usuel) values ("la","Linaria vulgaris","linaria vulgaris",264,1);
insert into taxonomy (lang, taxon, searched_taxon, fleur_fk, taxon_usuel) values ("en","Common Toadflax","common toadflax",264,1);
insert into fleur_inflorescence (fleur_fk, inflorescence_fk) values (264,0);
insert into fleur_couleur (fleur_fk, couleur_fk) values (264,3);
insert into fleur_particularite (fleur_fk, particularite_fk) values (264,2);
insert into fleur_particularite (fleur_fk, particularite_fk) values (264,4);
insert into fleur_aspect (fleur_fk, aspect_fk) values (264,3);
insert into fleur_nb_petale (fleur_fk, nb_petale_fk) values (264,0);
insert into fleur_type_feuille (fleur_fk, type_feuille_fk) values (264,3);
insert into fleur_disposition_feuille (fleur_fk, disposition_feuille_fk) values (264,0);
insert into fleur_pilosite_tige (fleur_fk, pilosite_tige_fk) values (264,0);
insert into fleur_pilosite_feuille (fleur_fk, pilosite_feuille_fk) values (264,0);
insert into fleur (id,directory_name,scientific_name,scientific_family_fk,doc_url) values (265,"Linaire_couchee","Linaria supina",27,"");
insert into taxonomy (lang, taxon, searched_taxon, fleur_fk, taxon_usuel) values ("fr","Linaire couchée","linaire couchee",265,1);
insert into taxonomy (lang, taxon, searched_taxon, fleur_fk, taxon_usuel) values ("fr","Linaire étalée","linaire etalee",265,0);
insert into taxonomy (lang, taxon, searched_taxon, fleur_fk, taxon_usuel) values ("la","Linaria supina","linaria supina",265,1);
insert into taxonomy (lang, taxon, searched_taxon, fleur_fk, taxon_usuel) values ("en","lesser butter and eggs ","lesser butter and eggs ",265,1);
insert into fleur_inflorescence (fleur_fk, inflorescence_fk) values (265,0);
insert into fleur_couleur (fleur_fk, couleur_fk) values (265,3);
insert into fleur_particularite (fleur_fk, particularite_fk) values (265,2);
insert into fleur_particularite (fleur_fk, particularite_fk) values (265,4);
insert into fleur_aspect (fleur_fk, aspect_fk) values (265,3);
insert into fleur_nb_petale (fleur_fk, nb_petale_fk) values (265,0);
insert into fleur_type_feuille (fleur_fk, type_feuille_fk) values (265,3);
insert into fleur_disposition_feuille (fleur_fk, disposition_feuille_fk) values (265,2);
insert into fleur_pilosite_tige (fleur_fk, pilosite_tige_fk) values (265,0);
insert into fleur_pilosite_feuille (fleur_fk, pilosite_feuille_fk) values (265,0);
insert into fleur (id,directory_name,scientific_name,scientific_family_fk,doc_url) values (266,"Linaire_cymbalaire","Cymbalaria muralis",27,"http://abiris.snv.jussieu.fr/flore/descriptions/Linaire_cymbalaire.html");
insert into taxonomy (lang, taxon, searched_taxon, fleur_fk, taxon_usuel) values ("fr","Linaire cymbalaire","linaire cymbalaire",266,1);
insert into taxonomy (lang, taxon, searched_taxon, fleur_fk, taxon_usuel) values ("fr","Cymbalaire des murs","cymbalaire des murs",266,0);
insert into taxonomy (lang, taxon, searched_taxon, fleur_fk, taxon_usuel) values ("fr","Linaire des murs","linaire des murs",266,0);
insert into taxonomy (lang, taxon, searched_taxon, fleur_fk, taxon_usuel) values ("la","Cymbalaria muralis","cymbalaria muralis",266,1);
insert into taxonomy (lang, taxon, searched_taxon, fleur_fk, taxon_usuel) values ("en","ivy-leaved toadflax","ivy-leaved toadflax",266,1);
insert into fleur_inflorescence (fleur_fk, inflorescence_fk) values (266,0);
insert into fleur_inflorescence (fleur_fk, inflorescence_fk) values (266,1);
insert into fleur_couleur (fleur_fk, couleur_fk) values (266,1);
insert into fleur_couleur (fleur_fk, couleur_fk) values (266,0);
insert into fleur_particularite (fleur_fk, particularite_fk) values (266,2);
insert into fleur_particularite (fleur_fk, particularite_fk) values (266,4);
insert into fleur_aspect (fleur_fk, aspect_fk) values (266,3);
insert into fleur_nb_petale (fleur_fk, nb_petale_fk) values (266,0);
insert into fleur_type_feuille (fleur_fk, type_feuille_fk) values (266,3);
insert into fleur_disposition_feuille (fleur_fk, disposition_feuille_fk) values (266,0);
insert into fleur_disposition_feuille (fleur_fk, disposition_feuille_fk) values (266,1);
insert into fleur_pilosite_tige (fleur_fk, pilosite_tige_fk) values (266,0);
insert into fleur_pilosite_feuille (fleur_fk, pilosite_feuille_fk) values (266,0);
insert into fleur (id,directory_name,scientific_name,scientific_family_fk,doc_url) values (267,"Linaire_elatine","Kickxia elatine",27,"http://abiris.snv.jussieu.fr/flore/descriptions/Linaire_elatine.html");
insert into taxonomy (lang, taxon, searched_taxon, fleur_fk, taxon_usuel) values ("fr","Linaire élatine","linaire elatine",267,1);
insert into taxonomy (lang, taxon, searched_taxon, fleur_fk, taxon_usuel) values ("fr","Velvote","velvote",267,0);
insert into taxonomy (lang, taxon, searched_taxon, fleur_fk, taxon_usuel) values ("la","Kickxia elatine","kickxia elatine",267,1);
insert into taxonomy (lang, taxon, searched_taxon, fleur_fk, taxon_usuel) values ("en","sharpleaf cancerwort","sharpleaf cancerwort",267,1);
insert into fleur_inflorescence (fleur_fk, inflorescence_fk) values (267,0);
insert into fleur_inflorescence (fleur_fk, inflorescence_fk) values (267,1);
insert into fleur_couleur (fleur_fk, couleur_fk) values (267,3);
insert into fleur_couleur (fleur_fk, couleur_fk) values (267,2);
insert into fleur_particularite (fleur_fk, particularite_fk) values (267,2);
insert into fleur_particularite (fleur_fk, particularite_fk) values (267,4);
insert into fleur_aspect (fleur_fk, aspect_fk) values (267,3);
insert into fleur_nb_petale (fleur_fk, nb_petale_fk) values (267,0);
insert into fleur_type_feuille (fleur_fk, type_feuille_fk) values (267,2);
insert into fleur_type_feuille (fleur_fk, type_feuille_fk) values (267,3);
insert into fleur_disposition_feuille (fleur_fk, disposition_feuille_fk) values (267,0);
insert into fleur_pilosite_tige (fleur_fk, pilosite_tige_fk) values (267,1);
insert into fleur_pilosite_feuille (fleur_fk, pilosite_feuille_fk) values (267,1);
insert into fleur (id,directory_name,scientific_name,scientific_family_fk,doc_url) values (268,"Linaire_petite","Chaenorrhinum minus",27,"");
insert into taxonomy (lang, taxon, searched_taxon, fleur_fk, taxon_usuel) values ("fr","Linaire petite","linaire petite",268,1);
insert into taxonomy (lang, taxon, searched_taxon, fleur_fk, taxon_usuel) values ("fr","Petite linaire","petite linaire",268,0);
insert into taxonomy (lang, taxon, searched_taxon, fleur_fk, taxon_usuel) values ("la","Chaenorrhinum minus","chaenorrhinum minus",268,1);
insert into taxonomy (lang, taxon, searched_taxon, fleur_fk, taxon_usuel) values ("en","Small Toadflax","small toadflax",268,1);
insert into fleur_inflorescence (fleur_fk, inflorescence_fk) values (268,0);
insert into fleur_couleur (fleur_fk, couleur_fk) values (268,1);
insert into fleur_couleur (fleur_fk, couleur_fk) values (268,0);
insert into fleur_particularite (fleur_fk, particularite_fk) values (268,2);
insert into fleur_particularite (fleur_fk, particularite_fk) values (268,4);
insert into fleur_aspect (fleur_fk, aspect_fk) values (268,3);
insert into fleur_nb_petale (fleur_fk, nb_petale_fk) values (268,0);
insert into fleur_type_feuille (fleur_fk, type_feuille_fk) values (268,3);
insert into fleur_disposition_feuille (fleur_fk, disposition_feuille_fk) values (268,0);
insert into fleur_disposition_feuille (fleur_fk, disposition_feuille_fk) values (268,1);
insert into fleur_pilosite_tige (fleur_fk, pilosite_tige_fk) values (268,1);
insert into fleur_pilosite_feuille (fleur_fk, pilosite_feuille_fk) values (268,1);
insert into fleur (id,directory_name,scientific_name,scientific_family_fk,doc_url) values (269,"Linaire_striee","Linaria repens",27,"");
insert into taxonomy (lang, taxon, searched_taxon, fleur_fk, taxon_usuel) values ("fr","Linaire striée","linaire striee",269,1);
insert into taxonomy (lang, taxon, searched_taxon, fleur_fk, taxon_usuel) values ("fr","Linaire rampante","linaire rampante",269,0);
insert into taxonomy (lang, taxon, searched_taxon, fleur_fk, taxon_usuel) values ("la","Linaria repens","linaria repens",269,1);
insert into taxonomy (lang, taxon, searched_taxon, fleur_fk, taxon_usuel) values ("en","Pale toadflax","pale toadflax",269,1);
insert into fleur_inflorescence (fleur_fk, inflorescence_fk) values (269,0);
insert into fleur_couleur (fleur_fk, couleur_fk) values (269,1);
insert into fleur_couleur (fleur_fk, couleur_fk) values (269,0);
insert into fleur_particularite (fleur_fk, particularite_fk) values (269,2);
insert into fleur_particularite (fleur_fk, particularite_fk) values (269,4);
insert into fleur_aspect (fleur_fk, aspect_fk) values (269,3);
insert into fleur_nb_petale (fleur_fk, nb_petale_fk) values (269,0);
insert into fleur_type_feuille (fleur_fk, type_feuille_fk) values (269,3);
insert into fleur_disposition_feuille (fleur_fk, disposition_feuille_fk) values (269,0);
insert into fleur_disposition_feuille (fleur_fk, disposition_feuille_fk) values (269,2);
insert into fleur_pilosite_tige (fleur_fk, pilosite_tige_fk) values (269,0);
insert into fleur_pilosite_feuille (fleur_fk, pilosite_feuille_fk) values (269,0);
insert into fleur (id,directory_name,scientific_name,scientific_family_fk,doc_url) values (270,"Liseron_champs","Convolvulus arvensis",40,"http://abiris.snv.jussieu.fr/flore/descriptions/Liseron_des_champs.html");
insert into taxonomy (lang, taxon, searched_taxon, fleur_fk, taxon_usuel) values ("fr","Liseron des champs","liseron des champs",270,1);
insert into taxonomy (lang, taxon, searched_taxon, fleur_fk, taxon_usuel) values ("fr","Vrillée","vrillee",270,0);
insert into taxonomy (lang, taxon, searched_taxon, fleur_fk, taxon_usuel) values ("fr","Petit liseron","petit liseron",270,0);
insert into taxonomy (lang, taxon, searched_taxon, fleur_fk, taxon_usuel) values ("la","Convolvulus arvensis","convolvulus arvensis",270,1);
insert into taxonomy (lang, taxon, searched_taxon, fleur_fk, taxon_usuel) values ("en","field bindweed","field bindweed",270,1);
insert into fleur_inflorescence (fleur_fk, inflorescence_fk) values (270,0);
insert into fleur_inflorescence (fleur_fk, inflorescence_fk) values (270,1);
insert into fleur_couleur (fleur_fk, couleur_fk) values (270,1);
insert into fleur_couleur (fleur_fk, couleur_fk) values (270,0);
insert into fleur_particularite (fleur_fk, particularite_fk) values (270,4);
insert into fleur_aspect (fleur_fk, aspect_fk) values (270,6);
insert into fleur_nb_petale (fleur_fk, nb_petale_fk) values (270,0);
insert into fleur_type_feuille (fleur_fk, type_feuille_fk) values (270,3);
insert into fleur_disposition_feuille (fleur_fk, disposition_feuille_fk) values (270,0);
insert into fleur_pilosite_tige (fleur_fk, pilosite_tige_fk) values (270,0);
insert into fleur_pilosite_tige (fleur_fk, pilosite_tige_fk) values (270,1);
insert into fleur_pilosite_feuille (fleur_fk, pilosite_feuille_fk) values (270,0);
insert into fleur (id,directory_name,scientific_name,scientific_family_fk,doc_url) values (271,"Liseron_des_champs","Calystegia sepium",40,"http://abiris.snv.jussieu.fr/flore/descriptions/Liseron_des_haies.html");
insert into taxonomy (lang, taxon, searched_taxon, fleur_fk, taxon_usuel) values ("fr","Liseron des haies","liseron des haies",271,1);
insert into taxonomy (lang, taxon, searched_taxon, fleur_fk, taxon_usuel) values ("fr","Grande vrille","grande vrille",271,0);
insert into taxonomy (lang, taxon, searched_taxon, fleur_fk, taxon_usuel) values ("fr","Grand liseron","grand liseron",271,0);
insert into taxonomy (lang, taxon, searched_taxon, fleur_fk, taxon_usuel) values ("la","Calystegia sepium","calystegia sepium",271,1);
insert into taxonomy (lang, taxon, searched_taxon, fleur_fk, taxon_usuel) values ("en","hedge false bindweed","hedge false bindweed",271,1);
insert into fleur_inflorescence (fleur_fk, inflorescence_fk) values (271,1);
insert into fleur_couleur (fleur_fk, couleur_fk) values (271,0);
insert into fleur_aspect (fleur_fk, aspect_fk) values (271,6);
insert into fleur_nb_petale (fleur_fk, nb_petale_fk) values (271,0);
insert into fleur_type_feuille (fleur_fk, type_feuille_fk) values (271,3);
insert into fleur_disposition_feuille (fleur_fk, disposition_feuille_fk) values (271,0);
insert into fleur_pilosite_tige (fleur_fk, pilosite_tige_fk) values (271,0);
insert into fleur_pilosite_feuille (fleur_fk, pilosite_feuille_fk) values (271,0);
insert into fleur (id,directory_name,scientific_name,scientific_family_fk,doc_url) values (272,"Listere_ovale","Listera ovata",20,"");
insert into taxonomy (lang, taxon, searched_taxon, fleur_fk, taxon_usuel) values ("fr","Listère à feuilles ovales","listere a feuilles ovales",272,1);
insert into taxonomy (lang, taxon, searched_taxon, fleur_fk, taxon_usuel) values ("la","Listera ovata","listera ovata",272,1);
insert into taxonomy (lang, taxon, searched_taxon, fleur_fk, taxon_usuel) values ("en","eggleaf twayblade ","eggleaf twayblade ",272,1);
insert into fleur_inflorescence (fleur_fk, inflorescence_fk) values (272,0);
insert into fleur_couleur (fleur_fk, couleur_fk) values (272,5);
insert into fleur_particularite (fleur_fk, particularite_fk) values (272,5);
insert into fleur_aspect (fleur_fk, aspect_fk) values (272,2);
insert into fleur_nb_petale (fleur_fk, nb_petale_fk) values (272,3);
insert into fleur_type_feuille (fleur_fk, type_feuille_fk) values (272,3);
insert into fleur_disposition_feuille (fleur_fk, disposition_feuille_fk) values (272,1);
insert into fleur_pilosite_tige (fleur_fk, pilosite_tige_fk) values (272,1);
insert into fleur_pilosite_feuille (fleur_fk, pilosite_feuille_fk) values (272,0);
insert into fleur (id,directory_name,scientific_name,scientific_family_fk,doc_url) values (273,"Lobelie_brulante","Lobelia urens",18,"");
insert into taxonomy (lang, taxon, searched_taxon, fleur_fk, taxon_usuel) values ("fr","Lobélie brûlante","lobelie brulante",273,1);
insert into taxonomy (lang, taxon, searched_taxon, fleur_fk, taxon_usuel) values ("fr","Cardinale des marais","cardinale des marais",273,0);
insert into taxonomy (lang, taxon, searched_taxon, fleur_fk, taxon_usuel) values ("la","Lobelia urens","lobelia urens",273,1);
insert into taxonomy (lang, taxon, searched_taxon, fleur_fk, taxon_usuel) values ("en","heath lobelia","heath lobelia",273,1);
insert into fleur_inflorescence (fleur_fk, inflorescence_fk) values (273,0);
insert into fleur_couleur (fleur_fk, couleur_fk) values (273,2);
insert into fleur_aspect (fleur_fk, aspect_fk) values (273,3);
insert into fleur_nb_petale (fleur_fk, nb_petale_fk) values (273,0);
insert into fleur_type_feuille (fleur_fk, type_feuille_fk) values (273,2);
insert into fleur_disposition_feuille (fleur_fk, disposition_feuille_fk) values (273,0);
insert into fleur_pilosite_tige (fleur_fk, pilosite_tige_fk) values (273,1);
insert into fleur_pilosite_feuille (fleur_fk, pilosite_feuille_fk) values (273,0);
insert into fleur (id,directory_name,scientific_name,scientific_family_fk,doc_url) values (274,"Lotier_cornicule","Lotus corniculatus",12,"");
insert into taxonomy (lang, taxon, searched_taxon, fleur_fk, taxon_usuel) values ("fr","Lotier corniculé","lotier cornicule",274,1);
insert into taxonomy (lang, taxon, searched_taxon, fleur_fk, taxon_usuel) values ("fr","Lotier commun","lotier commun",274,0);
insert into taxonomy (lang, taxon, searched_taxon, fleur_fk, taxon_usuel) values ("la","Lotus corniculatus","lotus corniculatus",274,1);
insert into taxonomy (lang, taxon, searched_taxon, fleur_fk, taxon_usuel) values ("en","bird's-foot trefoil","bird's-foot trefoil",274,1);
insert into fleur_inflorescence (fleur_fk, inflorescence_fk) values (274,0);
insert into fleur_couleur (fleur_fk, couleur_fk) values (274,3);
insert into fleur_particularite (fleur_fk, particularite_fk) values (274,3);
insert into fleur_aspect (fleur_fk, aspect_fk) values (274,2);
insert into fleur_nb_petale (fleur_fk, nb_petale_fk) values (274,0);
insert into fleur_type_feuille (fleur_fk, type_feuille_fk) values (274,0);
insert into fleur_disposition_feuille (fleur_fk, disposition_feuille_fk) values (274,0);
insert into fleur_pilosite_tige (fleur_fk, pilosite_tige_fk) values (274,0);
insert into fleur_pilosite_tige (fleur_fk, pilosite_tige_fk) values (274,1);
insert into fleur_pilosite_feuille (fleur_fk, pilosite_feuille_fk) values (274,2);
insert into fleur (id,directory_name,scientific_name,scientific_family_fk,doc_url) values (275,"Luzerne_cultive","Medicago sativa",12,"");
insert into taxonomy (lang, taxon, searched_taxon, fleur_fk, taxon_usuel) values ("fr","Luzerne commune","luzerne commune",275,1);
insert into taxonomy (lang, taxon, searched_taxon, fleur_fk, taxon_usuel) values ("fr","Luzerne cultivée","luzerne cultivee",275,0);
insert into taxonomy (lang, taxon, searched_taxon, fleur_fk, taxon_usuel) values ("la","Medicago sativa","medicago sativa",275,1);
insert into taxonomy (lang, taxon, searched_taxon, fleur_fk, taxon_usuel) values ("en","alfalfa","alfalfa",275,1);
insert into fleur_inflorescence (fleur_fk, inflorescence_fk) values (275,0);
insert into fleur_couleur (fleur_fk, couleur_fk) values (275,2);
insert into fleur_particularite (fleur_fk, particularite_fk) values (275,3);
insert into fleur_aspect (fleur_fk, aspect_fk) values (275,2);
insert into fleur_nb_petale (fleur_fk, nb_petale_fk) values (275,0);
insert into fleur_type_feuille (fleur_fk, type_feuille_fk) values (275,0);
insert into fleur_disposition_feuille (fleur_fk, disposition_feuille_fk) values (275,0);
insert into fleur_pilosite_tige (fleur_fk, pilosite_tige_fk) values (275,0);
insert into fleur_pilosite_tige (fleur_fk, pilosite_tige_fk) values (275,1);
insert into fleur_pilosite_feuille (fleur_fk, pilosite_feuille_fk) values (275,0);
insert into fleur_pilosite_feuille (fleur_fk, pilosite_feuille_fk) values (275,1);
insert into fleur (id,directory_name,scientific_name,scientific_family_fk,doc_url) values (276,"Luzerne_lupuline","Medicago lupulina",12,"");
insert into taxonomy (lang, taxon, searched_taxon, fleur_fk, taxon_usuel) values ("fr","Luzerne lupuline","luzerne lupuline",276,1);
insert into taxonomy (lang, taxon, searched_taxon, fleur_fk, taxon_usuel) values ("fr","Minette","minette",276,0);
insert into taxonomy (lang, taxon, searched_taxon, fleur_fk, taxon_usuel) values ("la","Medicago lupulina","medicago lupulina",276,1);
insert into taxonomy (lang, taxon, searched_taxon, fleur_fk, taxon_usuel) values ("en","black medick","black medick",276,1);
insert into fleur_inflorescence (fleur_fk, inflorescence_fk) values (276,0);
insert into fleur_couleur (fleur_fk, couleur_fk) values (276,3);
insert into fleur_particularite (fleur_fk, particularite_fk) values (276,3);
insert into fleur_aspect (fleur_fk, aspect_fk) values (276,2);
insert into fleur_nb_petale (fleur_fk, nb_petale_fk) values (276,0);
insert into fleur_type_feuille (fleur_fk, type_feuille_fk) values (276,0);
insert into fleur_disposition_feuille (fleur_fk, disposition_feuille_fk) values (276,0);
insert into fleur_pilosite_tige (fleur_fk, pilosite_tige_fk) values (276,1);
insert into fleur_pilosite_feuille (fleur_fk, pilosite_feuille_fk) values (276,1);
insert into fleur (id,directory_name,scientific_name,scientific_family_fk,doc_url) values (277,"Luzerne_naine","Medicago minima",12,"");
insert into taxonomy (lang, taxon, searched_taxon, fleur_fk, taxon_usuel) values ("fr","Luzerne naine","luzerne naine",277,1);
insert into taxonomy (lang, taxon, searched_taxon, fleur_fk, taxon_usuel) values ("fr","Petite luzerne","petite luzerne",277,0);
insert into taxonomy (lang, taxon, searched_taxon, fleur_fk, taxon_usuel) values ("la","Medicago minima","medicago minima",277,1);
insert into taxonomy (lang, taxon, searched_taxon, fleur_fk, taxon_usuel) values ("en","little bur-clover","little bur-clover",277,1);
insert into fleur_inflorescence (fleur_fk, inflorescence_fk) values (277,0);
insert into fleur_couleur (fleur_fk, couleur_fk) values (277,3);
insert into fleur_particularite (fleur_fk, particularite_fk) values (277,3);
insert into fleur_aspect (fleur_fk, aspect_fk) values (277,2);
insert into fleur_nb_petale (fleur_fk, nb_petale_fk) values (277,0);
insert into fleur_type_feuille (fleur_fk, type_feuille_fk) values (277,0);
insert into fleur_disposition_feuille (fleur_fk, disposition_feuille_fk) values (277,0);
insert into fleur_pilosite_tige (fleur_fk, pilosite_tige_fk) values (277,1);
insert into fleur_pilosite_feuille (fleur_fk, pilosite_feuille_fk) values (277,1);
insert into fleur (id,directory_name,scientific_name,scientific_family_fk,doc_url) values (278,"Luzerne_tachee","Medicago arabica",12,"");
insert into taxonomy (lang, taxon, searched_taxon, fleur_fk, taxon_usuel) values ("fr","Luzerne tachée","luzerne tachee",278,1);
insert into taxonomy (lang, taxon, searched_taxon, fleur_fk, taxon_usuel) values ("fr","Luzerne d'Arabie","luzerne d'arabie",278,0);
insert into taxonomy (lang, taxon, searched_taxon, fleur_fk, taxon_usuel) values ("la","Medicago arabica","medicago arabica",278,1);
insert into taxonomy (lang, taxon, searched_taxon, fleur_fk, taxon_usuel) values ("en","spotted medick","spotted medick",278,1);
insert into fleur_inflorescence (fleur_fk, inflorescence_fk) values (278,0);
insert into fleur_couleur (fleur_fk, couleur_fk) values (278,3);
insert into fleur_particularite (fleur_fk, particularite_fk) values (278,3);
insert into fleur_aspect (fleur_fk, aspect_fk) values (278,2);
insert into fleur_nb_petale (fleur_fk, nb_petale_fk) values (278,0);
insert into fleur_type_feuille (fleur_fk, type_feuille_fk) values (278,0);
insert into fleur_disposition_feuille (fleur_fk, disposition_feuille_fk) values (278,0);
insert into fleur_pilosite_tige (fleur_fk, pilosite_tige_fk) values (278,0);
insert into fleur_pilosite_tige (fleur_fk, pilosite_tige_fk) values (278,1);
insert into fleur_pilosite_feuille (fleur_fk, pilosite_feuille_fk) values (278,0);
insert into fleur_pilosite_feuille (fleur_fk, pilosite_feuille_fk) values (278,2);
insert into fleur (id,directory_name,scientific_name,scientific_family_fk,doc_url) values (279,"Lysimaque_commune","Lysimachia vulgaris",41,"");
insert into taxonomy (lang, taxon, searched_taxon, fleur_fk, taxon_usuel) values ("fr","Lysimaque commune","lysimaque commune",279,1);
insert into taxonomy (lang, taxon, searched_taxon, fleur_fk, taxon_usuel) values ("fr","Chasse-bosse","chasse-bosse",279,0);
insert into taxonomy (lang, taxon, searched_taxon, fleur_fk, taxon_usuel) values ("fr","Grande lysimaque","grande lysimaque",279,0);
insert into taxonomy (lang, taxon, searched_taxon, fleur_fk, taxon_usuel) values ("la","Lysimachia vulgaris","lysimachia vulgaris",279,1);
insert into taxonomy (lang, taxon, searched_taxon, fleur_fk, taxon_usuel) values ("en","garden yellow loosestrife","garden yellow loosestrife",279,1);
insert into fleur_inflorescence (fleur_fk, inflorescence_fk) values (279,0);
insert into fleur_couleur (fleur_fk, couleur_fk) values (279,3);
insert into fleur_aspect (fleur_fk, aspect_fk) values (279,6);
insert into fleur_nb_petale (fleur_fk, nb_petale_fk) values (279,0);
insert into fleur_type_feuille (fleur_fk, type_feuille_fk) values (279,3);
insert into fleur_disposition_feuille (fleur_fk, disposition_feuille_fk) values (279,2);
insert into fleur_pilosite_tige (fleur_fk, pilosite_tige_fk) values (279,1);
insert into fleur_pilosite_feuille (fleur_fk, pilosite_feuille_fk) values (279,1);
insert into fleur_pilosite_feuille (fleur_fk, pilosite_feuille_fk) values (279,2);
insert into fleur (id,directory_name,scientific_name,scientific_family_fk,doc_url) values (280,"Lysimaque_bois","Lysimachia nemorum",41,"http://abiris.snv.jussieu.fr/flore/descriptions/Lysimaque_des_bois.html");
insert into taxonomy (lang, taxon, searched_taxon, fleur_fk, taxon_usuel) values ("fr","Lysimaque des bois","lysimaque des bois",280,1);
insert into taxonomy (lang, taxon, searched_taxon, fleur_fk, taxon_usuel) values ("la","Lysimachia nemorum","lysimachia nemorum",280,1);
insert into taxonomy (lang, taxon, searched_taxon, fleur_fk, taxon_usuel) values ("en","yellow pimpernel","yellow pimpernel",280,1);
insert into fleur_inflorescence (fleur_fk, inflorescence_fk) values (280,0);
insert into fleur_couleur (fleur_fk, couleur_fk) values (280,3);
insert into fleur_aspect (fleur_fk, aspect_fk) values (280,6);
insert into fleur_nb_petale (fleur_fk, nb_petale_fk) values (280,0);
insert into fleur_type_feuille (fleur_fk, type_feuille_fk) values (280,3);
insert into fleur_disposition_feuille (fleur_fk, disposition_feuille_fk) values (280,1);
insert into fleur_pilosite_tige (fleur_fk, pilosite_tige_fk) values (280,0);
insert into fleur_pilosite_feuille (fleur_fk, pilosite_feuille_fk) values (280,0);
insert into fleur (id,directory_name,scientific_name,scientific_family_fk,doc_url) values (281,"Lysimaque_nummulaire","Lysimachia nummularia",41,"http://abiris.snv.jussieu.fr/flore/descriptions/Lysimaque_nummulaire.html");
insert into taxonomy (lang, taxon, searched_taxon, fleur_fk, taxon_usuel) values ("fr","Lysimaque nummulaire","lysimaque nummulaire",281,1);
insert into taxonomy (lang, taxon, searched_taxon, fleur_fk, taxon_usuel) values ("fr","Monnoyère","monnoyere",281,0);
insert into taxonomy (lang, taxon, searched_taxon, fleur_fk, taxon_usuel) values ("fr","Herbe aux écus","herbe aux ecus",281,0);
insert into taxonomy (lang, taxon, searched_taxon, fleur_fk, taxon_usuel) values ("la","Lysimachia nummularia","lysimachia nummularia",281,1);
insert into taxonomy (lang, taxon, searched_taxon, fleur_fk, taxon_usuel) values ("en","creeping jenny ","creeping jenny ",281,1);
insert into fleur_inflorescence (fleur_fk, inflorescence_fk) values (281,0);
insert into fleur_couleur (fleur_fk, couleur_fk) values (281,3);
insert into fleur_aspect (fleur_fk, aspect_fk) values (281,6);
insert into fleur_nb_petale (fleur_fk, nb_petale_fk) values (281,0);
insert into fleur_type_feuille (fleur_fk, type_feuille_fk) values (281,3);
insert into fleur_disposition_feuille (fleur_fk, disposition_feuille_fk) values (281,1);
insert into fleur_pilosite_tige (fleur_fk, pilosite_tige_fk) values (281,0);
insert into fleur_pilosite_feuille (fleur_fk, pilosite_feuille_fk) values (281,0);
insert into fleur (id,directory_name,scientific_name,scientific_family_fk,doc_url) values (282,"Lysimaque_ponctuee","Lysimachia punctata",41,"");
insert into taxonomy (lang, taxon, searched_taxon, fleur_fk, taxon_usuel) values ("fr","Lysimaque ponctuée","lysimaque ponctuee",282,1);
insert into taxonomy (lang, taxon, searched_taxon, fleur_fk, taxon_usuel) values ("la","Lysimachia punctata","lysimachia punctata",282,1);
insert into taxonomy (lang, taxon, searched_taxon, fleur_fk, taxon_usuel) values ("en","large yellow loosestrife ","large yellow loosestrife ",282,1);
insert into fleur_inflorescence (fleur_fk, inflorescence_fk) values (282,0);
insert into fleur_couleur (fleur_fk, couleur_fk) values (282,3);
insert into fleur_aspect (fleur_fk, aspect_fk) values (282,6);
insert into fleur_nb_petale (fleur_fk, nb_petale_fk) values (282,0);
insert into fleur_type_feuille (fleur_fk, type_feuille_fk) values (282,3);
insert into fleur_disposition_feuille (fleur_fk, disposition_feuille_fk) values (282,1);
insert into fleur_disposition_feuille (fleur_fk, disposition_feuille_fk) values (282,2);
insert into fleur_pilosite_tige (fleur_fk, pilosite_tige_fk) values (282,1);
insert into fleur_pilosite_feuille (fleur_fk, pilosite_feuille_fk) values (282,1);
insert into fleur (id,directory_name,scientific_name,scientific_family_fk,doc_url) values (283,"Lythrum_salicaire","Lythrum salicaria",42,"");
insert into taxonomy (lang, taxon, searched_taxon, fleur_fk, taxon_usuel) values ("fr","Lythrum salicaire","lythrum salicaire",283,1);
insert into taxonomy (lang, taxon, searched_taxon, fleur_fk, taxon_usuel) values ("fr","Salicaire officinale","salicaire officinale",283,0);
insert into taxonomy (lang, taxon, searched_taxon, fleur_fk, taxon_usuel) values ("fr","Lysimaque rouge","lysimaque rouge",283,0);
insert into taxonomy (lang, taxon, searched_taxon, fleur_fk, taxon_usuel) values ("la","Lythrum salicaria","lythrum salicaria",283,1);
insert into taxonomy (lang, taxon, searched_taxon, fleur_fk, taxon_usuel) values ("en","purple loosestrife","purple loosestrife",283,1);
insert into fleur_inflorescence (fleur_fk, inflorescence_fk) values (283,0);
insert into fleur_couleur (fleur_fk, couleur_fk) values (283,1);
insert into fleur_aspect (fleur_fk, aspect_fk) values (283,0);
insert into fleur_nb_petale (fleur_fk, nb_petale_fk) values (283,2);
insert into fleur_nb_petale (fleur_fk, nb_petale_fk) values (283,0);
insert into fleur_nb_petale (fleur_fk, nb_petale_fk) values (283,3);
insert into fleur_type_feuille (fleur_fk, type_feuille_fk) values (283,3);
insert into fleur_disposition_feuille (fleur_fk, disposition_feuille_fk) values (283,1);
insert into fleur_disposition_feuille (fleur_fk, disposition_feuille_fk) values (283,2);
insert into fleur_pilosite_tige (fleur_fk, pilosite_tige_fk) values (283,0);
insert into fleur_pilosite_tige (fleur_fk, pilosite_tige_fk) values (283,1);
insert into fleur_pilosite_feuille (fleur_fk, pilosite_feuille_fk) values (283,0);
insert into fleur_pilosite_feuille (fleur_fk, pilosite_feuille_fk) values (283,2);
insert into fleur (id,directory_name,scientific_name,scientific_family_fk,doc_url) values (284,"Mache_carenee","Valerianella locusta f. carinata",25,"");
insert into taxonomy (lang, taxon, searched_taxon, fleur_fk, taxon_usuel) values ("fr","Mâche carénée","mache carenee",284,1);
insert into taxonomy (lang, taxon, searched_taxon, fleur_fk, taxon_usuel) values ("fr","Doucette carénée","doucette carenee",284,0);
insert into taxonomy (lang, taxon, searched_taxon, fleur_fk, taxon_usuel) values ("la","Valerianella locusta f. carinata","valerianella locusta f. carinata",284,1);
insert into taxonomy (lang, taxon, searched_taxon, fleur_fk, taxon_usuel) values ("en","European Corn Salad","european corn salad",284,1);
insert into fleur_inflorescence (fleur_fk, inflorescence_fk) values (284,0);
insert into fleur_couleur (fleur_fk, couleur_fk) values (284,0);
insert into fleur_couleur (fleur_fk, couleur_fk) values (284,2);
insert into fleur_aspect (fleur_fk, aspect_fk) values (284,6);
insert into fleur_nb_petale (fleur_fk, nb_petale_fk) values (284,0);
insert into fleur_type_feuille (fleur_fk, type_feuille_fk) values (284,2);
insert into fleur_type_feuille (fleur_fk, type_feuille_fk) values (284,3);
insert into fleur_disposition_feuille (fleur_fk, disposition_feuille_fk) values (284,1);
insert into fleur_pilosite_tige (fleur_fk, pilosite_tige_fk) values (284,1);
insert into fleur_pilosite_feuille (fleur_fk, pilosite_feuille_fk) values (284,0);
insert into fleur (id,directory_name,scientific_name,scientific_family_fk,doc_url) values (285,"Mache_potagere","Valerianella locusta",43,"");
insert into taxonomy (lang, taxon, searched_taxon, fleur_fk, taxon_usuel) values ("fr","Mâche potagère","mache potagere",285,1);
insert into taxonomy (lang, taxon, searched_taxon, fleur_fk, taxon_usuel) values ("fr","Doucette","doucette",285,0);
insert into taxonomy (lang, taxon, searched_taxon, fleur_fk, taxon_usuel) values ("la","Valerianella locusta","valerianella locusta",285,1);
insert into taxonomy (lang, taxon, searched_taxon, fleur_fk, taxon_usuel) values ("en","Corn Salad","corn salad",285,1);
insert into fleur_inflorescence (fleur_fk, inflorescence_fk) values (285,0);
insert into fleur_couleur (fleur_fk, couleur_fk) values (285,0);
insert into fleur_couleur (fleur_fk, couleur_fk) values (285,2);
insert into fleur_aspect (fleur_fk, aspect_fk) values (285,6);
insert into fleur_nb_petale (fleur_fk, nb_petale_fk) values (285,0);
insert into fleur_type_feuille (fleur_fk, type_feuille_fk) values (285,2);
insert into fleur_type_feuille (fleur_fk, type_feuille_fk) values (285,3);
insert into fleur_disposition_feuille (fleur_fk, disposition_feuille_fk) values (285,1);
insert into fleur_pilosite_tige (fleur_fk, pilosite_tige_fk) values (285,1);
insert into fleur_pilosite_feuille (fleur_fk, pilosite_feuille_fk) values (285,1);
insert into fleur (id,directory_name,scientific_name,scientific_family_fk,doc_url) values (287,"","Leucanthemum vulgare",1,"http://abiris.snv.jussieu.fr/flore/descriptions/Marguerite_commune.html");
insert into taxonomy (lang, taxon, searched_taxon, fleur_fk, taxon_usuel) values ("fr","Marguerite commune","marguerite commune",287,1);
insert into taxonomy (lang, taxon, searched_taxon, fleur_fk, taxon_usuel) values ("fr","Grande marguerite","grande marguerite",287,0);
insert into taxonomy (lang, taxon, searched_taxon, fleur_fk, taxon_usuel) values ("la","Leucanthemum vulgare","leucanthemum vulgare",287,1);
insert into taxonomy (lang, taxon, searched_taxon, fleur_fk, taxon_usuel) values ("en","oxeye daisy","oxeye daisy",287,1);
insert into fleur_inflorescence (fleur_fk, inflorescence_fk) values (287,0);
insert into fleur_inflorescence (fleur_fk, inflorescence_fk) values (287,1);
insert into fleur_couleur (fleur_fk, couleur_fk) values (287,0);
insert into fleur_aspect (fleur_fk, aspect_fk) values (287,1);
insert into fleur_nb_petale (fleur_fk, nb_petale_fk) values (287,1);
insert into fleur_type_feuille (fleur_fk, type_feuille_fk) values (287,2);
insert into fleur_disposition_feuille (fleur_fk, disposition_feuille_fk) values (287,0);
insert into fleur_pilosite_tige (fleur_fk, pilosite_tige_fk) values (287,1);
insert into fleur_pilosite_feuille (fleur_fk, pilosite_feuille_fk) values (287,1);
insert into fleur (id,directory_name,scientific_name,scientific_family_fk,doc_url) values (288,"Matricaire_camomille","Matricaria recutita",1,"");
insert into taxonomy (lang, taxon, searched_taxon, fleur_fk, taxon_usuel) values ("fr","Matricaire camomille","matricaire camomille",288,1);
insert into taxonomy (lang, taxon, searched_taxon, fleur_fk, taxon_usuel) values ("fr","Camomille sauvage","camomille sauvage",288,0);
insert into taxonomy (lang, taxon, searched_taxon, fleur_fk, taxon_usuel) values ("la","Matricaria recutita","matricaria recutita",288,1);
insert into taxonomy (lang, taxon, searched_taxon, fleur_fk, taxon_usuel) values ("en","chamomile","chamomile",288,1);
insert into fleur_inflorescence (fleur_fk, inflorescence_fk) values (288,0);
insert into fleur_couleur (fleur_fk, couleur_fk) values (288,0);
insert into fleur_aspect (fleur_fk, aspect_fk) values (288,1);
insert into fleur_nb_petale (fleur_fk, nb_petale_fk) values (288,1);
insert into fleur_type_feuille (fleur_fk, type_feuille_fk) values (288,1);
insert into fleur_disposition_feuille (fleur_fk, disposition_feuille_fk) values (288,0);
insert into fleur_pilosite_tige (fleur_fk, pilosite_tige_fk) values (288,0);
insert into fleur_pilosite_tige (fleur_fk, pilosite_tige_fk) values (288,1);
insert into fleur_pilosite_feuille (fleur_fk, pilosite_feuille_fk) values (288,0);
insert into fleur_pilosite_feuille (fleur_fk, pilosite_feuille_fk) values (288,1);
insert into fleur (id,directory_name,scientific_name,scientific_family_fk,doc_url) values (289,"Matricaire_discoide","Matricaria discoidea",1,"");
insert into taxonomy (lang, taxon, searched_taxon, fleur_fk, taxon_usuel) values ("fr","Matricaire discoïde","matricaire discoide",289,1);
insert into taxonomy (lang, taxon, searched_taxon, fleur_fk, taxon_usuel) values ("fr","Matricaire sans ligules","matricaire sans ligules",289,0);
insert into taxonomy (lang, taxon, searched_taxon, fleur_fk, taxon_usuel) values ("fr","Matricaire odorante","matricaire odorante",289,0);
insert into taxonomy (lang, taxon, searched_taxon, fleur_fk, taxon_usuel) values ("la","Matricaria discoidea","matricaria discoidea",289,1);
insert into taxonomy (lang, taxon, searched_taxon, fleur_fk, taxon_usuel) values ("en","pineappleweed","pineappleweed",289,1);
insert into fleur_inflorescence (fleur_fk, inflorescence_fk) values (289,0);
insert into fleur_couleur (fleur_fk, couleur_fk) values (289,5);
insert into fleur_aspect (fleur_fk, aspect_fk) values (289,4);
insert into fleur_nb_petale (fleur_fk, nb_petale_fk) values (289,1);
insert into fleur_type_feuille (fleur_fk, type_feuille_fk) values (289,1);
insert into fleur_disposition_feuille (fleur_fk, disposition_feuille_fk) values (289,0);
insert into fleur_pilosite_tige (fleur_fk, pilosite_tige_fk) values (289,0);
insert into fleur_pilosite_feuille (fleur_fk, pilosite_feuille_fk) values (289,0);
insert into fleur (id,directory_name,scientific_name,scientific_family_fk,doc_url) values (290,"Matricaire_inodore","Matricaria perforata",1,"");
insert into taxonomy (lang, taxon, searched_taxon, fleur_fk, taxon_usuel) values ("fr","Matricaire inodore","matricaire inodore",290,1);
insert into taxonomy (lang, taxon, searched_taxon, fleur_fk, taxon_usuel) values ("fr","Camomille inodore","camomille inodore",290,0);
insert into taxonomy (lang, taxon, searched_taxon, fleur_fk, taxon_usuel) values ("fr"," Matricaire perforée"," matricaire perforee",290,0);
insert into taxonomy (lang, taxon, searched_taxon, fleur_fk, taxon_usuel) values ("la","Matricaria perforata","matricaria perforata",290,1);
insert into taxonomy (lang, taxon, searched_taxon, fleur_fk, taxon_usuel) values ("en","scentless mayweed","scentless mayweed",290,1);
insert into fleur_inflorescence (fleur_fk, inflorescence_fk) values (290,0);
insert into fleur_couleur (fleur_fk, couleur_fk) values (290,0);
insert into fleur_aspect (fleur_fk, aspect_fk) values (290,1);
insert into fleur_nb_petale (fleur_fk, nb_petale_fk) values (290,1);
insert into fleur_type_feuille (fleur_fk, type_feuille_fk) values (290,1);
insert into fleur_disposition_feuille (fleur_fk, disposition_feuille_fk) values (290,0);
insert into fleur_pilosite_tige (fleur_fk, pilosite_tige_fk) values (290,0);
insert into fleur_pilosite_feuille (fleur_fk, pilosite_feuille_fk) values (290,1);
insert into fleur (id,directory_name,scientific_name,scientific_family_fk,doc_url) values (291,"Mauve_feuilles_rondes","Malva neglecta",34,"");
insert into taxonomy (lang, taxon, searched_taxon, fleur_fk, taxon_usuel) values ("fr","Mauve à feuilles rondes","mauve a feuilles rondes",291,1);
insert into taxonomy (lang, taxon, searched_taxon, fleur_fk, taxon_usuel) values ("fr","Petite mauve","petite mauve",291,0);
insert into taxonomy (lang, taxon, searched_taxon, fleur_fk, taxon_usuel) values ("fr","Mauve commune","mauve commune",291,0);
insert into taxonomy (lang, taxon, searched_taxon, fleur_fk, taxon_usuel) values ("la","Malva neglecta","malva neglecta",291,1);
insert into taxonomy (lang, taxon, searched_taxon, fleur_fk, taxon_usuel) values ("en","Common mallow","common mallow",291,1);
insert into fleur_inflorescence (fleur_fk, inflorescence_fk) values (291,0);
insert into fleur_couleur (fleur_fk, couleur_fk) values (291,0);
insert into fleur_couleur (fleur_fk, couleur_fk) values (291,1);
insert into fleur_particularite (fleur_fk, particularite_fk) values (291,1);
insert into fleur_particularite (fleur_fk, particularite_fk) values (291,4);
insert into fleur_aspect (fleur_fk, aspect_fk) values (291,0);
insert into fleur_aspect (fleur_fk, aspect_fk) values (291,6);
insert into fleur_nb_petale (fleur_fk, nb_petale_fk) values (291,0);
insert into fleur_type_feuille (fleur_fk, type_feuille_fk) values (291,2);
insert into fleur_disposition_feuille (fleur_fk, disposition_feuille_fk) values (291,0);
insert into fleur_pilosite_tige (fleur_fk, pilosite_tige_fk) values (291,1);
insert into fleur_pilosite_feuille (fleur_fk, pilosite_feuille_fk) values (291,1);
insert into fleur (id,directory_name,scientific_name,scientific_family_fk,doc_url) values (292,"Mauve_musquee","Malva moschata",34,"");
insert into taxonomy (lang, taxon, searched_taxon, fleur_fk, taxon_usuel) values ("fr","Mauve musquée","mauve musquee",292,1);
insert into taxonomy (lang, taxon, searched_taxon, fleur_fk, taxon_usuel) values ("la","Malva moschata","malva moschata",292,1);
insert into taxonomy (lang, taxon, searched_taxon, fleur_fk, taxon_usuel) values ("en","musk-mallow","musk-mallow",292,1);
insert into fleur_inflorescence (fleur_fk, inflorescence_fk) values (292,0);
insert into fleur_couleur (fleur_fk, couleur_fk) values (292,1);
insert into fleur_aspect (fleur_fk, aspect_fk) values (292,0);
insert into fleur_aspect (fleur_fk, aspect_fk) values (292,6);
insert into fleur_nb_petale (fleur_fk, nb_petale_fk) values (292,0);
insert into fleur_type_feuille (fleur_fk, type_feuille_fk) values (292,1);
insert into fleur_disposition_feuille (fleur_fk, disposition_feuille_fk) values (292,0);
insert into fleur_pilosite_tige (fleur_fk, pilosite_tige_fk) values (292,1);
insert into fleur_pilosite_feuille (fleur_fk, pilosite_feuille_fk) values (292,2);
insert into fleur (id,directory_name,scientific_name,scientific_family_fk,doc_url) values (293,"Mauve_sylvestre","Malva sylvestris",34,"");
insert into taxonomy (lang, taxon, searched_taxon, fleur_fk, taxon_usuel) values ("fr","Mauve sylvestre","mauve sylvestre",293,1);
insert into taxonomy (lang, taxon, searched_taxon, fleur_fk, taxon_usuel) values ("fr","Mauve des bois","mauve des bois",293,0);
insert into taxonomy (lang, taxon, searched_taxon, fleur_fk, taxon_usuel) values ("fr","Grande mauve","grande mauve",293,0);
insert into taxonomy (lang, taxon, searched_taxon, fleur_fk, taxon_usuel) values ("la","Malva sylvestris","malva sylvestris",293,1);
insert into taxonomy (lang, taxon, searched_taxon, fleur_fk, taxon_usuel) values ("en","High Mallow","high mallow",293,1);
insert into fleur_inflorescence (fleur_fk, inflorescence_fk) values (293,0);
insert into fleur_couleur (fleur_fk, couleur_fk) values (293,1);
insert into fleur_particularite (fleur_fk, particularite_fk) values (293,1);
insert into fleur_aspect (fleur_fk, aspect_fk) values (293,0);
insert into fleur_aspect (fleur_fk, aspect_fk) values (293,6);
insert into fleur_nb_petale (fleur_fk, nb_petale_fk) values (293,0);
insert into fleur_type_feuille (fleur_fk, type_feuille_fk) values (293,2);
insert into fleur_disposition_feuille (fleur_fk, disposition_feuille_fk) values (293,0);
insert into fleur_pilosite_tige (fleur_fk, pilosite_tige_fk) values (293,1);
insert into fleur_pilosite_feuille (fleur_fk, pilosite_feuille_fk) values (293,0);
insert into fleur (id,directory_name,scientific_name,scientific_family_fk,doc_url) values (294,"Melampyre_a_cretes","Melampyrum cristatum",27,"");
insert into taxonomy (lang, taxon, searched_taxon, fleur_fk, taxon_usuel) values ("fr","Mélampyre à crêtes","melampyre a cretes",294,1);
insert into taxonomy (lang, taxon, searched_taxon, fleur_fk, taxon_usuel) values ("la","Melampyrum cristatum","melampyrum cristatum",294,1);
insert into taxonomy (lang, taxon, searched_taxon, fleur_fk, taxon_usuel) values ("en","Crested Cow-wheat","crested cow-wheat",294,1);
insert into fleur_inflorescence (fleur_fk, inflorescence_fk) values (294,0);
insert into fleur_couleur (fleur_fk, couleur_fk) values (294,0);
insert into fleur_particularite (fleur_fk, particularite_fk) values (294,4);
insert into fleur_aspect (fleur_fk, aspect_fk) values (294,3);
insert into fleur_nb_petale (fleur_fk, nb_petale_fk) values (294,5);
insert into fleur_nb_petale (fleur_fk, nb_petale_fk) values (294,2);
insert into fleur_type_feuille (fleur_fk, type_feuille_fk) values (294,3);
insert into fleur_disposition_feuille (fleur_fk, disposition_feuille_fk) values (294,1);
insert into fleur_pilosite_tige (fleur_fk, pilosite_tige_fk) values (294,1);
insert into fleur_pilosite_feuille (fleur_fk, pilosite_feuille_fk) values (294,1);
insert into fleur (id,directory_name,scientific_name,scientific_family_fk,doc_url) values (295,"Melampyre_champs","Melampyrum arvense",27,"");
insert into taxonomy (lang, taxon, searched_taxon, fleur_fk, taxon_usuel) values ("fr","Mélampyre des champs","melampyre des champs",295,1);
insert into taxonomy (lang, taxon, searched_taxon, fleur_fk, taxon_usuel) values ("fr","Rougeotte","rougeotte",295,0);
insert into taxonomy (lang, taxon, searched_taxon, fleur_fk, taxon_usuel) values ("la","Melampyrum arvense","melampyrum arvense",295,1);
insert into taxonomy (lang, taxon, searched_taxon, fleur_fk, taxon_usuel) values ("en","field cow-wheat","field cow-wheat",295,1);
insert into fleur_inflorescence (fleur_fk, inflorescence_fk) values (295,0);
insert into fleur_couleur (fleur_fk, couleur_fk) values (295,1);
insert into fleur_particularite (fleur_fk, particularite_fk) values (295,4);
insert into fleur_aspect (fleur_fk, aspect_fk) values (295,3);
insert into fleur_nb_petale (fleur_fk, nb_petale_fk) values (295,5);
insert into fleur_nb_petale (fleur_fk, nb_petale_fk) values (295,2);
insert into fleur_type_feuille (fleur_fk, type_feuille_fk) values (295,1);
insert into fleur_type_feuille (fleur_fk, type_feuille_fk) values (295,3);
insert into fleur_disposition_feuille (fleur_fk, disposition_feuille_fk) values (295,1);
insert into fleur_pilosite_tige (fleur_fk, pilosite_tige_fk) values (295,1);
insert into fleur_pilosite_feuille (fleur_fk, pilosite_feuille_fk) values (295,1);
insert into fleur (id,directory_name,scientific_name,scientific_family_fk,doc_url) values (296,"Melampyre_pres","Melampyrum pratense",27,"");
insert into taxonomy (lang, taxon, searched_taxon, fleur_fk, taxon_usuel) values ("fr","Mélampyre des prés","melampyre des pres",296,1);
insert into taxonomy (lang, taxon, searched_taxon, fleur_fk, taxon_usuel) values ("la","Melampyrum pratense","melampyrum pratense",296,1);
insert into taxonomy (lang, taxon, searched_taxon, fleur_fk, taxon_usuel) values ("en","common cow-wheat","common cow-wheat",296,1);
insert into fleur_inflorescence (fleur_fk, inflorescence_fk) values (296,0);
insert into fleur_couleur (fleur_fk, couleur_fk) values (296,0);
insert into fleur_couleur (fleur_fk, couleur_fk) values (296,3);
insert into fleur_particularite (fleur_fk, particularite_fk) values (296,4);
insert into fleur_aspect (fleur_fk, aspect_fk) values (296,3);
insert into fleur_nb_petale (fleur_fk, nb_petale_fk) values (296,5);
insert into fleur_nb_petale (fleur_fk, nb_petale_fk) values (296,2);
insert into fleur_type_feuille (fleur_fk, type_feuille_fk) values (296,3);
insert into fleur_disposition_feuille (fleur_fk, disposition_feuille_fk) values (296,1);
insert into fleur_pilosite_tige (fleur_fk, pilosite_tige_fk) values (296,0);
insert into fleur_pilosite_tige (fleur_fk, pilosite_tige_fk) values (296,1);
insert into fleur_pilosite_feuille (fleur_fk, pilosite_feuille_fk) values (296,1);
insert into fleur (id,directory_name,scientific_name,scientific_family_fk,doc_url) values (297,"Melilot_blanc","Melilotus albus",12,"");
insert into taxonomy (lang, taxon, searched_taxon, fleur_fk, taxon_usuel) values ("fr","Mélilot blanc","melilot blanc",297,1);
insert into taxonomy (lang, taxon, searched_taxon, fleur_fk, taxon_usuel) values ("la","Melilotus albus","melilotus albus",297,1);
insert into taxonomy (lang, taxon, searched_taxon, fleur_fk, taxon_usuel) values ("en","sweet clover","sweet clover",297,1);
insert into fleur_inflorescence (fleur_fk, inflorescence_fk) values (297,0);
insert into fleur_couleur (fleur_fk, couleur_fk) values (297,0);
insert into fleur_particularite (fleur_fk, particularite_fk) values (297,3);
insert into fleur_aspect (fleur_fk, aspect_fk) values (297,2);
insert into fleur_nb_petale (fleur_fk, nb_petale_fk) values (297,0);
insert into fleur_type_feuille (fleur_fk, type_feuille_fk) values (297,0);
insert into fleur_disposition_feuille (fleur_fk, disposition_feuille_fk) values (297,0);
insert into fleur_pilosite_tige (fleur_fk, pilosite_tige_fk) values (297,0);
insert into fleur_pilosite_tige (fleur_fk, pilosite_tige_fk) values (297,1);
insert into fleur_pilosite_feuille (fleur_fk, pilosite_feuille_fk) values (297,2);
insert into fleur (id,directory_name,scientific_name,scientific_family_fk,doc_url) values (298,"Melilot_officinal","Melilotus officinalis",12,"");
insert into taxonomy (lang, taxon, searched_taxon, fleur_fk, taxon_usuel) values ("fr","Mélilot officinal","melilot officinal",298,1);
insert into taxonomy (lang, taxon, searched_taxon, fleur_fk, taxon_usuel) values ("fr","Mélilot des prés","melilot des pres",298,0);
insert into taxonomy (lang, taxon, searched_taxon, fleur_fk, taxon_usuel) values ("la","Melilotus officinalis","melilotus officinalis",298,1);
insert into taxonomy (lang, taxon, searched_taxon, fleur_fk, taxon_usuel) values ("en","yellow sweet clover","yellow sweet clover",298,1);
insert into fleur_inflorescence (fleur_fk, inflorescence_fk) values (298,0);
insert into fleur_couleur (fleur_fk, couleur_fk) values (298,3);
insert into fleur_particularite (fleur_fk, particularite_fk) values (298,3);
insert into fleur_aspect (fleur_fk, aspect_fk) values (298,2);
insert into fleur_nb_petale (fleur_fk, nb_petale_fk) values (298,0);
insert into fleur_type_feuille (fleur_fk, type_feuille_fk) values (298,0);
insert into fleur_disposition_feuille (fleur_fk, disposition_feuille_fk) values (298,0);
insert into fleur_pilosite_tige (fleur_fk, pilosite_tige_fk) values (298,1);
insert into fleur_pilosite_feuille (fleur_fk, pilosite_feuille_fk) values (298,2);
insert into fleur (id,directory_name,scientific_name,scientific_family_fk,doc_url) values (299,"Menthe_aquatique","Mentha aquatica ",3,"");
insert into taxonomy (lang, taxon, searched_taxon, fleur_fk, taxon_usuel) values ("fr","Menthe aquatique","menthe aquatique",299,1);
insert into taxonomy (lang, taxon, searched_taxon, fleur_fk, taxon_usuel) values ("la","Mentha aquatica ","mentha aquatica ",299,1);
insert into taxonomy (lang, taxon, searched_taxon, fleur_fk, taxon_usuel) values ("en","water mint","water mint",299,1);
insert into fleur_inflorescence (fleur_fk, inflorescence_fk) values (299,0);
insert into fleur_couleur (fleur_fk, couleur_fk) values (299,0);
insert into fleur_couleur (fleur_fk, couleur_fk) values (299,1);
insert into fleur_aspect (fleur_fk, aspect_fk) values (299,3);
insert into fleur_nb_petale (fleur_fk, nb_petale_fk) values (299,2);
insert into fleur_type_feuille (fleur_fk, type_feuille_fk) values (299,2);
insert into fleur_disposition_feuille (fleur_fk, disposition_feuille_fk) values (299,1);
insert into fleur_pilosite_tige (fleur_fk, pilosite_tige_fk) values (299,1);
insert into fleur_pilosite_feuille (fleur_fk, pilosite_feuille_fk) values (299,2);
insert into fleur (id,directory_name,scientific_name,scientific_family_fk,doc_url) values (300,"Millepertuis_perfore","Hypericum perforatum",44,"");
insert into taxonomy (lang, taxon, searched_taxon, fleur_fk, taxon_usuel) values ("fr","Millepertuis perforé","millepertuis perfore",300,1);
insert into taxonomy (lang, taxon, searched_taxon, fleur_fk, taxon_usuel) values ("fr","Herbe à mille trous","herbe a mille trous",300,0);
insert into taxonomy (lang, taxon, searched_taxon, fleur_fk, taxon_usuel) values ("fr","Millepertuis commun","millepertuis commun",300,0);
insert into taxonomy (lang, taxon, searched_taxon, fleur_fk, taxon_usuel) values ("la","Hypericum perforatum","hypericum perforatum",300,1);
insert into taxonomy (lang, taxon, searched_taxon, fleur_fk, taxon_usuel) values ("en","St John's wort","st john's wort",300,1);
insert into fleur_inflorescence (fleur_fk, inflorescence_fk) values (300,0);
insert into fleur_couleur (fleur_fk, couleur_fk) values (300,3);
insert into fleur_aspect (fleur_fk, aspect_fk) values (300,0);
insert into fleur_nb_petale (fleur_fk, nb_petale_fk) values (300,0);
insert into fleur_type_feuille (fleur_fk, type_feuille_fk) values (300,3);
insert into fleur_disposition_feuille (fleur_fk, disposition_feuille_fk) values (300,0);
insert into fleur_pilosite_tige (fleur_fk, pilosite_tige_fk) values (300,0);
insert into fleur_pilosite_feuille (fleur_fk, pilosite_feuille_fk) values (300,0);
insert into fleur (id,directory_name,scientific_name,scientific_family_fk,doc_url) values (301,"Molene_fleurs_denses","Verbascum densiflorum",27,"");
insert into taxonomy (lang, taxon, searched_taxon, fleur_fk, taxon_usuel) values ("fr","Molène à fleurs denses","molene a fleurs denses",301,1);
insert into taxonomy (lang, taxon, searched_taxon, fleur_fk, taxon_usuel) values ("la","Verbascum densiflorum","verbascum densiflorum",301,1);
insert into taxonomy (lang, taxon, searched_taxon, fleur_fk, taxon_usuel) values ("en","dense-flowered mullein","dense-flowered mullein",301,1);
insert into fleur_inflorescence (fleur_fk, inflorescence_fk) values (301,0);
insert into fleur_couleur (fleur_fk, couleur_fk) values (301,3);
insert into fleur_aspect (fleur_fk, aspect_fk) values (301,3);
insert into fleur_nb_petale (fleur_fk, nb_petale_fk) values (301,0);
insert into fleur_type_feuille (fleur_fk, type_feuille_fk) values (301,2);
insert into fleur_type_feuille (fleur_fk, type_feuille_fk) values (301,3);
insert into fleur_disposition_feuille (fleur_fk, disposition_feuille_fk) values (301,0);
insert into fleur_pilosite_tige (fleur_fk, pilosite_tige_fk) values (301,1);
insert into fleur_pilosite_feuille (fleur_fk, pilosite_feuille_fk) values (301,1);
insert into fleur (id,directory_name,scientific_name,scientific_family_fk,doc_url) values (302,"Molene_blattaire","Verbascum blattaria",27,"");
insert into taxonomy (lang, taxon, searched_taxon, fleur_fk, taxon_usuel) values ("fr","Molène blattaire","molene blattaire",302,1);
insert into taxonomy (lang, taxon, searched_taxon, fleur_fk, taxon_usuel) values ("la","Verbascum blattaria","verbascum blattaria",302,1);
insert into taxonomy (lang, taxon, searched_taxon, fleur_fk, taxon_usuel) values ("en","Moth mullein","moth mullein",302,1);
insert into fleur_inflorescence (fleur_fk, inflorescence_fk) values (302,0);
insert into fleur_couleur (fleur_fk, couleur_fk) values (302,3);
insert into fleur_aspect (fleur_fk, aspect_fk) values (302,3);
insert into fleur_nb_petale (fleur_fk, nb_petale_fk) values (302,0);
insert into fleur_type_feuille (fleur_fk, type_feuille_fk) values (302,2);
insert into fleur_disposition_feuille (fleur_fk, disposition_feuille_fk) values (302,0);
insert into fleur_pilosite_tige (fleur_fk, pilosite_tige_fk) values (302,0);
insert into fleur_pilosite_tige (fleur_fk, pilosite_tige_fk) values (302,1);
insert into fleur_pilosite_feuille (fleur_fk, pilosite_feuille_fk) values (302,0);
insert into fleur (id,directory_name,scientific_name,scientific_family_fk,doc_url) values (303,"Molene_thapsus","Verbascum thapsus",27,"");
insert into taxonomy (lang, taxon, searched_taxon, fleur_fk, taxon_usuel) values ("fr","Molène bouillon-blanc","molene bouillon-blanc",303,1);
insert into taxonomy (lang, taxon, searched_taxon, fleur_fk, taxon_usuel) values ("fr","Bouillon blanc","bouillon blanc",303,0);
insert into taxonomy (lang, taxon, searched_taxon, fleur_fk, taxon_usuel) values ("la","Verbascum thapsus","verbascum thapsus",303,1);
insert into taxonomy (lang, taxon, searched_taxon, fleur_fk, taxon_usuel) values ("en","Common mullein","common mullein",303,1);
insert into fleur_inflorescence (fleur_fk, inflorescence_fk) values (303,0);
insert into fleur_couleur (fleur_fk, couleur_fk) values (303,3);
insert into fleur_aspect (fleur_fk, aspect_fk) values (303,3);
insert into fleur_nb_petale (fleur_fk, nb_petale_fk) values (303,0);
insert into fleur_type_feuille (fleur_fk, type_feuille_fk) values (303,2);
insert into fleur_type_feuille (fleur_fk, type_feuille_fk) values (303,3);
insert into fleur_disposition_feuille (fleur_fk, disposition_feuille_fk) values (303,0);
insert into fleur_pilosite_tige (fleur_fk, pilosite_tige_fk) values (303,1);
insert into fleur_pilosite_feuille (fleur_fk, pilosite_feuille_fk) values (303,1);
insert into fleur (id,directory_name,scientific_name,scientific_family_fk,doc_url) values (304,"Molene_en_baguette","Verbascum virgatum",27,"");
insert into taxonomy (lang, taxon, searched_taxon, fleur_fk, taxon_usuel) values ("fr","Molène en baguette","molene en baguette",304,1);
insert into taxonomy (lang, taxon, searched_taxon, fleur_fk, taxon_usuel) values ("fr","Molène effilée","molene effilee",304,0);
insert into taxonomy (lang, taxon, searched_taxon, fleur_fk, taxon_usuel) values ("fr","Molène stricte","molene stricte",304,0);
insert into taxonomy (lang, taxon, searched_taxon, fleur_fk, taxon_usuel) values ("la","Verbascum virgatum","verbascum virgatum",304,1);
insert into taxonomy (lang, taxon, searched_taxon, fleur_fk, taxon_usuel) values ("en","Twiggy mullein","twiggy mullein",304,1);
insert into fleur_inflorescence (fleur_fk, inflorescence_fk) values (304,0);
insert into fleur_couleur (fleur_fk, couleur_fk) values (304,3);
insert into fleur_aspect (fleur_fk, aspect_fk) values (304,3);
insert into fleur_nb_petale (fleur_fk, nb_petale_fk) values (304,0);
insert into fleur_type_feuille (fleur_fk, type_feuille_fk) values (304,2);
insert into fleur_disposition_feuille (fleur_fk, disposition_feuille_fk) values (304,0);
insert into fleur_pilosite_tige (fleur_fk, pilosite_tige_fk) values (304,0);
insert into fleur_pilosite_tige (fleur_fk, pilosite_tige_fk) values (304,1);
insert into fleur_pilosite_feuille (fleur_fk, pilosite_feuille_fk) values (304,1);
insert into fleur (id,directory_name,scientific_name,scientific_family_fk,doc_url) values (305,"Molene_floconneuse","Verbascum pulverulentum",27,"");
insert into taxonomy (lang, taxon, searched_taxon, fleur_fk, taxon_usuel) values ("fr","Molène floconneuse","molene floconneuse",305,1);
insert into taxonomy (lang, taxon, searched_taxon, fleur_fk, taxon_usuel) values ("la","Verbascum pulverulentum","verbascum pulverulentum",305,1);
insert into taxonomy (lang, taxon, searched_taxon, fleur_fk, taxon_usuel) values ("en","Hoary mullein","hoary mullein",305,1);
insert into fleur_inflorescence (fleur_fk, inflorescence_fk) values (305,0);
insert into fleur_couleur (fleur_fk, couleur_fk) values (305,3);
insert into fleur_aspect (fleur_fk, aspect_fk) values (305,3);
insert into fleur_nb_petale (fleur_fk, nb_petale_fk) values (305,0);
insert into fleur_type_feuille (fleur_fk, type_feuille_fk) values (305,3);
insert into fleur_disposition_feuille (fleur_fk, disposition_feuille_fk) values (305,0);
insert into fleur_pilosite_tige (fleur_fk, pilosite_tige_fk) values (305,1);
insert into fleur_pilosite_feuille (fleur_fk, pilosite_feuille_fk) values (305,1);
insert into fleur (id,directory_name,scientific_name,scientific_family_fk,doc_url) values (306,"Morelle_douce_amere","Solanum dulcamara",26,"");
insert into taxonomy (lang, taxon, searched_taxon, fleur_fk, taxon_usuel) values ("fr","Morelle douce-amère","morelle douce-amere",306,1);
insert into taxonomy (lang, taxon, searched_taxon, fleur_fk, taxon_usuel) values ("fr","Vigne de Judée","vigne de judee",306,0);
insert into taxonomy (lang, taxon, searched_taxon, fleur_fk, taxon_usuel) values ("fr","Douce-amère","douce-amere",306,0);
insert into taxonomy (lang, taxon, searched_taxon, fleur_fk, taxon_usuel) values ("la","Solanum dulcamara","solanum dulcamara",306,1);
insert into taxonomy (lang, taxon, searched_taxon, fleur_fk, taxon_usuel) values ("en","bittersweet nightshade","bittersweet nightshade",306,1);
insert into fleur_inflorescence (fleur_fk, inflorescence_fk) values (306,0);
insert into fleur_couleur (fleur_fk, couleur_fk) values (306,2);
insert into fleur_particularite (fleur_fk, particularite_fk) values (306,4);
insert into fleur_aspect (fleur_fk, aspect_fk) values (306,6);
insert into fleur_nb_petale (fleur_fk, nb_petale_fk) values (306,0);
insert into fleur_type_feuille (fleur_fk, type_feuille_fk) values (306,3);
insert into fleur_disposition_feuille (fleur_fk, disposition_feuille_fk) values (306,0);
insert into fleur_pilosite_tige (fleur_fk, pilosite_tige_fk) values (306,1);
insert into fleur_pilosite_feuille (fleur_fk, pilosite_feuille_fk) values (306,0);
insert into fleur_pilosite_feuille (fleur_fk, pilosite_feuille_fk) values (306,1);
insert into fleur (id,directory_name,scientific_name,scientific_family_fk,doc_url) values (307,"Morelle_noire","Solanum nigrum",26,"");
insert into taxonomy (lang, taxon, searched_taxon, fleur_fk, taxon_usuel) values ("fr","Morelle noire","morelle noire",307,1);
insert into taxonomy (lang, taxon, searched_taxon, fleur_fk, taxon_usuel) values ("la","Solanum nigrum","solanum nigrum",307,1);
insert into taxonomy (lang, taxon, searched_taxon, fleur_fk, taxon_usuel) values ("en","European black nightshade","european black nightshade",307,1);
insert into fleur_inflorescence (fleur_fk, inflorescence_fk) values (307,0);
insert into fleur_couleur (fleur_fk, couleur_fk) values (307,0);
insert into fleur_aspect (fleur_fk, aspect_fk) values (307,6);
insert into fleur_nb_petale (fleur_fk, nb_petale_fk) values (307,0);
insert into fleur_type_feuille (fleur_fk, type_feuille_fk) values (307,2);
insert into fleur_type_feuille (fleur_fk, type_feuille_fk) values (307,3);
insert into fleur_disposition_feuille (fleur_fk, disposition_feuille_fk) values (307,0);
insert into fleur_pilosite_tige (fleur_fk, pilosite_tige_fk) values (307,0);
insert into fleur_pilosite_tige (fleur_fk, pilosite_tige_fk) values (307,1);
insert into fleur_pilosite_feuille (fleur_fk, pilosite_feuille_fk) values (307,1);
insert into fleur (id,directory_name,scientific_name,scientific_family_fk,doc_url) values (308,"Mouron_bleu","Lysimachia foemina",41,"");
insert into taxonomy (lang, taxon, searched_taxon, fleur_fk, taxon_usuel) values ("fr","Mouron bleu","mouron bleu",308,1);
insert into taxonomy (lang, taxon, searched_taxon, fleur_fk, taxon_usuel) values ("fr","Mouron femelle","mouron femelle",308,0);
insert into taxonomy (lang, taxon, searched_taxon, fleur_fk, taxon_usuel) values ("la","Lysimachia foemina","lysimachia foemina",308,1);
insert into taxonomy (lang, taxon, searched_taxon, fleur_fk, taxon_usuel) values ("la","Anagallis foemina","anagallis foemina",308,0);
insert into taxonomy (lang, taxon, searched_taxon, fleur_fk, taxon_usuel) values ("en","Poorman's Weatherglass","poorman's weatherglass",308,1);
insert into fleur_inflorescence (fleur_fk, inflorescence_fk) values (308,0);
insert into fleur_couleur (fleur_fk, couleur_fk) values (308,2);
insert into fleur_particularite (fleur_fk, particularite_fk) values (308,4);
insert into fleur_aspect (fleur_fk, aspect_fk) values (308,6);
insert into fleur_nb_petale (fleur_fk, nb_petale_fk) values (308,0);
insert into fleur_type_feuille (fleur_fk, type_feuille_fk) values (308,3);
insert into fleur_disposition_feuille (fleur_fk, disposition_feuille_fk) values (308,1);
insert into fleur_pilosite_tige (fleur_fk, pilosite_tige_fk) values (308,0);
insert into fleur_pilosite_feuille (fleur_fk, pilosite_feuille_fk) values (308,0);
insert into fleur (id,directory_name,scientific_name,scientific_family_fk,doc_url) values (309,"Mouron_rouge","Lysimachia arvensis",41,"");
insert into taxonomy (lang, taxon, searched_taxon, fleur_fk, taxon_usuel) values ("fr","Mouron rouge","mouron rouge",309,1);
insert into taxonomy (lang, taxon, searched_taxon, fleur_fk, taxon_usuel) values ("fr","Morgeline","morgeline",309,0);
insert into taxonomy (lang, taxon, searched_taxon, fleur_fk, taxon_usuel) values ("fr","Mouron des champs","mouron des champs",309,0);
insert into taxonomy (lang, taxon, searched_taxon, fleur_fk, taxon_usuel) values ("la","Lysimachia arvensis","lysimachia arvensis",309,1);
insert into taxonomy (lang, taxon, searched_taxon, fleur_fk, taxon_usuel) values ("la","Anagallis arvensis","anagallis arvensis",309,0);
insert into taxonomy (lang, taxon, searched_taxon, fleur_fk, taxon_usuel) values ("en","Scarlet pimpernel","scarlet pimpernel",309,1);
insert into fleur_inflorescence (fleur_fk, inflorescence_fk) values (309,0);
insert into fleur_couleur (fleur_fk, couleur_fk) values (309,1);
insert into fleur_aspect (fleur_fk, aspect_fk) values (309,6);
insert into fleur_nb_petale (fleur_fk, nb_petale_fk) values (309,0);
insert into fleur_type_feuille (fleur_fk, type_feuille_fk) values (309,3);
insert into fleur_disposition_feuille (fleur_fk, disposition_feuille_fk) values (309,1);
insert into fleur_pilosite_tige (fleur_fk, pilosite_tige_fk) values (309,0);
insert into fleur_pilosite_feuille (fleur_fk, pilosite_feuille_fk) values (309,0);
insert into fleur (id,directory_name,scientific_name,scientific_family_fk,doc_url) values (310,"Moutarde_blanche","Sinapis alba",7,"");
insert into taxonomy (lang, taxon, searched_taxon, fleur_fk, taxon_usuel) values ("fr","Moutarde blanche","moutarde blanche",310,1);
insert into taxonomy (lang, taxon, searched_taxon, fleur_fk, taxon_usuel) values ("la","Sinapis alba","sinapis alba",310,1);
insert into taxonomy (lang, taxon, searched_taxon, fleur_fk, taxon_usuel) values ("en","White mustard","white mustard",310,1);
insert into fleur_inflorescence (fleur_fk, inflorescence_fk) values (310,0);
insert into fleur_couleur (fleur_fk, couleur_fk) values (310,3);
insert into fleur_aspect (fleur_fk, aspect_fk) values (310,0);
insert into fleur_nb_petale (fleur_fk, nb_petale_fk) values (310,2);
insert into fleur_type_feuille (fleur_fk, type_feuille_fk) values (310,1);
insert into fleur_disposition_feuille (fleur_fk, disposition_feuille_fk) values (310,0);
insert into fleur_pilosite_tige (fleur_fk, pilosite_tige_fk) values (310,1);
insert into fleur_pilosite_feuille (fleur_fk, pilosite_feuille_fk) values (310,1);
insert into fleur (id,directory_name,scientific_name,scientific_family_fk,doc_url) values (311,"Moutarde_champs","Sinapis arvensis",7,"");
insert into taxonomy (lang, taxon, searched_taxon, fleur_fk, taxon_usuel) values ("fr","Moutarde des champs","moutarde des champs",311,1);
insert into taxonomy (lang, taxon, searched_taxon, fleur_fk, taxon_usuel) values ("la","Sinapis arvensis","sinapis arvensis",311,1);
insert into taxonomy (lang, taxon, searched_taxon, fleur_fk, taxon_usuel) values ("en","Field mustard","field mustard",311,1);
insert into fleur_inflorescence (fleur_fk, inflorescence_fk) values (311,0);
insert into fleur_couleur (fleur_fk, couleur_fk) values (311,3);
insert into fleur_aspect (fleur_fk, aspect_fk) values (311,0);
insert into fleur_nb_petale (fleur_fk, nb_petale_fk) values (311,2);
insert into fleur_type_feuille (fleur_fk, type_feuille_fk) values (311,1);
insert into fleur_disposition_feuille (fleur_fk, disposition_feuille_fk) values (311,0);
insert into fleur_pilosite_tige (fleur_fk, pilosite_tige_fk) values (311,1);
insert into fleur_pilosite_feuille (fleur_fk, pilosite_feuille_fk) values (311,1);
insert into fleur (id,directory_name,scientific_name,scientific_family_fk,doc_url) values (312,"Moutarde_noire","Sinapis nigra",7,"");
insert into taxonomy (lang, taxon, searched_taxon, fleur_fk, taxon_usuel) values ("fr","Moutarde noire","moutarde noire",312,1);
insert into taxonomy (lang, taxon, searched_taxon, fleur_fk, taxon_usuel) values ("la","Sinapis nigra","sinapis nigra",312,1);
insert into taxonomy (lang, taxon, searched_taxon, fleur_fk, taxon_usuel) values ("la","Brassica nigra","brassica nigra",312,0);
insert into taxonomy (lang, taxon, searched_taxon, fleur_fk, taxon_usuel) values ("en","black mustard","black mustard",312,1);
insert into fleur_inflorescence (fleur_fk, inflorescence_fk) values (312,0);
insert into fleur_couleur (fleur_fk, couleur_fk) values (312,3);
insert into fleur_aspect (fleur_fk, aspect_fk) values (312,0);
insert into fleur_nb_petale (fleur_fk, nb_petale_fk) values (312,2);
insert into fleur_type_feuille (fleur_fk, type_feuille_fk) values (312,1);
insert into fleur_disposition_feuille (fleur_fk, disposition_feuille_fk) values (312,0);
insert into fleur_pilosite_tige (fleur_fk, pilosite_tige_fk) values (312,1);
insert into fleur_pilosite_feuille (fleur_fk, pilosite_feuille_fk) values (312,1);
insert into fleur (id,directory_name,scientific_name,scientific_family_fk,doc_url) values (313,"Muguet","Convallaria majalis",45,"");
insert into taxonomy (lang, taxon, searched_taxon, fleur_fk, taxon_usuel) values ("fr","Muguet","muguet",313,1);
insert into taxonomy (lang, taxon, searched_taxon, fleur_fk, taxon_usuel) values ("la","Convallaria majalis","convallaria majalis",313,1);
insert into taxonomy (lang, taxon, searched_taxon, fleur_fk, taxon_usuel) values ("en","Lily of the valley","lily of the valley",313,1);
insert into fleur_inflorescence (fleur_fk, inflorescence_fk) values (313,0);
insert into fleur_couleur (fleur_fk, couleur_fk) values (313,0);
insert into fleur_particularite (fleur_fk, particularite_fk) values (313,0);
insert into fleur_aspect (fleur_fk, aspect_fk) values (313,6);
insert into fleur_nb_petale (fleur_fk, nb_petale_fk) values (313,3);
insert into fleur_type_feuille (fleur_fk, type_feuille_fk) values (313,3);
insert into fleur_disposition_feuille (fleur_fk, disposition_feuille_fk) values (313,3);
insert into fleur_pilosite_tige (fleur_fk, pilosite_tige_fk) values (313,0);
insert into fleur_pilosite_feuille (fleur_fk, pilosite_feuille_fk) values (313,0);
insert into fleur (id,directory_name,scientific_name,scientific_family_fk,doc_url) values (314,"Muscari_toupet","Muscari comosum",11,"");
insert into taxonomy (lang, taxon, searched_taxon, fleur_fk, taxon_usuel) values ("fr","Muscari à toupet","muscari a toupet",314,1);
insert into taxonomy (lang, taxon, searched_taxon, fleur_fk, taxon_usuel) values ("la","Muscari comosum","muscari comosum",314,1);
insert into taxonomy (lang, taxon, searched_taxon, fleur_fk, taxon_usuel) values ("en","Tassel Hyacinth","tassel hyacinth",314,1);
insert into fleur_inflorescence (fleur_fk, inflorescence_fk) values (314,0);
insert into fleur_couleur (fleur_fk, couleur_fk) values (314,2);
insert into fleur_couleur (fleur_fk, couleur_fk) values (314,4);
insert into fleur_aspect (fleur_fk, aspect_fk) values (314,6);
insert into fleur_nb_petale (fleur_fk, nb_petale_fk) values (314,3);
insert into fleur_type_feuille (fleur_fk, type_feuille_fk) values (314,3);
insert into fleur_disposition_feuille (fleur_fk, disposition_feuille_fk) values (314,3);
insert into fleur_pilosite_tige (fleur_fk, pilosite_tige_fk) values (314,0);
insert into fleur_pilosite_feuille (fleur_fk, pilosite_feuille_fk) values (314,0);
insert into fleur (id,directory_name,scientific_name,scientific_family_fk,doc_url) values (315,"Muscari_neglige","Muscari neglectum",11,"");
insert into taxonomy (lang, taxon, searched_taxon, fleur_fk, taxon_usuel) values ("fr","Muscari négligé","muscari neglige",315,1);
insert into taxonomy (lang, taxon, searched_taxon, fleur_fk, taxon_usuel) values ("fr","Muscari oublié","muscari oublie",315,0);
insert into taxonomy (lang, taxon, searched_taxon, fleur_fk, taxon_usuel) values ("fr","Muscari en grappe","muscari en grappe",315,0);
insert into taxonomy (lang, taxon, searched_taxon, fleur_fk, taxon_usuel) values ("la","Muscari neglectum","muscari neglectum",315,1);
insert into taxonomy (lang, taxon, searched_taxon, fleur_fk, taxon_usuel) values ("en","Grape Hyacinth","grape hyacinth",315,1);
insert into fleur_inflorescence (fleur_fk, inflorescence_fk) values (315,0);
insert into fleur_couleur (fleur_fk, couleur_fk) values (315,2);
insert into fleur_particularite (fleur_fk, particularite_fk) values (315,0);
insert into fleur_aspect (fleur_fk, aspect_fk) values (315,6);
insert into fleur_nb_petale (fleur_fk, nb_petale_fk) values (315,3);
insert into fleur_type_feuille (fleur_fk, type_feuille_fk) values (315,3);
insert into fleur_disposition_feuille (fleur_fk, disposition_feuille_fk) values (315,3);
insert into fleur_pilosite_tige (fleur_fk, pilosite_tige_fk) values (315,0);
insert into fleur_pilosite_feuille (fleur_fk, pilosite_feuille_fk) values (315,0);
insert into fleur (id,directory_name,scientific_name,scientific_family_fk,doc_url) values (316,"Myosotis_bicolore","Myosotis discolor",14,"");
insert into taxonomy (lang, taxon, searched_taxon, fleur_fk, taxon_usuel) values ("fr","Myosotis bicolore","myosotis bicolore",316,1);
insert into taxonomy (lang, taxon, searched_taxon, fleur_fk, taxon_usuel) values ("fr","Myosotis changeant","myosotis changeant",316,0);
insert into taxonomy (lang, taxon, searched_taxon, fleur_fk, taxon_usuel) values ("la","Myosotis discolor","myosotis discolor",316,1);
insert into taxonomy (lang, taxon, searched_taxon, fleur_fk, taxon_usuel) values ("en","changing forget-me-not","changing forget-me-not",316,1);
insert into fleur_inflorescence (fleur_fk, inflorescence_fk) values (316,0);
insert into fleur_couleur (fleur_fk, couleur_fk) values (316,2);
insert into fleur_couleur (fleur_fk, couleur_fk) values (316,0);
insert into fleur_particularite (fleur_fk, particularite_fk) values (316,4);
insert into fleur_aspect (fleur_fk, aspect_fk) values (316,6);
insert into fleur_nb_petale (fleur_fk, nb_petale_fk) values (316,0);
insert into fleur_type_feuille (fleur_fk, type_feuille_fk) values (316,3);
insert into fleur_disposition_feuille (fleur_fk, disposition_feuille_fk) values (316,0);
insert into fleur_pilosite_tige (fleur_fk, pilosite_tige_fk) values (316,1);
insert into fleur_pilosite_feuille (fleur_fk, pilosite_feuille_fk) values (316,1);
insert into fleur (id,directory_name,scientific_name,scientific_family_fk,doc_url) values (317,"Myosotis_champs","Myosotis arvensis",14,"");
insert into taxonomy (lang, taxon, searched_taxon, fleur_fk, taxon_usuel) values ("fr","Myosotis des champs","myosotis des champs",317,1);
insert into taxonomy (lang, taxon, searched_taxon, fleur_fk, taxon_usuel) values ("fr","Myosotis intermédiaire","myosotis intermediaire",317,0);
insert into taxonomy (lang, taxon, searched_taxon, fleur_fk, taxon_usuel) values ("la","Myosotis arvensis","myosotis arvensis",317,1);
insert into taxonomy (lang, taxon, searched_taxon, fleur_fk, taxon_usuel) values ("en","Field Forget-me-not","field forget-me-not",317,1);
insert into fleur_inflorescence (fleur_fk, inflorescence_fk) values (317,0);
insert into fleur_couleur (fleur_fk, couleur_fk) values (317,2);
insert into fleur_particularite (fleur_fk, particularite_fk) values (317,4);
insert into fleur_aspect (fleur_fk, aspect_fk) values (317,6);
insert into fleur_nb_petale (fleur_fk, nb_petale_fk) values (317,0);
insert into fleur_type_feuille (fleur_fk, type_feuille_fk) values (317,3);
insert into fleur_disposition_feuille (fleur_fk, disposition_feuille_fk) values (317,0);
insert into fleur_pilosite_tige (fleur_fk, pilosite_tige_fk) values (317,1);
insert into fleur_pilosite_feuille (fleur_fk, pilosite_feuille_fk) values (317,1);
insert into fleur (id,directory_name,scientific_name,scientific_family_fk,doc_url) values (318,"Myosotis_marais","Myosotis scorpioides",14,"");
insert into taxonomy (lang, taxon, searched_taxon, fleur_fk, taxon_usuel) values ("fr","Myosotis des marais","myosotis des marais",318,1);
insert into taxonomy (lang, taxon, searched_taxon, fleur_fk, taxon_usuel) values ("fr","Myosotis queue de scorpion","myosotis queue de scorpion",318,0);
insert into taxonomy (lang, taxon, searched_taxon, fleur_fk, taxon_usuel) values ("la","Myosotis scorpioides","myosotis scorpioides",318,1);
insert into taxonomy (lang, taxon, searched_taxon, fleur_fk, taxon_usuel) values ("en","Water Forget-me-not","water forget-me-not",318,1);
insert into fleur_inflorescence (fleur_fk, inflorescence_fk) values (318,0);
insert into fleur_couleur (fleur_fk, couleur_fk) values (318,2);
insert into fleur_particularite (fleur_fk, particularite_fk) values (318,4);
insert into fleur_aspect (fleur_fk, aspect_fk) values (318,6);
insert into fleur_nb_petale (fleur_fk, nb_petale_fk) values (318,0);
insert into fleur_type_feuille (fleur_fk, type_feuille_fk) values (318,3);
insert into fleur_disposition_feuille (fleur_fk, disposition_feuille_fk) values (318,0);
insert into fleur_pilosite_tige (fleur_fk, pilosite_tige_fk) values (318,1);
insert into fleur_pilosite_feuille (fleur_fk, pilosite_feuille_fk) values (318,1);
insert into fleur (id,directory_name,scientific_name,scientific_family_fk,doc_url) values (319,"Myosotis_rameux","Myosotis ramosissima",14,"");
insert into taxonomy (lang, taxon, searched_taxon, fleur_fk, taxon_usuel) values ("fr","Myosotis hérissé","myosotis herisse",319,1);
insert into taxonomy (lang, taxon, searched_taxon, fleur_fk, taxon_usuel) values ("fr","Myosotis très rameux","myosotis tres rameux",319,0);
insert into taxonomy (lang, taxon, searched_taxon, fleur_fk, taxon_usuel) values ("la","Myosotis ramosissima","myosotis ramosissima",319,1);
insert into taxonomy (lang, taxon, searched_taxon, fleur_fk, taxon_usuel) values ("en","Early Forget-me-not","early forget-me-not",319,1);
insert into fleur_inflorescence (fleur_fk, inflorescence_fk) values (319,0);
insert into fleur_couleur (fleur_fk, couleur_fk) values (319,2);
insert into fleur_particularite (fleur_fk, particularite_fk) values (319,4);
insert into fleur_aspect (fleur_fk, aspect_fk) values (319,6);
insert into fleur_nb_petale (fleur_fk, nb_petale_fk) values (319,0);
insert into fleur_type_feuille (fleur_fk, type_feuille_fk) values (319,3);
insert into fleur_disposition_feuille (fleur_fk, disposition_feuille_fk) values (319,0);
insert into fleur_pilosite_tige (fleur_fk, pilosite_tige_fk) values (319,1);
insert into fleur_pilosite_feuille (fleur_fk, pilosite_feuille_fk) values (319,1);
insert into fleur (id,directory_name,scientific_name,scientific_family_fk,doc_url) values (320,"","Neottia nidus-avis",20,"");
insert into taxonomy (lang, taxon, searched_taxon, fleur_fk, taxon_usuel) values ("fr","Néottie nid d'oiseau","neottie nid d'oiseau",320,1);
insert into taxonomy (lang, taxon, searched_taxon, fleur_fk, taxon_usuel) values ("la","Neottia nidus-avis","neottia nidus-avis",320,1);
insert into taxonomy (lang, taxon, searched_taxon, fleur_fk, taxon_usuel) values ("en","Bird's-nest Orchid","bird's-nest orchid",320,1);
insert into fleur_inflorescence (fleur_fk, inflorescence_fk) values (320,0);
insert into fleur_couleur (fleur_fk, couleur_fk) values (320,4);
insert into fleur_particularite (fleur_fk, particularite_fk) values (320,5);
insert into fleur_aspect (fleur_fk, aspect_fk) values (320,2);
insert into fleur_nb_petale (fleur_fk, nb_petale_fk) values (320,3);
insert into fleur_type_feuille (fleur_fk, type_feuille_fk) values (320,4);
insert into fleur_disposition_feuille (fleur_fk, disposition_feuille_fk) values (320,4);
insert into fleur_pilosite_tige (fleur_fk, pilosite_tige_fk) values (320,1);
insert into fleur_pilosite_feuille (fleur_fk, pilosite_feuille_fk) values (320,0);
insert into fleur (id,directory_name,scientific_name,scientific_family_fk,doc_url) values (321,"","Odontites vernus",27,"");
insert into taxonomy (lang, taxon, searched_taxon, fleur_fk, taxon_usuel) values ("fr","Odontite tardif","odontite tardif",321,1);
insert into taxonomy (lang, taxon, searched_taxon, fleur_fk, taxon_usuel) values ("fr","Euphraise tardive","euphraise tardive",321,0);
insert into taxonomy (lang, taxon, searched_taxon, fleur_fk, taxon_usuel) values ("la","Odontites vernus","odontites vernus",321,1);
insert into taxonomy (lang, taxon, searched_taxon, fleur_fk, taxon_usuel) values ("en","red bartsia","red bartsia",321,1);
insert into fleur_inflorescence (fleur_fk, inflorescence_fk) values (321,0);
insert into fleur_couleur (fleur_fk, couleur_fk) values (321,1);
insert into fleur_aspect (fleur_fk, aspect_fk) values (321,3);
insert into fleur_nb_petale (fleur_fk, nb_petale_fk) values (321,2);
insert into fleur_nb_petale (fleur_fk, nb_petale_fk) values (321,0);
insert into fleur_type_feuille (fleur_fk, type_feuille_fk) values (321,2);
insert into fleur_disposition_feuille (fleur_fk, disposition_feuille_fk) values (321,1);
insert into fleur_pilosite_tige (fleur_fk, pilosite_tige_fk) values (321,1);
insert into fleur_pilosite_feuille (fleur_fk, pilosite_feuille_fk) values (321,1);
insert into fleur (id,directory_name,scientific_name,scientific_family_fk,doc_url) values (322,"","Dianthus armeria",21,"");
insert into taxonomy (lang, taxon, searched_taxon, fleur_fk, taxon_usuel) values ("fr","Oeillet arméria","oeillet armeria",322,1);
insert into taxonomy (lang, taxon, searched_taxon, fleur_fk, taxon_usuel) values ("fr","Oeillet velu","oeillet velu",322,0);
insert into taxonomy (lang, taxon, searched_taxon, fleur_fk, taxon_usuel) values ("la","Dianthus armeria","dianthus armeria",322,1);
insert into taxonomy (lang, taxon, searched_taxon, fleur_fk, taxon_usuel) values ("en","Deptford Pink","deptford pink",322,1);
insert into fleur_inflorescence (fleur_fk, inflorescence_fk) values (322,0);
insert into fleur_couleur (fleur_fk, couleur_fk) values (322,1);
insert into fleur_particularite (fleur_fk, particularite_fk) values (322,4);
insert into fleur_aspect (fleur_fk, aspect_fk) values (322,0);
insert into fleur_nb_petale (fleur_fk, nb_petale_fk) values (322,0);
insert into fleur_type_feuille (fleur_fk, type_feuille_fk) values (322,3);
insert into fleur_disposition_feuille (fleur_fk, disposition_feuille_fk) values (322,1);
insert into fleur_pilosite_tige (fleur_fk, pilosite_tige_fk) values (322,1);
insert into fleur_pilosite_feuille (fleur_fk, pilosite_feuille_fk) values (322,1);
insert into fleur (id,directory_name,scientific_name,scientific_family_fk,doc_url) values (323,"","Dianthus carthusianorum",21,"");
insert into taxonomy (lang, taxon, searched_taxon, fleur_fk, taxon_usuel) values ("fr","Oeillet des Chartreux","oeillet des chartreux",323,1);
insert into taxonomy (lang, taxon, searched_taxon, fleur_fk, taxon_usuel) values ("la","Dianthus carthusianorum","dianthus carthusianorum",323,1);
insert into taxonomy (lang, taxon, searched_taxon, fleur_fk, taxon_usuel) values ("en","Carthusian Pink","carthusian pink",323,1);
insert into fleur_inflorescence (fleur_fk, inflorescence_fk) values (323,0);
insert into fleur_couleur (fleur_fk, couleur_fk) values (323,1);
insert into fleur_aspect (fleur_fk, aspect_fk) values (323,0);
insert into fleur_nb_petale (fleur_fk, nb_petale_fk) values (323,0);
insert into fleur_type_feuille (fleur_fk, type_feuille_fk) values (323,3);
insert into fleur_disposition_feuille (fleur_fk, disposition_feuille_fk) values (323,1);
insert into fleur_pilosite_tige (fleur_fk, pilosite_tige_fk) values (323,0);
insert into fleur_pilosite_feuille (fleur_fk, pilosite_feuille_fk) values (323,0);
insert into fleur (id,directory_name,scientific_name,scientific_family_fk,doc_url) values (324,"","Petrorhagia prolifera",21,"");
insert into taxonomy (lang, taxon, searched_taxon, fleur_fk, taxon_usuel) values ("fr","Oeillet prolifère","oeillet prolifere",324,1);
insert into taxonomy (lang, taxon, searched_taxon, fleur_fk, taxon_usuel) values ("fr","Petrorhagie prolifère","petrorhagie prolifere",324,0);
insert into taxonomy (lang, taxon, searched_taxon, fleur_fk, taxon_usuel) values ("fr","Tunique prolifère","tunique prolifere",324,0);
insert into taxonomy (lang, taxon, searched_taxon, fleur_fk, taxon_usuel) values ("la","Petrorhagia prolifera","petrorhagia prolifera",324,1);
insert into taxonomy (lang, taxon, searched_taxon, fleur_fk, taxon_usuel) values ("en","childing pink","childing pink",324,1);
insert into fleur_inflorescence (fleur_fk, inflorescence_fk) values (324,0);
insert into fleur_couleur (fleur_fk, couleur_fk) values (324,1);
insert into fleur_particularite (fleur_fk, particularite_fk) values (324,1);
insert into fleur_aspect (fleur_fk, aspect_fk) values (324,0);
insert into fleur_nb_petale (fleur_fk, nb_petale_fk) values (324,0);
insert into fleur_type_feuille (fleur_fk, type_feuille_fk) values (324,3);
insert into fleur_disposition_feuille (fleur_fk, disposition_feuille_fk) values (324,1);
insert into fleur_pilosite_tige (fleur_fk, pilosite_tige_fk) values (324,0);
insert into fleur_pilosite_feuille (fleur_fk, pilosite_feuille_fk) values (324,0);
insert into fleur (id,directory_name,scientific_name,scientific_family_fk,doc_url) values (325,"","Oenothera parviflora",28,"");
insert into taxonomy (lang, taxon, searched_taxon, fleur_fk, taxon_usuel) values ("fr","Onagre à petites fleurs","onagre a petites fleurs",325,1);
insert into taxonomy (lang, taxon, searched_taxon, fleur_fk, taxon_usuel) values ("fr","Onagre muriquée","onagre muriquee",325,0);
insert into taxonomy (lang, taxon, searched_taxon, fleur_fk, taxon_usuel) values ("la","Oenothera parviflora","oenothera parviflora",325,1);
insert into taxonomy (lang, taxon, searched_taxon, fleur_fk, taxon_usuel) values ("en","northern evening primrose","northern evening primrose",325,1);
insert into fleur_inflorescence (fleur_fk, inflorescence_fk) values (325,0);
insert into fleur_couleur (fleur_fk, couleur_fk) values (325,3);
insert into fleur_aspect (fleur_fk, aspect_fk) values (325,0);
insert into fleur_nb_petale (fleur_fk, nb_petale_fk) values (325,2);
insert into fleur_type_feuille (fleur_fk, type_feuille_fk) values (325,2);
insert into fleur_disposition_feuille (fleur_fk, disposition_feuille_fk) values (325,0);
insert into fleur_pilosite_tige (fleur_fk, pilosite_tige_fk) values (325,1);
insert into fleur_pilosite_feuille (fleur_fk, pilosite_feuille_fk) values (325,0);
insert into fleur_pilosite_feuille (fleur_fk, pilosite_feuille_fk) values (325,2);
insert into fleur (id,directory_name,scientific_name,scientific_family_fk,doc_url) values (326,"","Oenothera biennis",28,"");
insert into taxonomy (lang, taxon, searched_taxon, fleur_fk, taxon_usuel) values ("fr","Onagre bisannuelle","onagre bisannuelle",326,1);
insert into taxonomy (lang, taxon, searched_taxon, fleur_fk, taxon_usuel) values ("fr","Herbe aux ânes","herbe aux anes",326,0);
insert into taxonomy (lang, taxon, searched_taxon, fleur_fk, taxon_usuel) values ("la","Oenothera biennis","oenothera biennis",326,1);
insert into taxonomy (lang, taxon, searched_taxon, fleur_fk, taxon_usuel) values ("en","common evening-primrose","common evening-primrose",326,1);
insert into fleur_inflorescence (fleur_fk, inflorescence_fk) values (326,0);
insert into fleur_couleur (fleur_fk, couleur_fk) values (326,3);
insert into fleur_aspect (fleur_fk, aspect_fk) values (326,0);
insert into fleur_nb_petale (fleur_fk, nb_petale_fk) values (326,2);
insert into fleur_type_feuille (fleur_fk, type_feuille_fk) values (326,2);
insert into fleur_disposition_feuille (fleur_fk, disposition_feuille_fk) values (326,0);
insert into fleur_pilosite_tige (fleur_fk, pilosite_tige_fk) values (326,1);
insert into fleur_pilosite_feuille (fleur_fk, pilosite_feuille_fk) values (326,0);
insert into fleur_pilosite_feuille (fleur_fk, pilosite_feuille_fk) values (326,2);
insert into fleur (id,directory_name,scientific_name,scientific_family_fk,doc_url) values (327,"","Oenothera glazioviana",28,"");
insert into taxonomy (lang, taxon, searched_taxon, fleur_fk, taxon_usuel) values ("fr","Onagre de Glaziou","onagre de glaziou",327,1);
insert into taxonomy (lang, taxon, searched_taxon, fleur_fk, taxon_usuel) values ("fr","Onagre à grandes fleurs","onagre a grandes fleurs",327,0);
insert into taxonomy (lang, taxon, searched_taxon, fleur_fk, taxon_usuel) values ("la","Oenothera glazioviana","oenothera glazioviana",327,1);
insert into taxonomy (lang, taxon, searched_taxon, fleur_fk, taxon_usuel) values ("en","large-flowered evening primrose","large-flowered evening primrose",327,1);
insert into fleur_inflorescence (fleur_fk, inflorescence_fk) values (327,0);
insert into fleur_couleur (fleur_fk, couleur_fk) values (327,3);
insert into fleur_aspect (fleur_fk, aspect_fk) values (327,0);
insert into fleur_nb_petale (fleur_fk, nb_petale_fk) values (327,2);
insert into fleur_type_feuille (fleur_fk, type_feuille_fk) values (327,2);
insert into fleur_disposition_feuille (fleur_fk, disposition_feuille_fk) values (327,0);
insert into fleur_pilosite_tige (fleur_fk, pilosite_tige_fk) values (327,1);
insert into fleur_pilosite_feuille (fleur_fk, pilosite_feuille_fk) values (327,0);
insert into fleur_pilosite_feuille (fleur_fk, pilosite_feuille_fk) values (327,2);
insert into fleur (id,directory_name,scientific_name,scientific_family_fk,doc_url) values (328,"","Ophrys apifera",20,"");
insert into taxonomy (lang, taxon, searched_taxon, fleur_fk, taxon_usuel) values ("fr","Ophrys abeille","ophrys abeille",328,1);
insert into taxonomy (lang, taxon, searched_taxon, fleur_fk, taxon_usuel) values ("la","Ophrys apifera","ophrys apifera",328,1);
insert into taxonomy (lang, taxon, searched_taxon, fleur_fk, taxon_usuel) values ("en","bee orchid","bee orchid",328,1);
insert into fleur_inflorescence (fleur_fk, inflorescence_fk) values (328,0);
insert into fleur_couleur (fleur_fk, couleur_fk) values (328,1);
insert into fleur_particularite (fleur_fk, particularite_fk) values (328,5);
insert into fleur_particularite (fleur_fk, particularite_fk) values (328,4);
insert into fleur_aspect (fleur_fk, aspect_fk) values (328,2);
insert into fleur_nb_petale (fleur_fk, nb_petale_fk) values (328,3);
insert into fleur_type_feuille (fleur_fk, type_feuille_fk) values (328,3);
insert into fleur_disposition_feuille (fleur_fk, disposition_feuille_fk) values (328,0);
insert into fleur_pilosite_tige (fleur_fk, pilosite_tige_fk) values (328,0);
insert into fleur_pilosite_feuille (fleur_fk, pilosite_feuille_fk) values (328,0);
insert into fleur (id,directory_name,scientific_name,scientific_family_fk,doc_url) values (329,"","Ophrys aranifera",20,"");
insert into taxonomy (lang, taxon, searched_taxon, fleur_fk, taxon_usuel) values ("fr","Ophrys araignée","ophrys araignee",329,1);
insert into taxonomy (lang, taxon, searched_taxon, fleur_fk, taxon_usuel) values ("la","Ophrys aranifera","ophrys aranifera",329,1);
insert into taxonomy (lang, taxon, searched_taxon, fleur_fk, taxon_usuel) values ("en","Early Spider-orchid","early spider-orchid",329,1);
insert into fleur_inflorescence (fleur_fk, inflorescence_fk) values (329,0);
insert into fleur_couleur (fleur_fk, couleur_fk) values (329,5);
insert into fleur_particularite (fleur_fk, particularite_fk) values (329,5);
insert into fleur_particularite (fleur_fk, particularite_fk) values (329,4);
insert into fleur_aspect (fleur_fk, aspect_fk) values (329,2);
insert into fleur_nb_petale (fleur_fk, nb_petale_fk) values (329,3);
insert into fleur_type_feuille (fleur_fk, type_feuille_fk) values (329,3);
insert into fleur_disposition_feuille (fleur_fk, disposition_feuille_fk) values (329,0);
insert into fleur_pilosite_tige (fleur_fk, pilosite_tige_fk) values (329,0);
insert into fleur_pilosite_feuille (fleur_fk, pilosite_feuille_fk) values (329,0);
insert into fleur (id,directory_name,scientific_name,scientific_family_fk,doc_url) values (330,"","Ophrys insectifera",20,"");
insert into taxonomy (lang, taxon, searched_taxon, fleur_fk, taxon_usuel) values ("fr","Ophrys mouche","ophrys mouche",330,1);
insert into taxonomy (lang, taxon, searched_taxon, fleur_fk, taxon_usuel) values ("la","Ophrys insectifera","ophrys insectifera",330,1);
insert into taxonomy (lang, taxon, searched_taxon, fleur_fk, taxon_usuel) values ("en","Fly Orchid","fly orchid",330,1);
insert into fleur_inflorescence (fleur_fk, inflorescence_fk) values (330,0);
insert into fleur_couleur (fleur_fk, couleur_fk) values (330,5);
insert into fleur_couleur (fleur_fk, couleur_fk) values (330,4);
insert into fleur_particularite (fleur_fk, particularite_fk) values (330,5);
insert into fleur_particularite (fleur_fk, particularite_fk) values (330,4);
insert into fleur_aspect (fleur_fk, aspect_fk) values (330,2);
insert into fleur_nb_petale (fleur_fk, nb_petale_fk) values (330,3);
insert into fleur_type_feuille (fleur_fk, type_feuille_fk) values (330,3);
insert into fleur_disposition_feuille (fleur_fk, disposition_feuille_fk) values (330,3);
insert into fleur_pilosite_tige (fleur_fk, pilosite_tige_fk) values (330,0);
insert into fleur_pilosite_feuille (fleur_fk, pilosite_feuille_fk) values (330,0);
insert into fleur (id,directory_name,scientific_name,scientific_family_fk,doc_url) values (331,"","Himantoglossum hircinum",20,"");
insert into taxonomy (lang, taxon, searched_taxon, fleur_fk, taxon_usuel) values ("fr","Orchis bouc","orchis bouc",331,1);
insert into taxonomy (lang, taxon, searched_taxon, fleur_fk, taxon_usuel) values ("fr","Orchis à odeur de bouc","orchis a odeur de bouc",331,0);
insert into taxonomy (lang, taxon, searched_taxon, fleur_fk, taxon_usuel) values ("fr","Loroglosse à odeur de bouc","loroglosse a odeur de bouc",331,0);
insert into taxonomy (lang, taxon, searched_taxon, fleur_fk, taxon_usuel) values ("la","Himantoglossum hircinum","himantoglossum hircinum",331,1);
insert into taxonomy (lang, taxon, searched_taxon, fleur_fk, taxon_usuel) values ("en","lizard orchid","lizard orchid",331,1);
insert into fleur_inflorescence (fleur_fk, inflorescence_fk) values (331,0);
insert into fleur_couleur (fleur_fk, couleur_fk) values (331,5);
insert into fleur_particularite (fleur_fk, particularite_fk) values (331,5);
insert into fleur_particularite (fleur_fk, particularite_fk) values (331,4);
insert into fleur_aspect (fleur_fk, aspect_fk) values (331,2);
insert into fleur_nb_petale (fleur_fk, nb_petale_fk) values (331,3);
insert into fleur_type_feuille (fleur_fk, type_feuille_fk) values (331,3);
insert into fleur_disposition_feuille (fleur_fk, disposition_feuille_fk) values (331,0);
insert into fleur_pilosite_tige (fleur_fk, pilosite_tige_fk) values (331,0);
insert into fleur_pilosite_feuille (fleur_fk, pilosite_feuille_fk) values (331,0);
insert into fleur (id,directory_name,scientific_name,scientific_family_fk,doc_url) values (332,"","Anacamptis morio",20,"");
insert into taxonomy (lang, taxon, searched_taxon, fleur_fk, taxon_usuel) values ("fr","Orchis bouffon","orchis bouffon",332,1);
insert into taxonomy (lang, taxon, searched_taxon, fleur_fk, taxon_usuel) values ("fr","Morion","morion",332,0);
insert into taxonomy (lang, taxon, searched_taxon, fleur_fk, taxon_usuel) values ("la","Anacamptis morio","anacamptis morio",332,1);
insert into taxonomy (lang, taxon, searched_taxon, fleur_fk, taxon_usuel) values ("en","green-winged orchid","green-winged orchid",332,1);
insert into fleur_inflorescence (fleur_fk, inflorescence_fk) values (332,0);
insert into fleur_couleur (fleur_fk, couleur_fk) values (332,1);
insert into fleur_particularite (fleur_fk, particularite_fk) values (332,2);
insert into fleur_particularite (fleur_fk, particularite_fk) values (332,5);
insert into fleur_particularite (fleur_fk, particularite_fk) values (332,4);
insert into fleur_aspect (fleur_fk, aspect_fk) values (332,2);
insert into fleur_nb_petale (fleur_fk, nb_petale_fk) values (332,3);
insert into fleur_type_feuille (fleur_fk, type_feuille_fk) values (332,3);
insert into fleur_disposition_feuille (fleur_fk, disposition_feuille_fk) values (332,0);
insert into fleur_pilosite_tige (fleur_fk, pilosite_tige_fk) values (332,0);
insert into fleur_pilosite_feuille (fleur_fk, pilosite_feuille_fk) values (332,0);
insert into fleur (id,directory_name,scientific_name,scientific_family_fk,doc_url) values (333,"","Neotina ustulata",20,"");
insert into taxonomy (lang, taxon, searched_taxon, fleur_fk, taxon_usuel) values ("fr","Orchis brûlé","orchis brule",333,1);
insert into taxonomy (lang, taxon, searched_taxon, fleur_fk, taxon_usuel) values ("la","Neotina ustulata","neotina ustulata",333,1);
insert into taxonomy (lang, taxon, searched_taxon, fleur_fk, taxon_usuel) values ("la","Neotinea ustulata","neotinea ustulata",333,0);
insert into taxonomy (lang, taxon, searched_taxon, fleur_fk, taxon_usuel) values ("en","burnt orchid","burnt orchid",333,1);
insert into fleur_inflorescence (fleur_fk, inflorescence_fk) values (333,0);
insert into fleur_couleur (fleur_fk, couleur_fk) values (333,0);
insert into fleur_couleur (fleur_fk, couleur_fk) values (333,2);
insert into fleur_particularite (fleur_fk, particularite_fk) values (333,2);
insert into fleur_particularite (fleur_fk, particularite_fk) values (333,5);
insert into fleur_particularite (fleur_fk, particularite_fk) values (333,4);
insert into fleur_aspect (fleur_fk, aspect_fk) values (333,2);
insert into fleur_nb_petale (fleur_fk, nb_petale_fk) values (333,3);
insert into fleur_type_feuille (fleur_fk, type_feuille_fk) values (333,3);
insert into fleur_disposition_feuille (fleur_fk, disposition_feuille_fk) values (333,0);
insert into fleur_pilosite_tige (fleur_fk, pilosite_tige_fk) values (333,0);
insert into fleur_pilosite_feuille (fleur_fk, pilosite_feuille_fk) values (333,0);
insert into fleur (id,directory_name,scientific_name,scientific_family_fk,doc_url) values (334,"","Dactylorhiza fuchsii",20,"");
insert into taxonomy (lang, taxon, searched_taxon, fleur_fk, taxon_usuel) values ("fr","Orchis de Fuchs","orchis de fuchs",334,1);
insert into taxonomy (lang, taxon, searched_taxon, fleur_fk, taxon_usuel) values ("la","Dactylorhiza fuchsii","dactylorhiza fuchsii",334,1);
insert into taxonomy (lang, taxon, searched_taxon, fleur_fk, taxon_usuel) values ("en","common spotted orchid","common spotted orchid",334,1);
insert into fleur_inflorescence (fleur_fk, inflorescence_fk) values (334,0);
insert into fleur_couleur (fleur_fk, couleur_fk) values (334,1);
insert into fleur_couleur (fleur_fk, couleur_fk) values (334,0);
insert into fleur_particularite (fleur_fk, particularite_fk) values (334,2);
insert into fleur_particularite (fleur_fk, particularite_fk) values (334,5);
insert into fleur_particularite (fleur_fk, particularite_fk) values (334,4);
insert into fleur_aspect (fleur_fk, aspect_fk) values (334,2);
insert into fleur_nb_petale (fleur_fk, nb_petale_fk) values (334,3);
insert into fleur_type_feuille (fleur_fk, type_feuille_fk) values (334,3);
insert into fleur_disposition_feuille (fleur_fk, disposition_feuille_fk) values (334,0);
insert into fleur_pilosite_tige (fleur_fk, pilosite_tige_fk) values (334,0);
insert into fleur_pilosite_feuille (fleur_fk, pilosite_feuille_fk) values (334,0);
insert into fleur (id,directory_name,scientific_name,scientific_family_fk,doc_url) values (335,"","Orchis anthropophora",20,"");
insert into taxonomy (lang, taxon, searched_taxon, fleur_fk, taxon_usuel) values ("fr","Orchis homme pendu","orchis homme pendu",335,1);
insert into taxonomy (lang, taxon, searched_taxon, fleur_fk, taxon_usuel) values ("la","Orchis anthropophora","orchis anthropophora",335,1);
insert into taxonomy (lang, taxon, searched_taxon, fleur_fk, taxon_usuel) values ("en","Man Orchid","man orchid",335,1);
insert into fleur_inflorescence (fleur_fk, inflorescence_fk) values (335,0);
insert into fleur_couleur (fleur_fk, couleur_fk) values (335,5);
insert into fleur_couleur (fleur_fk, couleur_fk) values (335,3);
insert into fleur_particularite (fleur_fk, particularite_fk) values (335,5);
insert into fleur_particularite (fleur_fk, particularite_fk) values (335,4);
insert into fleur_aspect (fleur_fk, aspect_fk) values (335,2);
insert into fleur_nb_petale (fleur_fk, nb_petale_fk) values (335,3);
insert into fleur_type_feuille (fleur_fk, type_feuille_fk) values (335,3);
insert into fleur_disposition_feuille (fleur_fk, disposition_feuille_fk) values (335,0);
insert into fleur_pilosite_tige (fleur_fk, pilosite_tige_fk) values (335,0);
insert into fleur_pilosite_feuille (fleur_fk, pilosite_feuille_fk) values (335,0);
insert into fleur (id,directory_name,scientific_name,scientific_family_fk,doc_url) values (336,"","Orchis mascula",20,"");
insert into taxonomy (lang, taxon, searched_taxon, fleur_fk, taxon_usuel) values ("fr","Orchis mâle","orchis male",336,1);
insert into taxonomy (lang, taxon, searched_taxon, fleur_fk, taxon_usuel) values ("la","Orchis mascula","orchis mascula",336,1);
insert into taxonomy (lang, taxon, searched_taxon, fleur_fk, taxon_usuel) values ("en","early-purple orchid","early-purple orchid",336,1);
insert into fleur_inflorescence (fleur_fk, inflorescence_fk) values (336,0);
insert into fleur_couleur (fleur_fk, couleur_fk) values (336,1);
insert into fleur_particularite (fleur_fk, particularite_fk) values (336,2);
insert into fleur_particularite (fleur_fk, particularite_fk) values (336,5);
insert into fleur_particularite (fleur_fk, particularite_fk) values (336,4);
insert into fleur_aspect (fleur_fk, aspect_fk) values (336,2);
insert into fleur_nb_petale (fleur_fk, nb_petale_fk) values (336,3);
insert into fleur_type_feuille (fleur_fk, type_feuille_fk) values (336,3);
insert into fleur_disposition_feuille (fleur_fk, disposition_feuille_fk) values (336,0);
insert into fleur_pilosite_tige (fleur_fk, pilosite_tige_fk) values (336,0);
insert into fleur_pilosite_feuille (fleur_fk, pilosite_feuille_fk) values (336,0);
insert into fleur (id,directory_name,scientific_name,scientific_family_fk,doc_url) values (337,"","Orchis militaris",20,"");
insert into taxonomy (lang, taxon, searched_taxon, fleur_fk, taxon_usuel) values ("fr","Orchis militaire","orchis militaire",337,1);
insert into taxonomy (lang, taxon, searched_taxon, fleur_fk, taxon_usuel) values ("fr","Orchis casqué","orchis casque",337,0);
insert into taxonomy (lang, taxon, searched_taxon, fleur_fk, taxon_usuel) values ("la","Orchis militaris","orchis militaris",337,1);
insert into taxonomy (lang, taxon, searched_taxon, fleur_fk, taxon_usuel) values ("en","military orchid","military orchid",337,1);
insert into fleur_inflorescence (fleur_fk, inflorescence_fk) values (337,0);
insert into fleur_couleur (fleur_fk, couleur_fk) values (337,1);
insert into fleur_particularite (fleur_fk, particularite_fk) values (337,2);
insert into fleur_particularite (fleur_fk, particularite_fk) values (337,5);
insert into fleur_particularite (fleur_fk, particularite_fk) values (337,4);
insert into fleur_aspect (fleur_fk, aspect_fk) values (337,2);
insert into fleur_nb_petale (fleur_fk, nb_petale_fk) values (337,3);
insert into fleur_type_feuille (fleur_fk, type_feuille_fk) values (337,3);
insert into fleur_disposition_feuille (fleur_fk, disposition_feuille_fk) values (337,0);
insert into fleur_pilosite_tige (fleur_fk, pilosite_tige_fk) values (337,0);
insert into fleur_pilosite_feuille (fleur_fk, pilosite_feuille_fk) values (337,0);
insert into fleur (id,directory_name,scientific_name,scientific_family_fk,doc_url) values (338,"","Gymnadenia conopsea",20,"");
insert into taxonomy (lang, taxon, searched_taxon, fleur_fk, taxon_usuel) values ("fr","Orchis moucheron","orchis moucheron",338,1);
insert into taxonomy (lang, taxon, searched_taxon, fleur_fk, taxon_usuel) values ("la","Gymnadenia conopsea","gymnadenia conopsea",338,1);
insert into taxonomy (lang, taxon, searched_taxon, fleur_fk, taxon_usuel) values ("en","fragrant orchid","fragrant orchid",338,1);
insert into fleur_inflorescence (fleur_fk, inflorescence_fk) values (338,0);
insert into fleur_couleur (fleur_fk, couleur_fk) values (338,1);
insert into fleur_particularite (fleur_fk, particularite_fk) values (338,2);
insert into fleur_particularite (fleur_fk, particularite_fk) values (338,5);
insert into fleur_aspect (fleur_fk, aspect_fk) values (338,2);
insert into fleur_nb_petale (fleur_fk, nb_petale_fk) values (338,3);
insert into fleur_type_feuille (fleur_fk, type_feuille_fk) values (338,3);
insert into fleur_disposition_feuille (fleur_fk, disposition_feuille_fk) values (338,0);
insert into fleur_pilosite_tige (fleur_fk, pilosite_tige_fk) values (338,0);
insert into fleur_pilosite_feuille (fleur_fk, pilosite_feuille_fk) values (338,0);
insert into fleur (id,directory_name,scientific_name,scientific_family_fk,doc_url) values (339,"","Orchis purpurea",20,"");
insert into taxonomy (lang, taxon, searched_taxon, fleur_fk, taxon_usuel) values ("fr","Orchis pourpre","orchis pourpre",339,1);
insert into taxonomy (lang, taxon, searched_taxon, fleur_fk, taxon_usuel) values ("la","Orchis purpurea","orchis purpurea",339,1);
insert into taxonomy (lang, taxon, searched_taxon, fleur_fk, taxon_usuel) values ("en","lady orchid","lady orchid",339,1);
insert into fleur_inflorescence (fleur_fk, inflorescence_fk) values (339,0);
insert into fleur_couleur (fleur_fk, couleur_fk) values (339,2);
insert into fleur_couleur (fleur_fk, couleur_fk) values (339,0);
insert into fleur_particularite (fleur_fk, particularite_fk) values (339,2);
insert into fleur_particularite (fleur_fk, particularite_fk) values (339,5);
insert into fleur_particularite (fleur_fk, particularite_fk) values (339,4);
insert into fleur_aspect (fleur_fk, aspect_fk) values (339,2);
insert into fleur_nb_petale (fleur_fk, nb_petale_fk) values (339,3);
insert into fleur_type_feuille (fleur_fk, type_feuille_fk) values (339,3);
insert into fleur_disposition_feuille (fleur_fk, disposition_feuille_fk) values (339,3);
insert into fleur_pilosite_tige (fleur_fk, pilosite_tige_fk) values (339,0);
insert into fleur_pilosite_feuille (fleur_fk, pilosite_feuille_fk) values (339,0);
insert into fleur (id,directory_name,scientific_name,scientific_family_fk,doc_url) values (340,"","Anacamptis pyramidalis",20,"");
insert into taxonomy (lang, taxon, searched_taxon, fleur_fk, taxon_usuel) values ("fr","Orchis pyramidal","orchis pyramidal",340,1);
insert into taxonomy (lang, taxon, searched_taxon, fleur_fk, taxon_usuel) values ("fr","Anacamptis pyramidal","anacamptis pyramidal",340,0);
insert into taxonomy (lang, taxon, searched_taxon, fleur_fk, taxon_usuel) values ("la","Anacamptis pyramidalis","anacamptis pyramidalis",340,1);
insert into taxonomy (lang, taxon, searched_taxon, fleur_fk, taxon_usuel) values ("en","pyramidal orchid","pyramidal orchid",340,1);
insert into fleur_inflorescence (fleur_fk, inflorescence_fk) values (340,0);
insert into fleur_couleur (fleur_fk, couleur_fk) values (340,1);
insert into fleur_particularite (fleur_fk, particularite_fk) values (340,2);
insert into fleur_particularite (fleur_fk, particularite_fk) values (340,5);
insert into fleur_aspect (fleur_fk, aspect_fk) values (340,2);
insert into fleur_nb_petale (fleur_fk, nb_petale_fk) values (340,3);
insert into fleur_type_feuille (fleur_fk, type_feuille_fk) values (340,3);
insert into fleur_disposition_feuille (fleur_fk, disposition_feuille_fk) values (340,0);
insert into fleur_disposition_feuille (fleur_fk, disposition_feuille_fk) values (340,3);
insert into fleur_pilosite_tige (fleur_fk, pilosite_tige_fk) values (340,0);
insert into fleur_pilosite_feuille (fleur_fk, pilosite_feuille_fk) values (340,0);
insert into fleur (id,directory_name,scientific_name,scientific_family_fk,doc_url) values (341,"","Orchis simia",20,"");
insert into taxonomy (lang, taxon, searched_taxon, fleur_fk, taxon_usuel) values ("fr","Orchis singe","orchis singe",341,1);
insert into taxonomy (lang, taxon, searched_taxon, fleur_fk, taxon_usuel) values ("la","Orchis simia","orchis simia",341,1);
insert into taxonomy (lang, taxon, searched_taxon, fleur_fk, taxon_usuel) values ("en","monkey orchid","monkey orchid",341,1);
insert into fleur_inflorescence (fleur_fk, inflorescence_fk) values (341,0);
insert into fleur_couleur (fleur_fk, couleur_fk) values (341,0);
insert into fleur_couleur (fleur_fk, couleur_fk) values (341,1);
insert into fleur_particularite (fleur_fk, particularite_fk) values (341,2);
insert into fleur_particularite (fleur_fk, particularite_fk) values (341,5);
insert into fleur_particularite (fleur_fk, particularite_fk) values (341,4);
insert into fleur_aspect (fleur_fk, aspect_fk) values (341,2);
insert into fleur_nb_petale (fleur_fk, nb_petale_fk) values (341,3);
insert into fleur_type_feuille (fleur_fk, type_feuille_fk) values (341,3);
insert into fleur_disposition_feuille (fleur_fk, disposition_feuille_fk) values (341,0);
insert into fleur_disposition_feuille (fleur_fk, disposition_feuille_fk) values (341,3);
insert into fleur_pilosite_tige (fleur_fk, pilosite_tige_fk) values (341,0);
insert into fleur_pilosite_feuille (fleur_fk, pilosite_feuille_fk) values (341,0);
insert into fleur (id,directory_name,scientific_name,scientific_family_fk,doc_url) values (342,"","Dactylorhiza maculata",20,"");
insert into taxonomy (lang, taxon, searched_taxon, fleur_fk, taxon_usuel) values ("fr","Orchis tacheté","orchis tachete",342,1);
insert into taxonomy (lang, taxon, searched_taxon, fleur_fk, taxon_usuel) values ("la","Dactylorhiza maculata","dactylorhiza maculata",342,1);
insert into taxonomy (lang, taxon, searched_taxon, fleur_fk, taxon_usuel) values ("en","heath spotted-orchid","heath spotted-orchid",342,1);
insert into fleur_inflorescence (fleur_fk, inflorescence_fk) values (342,0);
insert into fleur_couleur (fleur_fk, couleur_fk) values (342,1);
insert into fleur_particularite (fleur_fk, particularite_fk) values (342,2);
insert into fleur_particularite (fleur_fk, particularite_fk) values (342,5);
insert into fleur_particularite (fleur_fk, particularite_fk) values (342,4);
insert into fleur_aspect (fleur_fk, aspect_fk) values (342,2);
insert into fleur_nb_petale (fleur_fk, nb_petale_fk) values (342,3);
insert into fleur_type_feuille (fleur_fk, type_feuille_fk) values (342,3);
insert into fleur_disposition_feuille (fleur_fk, disposition_feuille_fk) values (342,0);
insert into fleur_pilosite_tige (fleur_fk, pilosite_tige_fk) values (342,0);
insert into fleur_pilosite_feuille (fleur_fk, pilosite_feuille_fk) values (342,0);
insert into fleur (id,directory_name,scientific_name,scientific_family_fk,doc_url) values (343,"","Dactylorhiza viridis",20,"");
insert into taxonomy (lang, taxon, searched_taxon, fleur_fk, taxon_usuel) values ("fr","Orchis vert","orchis vert",343,1);
insert into taxonomy (lang, taxon, searched_taxon, fleur_fk, taxon_usuel) values ("fr","Orchis grenouille","orchis grenouille",343,0);
insert into taxonomy (lang, taxon, searched_taxon, fleur_fk, taxon_usuel) values ("la","Dactylorhiza viridis","dactylorhiza viridis",343,1);
insert into taxonomy (lang, taxon, searched_taxon, fleur_fk, taxon_usuel) values ("en","frog orchid","frog orchid",343,1);
insert into fleur_inflorescence (fleur_fk, inflorescence_fk) values (343,0);
insert into fleur_couleur (fleur_fk, couleur_fk) values (343,5);
insert into fleur_couleur (fleur_fk, couleur_fk) values (343,4);
insert into fleur_particularite (fleur_fk, particularite_fk) values (343,2);
insert into fleur_particularite (fleur_fk, particularite_fk) values (343,5);
insert into fleur_particularite (fleur_fk, particularite_fk) values (343,4);
insert into fleur_aspect (fleur_fk, aspect_fk) values (343,2);
insert into fleur_nb_petale (fleur_fk, nb_petale_fk) values (343,3);
insert into fleur_type_feuille (fleur_fk, type_feuille_fk) values (343,3);
insert into fleur_disposition_feuille (fleur_fk, disposition_feuille_fk) values (343,0);
insert into fleur_pilosite_tige (fleur_fk, pilosite_tige_fk) values (343,0);
insert into fleur_pilosite_feuille (fleur_fk, pilosite_feuille_fk) values (343,0);
insert into fleur (id,directory_name,scientific_name,scientific_family_fk,doc_url) values (344,"","Ornithogalum umbellatum",37,"");
insert into taxonomy (lang, taxon, searched_taxon, fleur_fk, taxon_usuel) values ("fr","Ornithogale en ombelle","ornithogale en ombelle",344,1);
insert into taxonomy (lang, taxon, searched_taxon, fleur_fk, taxon_usuel) values ("fr","Belle d'onze heures","belle d'onze heures",344,0);
insert into taxonomy (lang, taxon, searched_taxon, fleur_fk, taxon_usuel) values ("fr","Dame d'onze heures","dame d'onze heures",344,0);
insert into taxonomy (lang, taxon, searched_taxon, fleur_fk, taxon_usuel) values ("la","Ornithogalum umbellatum","ornithogalum umbellatum",344,1);
insert into taxonomy (lang, taxon, searched_taxon, fleur_fk, taxon_usuel) values ("en","Star-of-Bethlehem","star-of-bethlehem",344,1);
insert into fleur_inflorescence (fleur_fk, inflorescence_fk) values (344,0);
insert into fleur_couleur (fleur_fk, couleur_fk) values (344,0);
insert into fleur_aspect (fleur_fk, aspect_fk) values (344,0);
insert into fleur_nb_petale (fleur_fk, nb_petale_fk) values (344,3);
insert into fleur_type_feuille (fleur_fk, type_feuille_fk) values (344,3);
insert into fleur_type_feuille (fleur_fk, type_feuille_fk) values (344,4);
insert into fleur_disposition_feuille (fleur_fk, disposition_feuille_fk) values (344,3);
insert into fleur_pilosite_tige (fleur_fk, pilosite_tige_fk) values (344,0);
insert into fleur_pilosite_feuille (fleur_fk, pilosite_feuille_fk) values (344,0);
insert into fleur (id,directory_name,scientific_name,scientific_family_fk,doc_url) values (345,"","Orobanche hederae",46,"");
insert into taxonomy (lang, taxon, searched_taxon, fleur_fk, taxon_usuel) values ("fr","Orobanche du lierre","orobanche du lierre",345,1);
insert into taxonomy (lang, taxon, searched_taxon, fleur_fk, taxon_usuel) values ("la","Orobanche hederae","orobanche hederae",345,1);
insert into taxonomy (lang, taxon, searched_taxon, fleur_fk, taxon_usuel) values ("en","Ivy Broomrape","ivy broomrape",345,1);
insert into fleur_inflorescence (fleur_fk, inflorescence_fk) values (345,0);
insert into fleur_couleur (fleur_fk, couleur_fk) values (345,3);
insert into fleur_couleur (fleur_fk, couleur_fk) values (345,0);
insert into fleur_aspect (fleur_fk, aspect_fk) values (345,3);
insert into fleur_nb_petale (fleur_fk, nb_petale_fk) values (345,2);
insert into fleur_nb_petale (fleur_fk, nb_petale_fk) values (345,0);
insert into fleur_type_feuille (fleur_fk, type_feuille_fk) values (345,4);
insert into fleur_disposition_feuille (fleur_fk, disposition_feuille_fk) values (345,4);
insert into fleur_pilosite_tige (fleur_fk, pilosite_tige_fk) values (345,1);
insert into fleur_pilosite_feuille (fleur_fk, pilosite_feuille_fk) values (345,0);
insert into fleur (id,directory_name,scientific_name,scientific_family_fk,doc_url) values (346,"","Sedum acre",47,"");
insert into taxonomy (lang, taxon, searched_taxon, fleur_fk, taxon_usuel) values ("fr","Orpin âcre","orpin acre",346,1);
insert into taxonomy (lang, taxon, searched_taxon, fleur_fk, taxon_usuel) values ("fr","Vermiculaire","vermiculaire",346,0);
insert into taxonomy (lang, taxon, searched_taxon, fleur_fk, taxon_usuel) values ("fr","Poivre des murailles","poivre des murailles",346,0);
insert into taxonomy (lang, taxon, searched_taxon, fleur_fk, taxon_usuel) values ("la","Sedum acre","sedum acre",346,1);
insert into taxonomy (lang, taxon, searched_taxon, fleur_fk, taxon_usuel) values ("en","goldmoss stonecrop","goldmoss stonecrop",346,1);
insert into fleur_inflorescence (fleur_fk, inflorescence_fk) values (346,0);
insert into fleur_couleur (fleur_fk, couleur_fk) values (346,3);
insert into fleur_aspect (fleur_fk, aspect_fk) values (346,0);
insert into fleur_nb_petale (fleur_fk, nb_petale_fk) values (346,0);
insert into fleur_type_feuille (fleur_fk, type_feuille_fk) values (346,3);
insert into fleur_disposition_feuille (fleur_fk, disposition_feuille_fk) values (346,0);
insert into fleur_pilosite_tige (fleur_fk, pilosite_tige_fk) values (346,0);
insert into fleur_pilosite_feuille (fleur_fk, pilosite_feuille_fk) values (346,0);
insert into fleur (id,directory_name,scientific_name,scientific_family_fk,doc_url) values (347,"","Sedum album",47,"");
insert into taxonomy (lang, taxon, searched_taxon, fleur_fk, taxon_usuel) values ("fr","Orpin blanc","orpin blanc",347,1);
insert into taxonomy (lang, taxon, searched_taxon, fleur_fk, taxon_usuel) values ("fr","Sédum blanc","sedum blanc",347,0);
insert into taxonomy (lang, taxon, searched_taxon, fleur_fk, taxon_usuel) values ("la","Sedum album","sedum album",347,1);
insert into taxonomy (lang, taxon, searched_taxon, fleur_fk, taxon_usuel) values ("en","white stonecrop","white stonecrop",347,1);
insert into fleur_inflorescence (fleur_fk, inflorescence_fk) values (347,0);
insert into fleur_couleur (fleur_fk, couleur_fk) values (347,0);
insert into fleur_aspect (fleur_fk, aspect_fk) values (347,0);
insert into fleur_nb_petale (fleur_fk, nb_petale_fk) values (347,0);
insert into fleur_type_feuille (fleur_fk, type_feuille_fk) values (347,3);
insert into fleur_disposition_feuille (fleur_fk, disposition_feuille_fk) values (347,0);
insert into fleur_pilosite_tige (fleur_fk, pilosite_tige_fk) values (347,0);
insert into fleur_pilosite_feuille (fleur_fk, pilosite_feuille_fk) values (347,0);
insert into fleur (id,directory_name,scientific_name,scientific_family_fk,doc_url) values (348,"","Sedum rupestre",47,"");
insert into taxonomy (lang, taxon, searched_taxon, fleur_fk, taxon_usuel) values ("fr","Orpin rupestre","orpin rupestre",348,1);
insert into taxonomy (lang, taxon, searched_taxon, fleur_fk, taxon_usuel) values ("fr","Orpin réfléchi","orpin reflechi",348,0);
insert into taxonomy (lang, taxon, searched_taxon, fleur_fk, taxon_usuel) values ("fr","Orpin des rochers","orpin des rochers",348,0);
insert into taxonomy (lang, taxon, searched_taxon, fleur_fk, taxon_usuel) values ("la","Sedum rupestre","sedum rupestre",348,1);
insert into taxonomy (lang, taxon, searched_taxon, fleur_fk, taxon_usuel) values ("en","reflexed stonecrop","reflexed stonecrop",348,1);
insert into fleur_inflorescence (fleur_fk, inflorescence_fk) values (348,0);
insert into fleur_couleur (fleur_fk, couleur_fk) values (348,3);
insert into fleur_aspect (fleur_fk, aspect_fk) values (348,0);
insert into fleur_nb_petale (fleur_fk, nb_petale_fk) values (348,0);
insert into fleur_nb_petale (fleur_fk, nb_petale_fk) values (348,3);
insert into fleur_nb_petale (fleur_fk, nb_petale_fk) values (348,4);
insert into fleur_type_feuille (fleur_fk, type_feuille_fk) values (348,3);
insert into fleur_disposition_feuille (fleur_fk, disposition_feuille_fk) values (348,0);
insert into fleur_pilosite_tige (fleur_fk, pilosite_tige_fk) values (348,0);
insert into fleur_pilosite_feuille (fleur_fk, pilosite_feuille_fk) values (348,0);
insert into fleur (id,directory_name,scientific_name,scientific_family_fk,doc_url) values (349,"","Rumex acetosa",48,"");
insert into taxonomy (lang, taxon, searched_taxon, fleur_fk, taxon_usuel) values ("fr","Oseille commune","oseille commune",349,1);
insert into taxonomy (lang, taxon, searched_taxon, fleur_fk, taxon_usuel) values ("fr","Oseille des prés","oseille des pres",349,0);
insert into taxonomy (lang, taxon, searched_taxon, fleur_fk, taxon_usuel) values ("fr","Grande oseille","grande oseille",349,0);
insert into taxonomy (lang, taxon, searched_taxon, fleur_fk, taxon_usuel) values ("la","Rumex acetosa","rumex acetosa",349,1);
insert into taxonomy (lang, taxon, searched_taxon, fleur_fk, taxon_usuel) values ("en","common sorrel","common sorrel",349,1);
insert into fleur_inflorescence (fleur_fk, inflorescence_fk) values (349,0);
insert into fleur_couleur (fleur_fk, couleur_fk) values (349,1);
insert into fleur_couleur (fleur_fk, couleur_fk) values (349,5);
insert into fleur_aspect (fleur_fk, aspect_fk) values (349,0);
insert into fleur_nb_petale (fleur_fk, nb_petale_fk) values (349,3);
insert into fleur_type_feuille (fleur_fk, type_feuille_fk) values (349,2);
insert into fleur_type_feuille (fleur_fk, type_feuille_fk) values (349,3);
insert into fleur_disposition_feuille (fleur_fk, disposition_feuille_fk) values (349,0);
insert into fleur_pilosite_tige (fleur_fk, pilosite_tige_fk) values (349,0);
insert into fleur_pilosite_feuille (fleur_fk, pilosite_feuille_fk) values (349,0);
insert into fleur (id,directory_name,scientific_name,scientific_family_fk,doc_url) values (350,"","Oxalis corniculata",49,"");
insert into taxonomy (lang, taxon, searched_taxon, fleur_fk, taxon_usuel) values ("fr","Oxalis corniculée","oxalis corniculee",350,1);
insert into taxonomy (lang, taxon, searched_taxon, fleur_fk, taxon_usuel) values ("la","Oxalis corniculata","oxalis corniculata",350,1);
insert into taxonomy (lang, taxon, searched_taxon, fleur_fk, taxon_usuel) values ("en","creeping woodsorrel","creeping woodsorrel",350,1);
insert into fleur_inflorescence (fleur_fk, inflorescence_fk) values (350,0);
insert into fleur_inflorescence (fleur_fk, inflorescence_fk) values (350,1);
insert into fleur_couleur (fleur_fk, couleur_fk) values (350,3);
insert into fleur_aspect (fleur_fk, aspect_fk) values (350,0);
insert into fleur_nb_petale (fleur_fk, nb_petale_fk) values (350,0);
insert into fleur_type_feuille (fleur_fk, type_feuille_fk) values (350,0);
insert into fleur_disposition_feuille (fleur_fk, disposition_feuille_fk) values (350,0);
insert into fleur_pilosite_tige (fleur_fk, pilosite_tige_fk) values (350,1);
insert into fleur_pilosite_feuille (fleur_fk, pilosite_feuille_fk) values (350,0);
insert into fleur_pilosite_feuille (fleur_fk, pilosite_feuille_fk) values (350,1);
insert into fleur (id,directory_name,scientific_name,scientific_family_fk,doc_url) values (351,"","Oxalis fontana",49,"");
insert into taxonomy (lang, taxon, searched_taxon, fleur_fk, taxon_usuel) values ("fr","Oxalis droite","oxalis droite",351,1);
insert into taxonomy (lang, taxon, searched_taxon, fleur_fk, taxon_usuel) values ("fr","Oxalis d'Europe","oxalis d'europe",351,0);
insert into taxonomy (lang, taxon, searched_taxon, fleur_fk, taxon_usuel) values ("fr","Oxalis des fontaines","oxalis des fontaines",351,0);
insert into taxonomy (lang, taxon, searched_taxon, fleur_fk, taxon_usuel) values ("la","Oxalis fontana","oxalis fontana",351,1);
insert into taxonomy (lang, taxon, searched_taxon, fleur_fk, taxon_usuel) values ("la","Oxalis stricta","oxalis stricta",351,0);
insert into taxonomy (lang, taxon, searched_taxon, fleur_fk, taxon_usuel) values ("en","common yellow woodsorrel","common yellow woodsorrel",351,1);
insert into fleur_inflorescence (fleur_fk, inflorescence_fk) values (351,0);
insert into fleur_inflorescence (fleur_fk, inflorescence_fk) values (351,1);
insert into fleur_couleur (fleur_fk, couleur_fk) values (351,3);
insert into fleur_aspect (fleur_fk, aspect_fk) values (351,0);
insert into fleur_aspect (fleur_fk, aspect_fk) values (351,6);
insert into fleur_nb_petale (fleur_fk, nb_petale_fk) values (351,0);
insert into fleur_type_feuille (fleur_fk, type_feuille_fk) values (351,0);
insert into fleur_disposition_feuille (fleur_fk, disposition_feuille_fk) values (351,0);
insert into fleur_pilosite_tige (fleur_fk, pilosite_tige_fk) values (351,0);
insert into fleur_pilosite_tige (fleur_fk, pilosite_tige_fk) values (351,1);
insert into fleur_pilosite_feuille (fleur_fk, pilosite_feuille_fk) values (351,0);
insert into fleur (id,directory_name,scientific_name,scientific_family_fk,doc_url) values (352,"","Pastinaca sativa",0,"");
insert into taxonomy (lang, taxon, searched_taxon, fleur_fk, taxon_usuel) values ("fr","Panais","panais",352,1);
insert into taxonomy (lang, taxon, searched_taxon, fleur_fk, taxon_usuel) values ("la","Pastinaca sativa","pastinaca sativa",352,1);
insert into taxonomy (lang, taxon, searched_taxon, fleur_fk, taxon_usuel) values ("en","parsnip","parsnip",352,1);
insert into fleur_inflorescence (fleur_fk, inflorescence_fk) values (352,0);
insert into fleur_couleur (fleur_fk, couleur_fk) values (352,3);
insert into fleur_aspect (fleur_fk, aspect_fk) values (352,0);
insert into fleur_nb_petale (fleur_fk, nb_petale_fk) values (352,0);
insert into fleur_type_feuille (fleur_fk, type_feuille_fk) values (352,0);
insert into fleur_disposition_feuille (fleur_fk, disposition_feuille_fk) values (352,0);
insert into fleur_pilosite_tige (fleur_fk, pilosite_tige_fk) values (352,1);
insert into fleur_pilosite_feuille (fleur_fk, pilosite_feuille_fk) values (352,1);
insert into fleur (id,directory_name,scientific_name,scientific_family_fk,doc_url) values (353,"","Eryngium campestre",0,"");
insert into taxonomy (lang, taxon, searched_taxon, fleur_fk, taxon_usuel) values ("fr","Panicaut champêtre","panicaut champetre",353,1);
insert into taxonomy (lang, taxon, searched_taxon, fleur_fk, taxon_usuel) values ("fr","Chardon roulant","chardon roulant",353,0);
insert into taxonomy (lang, taxon, searched_taxon, fleur_fk, taxon_usuel) values ("la","Eryngium campestre","eryngium campestre",353,1);
insert into taxonomy (lang, taxon, searched_taxon, fleur_fk, taxon_usuel) values ("en","field eryngo","field eryngo",353,1);
insert into fleur_inflorescence (fleur_fk, inflorescence_fk) values (353,0);
insert into fleur_couleur (fleur_fk, couleur_fk) values (353,0);
insert into fleur_couleur (fleur_fk, couleur_fk) values (353,5);
insert into fleur_aspect (fleur_fk, aspect_fk) values (353,0);
insert into fleur_nb_petale (fleur_fk, nb_petale_fk) values (353,0);
insert into fleur_type_feuille (fleur_fk, type_feuille_fk) values (353,1);
insert into fleur_disposition_feuille (fleur_fk, disposition_feuille_fk) values (353,1);
insert into fleur_pilosite_tige (fleur_fk, pilosite_tige_fk) values (353,0);
insert into fleur_pilosite_feuille (fleur_fk, pilosite_feuille_fk) values (353,0);
insert into fleur (id,directory_name,scientific_name,scientific_family_fk,doc_url) values (354,"","Bellis perennis",1,"");
insert into taxonomy (lang, taxon, searched_taxon, fleur_fk, taxon_usuel) values ("fr","Pâquerette","paquerette",354,1);
insert into taxonomy (lang, taxon, searched_taxon, fleur_fk, taxon_usuel) values ("fr","Pâquerette vivace","paquerette vivace",354,0);
insert into taxonomy (lang, taxon, searched_taxon, fleur_fk, taxon_usuel) values ("la","Bellis perennis","bellis perennis",354,1);
insert into taxonomy (lang, taxon, searched_taxon, fleur_fk, taxon_usuel) values ("en","common daisy","common daisy",354,1);
insert into fleur_inflorescence (fleur_fk, inflorescence_fk) values (354,1);
insert into fleur_couleur (fleur_fk, couleur_fk) values (354,0);
insert into fleur_aspect (fleur_fk, aspect_fk) values (354,1);
insert into fleur_nb_petale (fleur_fk, nb_petale_fk) values (354,1);
insert into fleur_type_feuille (fleur_fk, type_feuille_fk) values (354,2);
insert into fleur_disposition_feuille (fleur_fk, disposition_feuille_fk) values (354,3);
insert into fleur_pilosite_tige (fleur_fk, pilosite_tige_fk) values (354,0);
insert into fleur_pilosite_feuille (fleur_fk, pilosite_feuille_fk) values (354,0);
insert into fleur_pilosite_feuille (fleur_fk, pilosite_feuille_fk) values (354,1);
insert into fleur (id,directory_name,scientific_name,scientific_family_fk,doc_url) values (355,"","Lepidium draba",7,"");
insert into taxonomy (lang, taxon, searched_taxon, fleur_fk, taxon_usuel) values ("fr","Passerage drave","passerage drave",355,1);
insert into taxonomy (lang, taxon, searched_taxon, fleur_fk, taxon_usuel) values ("fr","Cardaire drave","cardaire drave",355,0);
insert into taxonomy (lang, taxon, searched_taxon, fleur_fk, taxon_usuel) values ("la","Lepidium draba","lepidium draba",355,1);
insert into taxonomy (lang, taxon, searched_taxon, fleur_fk, taxon_usuel) values ("en","whitetop","whitetop",355,1);
insert into fleur_inflorescence (fleur_fk, inflorescence_fk) values (355,0);
insert into fleur_couleur (fleur_fk, couleur_fk) values (355,0);
insert into fleur_aspect (fleur_fk, aspect_fk) values (355,0);
insert into fleur_nb_petale (fleur_fk, nb_petale_fk) values (355,2);
insert into fleur_type_feuille (fleur_fk, type_feuille_fk) values (355,2);
insert into fleur_disposition_feuille (fleur_fk, disposition_feuille_fk) values (355,0);
insert into fleur_pilosite_tige (fleur_fk, pilosite_tige_fk) values (355,1);
insert into fleur_pilosite_feuille (fleur_fk, pilosite_feuille_fk) values (355,1);
insert into fleur (id,directory_name,scientific_name,scientific_family_fk,doc_url) values (356,"","Papaver somniferum",23,"http://abiris.snv.jussieu.fr/flore/descriptions/Pavot.html");
insert into taxonomy (lang, taxon, searched_taxon, fleur_fk, taxon_usuel) values ("fr","Pavot","pavot",356,1);
insert into taxonomy (lang, taxon, searched_taxon, fleur_fk, taxon_usuel) values ("fr","Pavot somnifère","pavot somnifere",356,0);
insert into taxonomy (lang, taxon, searched_taxon, fleur_fk, taxon_usuel) values ("la","Papaver somniferum","papaver somniferum",356,1);
insert into taxonomy (lang, taxon, searched_taxon, fleur_fk, taxon_usuel) values ("en","opium poppy","opium poppy",356,1);
insert into fleur_inflorescence (fleur_fk, inflorescence_fk) values (356,1);
insert into fleur_couleur (fleur_fk, couleur_fk) values (356,1);
insert into fleur_couleur (fleur_fk, couleur_fk) values (356,0);
insert into fleur_particularite (fleur_fk, particularite_fk) values (356,4);
insert into fleur_aspect (fleur_fk, aspect_fk) values (356,0);
insert into fleur_nb_petale (fleur_fk, nb_petale_fk) values (356,2);
insert into fleur_type_feuille (fleur_fk, type_feuille_fk) values (356,2);
insert into fleur_disposition_feuille (fleur_fk, disposition_feuille_fk) values (356,0);
insert into fleur_pilosite_tige (fleur_fk, pilosite_tige_fk) values (356,0);
insert into fleur_pilosite_tige (fleur_fk, pilosite_tige_fk) values (356,1);
insert into fleur_pilosite_feuille (fleur_fk, pilosite_feuille_fk) values (356,0);
insert into fleur (id,directory_name,scientific_name,scientific_family_fk,doc_url) values (357,"","Pedicularis sylvatica",27,"");
insert into taxonomy (lang, taxon, searched_taxon, fleur_fk, taxon_usuel) values ("fr","Pédiculaire des bois","pediculaire des bois",357,1);
insert into taxonomy (lang, taxon, searched_taxon, fleur_fk, taxon_usuel) values ("la","Pedicularis sylvatica","pedicularis sylvatica",357,1);
insert into taxonomy (lang, taxon, searched_taxon, fleur_fk, taxon_usuel) values ("en","Common Lousewort","common lousewort",357,1);
insert into fleur_inflorescence (fleur_fk, inflorescence_fk) values (357,0);
insert into fleur_couleur (fleur_fk, couleur_fk) values (357,1);
insert into fleur_aspect (fleur_fk, aspect_fk) values (357,3);
insert into fleur_nb_petale (fleur_fk, nb_petale_fk) values (357,2);
insert into fleur_type_feuille (fleur_fk, type_feuille_fk) values (357,0);
insert into fleur_disposition_feuille (fleur_fk, disposition_feuille_fk) values (357,0);
insert into fleur_pilosite_tige (fleur_fk, pilosite_tige_fk) values (357,0);
insert into fleur_pilosite_feuille (fleur_fk, pilosite_feuille_fk) values (357,0);
insert into fleur (id,directory_name,scientific_name,scientific_family_fk,doc_url) values (358,"","Viola tricolor",50,"http://abiris.snv.jussieu.fr/flore/descriptions/Pensee_sauvage.html");
insert into taxonomy (lang, taxon, searched_taxon, fleur_fk, taxon_usuel) values ("fr","Pensée sauvage","pensee sauvage",358,1);
insert into taxonomy (lang, taxon, searched_taxon, fleur_fk, taxon_usuel) values ("fr","Pensée tricolore","pensee tricolore",358,0);
insert into taxonomy (lang, taxon, searched_taxon, fleur_fk, taxon_usuel) values ("la","Viola tricolor","viola tricolor",358,1);
insert into taxonomy (lang, taxon, searched_taxon, fleur_fk, taxon_usuel) values ("en","heartsease","heartsease",358,1);
insert into fleur_inflorescence (fleur_fk, inflorescence_fk) values (358,0);
insert into fleur_inflorescence (fleur_fk, inflorescence_fk) values (358,1);
insert into fleur_couleur (fleur_fk, couleur_fk) values (358,2);
insert into fleur_couleur (fleur_fk, couleur_fk) values (358,0);
insert into fleur_particularite (fleur_fk, particularite_fk) values (358,4);
insert into fleur_aspect (fleur_fk, aspect_fk) values (358,2);
insert into fleur_nb_petale (fleur_fk, nb_petale_fk) values (358,0);
insert into fleur_type_feuille (fleur_fk, type_feuille_fk) values (358,2);
insert into fleur_disposition_feuille (fleur_fk, disposition_feuille_fk) values (358,0);
insert into fleur_pilosite_tige (fleur_fk, pilosite_tige_fk) values (358,1);
insert into fleur_pilosite_feuille (fleur_fk, pilosite_feuille_fk) values (358,0);
insert into fleur (id,directory_name,scientific_name,scientific_family_fk,doc_url) values (359,"","Galanthus nivalis",6,"http://abiris.snv.jussieu.fr/flore/descriptions/Perce_neige.html");
insert into taxonomy (lang, taxon, searched_taxon, fleur_fk, taxon_usuel) values ("fr","Perce-neige","perce-neige",359,1);
insert into taxonomy (lang, taxon, searched_taxon, fleur_fk, taxon_usuel) values ("la","Galanthus nivalis","galanthus nivalis",359,1);
insert into taxonomy (lang, taxon, searched_taxon, fleur_fk, taxon_usuel) values ("en","snowdrop","snowdrop",359,1);
insert into fleur_inflorescence (fleur_fk, inflorescence_fk) values (359,1);
insert into fleur_couleur (fleur_fk, couleur_fk) values (359,0);
insert into fleur_particularite (fleur_fk, particularite_fk) values (359,4);
insert into fleur_aspect (fleur_fk, aspect_fk) values (359,2);
insert into fleur_nb_petale (fleur_fk, nb_petale_fk) values (359,3);
insert into fleur_type_feuille (fleur_fk, type_feuille_fk) values (359,3);
insert into fleur_disposition_feuille (fleur_fk, disposition_feuille_fk) values (359,3);
insert into fleur_pilosite_tige (fleur_fk, pilosite_tige_fk) values (359,0);
insert into fleur_pilosite_feuille (fleur_fk, pilosite_feuille_fk) values (359,0);
insert into fleur (id,directory_name,scientific_name,scientific_family_fk,doc_url) values (360,"","Petasites pyrenaicus",1,"");
insert into taxonomy (lang, taxon, searched_taxon, fleur_fk, taxon_usuel) values ("fr","Pétasite odorant","petasite odorant",360,1);
insert into taxonomy (lang, taxon, searched_taxon, fleur_fk, taxon_usuel) values ("fr","Héliotrope d'hiver","heliotrope d'hiver",360,0);
insert into taxonomy (lang, taxon, searched_taxon, fleur_fk, taxon_usuel) values ("fr","Pétasite des Pyrénées","petasite des pyrenees",360,0);
insert into taxonomy (lang, taxon, searched_taxon, fleur_fk, taxon_usuel) values ("la","Petasites pyrenaicus","petasites pyrenaicus",360,1);
insert into taxonomy (lang, taxon, searched_taxon, fleur_fk, taxon_usuel) values ("en","Winter Heliotrope","winter heliotrope",360,1);
insert into fleur_inflorescence (fleur_fk, inflorescence_fk) values (360,0);
insert into fleur_couleur (fleur_fk, couleur_fk) values (360,0);
insert into fleur_couleur (fleur_fk, couleur_fk) values (360,1);
insert into fleur_aspect (fleur_fk, aspect_fk) values (360,1);
insert into fleur_nb_petale (fleur_fk, nb_petale_fk) values (360,1);
insert into fleur_type_feuille (fleur_fk, type_feuille_fk) values (360,2);
insert into fleur_disposition_feuille (fleur_fk, disposition_feuille_fk) values (360,3);
insert into fleur_pilosite_tige (fleur_fk, pilosite_tige_fk) values (360,1);
insert into fleur_pilosite_feuille (fleur_fk, pilosite_feuille_fk) values (360,2);
insert into fleur (id,directory_name,scientific_name,scientific_family_fk,doc_url) values (361,"","Centaurium pulchellum",13,"");
insert into taxonomy (lang, taxon, searched_taxon, fleur_fk, taxon_usuel) values ("fr","Petite centaurée","petite centauree",361,1);
insert into taxonomy (lang, taxon, searched_taxon, fleur_fk, taxon_usuel) values ("fr","Petite-centaurée élégante","petite-centauree elegante",361,0);
insert into taxonomy (lang, taxon, searched_taxon, fleur_fk, taxon_usuel) values ("la","Centaurium pulchellum","centaurium pulchellum",361,1);
insert into taxonomy (lang, taxon, searched_taxon, fleur_fk, taxon_usuel) values ("en","lesser centaury","lesser centaury",361,1);
insert into fleur_inflorescence (fleur_fk, inflorescence_fk) values (361,0);
insert into fleur_couleur (fleur_fk, couleur_fk) values (361,1);
insert into fleur_aspect (fleur_fk, aspect_fk) values (361,6);
insert into fleur_nb_petale (fleur_fk, nb_petale_fk) values (361,0);
insert into fleur_type_feuille (fleur_fk, type_feuille_fk) values (361,3);
insert into fleur_disposition_feuille (fleur_fk, disposition_feuille_fk) values (361,1);
insert into fleur_pilosite_tige (fleur_fk, pilosite_tige_fk) values (361,0);
insert into fleur_pilosite_feuille (fleur_fk, pilosite_feuille_fk) values (361,0);
insert into fleur (id,directory_name,scientific_name,scientific_family_fk,doc_url) values (362,"","Centaurium erythraea",13,"");
insert into taxonomy (lang, taxon, searched_taxon, fleur_fk, taxon_usuel) values ("fr","Petite centaurée rouge","petite centauree rouge",362,1);
insert into taxonomy (lang, taxon, searched_taxon, fleur_fk, taxon_usuel) values ("fr","Erythrée","erythree",362,0);
insert into taxonomy (lang, taxon, searched_taxon, fleur_fk, taxon_usuel) values ("la","Centaurium erythraea","centaurium erythraea",362,1);
insert into taxonomy (lang, taxon, searched_taxon, fleur_fk, taxon_usuel) values ("en","common centaury","common centaury",362,1);
insert into fleur_inflorescence (fleur_fk, inflorescence_fk) values (362,0);
insert into fleur_couleur (fleur_fk, couleur_fk) values (362,1);
insert into fleur_aspect (fleur_fk, aspect_fk) values (362,6);
insert into fleur_nb_petale (fleur_fk, nb_petale_fk) values (362,0);
insert into fleur_type_feuille (fleur_fk, type_feuille_fk) values (362,3);
insert into fleur_disposition_feuille (fleur_fk, disposition_feuille_fk) values (362,1);
insert into fleur_pilosite_tige (fleur_fk, pilosite_tige_fk) values (362,0);
insert into fleur_pilosite_feuille (fleur_fk, pilosite_feuille_fk) values (362,0);
insert into fleur (id,directory_name,scientific_name,scientific_family_fk,doc_url) values (363,"","Vinca minor",51,"http://abiris.snv.jussieu.fr/flore/descriptions/Petite_Pervenche.html");
insert into taxonomy (lang, taxon, searched_taxon, fleur_fk, taxon_usuel) values ("fr","Petite Pervenche","petite pervenche",363,1);
insert into taxonomy (lang, taxon, searched_taxon, fleur_fk, taxon_usuel) values ("la","Vinca minor","vinca minor",363,1);
insert into taxonomy (lang, taxon, searched_taxon, fleur_fk, taxon_usuel) values ("en","lesser periwinkle","lesser periwinkle",363,1);
insert into fleur_inflorescence (fleur_fk, inflorescence_fk) values (363,1);
insert into fleur_couleur (fleur_fk, couleur_fk) values (363,2);
insert into fleur_aspect (fleur_fk, aspect_fk) values (363,6);
insert into fleur_nb_petale (fleur_fk, nb_petale_fk) values (363,0);
insert into fleur_type_feuille (fleur_fk, type_feuille_fk) values (363,3);
insert into fleur_disposition_feuille (fleur_fk, disposition_feuille_fk) values (363,1);
insert into fleur_pilosite_tige (fleur_fk, pilosite_tige_fk) values (363,0);
insert into fleur_pilosite_feuille (fleur_fk, pilosite_feuille_fk) values (363,0);
insert into fleur (id,directory_name,scientific_name,scientific_family_fk,doc_url) values (364,"","Sanguisorba minor",4,"");
insert into taxonomy (lang, taxon, searched_taxon, fleur_fk, taxon_usuel) values ("fr","Petite Pimprenelle","petite pimprenelle",364,1);
insert into taxonomy (lang, taxon, searched_taxon, fleur_fk, taxon_usuel) values ("fr","Petite sanguisorbe","petite sanguisorbe",364,0);
insert into taxonomy (lang, taxon, searched_taxon, fleur_fk, taxon_usuel) values ("la","Sanguisorba minor","sanguisorba minor",364,1);
insert into taxonomy (lang, taxon, searched_taxon, fleur_fk, taxon_usuel) values ("en","Salad burnet","salad burnet",364,1);
insert into fleur_inflorescence (fleur_fk, inflorescence_fk) values (364,0);
insert into fleur_couleur (fleur_fk, couleur_fk) values (364,5);
insert into fleur_couleur (fleur_fk, couleur_fk) values (364,1);
insert into fleur_aspect (fleur_fk, aspect_fk) values (364,0);
insert into fleur_nb_petale (fleur_fk, nb_petale_fk) values (364,2);
insert into fleur_type_feuille (fleur_fk, type_feuille_fk) values (364,0);
insert into fleur_disposition_feuille (fleur_fk, disposition_feuille_fk) values (364,0);
insert into fleur_pilosite_tige (fleur_fk, pilosite_tige_fk) values (364,0);
insert into fleur_pilosite_tige (fleur_fk, pilosite_tige_fk) values (364,1);
insert into fleur (id,directory_name,scientific_name,scientific_family_fk,doc_url) values (365,"","Simethis mattiazzii",52,"");
insert into taxonomy (lang, taxon, searched_taxon, fleur_fk, taxon_usuel) values ("fr","Phalangère à feuilles planes","phalangere a feuilles planes",365,1);
insert into taxonomy (lang, taxon, searched_taxon, fleur_fk, taxon_usuel) values ("fr","Siméthis à feuilles planes","simethis a feuilles planes",365,0);
insert into taxonomy (lang, taxon, searched_taxon, fleur_fk, taxon_usuel) values ("fr","Siméthis de Mattiazzi,","simethis de mattiazzi,",365,0);
insert into taxonomy (lang, taxon, searched_taxon, fleur_fk, taxon_usuel) values ("la","Simethis mattiazzii","simethis mattiazzii",365,1);
insert into taxonomy (lang, taxon, searched_taxon, fleur_fk, taxon_usuel) values ("en","Kerry Lily","kerry lily",365,1);
insert into fleur_inflorescence (fleur_fk, inflorescence_fk) values (365,0);
insert into fleur_couleur (fleur_fk, couleur_fk) values (365,0);
insert into fleur_couleur (fleur_fk, couleur_fk) values (365,1);
insert into fleur_aspect (fleur_fk, aspect_fk) values (365,0);
insert into fleur_nb_petale (fleur_fk, nb_petale_fk) values (365,3);
insert into fleur_type_feuille (fleur_fk, type_feuille_fk) values (365,3);
insert into fleur_disposition_feuille (fleur_fk, disposition_feuille_fk) values (365,3);
insert into fleur_pilosite_tige (fleur_fk, pilosite_tige_fk) values (365,0);
insert into fleur_pilosite_feuille (fleur_fk, pilosite_feuille_fk) values (365,0);
insert into fleur (id,directory_name,scientific_name,scientific_family_fk,doc_url) values (366,"","Anthericum liliago",5,"");
insert into taxonomy (lang, taxon, searched_taxon, fleur_fk, taxon_usuel) values ("fr","Phalangère à feuilles de lys","phalangere a feuilles de lys",366,1);
insert into taxonomy (lang, taxon, searched_taxon, fleur_fk, taxon_usuel) values ("la","Anthericum liliago","anthericum liliago",366,1);
insert into taxonomy (lang, taxon, searched_taxon, fleur_fk, taxon_usuel) values ("en","St Bernard's lily","st bernard's lily",366,1);
insert into fleur_inflorescence (fleur_fk, inflorescence_fk) values (366,0);
insert into fleur_couleur (fleur_fk, couleur_fk) values (366,0);
insert into fleur_aspect (fleur_fk, aspect_fk) values (366,0);
insert into fleur_nb_petale (fleur_fk, nb_petale_fk) values (366,3);
insert into fleur_type_feuille (fleur_fk, type_feuille_fk) values (366,3);
insert into fleur_disposition_feuille (fleur_fk, disposition_feuille_fk) values (366,3);
insert into fleur_pilosite_tige (fleur_fk, pilosite_tige_fk) values (366,0);
insert into fleur_pilosite_feuille (fleur_fk, pilosite_feuille_fk) values (366,0);
insert into fleur (id,directory_name,scientific_name,scientific_family_fk,doc_url) values (367,"","Picris hieracioides",1,"");
insert into taxonomy (lang, taxon, searched_taxon, fleur_fk, taxon_usuel) values ("fr","Picris fausse vipérine","picris fausse viperine",367,1);
insert into taxonomy (lang, taxon, searched_taxon, fleur_fk, taxon_usuel) values ("fr","Picride fausse-épervière","picride fausse-eperviere",367,0);
insert into taxonomy (lang, taxon, searched_taxon, fleur_fk, taxon_usuel) values ("la","Picris hieracioides","picris hieracioides",367,1);
insert into taxonomy (lang, taxon, searched_taxon, fleur_fk, taxon_usuel) values ("en","hawkweed oxtongue","hawkweed oxtongue",367,1);
insert into fleur_inflorescence (fleur_fk, inflorescence_fk) values (367,0);
insert into fleur_couleur (fleur_fk, couleur_fk) values (367,3);
insert into fleur_aspect (fleur_fk, aspect_fk) values (367,4);
insert into fleur_nb_petale (fleur_fk, nb_petale_fk) values (367,1);
insert into fleur_type_feuille (fleur_fk, type_feuille_fk) values (367,2);
insert into fleur_disposition_feuille (fleur_fk, disposition_feuille_fk) values (367,0);
insert into fleur_pilosite_tige (fleur_fk, pilosite_tige_fk) values (367,1);
insert into fleur_pilosite_feuille (fleur_fk, pilosite_feuille_fk) values (367,1);
insert into fleur (id,directory_name,scientific_name,scientific_family_fk,doc_url) values (368,"","Picris echioides",1,"");
insert into taxonomy (lang, taxon, searched_taxon, fleur_fk, taxon_usuel) values ("fr","Picris fausse-épervière","picris fausse-eperviere",368,1);
insert into taxonomy (lang, taxon, searched_taxon, fleur_fk, taxon_usuel) values ("fr","Picride fausse vipérine","picride fausse viperine",368,0);
insert into taxonomy (lang, taxon, searched_taxon, fleur_fk, taxon_usuel) values ("la","Picris echioides","picris echioides",368,1);
insert into taxonomy (lang, taxon, searched_taxon, fleur_fk, taxon_usuel) values ("la","Helminthotheca echioides","helminthotheca echioides",368,0);
insert into taxonomy (lang, taxon, searched_taxon, fleur_fk, taxon_usuel) values ("en","bristly oxtongue","bristly oxtongue",368,1);
insert into fleur_inflorescence (fleur_fk, inflorescence_fk) values (368,0);
insert into fleur_couleur (fleur_fk, couleur_fk) values (368,3);
insert into fleur_aspect (fleur_fk, aspect_fk) values (368,4);
insert into fleur_nb_petale (fleur_fk, nb_petale_fk) values (368,1);
insert into fleur_type_feuille (fleur_fk, type_feuille_fk) values (368,2);
insert into fleur_disposition_feuille (fleur_fk, disposition_feuille_fk) values (368,0);
insert into fleur_pilosite_tige (fleur_fk, pilosite_tige_fk) values (368,1);
insert into fleur_pilosite_feuille (fleur_fk, pilosite_feuille_fk) values (368,1);
insert into fleur (id,directory_name,scientific_name,scientific_family_fk,doc_url) values (369,"","Ornithopus compressus",12,"");
insert into taxonomy (lang, taxon, searched_taxon, fleur_fk, taxon_usuel) values ("fr","Pied d'oiseau comprimé","pied d'oiseau comprime",369,1);
insert into taxonomy (lang, taxon, searched_taxon, fleur_fk, taxon_usuel) values ("fr","Ornithope comprimé","ornithope comprime",369,0);
insert into taxonomy (lang, taxon, searched_taxon, fleur_fk, taxon_usuel) values ("la","Ornithopus compressus","ornithopus compressus",369,1);
insert into taxonomy (lang, taxon, searched_taxon, fleur_fk, taxon_usuel) values ("en","yellow serradella","yellow serradella",369,1);
insert into fleur_inflorescence (fleur_fk, inflorescence_fk) values (369,0);
insert into fleur_couleur (fleur_fk, couleur_fk) values (369,3);
insert into fleur_particularite (fleur_fk, particularite_fk) values (369,3);
insert into fleur_aspect (fleur_fk, aspect_fk) values (369,2);
insert into fleur_nb_petale (fleur_fk, nb_petale_fk) values (369,0);
insert into fleur_type_feuille (fleur_fk, type_feuille_fk) values (369,0);
insert into fleur_disposition_feuille (fleur_fk, disposition_feuille_fk) values (369,0);
insert into fleur_pilosite_tige (fleur_fk, pilosite_tige_fk) values (369,1);
insert into fleur_pilosite_feuille (fleur_fk, pilosite_feuille_fk) values (369,1);
insert into fleur (id,directory_name,scientific_name,scientific_family_fk,doc_url) values (370,"","Ornithopus perpusillus",12,"");
insert into taxonomy (lang, taxon, searched_taxon, fleur_fk, taxon_usuel) values ("fr","Pied d'oiseau délicat","pied d'oiseau delicat",370,1);
insert into taxonomy (lang, taxon, searched_taxon, fleur_fk, taxon_usuel) values ("fr","Ornithope délicat","ornithope delicat",370,0);
insert into taxonomy (lang, taxon, searched_taxon, fleur_fk, taxon_usuel) values ("la","Ornithopus perpusillus","ornithopus perpusillus",370,1);
insert into taxonomy (lang, taxon, searched_taxon, fleur_fk, taxon_usuel) values ("en","little white bird's foot","little white bird's foot",370,1);
insert into fleur_inflorescence (fleur_fk, inflorescence_fk) values (370,0);
insert into fleur_couleur (fleur_fk, couleur_fk) values (370,0);
insert into fleur_couleur (fleur_fk, couleur_fk) values (370,1);
insert into fleur_particularite (fleur_fk, particularite_fk) values (370,3);
insert into fleur_particularite (fleur_fk, particularite_fk) values (370,4);
insert into fleur_aspect (fleur_fk, aspect_fk) values (370,2);
insert into fleur_nb_petale (fleur_fk, nb_petale_fk) values (370,0);
insert into fleur_type_feuille (fleur_fk, type_feuille_fk) values (370,0);
insert into fleur_disposition_feuille (fleur_fk, disposition_feuille_fk) values (370,0);
insert into fleur_pilosite_tige (fleur_fk, pilosite_tige_fk) values (370,1);
insert into fleur_pilosite_feuille (fleur_fk, pilosite_feuille_fk) values (370,1);
insert into fleur (id,directory_name,scientific_name,scientific_family_fk,doc_url) values (371,"","Thalictrum flavum",2,"");
insert into taxonomy (lang, taxon, searched_taxon, fleur_fk, taxon_usuel) values ("fr","Pigamon jaune","pigamon jaune",371,1);
insert into taxonomy (lang, taxon, searched_taxon, fleur_fk, taxon_usuel) values ("fr","Pigamon noircissant","pigamon noircissant",371,0);
insert into taxonomy (lang, taxon, searched_taxon, fleur_fk, taxon_usuel) values ("fr","Pigamon des rives","pigamon des rives",371,0);
insert into taxonomy (lang, taxon, searched_taxon, fleur_fk, taxon_usuel) values ("la","Thalictrum flavum","thalictrum flavum",371,1);
insert into taxonomy (lang, taxon, searched_taxon, fleur_fk, taxon_usuel) values ("en","yellow meadow-rue","yellow meadow-rue",371,1);
insert into fleur_inflorescence (fleur_fk, inflorescence_fk) values (371,0);
insert into fleur_couleur (fleur_fk, couleur_fk) values (371,0);
insert into fleur_couleur (fleur_fk, couleur_fk) values (371,3);
insert into fleur_aspect (fleur_fk, aspect_fk) values (371,0);
insert into fleur_nb_petale (fleur_fk, nb_petale_fk) values (371,2);
insert into fleur_nb_petale (fleur_fk, nb_petale_fk) values (371,0);
insert into fleur_type_feuille (fleur_fk, type_feuille_fk) values (371,0);
insert into fleur_disposition_feuille (fleur_fk, disposition_feuille_fk) values (371,0);
insert into fleur_pilosite_tige (fleur_fk, pilosite_tige_fk) values (371,0);
insert into fleur_pilosite_feuille (fleur_fk, pilosite_feuille_fk) values (371,0);
insert into fleur (id,directory_name,scientific_name,scientific_family_fk,doc_url) values (372,"","Taraxacum officinale",1,"http://abiris.snv.jussieu.fr/flore/descriptions/Pissenlit.html");
insert into taxonomy (lang, taxon, searched_taxon, fleur_fk, taxon_usuel) values ("fr","Pissenlit","pissenlit",372,1);
insert into taxonomy (lang, taxon, searched_taxon, fleur_fk, taxon_usuel) values ("fr","Pissenlit dent-de lion","pissenlit dent-de lion",372,0);
insert into taxonomy (lang, taxon, searched_taxon, fleur_fk, taxon_usuel) values ("la","Taraxacum officinale","taraxacum officinale",372,1);
insert into taxonomy (lang, taxon, searched_taxon, fleur_fk, taxon_usuel) values ("la","Taraxacum dens-leonis","taraxacum dens-leonis",372,0);
insert into taxonomy (lang, taxon, searched_taxon, fleur_fk, taxon_usuel) values ("en","dandelion","dandelion",372,1);
insert into fleur_inflorescence (fleur_fk, inflorescence_fk) values (372,1);
insert into fleur_couleur (fleur_fk, couleur_fk) values (372,3);
insert into fleur_aspect (fleur_fk, aspect_fk) values (372,4);
insert into fleur_nb_petale (fleur_fk, nb_petale_fk) values (372,1);
insert into fleur_type_feuille (fleur_fk, type_feuille_fk) values (372,2);
insert into fleur_disposition_feuille (fleur_fk, disposition_feuille_fk) values (372,3);
insert into fleur_pilosite_tige (fleur_fk, pilosite_tige_fk) values (372,0);
insert into fleur_pilosite_feuille (fleur_fk, pilosite_feuille_fk) values (372,0);
insert into fleur (id,directory_name,scientific_name,scientific_family_fk,doc_url) values (373,"","Plantago lanceolata",53,"");
insert into taxonomy (lang, taxon, searched_taxon, fleur_fk, taxon_usuel) values ("fr","Plantain lancéolé","plantain lanceole",373,1);
insert into taxonomy (lang, taxon, searched_taxon, fleur_fk, taxon_usuel) values ("fr","Herbe à cinq côtes","herbe a cinq cotes",373,0);
insert into taxonomy (lang, taxon, searched_taxon, fleur_fk, taxon_usuel) values ("fr","Plantain étroit","plantain etroit",373,0);
insert into taxonomy (lang, taxon, searched_taxon, fleur_fk, taxon_usuel) values ("la","Plantago lanceolata","plantago lanceolata",373,1);
insert into taxonomy (lang, taxon, searched_taxon, fleur_fk, taxon_usuel) values ("en","English plantain","english plantain",373,1);
insert into fleur_inflorescence (fleur_fk, inflorescence_fk) values (373,0);
insert into fleur_couleur (fleur_fk, couleur_fk) values (373,0);
insert into fleur_aspect (fleur_fk, aspect_fk) values (373,6);
insert into fleur_nb_petale (fleur_fk, nb_petale_fk) values (373,2);
insert into fleur_type_feuille (fleur_fk, type_feuille_fk) values (373,3);
insert into fleur_disposition_feuille (fleur_fk, disposition_feuille_fk) values (373,3);
insert into fleur_pilosite_tige (fleur_fk, pilosite_tige_fk) values (373,1);
insert into fleur_pilosite_feuille (fleur_fk, pilosite_feuille_fk) values (373,1);
insert into fleur (id,directory_name,scientific_name,scientific_family_fk,doc_url) values (374,"","Platanthera bifolia",20,"");
insert into taxonomy (lang, taxon, searched_taxon, fleur_fk, taxon_usuel) values ("fr","Platanthère à deux feuilles","platanthere a deux feuilles",374,1);
insert into taxonomy (lang, taxon, searched_taxon, fleur_fk, taxon_usuel) values ("la","Platanthera bifolia","platanthera bifolia",374,1);
insert into taxonomy (lang, taxon, searched_taxon, fleur_fk, taxon_usuel) values ("en","lesser butterfly-orchid","lesser butterfly-orchid",374,1);
insert into fleur_inflorescence (fleur_fk, inflorescence_fk) values (374,0);
insert into fleur_couleur (fleur_fk, couleur_fk) values (374,0);
insert into fleur_particularite (fleur_fk, particularite_fk) values (374,2);
insert into fleur_particularite (fleur_fk, particularite_fk) values (374,5);
insert into fleur_particularite (fleur_fk, particularite_fk) values (374,4);
insert into fleur_aspect (fleur_fk, aspect_fk) values (374,2);
insert into fleur_nb_petale (fleur_fk, nb_petale_fk) values (374,3);
insert into fleur_type_feuille (fleur_fk, type_feuille_fk) values (374,3);
insert into fleur_disposition_feuille (fleur_fk, disposition_feuille_fk) values (374,0);
insert into fleur_pilosite_tige (fleur_fk, pilosite_tige_fk) values (374,0);
insert into fleur_pilosite_feuille (fleur_fk, pilosite_feuille_fk) values (374,0);
insert into fleur (id,directory_name,scientific_name,scientific_family_fk,doc_url) values (375,"","Platanthera chlorantha",20,"");
insert into taxonomy (lang, taxon, searched_taxon, fleur_fk, taxon_usuel) values ("fr","Platanthère verdâtre","platanthere verdatre",375,1);
insert into taxonomy (lang, taxon, searched_taxon, fleur_fk, taxon_usuel) values ("fr","Platanthère à fleurs verdâtres","platanthere a fleurs verdatres",375,0);
insert into taxonomy (lang, taxon, searched_taxon, fleur_fk, taxon_usuel) values ("la","Platanthera chlorantha","platanthera chlorantha",375,1);
insert into taxonomy (lang, taxon, searched_taxon, fleur_fk, taxon_usuel) values ("en","Greater Butterfly-orchid","greater butterfly-orchid",375,1);
insert into fleur_inflorescence (fleur_fk, inflorescence_fk) values (375,0);
insert into fleur_couleur (fleur_fk, couleur_fk) values (375,0);
insert into fleur_couleur (fleur_fk, couleur_fk) values (375,5);
insert into fleur_particularite (fleur_fk, particularite_fk) values (375,2);
insert into fleur_particularite (fleur_fk, particularite_fk) values (375,5);
insert into fleur_particularite (fleur_fk, particularite_fk) values (375,4);
insert into fleur_aspect (fleur_fk, aspect_fk) values (375,2);
insert into fleur_nb_petale (fleur_fk, nb_petale_fk) values (375,3);
insert into fleur_type_feuille (fleur_fk, type_feuille_fk) values (375,3);
insert into fleur_disposition_feuille (fleur_fk, disposition_feuille_fk) values (375,0);
insert into fleur_pilosite_tige (fleur_fk, pilosite_tige_fk) values (375,0);
insert into fleur_pilosite_feuille (fleur_fk, pilosite_feuille_fk) values (375,0);
insert into fleur (id,directory_name,scientific_name,scientific_family_fk,doc_url) values (376,"","Polygala vulgaris",54,"");
insert into taxonomy (lang, taxon, searched_taxon, fleur_fk, taxon_usuel) values ("fr","Polygala commun","polygala commun",376,1);
insert into taxonomy (lang, taxon, searched_taxon, fleur_fk, taxon_usuel) values ("fr","Polygale commun","polygale commun",376,0);
insert into taxonomy (lang, taxon, searched_taxon, fleur_fk, taxon_usuel) values ("la","Polygala vulgaris","polygala vulgaris",376,1);
insert into taxonomy (lang, taxon, searched_taxon, fleur_fk, taxon_usuel) values ("en","common milkwort","common milkwort",376,1);
insert into fleur_inflorescence (fleur_fk, inflorescence_fk) values (376,0);
insert into fleur_couleur (fleur_fk, couleur_fk) values (376,1);
insert into fleur_couleur (fleur_fk, couleur_fk) values (376,2);
insert into fleur_aspect (fleur_fk, aspect_fk) values (376,3);
insert into fleur_nb_petale (fleur_fk, nb_petale_fk) values (376,5);
insert into fleur_type_feuille (fleur_fk, type_feuille_fk) values (376,3);
insert into fleur_disposition_feuille (fleur_fk, disposition_feuille_fk) values (376,0);
insert into fleur_pilosite_tige (fleur_fk, pilosite_tige_fk) values (376,1);
insert into fleur_pilosite_feuille (fleur_fk, pilosite_feuille_fk) values (376,0);
insert into fleur_pilosite_feuille (fleur_fk, pilosite_feuille_fk) values (376,1);
insert into fleur (id,directory_name,scientific_name,scientific_family_fk,doc_url) values (377,"","Caltha palustris",2,"");
insert into taxonomy (lang, taxon, searched_taxon, fleur_fk, taxon_usuel) values ("fr","Populage des marais","populage des marais",377,1);
insert into taxonomy (lang, taxon, searched_taxon, fleur_fk, taxon_usuel) values ("fr","Souci d'eau","souci d'eau",377,0);
insert into taxonomy (lang, taxon, searched_taxon, fleur_fk, taxon_usuel) values ("fr","Caltha des marais","caltha des marais",377,0);
insert into taxonomy (lang, taxon, searched_taxon, fleur_fk, taxon_usuel) values ("la","Caltha palustris","caltha palustris",377,1);
insert into taxonomy (lang, taxon, searched_taxon, fleur_fk, taxon_usuel) values ("en","marsh-marigold","marsh-marigold",377,1);
insert into fleur_inflorescence (fleur_fk, inflorescence_fk) values (377,0);
insert into fleur_inflorescence (fleur_fk, inflorescence_fk) values (377,1);
insert into fleur_couleur (fleur_fk, couleur_fk) values (377,3);
insert into fleur_aspect (fleur_fk, aspect_fk) values (377,0);
insert into fleur_nb_petale (fleur_fk, nb_petale_fk) values (377,0);
insert into fleur_nb_petale (fleur_fk, nb_petale_fk) values (377,3);
insert into fleur_type_feuille (fleur_fk, type_feuille_fk) values (377,2);
insert into fleur_disposition_feuille (fleur_fk, disposition_feuille_fk) values (377,0);
insert into fleur_pilosite_tige (fleur_fk, pilosite_tige_fk) values (377,0);
insert into fleur_pilosite_feuille (fleur_fk, pilosite_feuille_fk) values (377,0);
insert into fleur (id,directory_name,scientific_name,scientific_family_fk,doc_url) values (378,"","Hypochaeris radicata",1,"http://abiris.snv.jussieu.fr/flore/descriptions/Porcelle_enracinee.html");
insert into taxonomy (lang, taxon, searched_taxon, fleur_fk, taxon_usuel) values ("fr","Porcelle enracinée","porcelle enracinee",378,1);
insert into taxonomy (lang, taxon, searched_taxon, fleur_fk, taxon_usuel) values ("la","Hypochaeris radicata","hypochaeris radicata",378,1);
insert into taxonomy (lang, taxon, searched_taxon, fleur_fk, taxon_usuel) values ("en","catsear","catsear",378,1);
insert into fleur_inflorescence (fleur_fk, inflorescence_fk) values (378,0);
insert into fleur_inflorescence (fleur_fk, inflorescence_fk) values (378,1);
insert into fleur_couleur (fleur_fk, couleur_fk) values (378,3);
insert into fleur_aspect (fleur_fk, aspect_fk) values (378,4);
insert into fleur_nb_petale (fleur_fk, nb_petale_fk) values (378,1);
insert into fleur_type_feuille (fleur_fk, type_feuille_fk) values (378,2);
insert into fleur_disposition_feuille (fleur_fk, disposition_feuille_fk) values (378,3);
insert into fleur_pilosite_tige (fleur_fk, pilosite_tige_fk) values (378,0);
insert into fleur_pilosite_feuille (fleur_fk, pilosite_feuille_fk) values (378,1);
insert into fleur (id,directory_name,scientific_name,scientific_family_fk,doc_url) values (379,"","Potentilla argentea",4,"");
insert into taxonomy (lang, taxon, searched_taxon, fleur_fk, taxon_usuel) values ("fr","Potentille argentée","potentille argentee",379,1);
insert into taxonomy (lang, taxon, searched_taxon, fleur_fk, taxon_usuel) values ("la","Potentilla argentea","potentilla argentea",379,1);
insert into taxonomy (lang, taxon, searched_taxon, fleur_fk, taxon_usuel) values ("en","Hoeary Cinquefoil","hoeary cinquefoil",379,1);
insert into fleur_inflorescence (fleur_fk, inflorescence_fk) values (379,0);
insert into fleur_couleur (fleur_fk, couleur_fk) values (379,3);
insert into fleur_particularite (fleur_fk, particularite_fk) values (379,1);
insert into fleur_aspect (fleur_fk, aspect_fk) values (379,0);
insert into fleur_nb_petale (fleur_fk, nb_petale_fk) values (379,2);
insert into fleur_nb_petale (fleur_fk, nb_petale_fk) values (379,0);
insert into fleur_type_feuille (fleur_fk, type_feuille_fk) values (379,0);
insert into fleur_disposition_feuille (fleur_fk, disposition_feuille_fk) values (379,0);
insert into fleur_pilosite_tige (fleur_fk, pilosite_tige_fk) values (379,1);
insert into fleur_pilosite_feuille (fleur_fk, pilosite_feuille_fk) values (379,1);
insert into fleur (id,directory_name,scientific_name,scientific_family_fk,doc_url) values (380,"","Potentilla sterilis",4,"");
insert into taxonomy (lang, taxon, searched_taxon, fleur_fk, taxon_usuel) values ("fr","Potentille faux fraisier","potentille faux fraisier",380,1);
insert into taxonomy (lang, taxon, searched_taxon, fleur_fk, taxon_usuel) values ("fr","Potentille stérile","potentille sterile",380,0);
insert into taxonomy (lang, taxon, searched_taxon, fleur_fk, taxon_usuel) values ("la","Potentilla sterilis","potentilla sterilis",380,1);
insert into taxonomy (lang, taxon, searched_taxon, fleur_fk, taxon_usuel) values ("en","Barren Strawberry","barren strawberry",380,1);
insert into fleur_inflorescence (fleur_fk, inflorescence_fk) values (380,0);
insert into fleur_couleur (fleur_fk, couleur_fk) values (380,0);
insert into fleur_particularite (fleur_fk, particularite_fk) values (380,1);
insert into fleur_aspect (fleur_fk, aspect_fk) values (380,0);
insert into fleur_nb_petale (fleur_fk, nb_petale_fk) values (380,0);
insert into fleur_type_feuille (fleur_fk, type_feuille_fk) values (380,0);
insert into fleur_disposition_feuille (fleur_fk, disposition_feuille_fk) values (380,0);
insert into fleur_pilosite_tige (fleur_fk, pilosite_tige_fk) values (380,1);
insert into fleur_pilosite_feuille (fleur_fk, pilosite_feuille_fk) values (380,1);
insert into fleur (id,directory_name,scientific_name,scientific_family_fk,doc_url) values (381,"","Potentilla neumanniana",4,"");
insert into taxonomy (lang, taxon, searched_taxon, fleur_fk, taxon_usuel) values ("fr","Potentille printanière","potentille printaniere",381,1);
insert into taxonomy (lang, taxon, searched_taxon, fleur_fk, taxon_usuel) values ("fr","Potentille de Tabernaemontanus","potentille de tabernaemontanus",381,0);
insert into taxonomy (lang, taxon, searched_taxon, fleur_fk, taxon_usuel) values ("fr","Potentille de Neumann","potentille de neumann",381,0);
insert into taxonomy (lang, taxon, searched_taxon, fleur_fk, taxon_usuel) values ("la","Potentilla neumanniana","potentilla neumanniana",381,1);
insert into taxonomy (lang, taxon, searched_taxon, fleur_fk, taxon_usuel) values ("la","Potentilla verna","potentilla verna",381,0);
insert into taxonomy (lang, taxon, searched_taxon, fleur_fk, taxon_usuel) values ("en","spring cinquefoil","spring cinquefoil",381,1);
insert into fleur_inflorescence (fleur_fk, inflorescence_fk) values (381,0);
insert into fleur_couleur (fleur_fk, couleur_fk) values (381,3);
insert into fleur_particularite (fleur_fk, particularite_fk) values (381,1);
insert into fleur_aspect (fleur_fk, aspect_fk) values (381,0);
insert into fleur_nb_petale (fleur_fk, nb_petale_fk) values (381,0);
insert into fleur_type_feuille (fleur_fk, type_feuille_fk) values (381,0);
insert into fleur_disposition_feuille (fleur_fk, disposition_feuille_fk) values (381,0);
insert into fleur_pilosite_tige (fleur_fk, pilosite_tige_fk) values (381,1);
insert into fleur_pilosite_feuille (fleur_fk, pilosite_feuille_fk) values (381,1);
insert into fleur (id,directory_name,scientific_name,scientific_family_fk,doc_url) values (382,"","Potentilla reptans",4,"");
insert into taxonomy (lang, taxon, searched_taxon, fleur_fk, taxon_usuel) values ("fr","Potentille rampante","potentille rampante",382,1);
insert into taxonomy (lang, taxon, searched_taxon, fleur_fk, taxon_usuel) values ("fr","Quintefeuille","quintefeuille",382,0);
insert into taxonomy (lang, taxon, searched_taxon, fleur_fk, taxon_usuel) values ("la","Potentilla reptans","potentilla reptans",382,1);
insert into taxonomy (lang, taxon, searched_taxon, fleur_fk, taxon_usuel) values ("en","creeping cinquefoil","creeping cinquefoil",382,1);
insert into fleur_inflorescence (fleur_fk, inflorescence_fk) values (382,0);
insert into fleur_couleur (fleur_fk, couleur_fk) values (382,3);
insert into fleur_particularite (fleur_fk, particularite_fk) values (382,1);
insert into fleur_aspect (fleur_fk, aspect_fk) values (382,0);
insert into fleur_nb_petale (fleur_fk, nb_petale_fk) values (382,0);
insert into fleur_type_feuille (fleur_fk, type_feuille_fk) values (382,0);
insert into fleur_disposition_feuille (fleur_fk, disposition_feuille_fk) values (382,0);
insert into fleur_disposition_feuille (fleur_fk, disposition_feuille_fk) values (382,1);
insert into fleur_pilosite_tige (fleur_fk, pilosite_tige_fk) values (382,1);
insert into fleur_pilosite_feuille (fleur_fk, pilosite_feuille_fk) values (382,1);
insert into fleur_pilosite_feuille (fleur_fk, pilosite_feuille_fk) values (382,2);
insert into fleur (id,directory_name,scientific_name,scientific_family_fk,doc_url) values (383,"","Potentilla erecta",4,"");
insert into taxonomy (lang, taxon, searched_taxon, fleur_fk, taxon_usuel) values ("fr","Potentille tormentille","potentille tormentille",383,1);
insert into taxonomy (lang, taxon, searched_taxon, fleur_fk, taxon_usuel) values ("fr","Tormentille","tormentille",383,0);
insert into taxonomy (lang, taxon, searched_taxon, fleur_fk, taxon_usuel) values ("fr","Potentille dressée","potentille dressee",383,0);
insert into taxonomy (lang, taxon, searched_taxon, fleur_fk, taxon_usuel) values ("la","Potentilla erecta","potentilla erecta",383,1);
insert into taxonomy (lang, taxon, searched_taxon, fleur_fk, taxon_usuel) values ("en","Tormentil","tormentil",383,1);
insert into fleur_inflorescence (fleur_fk, inflorescence_fk) values (383,0);
insert into fleur_couleur (fleur_fk, couleur_fk) values (383,3);
insert into fleur_particularite (fleur_fk, particularite_fk) values (383,1);
insert into fleur_aspect (fleur_fk, aspect_fk) values (383,0);
insert into fleur_nb_petale (fleur_fk, nb_petale_fk) values (383,2);
insert into fleur_type_feuille (fleur_fk, type_feuille_fk) values (383,0);
insert into fleur_disposition_feuille (fleur_fk, disposition_feuille_fk) values (383,0);
insert into fleur_pilosite_tige (fleur_fk, pilosite_tige_fk) values (383,1);
insert into fleur_pilosite_feuille (fleur_fk, pilosite_feuille_fk) values (383,1);
insert into fleur (id,directory_name,scientific_name,scientific_family_fk,doc_url) values (384,"","Primula vulgaris",41,"http://abiris.snv.jussieu.fr/flore/descriptions/Primevere_acaule.html");
insert into taxonomy (lang, taxon, searched_taxon, fleur_fk, taxon_usuel) values ("fr","Primevère acaule","primevere acaule",384,1);
insert into taxonomy (lang, taxon, searched_taxon, fleur_fk, taxon_usuel) values ("fr","Primevère commune","primevere commune",384,0);
insert into taxonomy (lang, taxon, searched_taxon, fleur_fk, taxon_usuel) values ("la","Primula vulgaris","primula vulgaris",384,1);
insert into taxonomy (lang, taxon, searched_taxon, fleur_fk, taxon_usuel) values ("en","primrose","primrose",384,1);
insert into fleur_inflorescence (fleur_fk, inflorescence_fk) values (384,1);
insert into fleur_couleur (fleur_fk, couleur_fk) values (384,0);
insert into fleur_couleur (fleur_fk, couleur_fk) values (384,3);
insert into fleur_particularite (fleur_fk, particularite_fk) values (384,1);
insert into fleur_particularite (fleur_fk, particularite_fk) values (384,4);
insert into fleur_aspect (fleur_fk, aspect_fk) values (384,6);
insert into fleur_nb_petale (fleur_fk, nb_petale_fk) values (384,0);
insert into fleur_type_feuille (fleur_fk, type_feuille_fk) values (384,2);
insert into fleur_disposition_feuille (fleur_fk, disposition_feuille_fk) values (384,3);
insert into fleur_pilosite_tige (fleur_fk, pilosite_tige_fk) values (384,1);
insert into fleur_pilosite_feuille (fleur_fk, pilosite_feuille_fk) values (384,2);
insert into fleur (id,directory_name,scientific_name,scientific_family_fk,doc_url) values (385,"","Primula elatior",41,"");
insert into taxonomy (lang, taxon, searched_taxon, fleur_fk, taxon_usuel) values ("fr","Primevère élevée","primevere elevee",385,1);
insert into taxonomy (lang, taxon, searched_taxon, fleur_fk, taxon_usuel) values ("fr","Coucou élevé","coucou eleve",385,0);
insert into taxonomy (lang, taxon, searched_taxon, fleur_fk, taxon_usuel) values ("fr","Primevère des bois","primevere des bois",385,0);
insert into taxonomy (lang, taxon, searched_taxon, fleur_fk, taxon_usuel) values ("la","Primula elatior","primula elatior",385,1);
insert into taxonomy (lang, taxon, searched_taxon, fleur_fk, taxon_usuel) values ("en","oxlip","oxlip",385,1);
insert into fleur_inflorescence (fleur_fk, inflorescence_fk) values (385,0);
insert into fleur_couleur (fleur_fk, couleur_fk) values (385,3);
insert into fleur_particularite (fleur_fk, particularite_fk) values (385,1);
insert into fleur_particularite (fleur_fk, particularite_fk) values (385,4);
insert into fleur_aspect (fleur_fk, aspect_fk) values (385,6);
insert into fleur_nb_petale (fleur_fk, nb_petale_fk) values (385,0);
insert into fleur_type_feuille (fleur_fk, type_feuille_fk) values (385,2);
insert into fleur_disposition_feuille (fleur_fk, disposition_feuille_fk) values (385,3);
insert into fleur_pilosite_tige (fleur_fk, pilosite_tige_fk) values (385,1);
insert into fleur_pilosite_feuille (fleur_fk, pilosite_feuille_fk) values (385,1);
insert into fleur (id,directory_name,scientific_name,scientific_family_fk,doc_url) values (386,"","Primula veris",41,"");
insert into taxonomy (lang, taxon, searched_taxon, fleur_fk, taxon_usuel) values ("fr","Primevère officinale","primevere officinale",386,1);
insert into taxonomy (lang, taxon, searched_taxon, fleur_fk, taxon_usuel) values ("fr","Primevère coucou","primevere coucou",386,0);
insert into taxonomy (lang, taxon, searched_taxon, fleur_fk, taxon_usuel) values ("fr","Coucou","coucou",386,0);
insert into taxonomy (lang, taxon, searched_taxon, fleur_fk, taxon_usuel) values ("la","Primula veris","primula veris",386,1);
insert into taxonomy (lang, taxon, searched_taxon, fleur_fk, taxon_usuel) values ("en","cowslip","cowslip",386,1);
insert into fleur_inflorescence (fleur_fk, inflorescence_fk) values (386,0);
insert into fleur_couleur (fleur_fk, couleur_fk) values (386,3);
insert into fleur_particularite (fleur_fk, particularite_fk) values (386,1);
insert into fleur_particularite (fleur_fk, particularite_fk) values (386,4);
insert into fleur_aspect (fleur_fk, aspect_fk) values (386,6);
insert into fleur_nb_petale (fleur_fk, nb_petale_fk) values (386,0);
insert into fleur_type_feuille (fleur_fk, type_feuille_fk) values (386,2);
insert into fleur_disposition_feuille (fleur_fk, disposition_feuille_fk) values (386,3);
insert into fleur_pilosite_tige (fleur_fk, pilosite_tige_fk) values (386,0);
insert into fleur_pilosite_feuille (fleur_fk, pilosite_feuille_fk) values (386,2);
insert into fleur (id,directory_name,scientific_name,scientific_family_fk,doc_url) values (387,"","Pulicaria vulgaris",1,"");
insert into taxonomy (lang, taxon, searched_taxon, fleur_fk, taxon_usuel) values ("fr","Pulicaire commune","pulicaire commune",387,1);
insert into taxonomy (lang, taxon, searched_taxon, fleur_fk, taxon_usuel) values ("la","Pulicaria vulgaris","pulicaria vulgaris",387,1);
insert into taxonomy (lang, taxon, searched_taxon, fleur_fk, taxon_usuel) values ("en","Small Fleabane","small fleabane",387,1);
insert into fleur_inflorescence (fleur_fk, inflorescence_fk) values (387,0);
insert into fleur_couleur (fleur_fk, couleur_fk) values (387,3);
insert into fleur_aspect (fleur_fk, aspect_fk) values (387,1);
insert into fleur_nb_petale (fleur_fk, nb_petale_fk) values (387,1);
insert into fleur_type_feuille (fleur_fk, type_feuille_fk) values (387,2);
insert into fleur_disposition_feuille (fleur_fk, disposition_feuille_fk) values (387,0);
insert into fleur_pilosite_tige (fleur_fk, pilosite_tige_fk) values (387,1);
insert into fleur_pilosite_feuille (fleur_fk, pilosite_feuille_fk) values (387,2);
insert into fleur (id,directory_name,scientific_name,scientific_family_fk,doc_url) values (388,"","Pulicaria dysenterica",1,"");
insert into taxonomy (lang, taxon, searched_taxon, fleur_fk, taxon_usuel) values ("fr","Pulicaire dysentérique","pulicaire dysenterique",388,1);
insert into taxonomy (lang, taxon, searched_taxon, fleur_fk, taxon_usuel) values ("fr","Herbe Saint-Roch","herbe saint-roch",388,0);
insert into taxonomy (lang, taxon, searched_taxon, fleur_fk, taxon_usuel) values ("la","Pulicaria dysenterica","pulicaria dysenterica",388,1);
insert into taxonomy (lang, taxon, searched_taxon, fleur_fk, taxon_usuel) values ("en","Common Fleabane","common fleabane",388,1);
insert into fleur_inflorescence (fleur_fk, inflorescence_fk) values (388,0);
insert into fleur_couleur (fleur_fk, couleur_fk) values (388,3);
insert into fleur_aspect (fleur_fk, aspect_fk) values (388,1);
insert into fleur_nb_petale (fleur_fk, nb_petale_fk) values (388,1);
insert into fleur_type_feuille (fleur_fk, type_feuille_fk) values (388,2);
insert into fleur_disposition_feuille (fleur_fk, disposition_feuille_fk) values (388,0);
insert into fleur_pilosite_tige (fleur_fk, pilosite_tige_fk) values (388,1);
insert into fleur_pilosite_feuille (fleur_fk, pilosite_feuille_fk) values (388,1);
insert into fleur (id,directory_name,scientific_name,scientific_family_fk,doc_url) values (389,"","Pulmonaria longifolia",14,"");
insert into taxonomy (lang, taxon, searched_taxon, fleur_fk, taxon_usuel) values ("fr","Pulmonaire à feuilles longues","pulmonaire a feuilles longues",389,1);
insert into taxonomy (lang, taxon, searched_taxon, fleur_fk, taxon_usuel) values ("la","Pulmonaria longifolia","pulmonaria longifolia",389,1);
insert into taxonomy (lang, taxon, searched_taxon, fleur_fk, taxon_usuel) values ("en","Narrow-leaved Lungwort","narrow-leaved lungwort",389,1);
insert into fleur_inflorescence (fleur_fk, inflorescence_fk) values (389,0);
insert into fleur_couleur (fleur_fk, couleur_fk) values (389,1);
insert into fleur_couleur (fleur_fk, couleur_fk) values (389,2);
insert into fleur_aspect (fleur_fk, aspect_fk) values (389,6);
insert into fleur_nb_petale (fleur_fk, nb_petale_fk) values (389,0);
insert into fleur_type_feuille (fleur_fk, type_feuille_fk) values (389,3);
insert into fleur_disposition_feuille (fleur_fk, disposition_feuille_fk) values (389,0);
insert into fleur_pilosite_tige (fleur_fk, pilosite_tige_fk) values (389,1);
insert into fleur_pilosite_feuille (fleur_fk, pilosite_feuille_fk) values (389,1);
insert into fleur (id,directory_name,scientific_name,scientific_family_fk,doc_url) values (390,"","Raphanus raphanistrum",7,"");
insert into taxonomy (lang, taxon, searched_taxon, fleur_fk, taxon_usuel) values ("fr","Radis ravenelle","radis ravenelle",390,1);
insert into taxonomy (lang, taxon, searched_taxon, fleur_fk, taxon_usuel) values ("fr","Ravenelle","ravenelle",390,0);
insert into taxonomy (lang, taxon, searched_taxon, fleur_fk, taxon_usuel) values ("fr","Radis sauvage","radis sauvage",390,0);
insert into taxonomy (lang, taxon, searched_taxon, fleur_fk, taxon_usuel) values ("la","Raphanus raphanistrum","raphanus raphanistrum",390,1);
insert into taxonomy (lang, taxon, searched_taxon, fleur_fk, taxon_usuel) values ("en","wild radish","wild radish",390,1);
insert into fleur_inflorescence (fleur_fk, inflorescence_fk) values (390,0);
insert into fleur_couleur (fleur_fk, couleur_fk) values (390,3);
insert into fleur_couleur (fleur_fk, couleur_fk) values (390,0);
insert into fleur_particularite (fleur_fk, particularite_fk) values (390,4);
insert into fleur_aspect (fleur_fk, aspect_fk) values (390,0);
insert into fleur_nb_petale (fleur_fk, nb_petale_fk) values (390,2);
insert into fleur_type_feuille (fleur_fk, type_feuille_fk) values (390,0);
insert into fleur_disposition_feuille (fleur_fk, disposition_feuille_fk) values (390,0);
insert into fleur_pilosite_tige (fleur_fk, pilosite_tige_fk) values (390,0);
insert into fleur_pilosite_feuille (fleur_fk, pilosite_feuille_fk) values (390,2);
insert into fleur (id,directory_name,scientific_name,scientific_family_fk,doc_url) values (391,"","Ranunculus ophioglossifolius",2,"http://abiris.snv.jussieu.fr/flore/descriptions/Renoncule_a_feuilles_d_ophioglosse.html");
insert into taxonomy (lang, taxon, searched_taxon, fleur_fk, taxon_usuel) values ("fr","Renoncule à feuilles d'ophioglosse","renoncule a feuilles d'ophioglosse",391,1);
insert into taxonomy (lang, taxon, searched_taxon, fleur_fk, taxon_usuel) values ("la","Ranunculus ophioglossifolius","ranunculus ophioglossifolius",391,1);
insert into taxonomy (lang, taxon, searched_taxon, fleur_fk, taxon_usuel) values ("en","adder's-tongue spearwort","adder's-tongue spearwort",391,1);
insert into fleur_inflorescence (fleur_fk, inflorescence_fk) values (391,0);
insert into fleur_inflorescence (fleur_fk, inflorescence_fk) values (391,1);
insert into fleur_couleur (fleur_fk, couleur_fk) values (391,3);
insert into fleur_aspect (fleur_fk, aspect_fk) values (391,0);
insert into fleur_nb_petale (fleur_fk, nb_petale_fk) values (391,0);
insert into fleur_type_feuille (fleur_fk, type_feuille_fk) values (391,3);
insert into fleur_disposition_feuille (fleur_fk, disposition_feuille_fk) values (391,0);
insert into fleur_pilosite_tige (fleur_fk, pilosite_tige_fk) values (391,1);
insert into fleur_pilosite_feuille (fleur_fk, pilosite_feuille_fk) values (391,0);
insert into fleur_pilosite_feuille (fleur_fk, pilosite_feuille_fk) values (391,1);
insert into fleur (id,directory_name,scientific_name,scientific_family_fk,doc_url) values (392,"","Ranunculus acris",2,"");
insert into taxonomy (lang, taxon, searched_taxon, fleur_fk, taxon_usuel) values ("fr","Renoncule âcre","renoncule acre",392,1);
insert into taxonomy (lang, taxon, searched_taxon, fleur_fk, taxon_usuel) values ("fr","Bouton d'or","bouton d'or",392,0);
insert into taxonomy (lang, taxon, searched_taxon, fleur_fk, taxon_usuel) values ("la","Ranunculus acris","ranunculus acris",392,1);
insert into taxonomy (lang, taxon, searched_taxon, fleur_fk, taxon_usuel) values ("en","meadow buttercup","meadow buttercup",392,1);
insert into fleur_inflorescence (fleur_fk, inflorescence_fk) values (392,0);
insert into fleur_inflorescence (fleur_fk, inflorescence_fk) values (392,1);
insert into fleur_couleur (fleur_fk, couleur_fk) values (392,3);
insert into fleur_aspect (fleur_fk, aspect_fk) values (392,0);
insert into fleur_nb_petale (fleur_fk, nb_petale_fk) values (392,0);
insert into fleur_type_feuille (fleur_fk, type_feuille_fk) values (392,1);
insert into fleur_disposition_feuille (fleur_fk, disposition_feuille_fk) values (392,0);
insert into fleur_pilosite_tige (fleur_fk, pilosite_tige_fk) values (392,1);
insert into fleur_pilosite_feuille (fleur_fk, pilosite_feuille_fk) values (392,1);
insert into fleur_pilosite_feuille (fleur_fk, pilosite_feuille_fk) values (392,2);
insert into fleur (id,directory_name,scientific_name,scientific_family_fk,doc_url) values (393,"","Ranunculus bulbosus",2,"http://abiris.snv.jussieu.fr/flore/descriptions/Renoncule_bulbeuse.html");
insert into taxonomy (lang, taxon, searched_taxon, fleur_fk, taxon_usuel) values ("fr","Renoncule bulbeuse","renoncule bulbeuse",393,1);
insert into taxonomy (lang, taxon, searched_taxon, fleur_fk, taxon_usuel) values ("fr","Rave de saint Antoine","rave de saint antoine",393,0);
insert into taxonomy (lang, taxon, searched_taxon, fleur_fk, taxon_usuel) values ("la","Ranunculus bulbosus","ranunculus bulbosus",393,1);
insert into taxonomy (lang, taxon, searched_taxon, fleur_fk, taxon_usuel) values ("en","St Anthony's turnip","st anthony's turnip",393,1);
insert into fleur_inflorescence (fleur_fk, inflorescence_fk) values (393,0);
insert into fleur_inflorescence (fleur_fk, inflorescence_fk) values (393,1);
insert into fleur_couleur (fleur_fk, couleur_fk) values (393,3);
insert into fleur_aspect (fleur_fk, aspect_fk) values (393,0);
insert into fleur_nb_petale (fleur_fk, nb_petale_fk) values (393,0);
insert into fleur_type_feuille (fleur_fk, type_feuille_fk) values (393,0);
insert into fleur_disposition_feuille (fleur_fk, disposition_feuille_fk) values (393,0);
insert into fleur_pilosite_tige (fleur_fk, pilosite_tige_fk) values (393,1);
insert into fleur_pilosite_feuille (fleur_fk, pilosite_feuille_fk) values (393,0);
insert into fleur_pilosite_feuille (fleur_fk, pilosite_feuille_fk) values (393,2);
insert into fleur (id,directory_name,scientific_name,scientific_family_fk,doc_url) values (394,"","Ranunculus flammula",2,"http://abiris.snv.jussieu.fr/flore/descriptions/Renoncule_flammette.html");
insert into taxonomy (lang, taxon, searched_taxon, fleur_fk, taxon_usuel) values ("fr","Renoncule flammette","renoncule flammette",394,1);
insert into taxonomy (lang, taxon, searched_taxon, fleur_fk, taxon_usuel) values ("la","Ranunculus flammula","ranunculus flammula",394,1);
insert into taxonomy (lang, taxon, searched_taxon, fleur_fk, taxon_usuel) values ("en","lesser spearwort","lesser spearwort",394,1);
insert into fleur_inflorescence (fleur_fk, inflorescence_fk) values (394,0);
insert into fleur_inflorescence (fleur_fk, inflorescence_fk) values (394,1);
insert into fleur_couleur (fleur_fk, couleur_fk) values (394,3);
insert into fleur_aspect (fleur_fk, aspect_fk) values (394,0);
insert into fleur_nb_petale (fleur_fk, nb_petale_fk) values (394,0);
insert into fleur_type_feuille (fleur_fk, type_feuille_fk) values (394,3);
insert into fleur_disposition_feuille (fleur_fk, disposition_feuille_fk) values (394,0);
insert into fleur_pilosite_tige (fleur_fk, pilosite_tige_fk) values (394,0);
insert into fleur_pilosite_tige (fleur_fk, pilosite_tige_fk) values (394,1);
insert into fleur_pilosite_feuille (fleur_fk, pilosite_feuille_fk) values (394,0);
insert into fleur (id,directory_name,scientific_name,scientific_family_fk,doc_url) values (395,"","Ranunculus repens",2,"http://abiris.snv.jussieu.fr/flore/descriptions/Renoncule_rampante.html");
insert into taxonomy (lang, taxon, searched_taxon, fleur_fk, taxon_usuel) values ("fr","Renoncule rampante","renoncule rampante",395,1);
insert into taxonomy (lang, taxon, searched_taxon, fleur_fk, taxon_usuel) values ("la","Ranunculus repens","ranunculus repens",395,1);
insert into taxonomy (lang, taxon, searched_taxon, fleur_fk, taxon_usuel) values ("en","creeping buttercup","creeping buttercup",395,1);
insert into fleur_inflorescence (fleur_fk, inflorescence_fk) values (395,1);
insert into fleur_couleur (fleur_fk, couleur_fk) values (395,3);
insert into fleur_aspect (fleur_fk, aspect_fk) values (395,0);
insert into fleur_nb_petale (fleur_fk, nb_petale_fk) values (395,0);
insert into fleur_type_feuille (fleur_fk, type_feuille_fk) values (395,0);
insert into fleur_disposition_feuille (fleur_fk, disposition_feuille_fk) values (395,3);
insert into fleur_pilosite_tige (fleur_fk, pilosite_tige_fk) values (395,1);
insert into fleur_pilosite_feuille (fleur_fk, pilosite_feuille_fk) values (395,0);
insert into fleur_pilosite_feuille (fleur_fk, pilosite_feuille_fk) values (395,2);
insert into fleur (id,directory_name,scientific_name,scientific_family_fk,doc_url) values (396,"","Ranunculus sardous",2,"");
insert into taxonomy (lang, taxon, searched_taxon, fleur_fk, taxon_usuel) values ("fr","Renoncule sarde","renoncule sarde",396,1);
insert into taxonomy (lang, taxon, searched_taxon, fleur_fk, taxon_usuel) values ("fr","Sardonie","sardonie",396,0);
insert into taxonomy (lang, taxon, searched_taxon, fleur_fk, taxon_usuel) values ("la","Ranunculus sardous","ranunculus sardous",396,1);
insert into taxonomy (lang, taxon, searched_taxon, fleur_fk, taxon_usuel) values ("en","hairy buttercup","hairy buttercup",396,1);
insert into fleur_inflorescence (fleur_fk, inflorescence_fk) values (396,0);
insert into fleur_couleur (fleur_fk, couleur_fk) values (396,3);
insert into fleur_aspect (fleur_fk, aspect_fk) values (396,0);
insert into fleur_nb_petale (fleur_fk, nb_petale_fk) values (396,0);
insert into fleur_nb_petale (fleur_fk, nb_petale_fk) values (396,3);
insert into fleur_type_feuille (fleur_fk, type_feuille_fk) values (396,1);
insert into fleur_type_feuille (fleur_fk, type_feuille_fk) values (396,0);
insert into fleur_disposition_feuille (fleur_fk, disposition_feuille_fk) values (396,0);
insert into fleur_pilosite_tige (fleur_fk, pilosite_tige_fk) values (396,1);
insert into fleur_pilosite_feuille (fleur_fk, pilosite_feuille_fk) values (396,1);
insert into fleur (id,directory_name,scientific_name,scientific_family_fk,doc_url) values (397,"","Ranunculus auricomus",2,"http://abiris.snv.jussieu.fr/flore/descriptions/Renoncule_tete_d_or.html");
insert into taxonomy (lang, taxon, searched_taxon, fleur_fk, taxon_usuel) values ("fr","Renoncule tête d'or","renoncule tete d'or",397,1);
insert into taxonomy (lang, taxon, searched_taxon, fleur_fk, taxon_usuel) values ("la","Ranunculus auricomus","ranunculus auricomus",397,1);
insert into taxonomy (lang, taxon, searched_taxon, fleur_fk, taxon_usuel) values ("en","Goldilocks Buttercup","goldilocks buttercup",397,1);
insert into fleur_inflorescence (fleur_fk, inflorescence_fk) values (397,1);
insert into fleur_couleur (fleur_fk, couleur_fk) values (397,3);
insert into fleur_aspect (fleur_fk, aspect_fk) values (397,0);
insert into fleur_nb_petale (fleur_fk, nb_petale_fk) values (397,0);
insert into fleur_type_feuille (fleur_fk, type_feuille_fk) values (397,2);
insert into fleur_disposition_feuille (fleur_fk, disposition_feuille_fk) values (397,0);
insert into fleur_pilosite_tige (fleur_fk, pilosite_tige_fk) values (397,1);
insert into fleur_pilosite_feuille (fleur_fk, pilosite_feuille_fk) values (397,0);
insert into fleur_pilosite_feuille (fleur_fk, pilosite_feuille_fk) values (397,2);
insert into fleur (id,directory_name,scientific_name,scientific_family_fk,doc_url) values (398,"","Polygonum aviculare",48,"");
insert into taxonomy (lang, taxon, searched_taxon, fleur_fk, taxon_usuel) values ("fr","Renouée des oiseaux","renouee des oiseaux",398,1);
insert into taxonomy (lang, taxon, searched_taxon, fleur_fk, taxon_usuel) values ("fr","Trainasse","trainasse",398,0);
insert into taxonomy (lang, taxon, searched_taxon, fleur_fk, taxon_usuel) values ("la","Polygonum aviculare","polygonum aviculare",398,1);
insert into taxonomy (lang, taxon, searched_taxon, fleur_fk, taxon_usuel) values ("en","common knotgrass","common knotgrass",398,1);
insert into fleur_inflorescence (fleur_fk, inflorescence_fk) values (398,0);
insert into fleur_couleur (fleur_fk, couleur_fk) values (398,0);
insert into fleur_aspect (fleur_fk, aspect_fk) values (398,0);
insert into fleur_nb_petale (fleur_fk, nb_petale_fk) values (398,0);
insert into fleur_type_feuille (fleur_fk, type_feuille_fk) values (398,3);
insert into fleur_disposition_feuille (fleur_fk, disposition_feuille_fk) values (398,0);
insert into fleur_pilosite_tige (fleur_fk, pilosite_tige_fk) values (398,0);
insert into fleur_pilosite_feuille (fleur_fk, pilosite_feuille_fk) values (398,0);
insert into fleur (id,directory_name,scientific_name,scientific_family_fk,doc_url) values (399,"","Reynoutria japonica",48,"");
insert into taxonomy (lang, taxon, searched_taxon, fleur_fk, taxon_usuel) values ("fr","Renouée du Japon","renouee du japon",399,1);
insert into taxonomy (lang, taxon, searched_taxon, fleur_fk, taxon_usuel) values ("fr","Reynoutre du Japon","reynoutre du japon",399,0);
insert into taxonomy (lang, taxon, searched_taxon, fleur_fk, taxon_usuel) values ("fr","Renouée à feuilles pointues","renouee a feuilles pointues",399,0);
insert into taxonomy (lang, taxon, searched_taxon, fleur_fk, taxon_usuel) values ("la","Reynoutria japonica","reynoutria japonica",399,1);
insert into taxonomy (lang, taxon, searched_taxon, fleur_fk, taxon_usuel) values ("la","Fallopia japonica","fallopia japonica",399,0);
insert into taxonomy (lang, taxon, searched_taxon, fleur_fk, taxon_usuel) values ("en","Japanese knotweed","japanese knotweed",399,1);
insert into fleur_inflorescence (fleur_fk, inflorescence_fk) values (399,0);
insert into fleur_couleur (fleur_fk, couleur_fk) values (399,0);
insert into fleur_particularite (fleur_fk, particularite_fk) values (399,4);
insert into fleur_aspect (fleur_fk, aspect_fk) values (399,0);
insert into fleur_aspect (fleur_fk, aspect_fk) values (399,6);
insert into fleur_nb_petale (fleur_fk, nb_petale_fk) values (399,0);
insert into fleur_type_feuille (fleur_fk, type_feuille_fk) values (399,3);
insert into fleur_disposition_feuille (fleur_fk, disposition_feuille_fk) values (399,0);
insert into fleur_pilosite_tige (fleur_fk, pilosite_tige_fk) values (399,0);
insert into fleur_pilosite_feuille (fleur_fk, pilosite_feuille_fk) values (399,0);
insert into fleur (id,directory_name,scientific_name,scientific_family_fk,doc_url) values (400,"","Polygonum persicaria",48,"");
insert into taxonomy (lang, taxon, searched_taxon, fleur_fk, taxon_usuel) values ("fr","Renouée persicaire","renouee persicaire",400,1);
insert into taxonomy (lang, taxon, searched_taxon, fleur_fk, taxon_usuel) values ("fr","Pied rouge","pied rouge",400,0);
insert into taxonomy (lang, taxon, searched_taxon, fleur_fk, taxon_usuel) values ("fr","Persicaire","persicaire",400,0);
insert into taxonomy (lang, taxon, searched_taxon, fleur_fk, taxon_usuel) values ("la","Polygonum persicaria","polygonum persicaria",400,1);
insert into taxonomy (lang, taxon, searched_taxon, fleur_fk, taxon_usuel) values ("en","lady's thumb","lady's thumb",400,1);
insert into fleur_inflorescence (fleur_fk, inflorescence_fk) values (400,0);
insert into fleur_couleur (fleur_fk, couleur_fk) values (400,0);
insert into fleur_couleur (fleur_fk, couleur_fk) values (400,1);
insert into fleur_aspect (fleur_fk, aspect_fk) values (400,0);
insert into fleur_nb_petale (fleur_fk, nb_petale_fk) values (400,0);
insert into fleur_type_feuille (fleur_fk, type_feuille_fk) values (400,3);
insert into fleur_disposition_feuille (fleur_fk, disposition_feuille_fk) values (400,0);
insert into fleur_pilosite_tige (fleur_fk, pilosite_tige_fk) values (400,0);
insert into fleur_pilosite_tige (fleur_fk, pilosite_tige_fk) values (400,1);
insert into fleur_pilosite_feuille (fleur_fk, pilosite_feuille_fk) values (400,2);
insert into fleur (id,directory_name,scientific_name,scientific_family_fk,doc_url) values (401,"","Reseda luteola",55,"");
insert into taxonomy (lang, taxon, searched_taxon, fleur_fk, taxon_usuel) values ("fr","Réséda jaunâtre","reseda jaunatre",401,1);
insert into taxonomy (lang, taxon, searched_taxon, fleur_fk, taxon_usuel) values ("fr","Gaude","gaude",401,0);
insert into taxonomy (lang, taxon, searched_taxon, fleur_fk, taxon_usuel) values ("fr","Réséda des teinturiers","reseda des teinturiers",401,0);
insert into taxonomy (lang, taxon, searched_taxon, fleur_fk, taxon_usuel) values ("la","Reseda luteola","reseda luteola",401,1);
insert into taxonomy (lang, taxon, searched_taxon, fleur_fk, taxon_usuel) values ("en","dyer's rocket","dyer's rocket",401,1);
insert into fleur_inflorescence (fleur_fk, inflorescence_fk) values (401,0);
insert into fleur_couleur (fleur_fk, couleur_fk) values (401,3);
insert into fleur_couleur (fleur_fk, couleur_fk) values (401,5);
insert into fleur_aspect (fleur_fk, aspect_fk) values (401,2);
insert into fleur_nb_petale (fleur_fk, nb_petale_fk) values (401,2);
insert into fleur_type_feuille (fleur_fk, type_feuille_fk) values (401,3);
insert into fleur_disposition_feuille (fleur_fk, disposition_feuille_fk) values (401,0);
insert into fleur_pilosite_tige (fleur_fk, pilosite_tige_fk) values (401,0);
insert into fleur_pilosite_feuille (fleur_fk, pilosite_feuille_fk) values (401,0);
insert into fleur (id,directory_name,scientific_name,scientific_family_fk,doc_url) values (402,"","Reseda lutea",55,"");
insert into taxonomy (lang, taxon, searched_taxon, fleur_fk, taxon_usuel) values ("fr","Réséda jaune","reseda jaune",402,1);
insert into taxonomy (lang, taxon, searched_taxon, fleur_fk, taxon_usuel) values ("fr","Réséda bâtard","reseda batard",402,0);
insert into taxonomy (lang, taxon, searched_taxon, fleur_fk, taxon_usuel) values ("fr","Réséda sauvage","reseda sauvage",402,0);
insert into taxonomy (lang, taxon, searched_taxon, fleur_fk, taxon_usuel) values ("la","Reseda lutea","reseda lutea",402,1);
insert into taxonomy (lang, taxon, searched_taxon, fleur_fk, taxon_usuel) values ("en","wild mignonette","wild mignonette",402,1);
insert into fleur_inflorescence (fleur_fk, inflorescence_fk) values (402,0);
insert into fleur_couleur (fleur_fk, couleur_fk) values (402,3);
insert into fleur_couleur (fleur_fk, couleur_fk) values (402,0);
insert into fleur_aspect (fleur_fk, aspect_fk) values (402,2);
insert into fleur_nb_petale (fleur_fk, nb_petale_fk) values (402,2);
insert into fleur_type_feuille (fleur_fk, type_feuille_fk) values (402,1);
insert into fleur_disposition_feuille (fleur_fk, disposition_feuille_fk) values (402,0);
insert into fleur_pilosite_tige (fleur_fk, pilosite_tige_fk) values (402,0);
insert into fleur_pilosite_feuille (fleur_fk, pilosite_feuille_fk) values (402,0);
insert into fleur (id,directory_name,scientific_name,scientific_family_fk,doc_url) values (403,"","Rhinanthus minor",27,"");
insert into taxonomy (lang, taxon, searched_taxon, fleur_fk, taxon_usuel) values ("fr","Rhinanthe à petites fleurs","rhinanthe a petites fleurs",403,1);
insert into taxonomy (lang, taxon, searched_taxon, fleur_fk, taxon_usuel) values ("fr","Petit rhinante","petit rhinante",403,0);
insert into taxonomy (lang, taxon, searched_taxon, fleur_fk, taxon_usuel) values ("fr","Petite cocriste","petite cocriste",403,0);
insert into taxonomy (lang, taxon, searched_taxon, fleur_fk, taxon_usuel) values ("la","Rhinanthus minor","rhinanthus minor",403,1);
insert into taxonomy (lang, taxon, searched_taxon, fleur_fk, taxon_usuel) values ("en","Yellow rattle","yellow rattle",403,1);
insert into fleur_inflorescence (fleur_fk, inflorescence_fk) values (403,0);
insert into fleur_couleur (fleur_fk, couleur_fk) values (403,3);
insert into fleur_aspect (fleur_fk, aspect_fk) values (403,3);
insert into fleur_nb_petale (fleur_fk, nb_petale_fk) values (403,0);
insert into fleur_type_feuille (fleur_fk, type_feuille_fk) values (403,2);
insert into fleur_disposition_feuille (fleur_fk, disposition_feuille_fk) values (403,1);
insert into fleur_pilosite_tige (fleur_fk, pilosite_tige_fk) values (403,0);
insert into fleur_pilosite_feuille (fleur_fk, pilosite_feuille_fk) values (403,0);
insert into fleur (id,directory_name,scientific_name,scientific_family_fk,doc_url) values (404,"","Rhinanthus alectorolophus",27,"");
insert into taxonomy (lang, taxon, searched_taxon, fleur_fk, taxon_usuel) values ("fr","Rhinanthe velu","rhinanthe velu",404,1);
insert into taxonomy (lang, taxon, searched_taxon, fleur_fk, taxon_usuel) values ("fr","Rhinanthe crête-de-coq","rhinanthe crete-de-coq",404,0);
insert into taxonomy (lang, taxon, searched_taxon, fleur_fk, taxon_usuel) values ("la","Rhinanthus alectorolophus","rhinanthus alectorolophus",404,1);
insert into taxonomy (lang, taxon, searched_taxon, fleur_fk, taxon_usuel) values ("en","Greater Yellow Rattle","greater yellow rattle",404,1);
insert into fleur_inflorescence (fleur_fk, inflorescence_fk) values (404,0);
insert into fleur_couleur (fleur_fk, couleur_fk) values (404,3);
insert into fleur_particularite (fleur_fk, particularite_fk) values (404,4);
insert into fleur_aspect (fleur_fk, aspect_fk) values (404,3);
insert into fleur_nb_petale (fleur_fk, nb_petale_fk) values (404,0);
insert into fleur_type_feuille (fleur_fk, type_feuille_fk) values (404,2);
insert into fleur_disposition_feuille (fleur_fk, disposition_feuille_fk) values (404,1);
insert into fleur_pilosite_tige (fleur_fk, pilosite_tige_fk) values (404,1);
insert into fleur_pilosite_feuille (fleur_fk, pilosite_feuille_fk) values (404,1);
insert into fleur (id,directory_name,scientific_name,scientific_family_fk,doc_url) values (405,"","Rorippa amphibia",7,"");
insert into taxonomy (lang, taxon, searched_taxon, fleur_fk, taxon_usuel) values ("fr","Rorippe amphibie","rorippe amphibie",405,1);
insert into taxonomy (lang, taxon, searched_taxon, fleur_fk, taxon_usuel) values ("fr","Cresson amphibie","cresson amphibie",405,0);
insert into taxonomy (lang, taxon, searched_taxon, fleur_fk, taxon_usuel) values ("la","Rorippa amphibia","rorippa amphibia",405,1);
insert into taxonomy (lang, taxon, searched_taxon, fleur_fk, taxon_usuel) values ("en","great yellowcress","great yellowcress",405,1);
insert into fleur_inflorescence (fleur_fk, inflorescence_fk) values (405,0);
insert into fleur_couleur (fleur_fk, couleur_fk) values (405,3);
insert into fleur_aspect (fleur_fk, aspect_fk) values (405,0);
insert into fleur_nb_petale (fleur_fk, nb_petale_fk) values (405,2);
insert into fleur_type_feuille (fleur_fk, type_feuille_fk) values (405,1);
insert into fleur_type_feuille (fleur_fk, type_feuille_fk) values (405,3);
insert into fleur_disposition_feuille (fleur_fk, disposition_feuille_fk) values (405,0);
insert into fleur_pilosite_tige (fleur_fk, pilosite_tige_fk) values (405,0);
insert into fleur_pilosite_tige (fleur_fk, pilosite_tige_fk) values (405,1);
insert into fleur_pilosite_feuille (fleur_fk, pilosite_feuille_fk) values (405,0);
insert into fleur (id,directory_name,scientific_name,scientific_family_fk,doc_url) values (406,"","Rorippa sylvestris",7,"");
insert into taxonomy (lang, taxon, searched_taxon, fleur_fk, taxon_usuel) values ("fr","Rorippe des bois","rorippe des bois",406,1);
insert into taxonomy (lang, taxon, searched_taxon, fleur_fk, taxon_usuel) values ("fr","Rorippe sylvestre","rorippe sylvestre",406,0);
insert into taxonomy (lang, taxon, searched_taxon, fleur_fk, taxon_usuel) values ("fr","Cresson des bois","cresson des bois",406,0);
insert into taxonomy (lang, taxon, searched_taxon, fleur_fk, taxon_usuel) values ("la","Rorippa sylvestris","rorippa sylvestris",406,1);
insert into taxonomy (lang, taxon, searched_taxon, fleur_fk, taxon_usuel) values ("en","Creeping Yellowcress","creeping yellowcress",406,1);
insert into fleur_inflorescence (fleur_fk, inflorescence_fk) values (406,0);
insert into fleur_couleur (fleur_fk, couleur_fk) values (406,3);
insert into fleur_aspect (fleur_fk, aspect_fk) values (406,0);
insert into fleur_nb_petale (fleur_fk, nb_petale_fk) values (406,2);
insert into fleur_type_feuille (fleur_fk, type_feuille_fk) values (406,1);
insert into fleur_type_feuille (fleur_fk, type_feuille_fk) values (406,0);
insert into fleur_disposition_feuille (fleur_fk, disposition_feuille_fk) values (406,0);
insert into fleur_pilosite_tige (fleur_fk, pilosite_tige_fk) values (406,0);
insert into fleur_pilosite_tige (fleur_fk, pilosite_tige_fk) values (406,1);
insert into fleur_pilosite_feuille (fleur_fk, pilosite_feuille_fk) values (406,0);
insert into fleur (id,directory_name,scientific_name,scientific_family_fk,doc_url) values (407,"","Rorippa palustris",7,"");
insert into taxonomy (lang, taxon, searched_taxon, fleur_fk, taxon_usuel) values ("fr","Rorippe des marais","rorippe des marais",407,1);
insert into taxonomy (lang, taxon, searched_taxon, fleur_fk, taxon_usuel) values ("fr","Cresson des marais","cresson des marais",407,0);
insert into taxonomy (lang, taxon, searched_taxon, fleur_fk, taxon_usuel) values ("la","Rorippa palustris","rorippa palustris",407,1);
insert into taxonomy (lang, taxon, searched_taxon, fleur_fk, taxon_usuel) values ("en","bog yellowcress","bog yellowcress",407,1);
insert into fleur_inflorescence (fleur_fk, inflorescence_fk) values (407,0);
insert into fleur_couleur (fleur_fk, couleur_fk) values (407,3);
insert into fleur_aspect (fleur_fk, aspect_fk) values (407,0);
insert into fleur_nb_petale (fleur_fk, nb_petale_fk) values (407,2);
insert into fleur_type_feuille (fleur_fk, type_feuille_fk) values (407,1);
insert into fleur_disposition_feuille (fleur_fk, disposition_feuille_fk) values (407,0);
insert into fleur_pilosite_tige (fleur_fk, pilosite_tige_fk) values (407,1);
insert into fleur_pilosite_feuille (fleur_fk, pilosite_feuille_fk) values (407,2);
insert into fleur (id,directory_name,scientific_name,scientific_family_fk,doc_url) values (408,"","Rorippa stylosa",7,"");
insert into taxonomy (lang, taxon, searched_taxon, fleur_fk, taxon_usuel) values ("fr","Rorippe des Pyrénées","rorippe des pyrenees",408,1);
insert into taxonomy (lang, taxon, searched_taxon, fleur_fk, taxon_usuel) values ("fr","Cresson des Pyrénées","cresson des pyrenees",408,0);
insert into taxonomy (lang, taxon, searched_taxon, fleur_fk, taxon_usuel) values ("la","Rorippa stylosa","rorippa stylosa",408,1);
insert into fleur_inflorescence (fleur_fk, inflorescence_fk) values (408,0);
insert into fleur_couleur (fleur_fk, couleur_fk) values (408,3);
insert into fleur_aspect (fleur_fk, aspect_fk) values (408,0);
insert into fleur_nb_petale (fleur_fk, nb_petale_fk) values (408,2);
insert into fleur_type_feuille (fleur_fk, type_feuille_fk) values (408,1);
insert into fleur_type_feuille (fleur_fk, type_feuille_fk) values (408,0);
insert into fleur_disposition_feuille (fleur_fk, disposition_feuille_fk) values (408,0);
insert into fleur_pilosite_tige (fleur_fk, pilosite_tige_fk) values (408,1);
insert into fleur_pilosite_feuille (fleur_fk, pilosite_feuille_fk) values (408,0);
insert into fleur_pilosite_feuille (fleur_fk, pilosite_feuille_fk) values (408,1);
insert into fleur (id,directory_name,scientific_name,scientific_family_fk,doc_url) values (409,"","Onobrychis viciifolia",12,"");
insert into taxonomy (lang, taxon, searched_taxon, fleur_fk, taxon_usuel) values ("fr","Sainfoin","sainfoin",409,1);
insert into taxonomy (lang, taxon, searched_taxon, fleur_fk, taxon_usuel) values ("fr","Sainfoin à feuilles de vesce","sainfoin a feuilles de vesce",409,0);
insert into taxonomy (lang, taxon, searched_taxon, fleur_fk, taxon_usuel) values ("fr","Esparcette","esparcette",409,0);
insert into taxonomy (lang, taxon, searched_taxon, fleur_fk, taxon_usuel) values ("la","Onobrychis viciifolia","onobrychis viciifolia",409,1);
insert into taxonomy (lang, taxon, searched_taxon, fleur_fk, taxon_usuel) values ("en","common sainfoin","common sainfoin",409,1);
insert into fleur_inflorescence (fleur_fk, inflorescence_fk) values (409,0);
insert into fleur_couleur (fleur_fk, couleur_fk) values (409,1);
insert into fleur_particularite (fleur_fk, particularite_fk) values (409,3);
insert into fleur_particularite (fleur_fk, particularite_fk) values (409,4);
insert into fleur_aspect (fleur_fk, aspect_fk) values (409,2);
insert into fleur_nb_petale (fleur_fk, nb_petale_fk) values (409,0);
insert into fleur_type_feuille (fleur_fk, type_feuille_fk) values (409,0);
insert into fleur_disposition_feuille (fleur_fk, disposition_feuille_fk) values (409,0);
insert into fleur_pilosite_tige (fleur_fk, pilosite_tige_fk) values (409,1);
insert into fleur_pilosite_feuille (fleur_fk, pilosite_feuille_fk) values (409,2);
insert into fleur (id,directory_name,scientific_name,scientific_family_fk,doc_url) values (410,"","Tragopogon pratensis",1,"http://abiris.snv.jussieu.fr/flore/descriptions/Salsifis_des_pres.html");
insert into taxonomy (lang, taxon, searched_taxon, fleur_fk, taxon_usuel) values ("fr","Salsifis des prés","salsifis des pres",410,1);
insert into taxonomy (lang, taxon, searched_taxon, fleur_fk, taxon_usuel) values ("la","Tragopogon pratensis","tragopogon pratensis",410,1);
insert into taxonomy (lang, taxon, searched_taxon, fleur_fk, taxon_usuel) values ("en","Meadow Salsify","meadow salsify",410,1);
insert into fleur_inflorescence (fleur_fk, inflorescence_fk) values (410,1);
insert into fleur_couleur (fleur_fk, couleur_fk) values (410,3);
insert into fleur_aspect (fleur_fk, aspect_fk) values (410,4);
insert into fleur_nb_petale (fleur_fk, nb_petale_fk) values (410,1);
insert into fleur_type_feuille (fleur_fk, type_feuille_fk) values (410,3);
insert into fleur_disposition_feuille (fleur_fk, disposition_feuille_fk) values (410,0);
insert into fleur_pilosite_tige (fleur_fk, pilosite_tige_fk) values (410,0);
insert into fleur_pilosite_feuille (fleur_fk, pilosite_feuille_fk) values (410,0);
insert into fleur (id,directory_name,scientific_name,scientific_family_fk,doc_url) values (411,"","Sanicula europaea",0,"");
insert into taxonomy (lang, taxon, searched_taxon, fleur_fk, taxon_usuel) values ("fr","Sanicle","sanicle",411,1);
insert into taxonomy (lang, taxon, searched_taxon, fleur_fk, taxon_usuel) values ("fr","Herbe de Saint-Laurent","herbe de saint-laurent",411,0);
insert into taxonomy (lang, taxon, searched_taxon, fleur_fk, taxon_usuel) values ("la","Sanicula europaea","sanicula europaea",411,1);
insert into taxonomy (lang, taxon, searched_taxon, fleur_fk, taxon_usuel) values ("en","sanicle","sanicle",411,1);
insert into fleur_inflorescence (fleur_fk, inflorescence_fk) values (411,0);
insert into fleur_couleur (fleur_fk, couleur_fk) values (411,0);
insert into fleur_aspect (fleur_fk, aspect_fk) values (411,0);
insert into fleur_nb_petale (fleur_fk, nb_petale_fk) values (411,0);
insert into fleur_type_feuille (fleur_fk, type_feuille_fk) values (411,1);
insert into fleur_disposition_feuille (fleur_fk, disposition_feuille_fk) values (411,3);
insert into fleur_pilosite_tige (fleur_fk, pilosite_tige_fk) values (411,0);
insert into fleur_pilosite_feuille (fleur_fk, pilosite_feuille_fk) values (411,0);
insert into fleur (id,directory_name,scientific_name,scientific_family_fk,doc_url) values (412,"","Saponaria officinalis",21,"");
insert into taxonomy (lang, taxon, searched_taxon, fleur_fk, taxon_usuel) values ("fr","Saponaire officinale","saponaire officinale",412,1);
insert into taxonomy (lang, taxon, searched_taxon, fleur_fk, taxon_usuel) values ("la","Saponaria officinalis","saponaria officinalis",412,1);
insert into taxonomy (lang, taxon, searched_taxon, fleur_fk, taxon_usuel) values ("en","common soapwort","common soapwort",412,1);
insert into fleur_inflorescence (fleur_fk, inflorescence_fk) values (412,0);
insert into fleur_couleur (fleur_fk, couleur_fk) values (412,1);
insert into fleur_aspect (fleur_fk, aspect_fk) values (412,0);
insert into fleur_nb_petale (fleur_fk, nb_petale_fk) values (412,0);
insert into fleur_type_feuille (fleur_fk, type_feuille_fk) values (412,3);
insert into fleur_disposition_feuille (fleur_fk, disposition_feuille_fk) values (412,1);
insert into fleur_pilosite_tige (fleur_fk, pilosite_tige_fk) values (412,0);
insert into fleur_pilosite_tige (fleur_fk, pilosite_tige_fk) values (412,1);
insert into fleur_pilosite_feuille (fleur_fk, pilosite_feuille_fk) values (412,0);
insert into fleur (id,directory_name,scientific_name,scientific_family_fk,doc_url) values (413,"","Salvia pratensis",3,"");
insert into taxonomy (lang, taxon, searched_taxon, fleur_fk, taxon_usuel) values ("fr","Sauge des prés","sauge des pres",413,1);
insert into taxonomy (lang, taxon, searched_taxon, fleur_fk, taxon_usuel) values ("fr","Sauge commune","sauge commune",413,0);
insert into taxonomy (lang, taxon, searched_taxon, fleur_fk, taxon_usuel) values ("la","Salvia pratensis","salvia pratensis",413,1);
insert into taxonomy (lang, taxon, searched_taxon, fleur_fk, taxon_usuel) values ("en","meadow sage","meadow sage",413,1);
insert into fleur_inflorescence (fleur_fk, inflorescence_fk) values (413,0);
insert into fleur_couleur (fleur_fk, couleur_fk) values (413,2);
insert into fleur_aspect (fleur_fk, aspect_fk) values (413,3);
insert into fleur_nb_petale (fleur_fk, nb_petale_fk) values (413,2);
insert into fleur_nb_petale (fleur_fk, nb_petale_fk) values (413,0);
insert into fleur_type_feuille (fleur_fk, type_feuille_fk) values (413,2);
insert into fleur_disposition_feuille (fleur_fk, disposition_feuille_fk) values (413,1);
insert into fleur_disposition_feuille (fleur_fk, disposition_feuille_fk) values (413,3);
insert into fleur_pilosite_tige (fleur_fk, pilosite_tige_fk) values (413,1);
insert into fleur_pilosite_feuille (fleur_fk, pilosite_feuille_fk) values (413,2);
insert into fleur (id,directory_name,scientific_name,scientific_family_fk,doc_url) values (414,"","Saxifraga tridactylites",56,"");
insert into taxonomy (lang, taxon, searched_taxon, fleur_fk, taxon_usuel) values ("fr","Saxifrage à trois doigts","saxifrage a trois doigts",414,1);
insert into taxonomy (lang, taxon, searched_taxon, fleur_fk, taxon_usuel) values ("fr","Petite saxifrage","petite saxifrage",414,0);
insert into taxonomy (lang, taxon, searched_taxon, fleur_fk, taxon_usuel) values ("fr","Perce-pierre","perce-pierre",414,0);
insert into taxonomy (lang, taxon, searched_taxon, fleur_fk, taxon_usuel) values ("la","Saxifraga tridactylites","saxifraga tridactylites",414,1);
insert into taxonomy (lang, taxon, searched_taxon, fleur_fk, taxon_usuel) values ("en","rue-leaved saxifrage","rue-leaved saxifrage",414,1);
insert into fleur_inflorescence (fleur_fk, inflorescence_fk) values (414,0);
insert into fleur_inflorescence (fleur_fk, inflorescence_fk) values (414,1);
insert into fleur_couleur (fleur_fk, couleur_fk) values (414,0);
insert into fleur_aspect (fleur_fk, aspect_fk) values (414,0);
insert into fleur_nb_petale (fleur_fk, nb_petale_fk) values (414,0);
insert into fleur_type_feuille (fleur_fk, type_feuille_fk) values (414,1);
insert into fleur_disposition_feuille (fleur_fk, disposition_feuille_fk) values (414,0);
insert into fleur_pilosite_tige (fleur_fk, pilosite_tige_fk) values (414,1);
insert into fleur_pilosite_feuille (fleur_fk, pilosite_feuille_fk) values (414,1);
insert into fleur (id,directory_name,scientific_name,scientific_family_fk,doc_url) values (415,"","Saxifraga granulata",56,"");
insert into taxonomy (lang, taxon, searched_taxon, fleur_fk, taxon_usuel) values ("fr","Saxifrage granulée","saxifrage granulee",415,1);
insert into taxonomy (lang, taxon, searched_taxon, fleur_fk, taxon_usuel) values ("fr","Saxifrage à bulbilles","saxifrage a bulbilles",415,0);
insert into taxonomy (lang, taxon, searched_taxon, fleur_fk, taxon_usuel) values ("la","Saxifraga granulata","saxifraga granulata",415,1);
insert into taxonomy (lang, taxon, searched_taxon, fleur_fk, taxon_usuel) values ("en","meadow saxifrage","meadow saxifrage",415,1);
insert into fleur_inflorescence (fleur_fk, inflorescence_fk) values (415,0);
insert into fleur_couleur (fleur_fk, couleur_fk) values (415,0);
insert into fleur_aspect (fleur_fk, aspect_fk) values (415,0);
insert into fleur_nb_petale (fleur_fk, nb_petale_fk) values (415,0);
insert into fleur_type_feuille (fleur_fk, type_feuille_fk) values (415,1);
insert into fleur_type_feuille (fleur_fk, type_feuille_fk) values (415,2);
insert into fleur_disposition_feuille (fleur_fk, disposition_feuille_fk) values (415,0);
insert into fleur_pilosite_tige (fleur_fk, pilosite_tige_fk) values (415,1);
insert into fleur_pilosite_feuille (fleur_fk, pilosite_feuille_fk) values (415,1);
insert into fleur (id,directory_name,scientific_name,scientific_family_fk,doc_url) values (416,"","Scabiosa columbaria",19,"http://abiris.snv.jussieu.fr/flore/descriptions/Scabieuse_colombaire.html");
insert into taxonomy (lang, taxon, searched_taxon, fleur_fk, taxon_usuel) values ("fr","Scabieuse colombaire","scabieuse colombaire",416,1);
insert into taxonomy (lang, taxon, searched_taxon, fleur_fk, taxon_usuel) values ("la","Scabiosa columbaria","scabiosa columbaria",416,1);
insert into taxonomy (lang, taxon, searched_taxon, fleur_fk, taxon_usuel) values ("en","small scabious","small scabious",416,1);
insert into fleur_inflorescence (fleur_fk, inflorescence_fk) values (416,0);
insert into fleur_inflorescence (fleur_fk, inflorescence_fk) values (416,1);
insert into fleur_couleur (fleur_fk, couleur_fk) values (416,2);
insert into fleur_aspect (fleur_fk, aspect_fk) values (416,4);
insert into fleur_nb_petale (fleur_fk, nb_petale_fk) values (416,1);
insert into fleur_type_feuille (fleur_fk, type_feuille_fk) values (416,1);
insert into fleur_type_feuille (fleur_fk, type_feuille_fk) values (416,2);
insert into fleur_disposition_feuille (fleur_fk, disposition_feuille_fk) values (416,1);
insert into fleur_pilosite_tige (fleur_fk, pilosite_tige_fk) values (416,0);
insert into fleur_pilosite_tige (fleur_fk, pilosite_tige_fk) values (416,1);
insert into fleur_pilosite_feuille (fleur_fk, pilosite_feuille_fk) values (416,1);
insert into fleur (id,directory_name,scientific_name,scientific_family_fk,doc_url) values (417,"","Polygonatum multiflorum",45,"");
insert into taxonomy (lang, taxon, searched_taxon, fleur_fk, taxon_usuel) values ("fr","Sceau de Salomon commun","sceau de salomon commun",417,1);
insert into taxonomy (lang, taxon, searched_taxon, fleur_fk, taxon_usuel) values ("fr","Sceau de Salomon multiflore","sceau de salomon multiflore",417,0);
insert into taxonomy (lang, taxon, searched_taxon, fleur_fk, taxon_usuel) values ("la","Polygonatum multiflorum","polygonatum multiflorum",417,1);
insert into taxonomy (lang, taxon, searched_taxon, fleur_fk, taxon_usuel) values ("en","Solomon's seal","solomon's seal",417,1);
insert into fleur_inflorescence (fleur_fk, inflorescence_fk) values (417,0);
insert into fleur_couleur (fleur_fk, couleur_fk) values (417,0);
insert into fleur_aspect (fleur_fk, aspect_fk) values (417,6);
insert into fleur_nb_petale (fleur_fk, nb_petale_fk) values (417,3);
insert into fleur_type_feuille (fleur_fk, type_feuille_fk) values (417,3);
insert into fleur_disposition_feuille (fleur_fk, disposition_feuille_fk) values (417,0);
insert into fleur_pilosite_tige (fleur_fk, pilosite_tige_fk) values (417,0);
insert into fleur_pilosite_feuille (fleur_fk, pilosite_feuille_fk) values (417,0);
insert into fleur (id,directory_name,scientific_name,scientific_family_fk,doc_url) values (418,"","Scrophularia auriculata",27,"");
insert into taxonomy (lang, taxon, searched_taxon, fleur_fk, taxon_usuel) values ("fr","Scrofulaire aquatique","scrofulaire aquatique",418,1);
insert into taxonomy (lang, taxon, searched_taxon, fleur_fk, taxon_usuel) values ("fr","Scrofulaire à oreillettes","scrofulaire a oreillettes",418,0);
insert into taxonomy (lang, taxon, searched_taxon, fleur_fk, taxon_usuel) values ("fr","Scrofulaire de Balbis","scrofulaire de balbis",418,0);
insert into taxonomy (lang, taxon, searched_taxon, fleur_fk, taxon_usuel) values ("la","Scrophularia auriculata","scrophularia auriculata",418,1);
insert into taxonomy (lang, taxon, searched_taxon, fleur_fk, taxon_usuel) values ("en","water figwort","water figwort",418,1);
insert into fleur_inflorescence (fleur_fk, inflorescence_fk) values (418,0);
insert into fleur_couleur (fleur_fk, couleur_fk) values (418,1);
insert into fleur_couleur (fleur_fk, couleur_fk) values (418,4);
insert into fleur_aspect (fleur_fk, aspect_fk) values (418,3);
insert into fleur_nb_petale (fleur_fk, nb_petale_fk) values (418,0);
insert into fleur_type_feuille (fleur_fk, type_feuille_fk) values (418,2);
insert into fleur_disposition_feuille (fleur_fk, disposition_feuille_fk) values (418,1);
insert into fleur_pilosite_tige (fleur_fk, pilosite_tige_fk) values (418,0);
insert into fleur_pilosite_tige (fleur_fk, pilosite_tige_fk) values (418,1);
insert into fleur_pilosite_feuille (fleur_fk, pilosite_feuille_fk) values (418,0);
insert into fleur (id,directory_name,scientific_name,scientific_family_fk,doc_url) values (419,"","Scrophularia canina",27,"");
insert into taxonomy (lang, taxon, searched_taxon, fleur_fk, taxon_usuel) values ("fr","Scrofulaire des chiens","scrofulaire des chiens",419,1);
insert into taxonomy (lang, taxon, searched_taxon, fleur_fk, taxon_usuel) values ("la","Scrophularia canina","scrophularia canina",419,1);
insert into taxonomy (lang, taxon, searched_taxon, fleur_fk, taxon_usuel) values ("en","Dog Figwort","dog figwort",419,1);
insert into fleur_inflorescence (fleur_fk, inflorescence_fk) values (419,0);
insert into fleur_couleur (fleur_fk, couleur_fk) values (419,1);
insert into fleur_couleur (fleur_fk, couleur_fk) values (419,4);
insert into fleur_particularite (fleur_fk, particularite_fk) values (419,4);
insert into fleur_aspect (fleur_fk, aspect_fk) values (419,3);
insert into fleur_nb_petale (fleur_fk, nb_petale_fk) values (419,0);
insert into fleur_type_feuille (fleur_fk, type_feuille_fk) values (419,1);
insert into fleur_disposition_feuille (fleur_fk, disposition_feuille_fk) values (419,0);
insert into fleur_pilosite_tige (fleur_fk, pilosite_tige_fk) values (419,0);
insert into fleur_pilosite_tige (fleur_fk, pilosite_tige_fk) values (419,1);
insert into fleur_pilosite_feuille (fleur_fk, pilosite_feuille_fk) values (419,0);
insert into fleur (id,directory_name,scientific_name,scientific_family_fk,doc_url) values (420,"","Scrophularia nodosa",27,"");
insert into taxonomy (lang, taxon, searched_taxon, fleur_fk, taxon_usuel) values ("fr","Scrofulaire noueuse","scrofulaire noueuse",420,1);
insert into taxonomy (lang, taxon, searched_taxon, fleur_fk, taxon_usuel) values ("la","Scrophularia nodosa","scrophularia nodosa",420,1);
insert into taxonomy (lang, taxon, searched_taxon, fleur_fk, taxon_usuel) values ("en","Common figwort","common figwort",420,1);
insert into fleur_inflorescence (fleur_fk, inflorescence_fk) values (420,0);
insert into fleur_couleur (fleur_fk, couleur_fk) values (420,5);
insert into fleur_couleur (fleur_fk, couleur_fk) values (420,4);
insert into fleur_particularite (fleur_fk, particularite_fk) values (420,4);
insert into fleur_aspect (fleur_fk, aspect_fk) values (420,3);
insert into fleur_nb_petale (fleur_fk, nb_petale_fk) values (420,0);
insert into fleur_type_feuille (fleur_fk, type_feuille_fk) values (420,2);
insert into fleur_disposition_feuille (fleur_fk, disposition_feuille_fk) values (420,1);
insert into fleur_pilosite_tige (fleur_fk, pilosite_tige_fk) values (420,0);
insert into fleur_pilosite_feuille (fleur_fk, pilosite_feuille_fk) values (420,0);
insert into fleur (id,directory_name,scientific_name,scientific_family_fk,doc_url) values (421,"","Scutellaria galericulata",3,"");
insert into taxonomy (lang, taxon, searched_taxon, fleur_fk, taxon_usuel) values ("fr","Scutellaire toque","scutellaire toque",421,1);
insert into taxonomy (lang, taxon, searched_taxon, fleur_fk, taxon_usuel) values ("fr","Tertianaire","tertianaire",421,0);
insert into taxonomy (lang, taxon, searched_taxon, fleur_fk, taxon_usuel) values ("fr","Grande toque","grande toque",421,0);
insert into taxonomy (lang, taxon, searched_taxon, fleur_fk, taxon_usuel) values ("la","Scutellaria galericulata","scutellaria galericulata",421,1);
insert into taxonomy (lang, taxon, searched_taxon, fleur_fk, taxon_usuel) values ("en","Common skullcap","common skullcap",421,1);
insert into fleur_inflorescence (fleur_fk, inflorescence_fk) values (421,0);
insert into fleur_couleur (fleur_fk, couleur_fk) values (421,2);
insert into fleur_aspect (fleur_fk, aspect_fk) values (421,3);
insert into fleur_nb_petale (fleur_fk, nb_petale_fk) values (421,0);
insert into fleur_type_feuille (fleur_fk, type_feuille_fk) values (421,2);
insert into fleur_disposition_feuille (fleur_fk, disposition_feuille_fk) values (421,1);
insert into fleur_pilosite_tige (fleur_fk, pilosite_tige_fk) values (421,1);
insert into fleur_pilosite_feuille (fleur_fk, pilosite_feuille_fk) values (421,2);
insert into fleur (id,directory_name,scientific_name,scientific_family_fk,doc_url) values (422,"","Senecio vulgaris",1,"");
insert into taxonomy (lang, taxon, searched_taxon, fleur_fk, taxon_usuel) values ("fr","Séneçon commun","senecon commun",422,1);
insert into taxonomy (lang, taxon, searched_taxon, fleur_fk, taxon_usuel) values ("la","Senecio vulgaris","senecio vulgaris",422,1);
insert into taxonomy (lang, taxon, searched_taxon, fleur_fk, taxon_usuel) values ("en","common groundsel","common groundsel",422,1);
insert into fleur_inflorescence (fleur_fk, inflorescence_fk) values (422,0);
insert into fleur_couleur (fleur_fk, couleur_fk) values (422,3);
insert into fleur_aspect (fleur_fk, aspect_fk) values (422,4);
insert into fleur_nb_petale (fleur_fk, nb_petale_fk) values (422,1);
insert into fleur_type_feuille (fleur_fk, type_feuille_fk) values (422,1);
insert into fleur_disposition_feuille (fleur_fk, disposition_feuille_fk) values (422,0);
insert into fleur_pilosite_tige (fleur_fk, pilosite_tige_fk) values (422,1);
insert into fleur_pilosite_feuille (fleur_fk, pilosite_feuille_fk) values (422,1);
insert into fleur (id,directory_name,scientific_name,scientific_family_fk,doc_url) values (423,"","Senecio inaequidens",1,"");
insert into taxonomy (lang, taxon, searched_taxon, fleur_fk, taxon_usuel) values ("fr","Séneçon du Cap","senecon du cap",423,1);
insert into taxonomy (lang, taxon, searched_taxon, fleur_fk, taxon_usuel) values ("fr","Séneçon de Mazamet","senecon de mazamet",423,0);
insert into taxonomy (lang, taxon, searched_taxon, fleur_fk, taxon_usuel) values ("la","Senecio inaequidens","senecio inaequidens",423,1);
insert into taxonomy (lang, taxon, searched_taxon, fleur_fk, taxon_usuel) values ("en","South African ragwort","south african ragwort",423,1);
insert into fleur_inflorescence (fleur_fk, inflorescence_fk) values (423,0);
insert into fleur_couleur (fleur_fk, couleur_fk) values (423,3);
insert into fleur_aspect (fleur_fk, aspect_fk) values (423,1);
insert into fleur_nb_petale (fleur_fk, nb_petale_fk) values (423,1);
insert into fleur_type_feuille (fleur_fk, type_feuille_fk) values (423,2);
insert into fleur_disposition_feuille (fleur_fk, disposition_feuille_fk) values (423,0);
insert into fleur_pilosite_tige (fleur_fk, pilosite_tige_fk) values (423,0);
insert into fleur_pilosite_feuille (fleur_fk, pilosite_feuille_fk) values (423,1);
insert into fleur (id,directory_name,scientific_name,scientific_family_fk,doc_url) values (424,"","Senecio jacobaea",1,"");
insert into taxonomy (lang, taxon, searched_taxon, fleur_fk, taxon_usuel) values ("fr","Séneçon jacobée","senecon jacobee",424,1);
insert into taxonomy (lang, taxon, searched_taxon, fleur_fk, taxon_usuel) values ("fr","Séneçon de Jacob","senecon de jacob",424,0);
insert into taxonomy (lang, taxon, searched_taxon, fleur_fk, taxon_usuel) values ("la","Senecio jacobaea","senecio jacobaea",424,1);
insert into taxonomy (lang, taxon, searched_taxon, fleur_fk, taxon_usuel) values ("en","common ragwort","common ragwort",424,1);
insert into fleur_inflorescence (fleur_fk, inflorescence_fk) values (424,0);
insert into fleur_couleur (fleur_fk, couleur_fk) values (424,3);
insert into fleur_aspect (fleur_fk, aspect_fk) values (424,1);
insert into fleur_nb_petale (fleur_fk, nb_petale_fk) values (424,1);
insert into fleur_type_feuille (fleur_fk, type_feuille_fk) values (424,1);
insert into fleur_disposition_feuille (fleur_fk, disposition_feuille_fk) values (424,0);
insert into fleur_pilosite_tige (fleur_fk, pilosite_tige_fk) values (424,0);
insert into fleur_pilosite_tige (fleur_fk, pilosite_tige_fk) values (424,1);
insert into fleur_pilosite_feuille (fleur_fk, pilosite_feuille_fk) values (424,0);
insert into fleur_pilosite_feuille (fleur_fk, pilosite_feuille_fk) values (424,1);
insert into fleur (id,directory_name,scientific_name,scientific_family_fk,doc_url) values (425,"","Silene latifolia",21,"");
insert into taxonomy (lang, taxon, searched_taxon, fleur_fk, taxon_usuel) values ("fr","Silène blanc","silene blanc",425,1);
insert into taxonomy (lang, taxon, searched_taxon, fleur_fk, taxon_usuel) values ("fr","Lychnis dioïque","lychnis dioique",425,0);
insert into taxonomy (lang, taxon, searched_taxon, fleur_fk, taxon_usuel) values ("fr","Compagnon blanc","compagnon blanc",425,0);
insert into taxonomy (lang, taxon, searched_taxon, fleur_fk, taxon_usuel) values ("la","Silene latifolia","silene latifolia",425,1);
insert into taxonomy (lang, taxon, searched_taxon, fleur_fk, taxon_usuel) values ("en","white campion","white campion",425,1);
insert into fleur_inflorescence (fleur_fk, inflorescence_fk) values (425,0);
insert into fleur_couleur (fleur_fk, couleur_fk) values (425,0);
insert into fleur_particularite (fleur_fk, particularite_fk) values (425,1);
insert into fleur_aspect (fleur_fk, aspect_fk) values (425,0);
insert into fleur_nb_petale (fleur_fk, nb_petale_fk) values (425,0);
insert into fleur_type_feuille (fleur_fk, type_feuille_fk) values (425,3);
insert into fleur_disposition_feuille (fleur_fk, disposition_feuille_fk) values (425,1);
insert into fleur_pilosite_tige (fleur_fk, pilosite_tige_fk) values (425,1);
insert into fleur_pilosite_feuille (fleur_fk, pilosite_feuille_fk) values (425,1);
insert into fleur (id,directory_name,scientific_name,scientific_family_fk,doc_url) values (426,"","Silene conica",21,"");
insert into taxonomy (lang, taxon, searched_taxon, fleur_fk, taxon_usuel) values ("fr","Silène conique","silene conique",426,1);
insert into taxonomy (lang, taxon, searched_taxon, fleur_fk, taxon_usuel) values ("la","Silene conica","silene conica",426,1);
insert into taxonomy (lang, taxon, searched_taxon, fleur_fk, taxon_usuel) values ("en","sand catchfly","sand catchfly",426,1);
insert into fleur_inflorescence (fleur_fk, inflorescence_fk) values (426,0);
insert into fleur_couleur (fleur_fk, couleur_fk) values (426,1);
insert into fleur_particularite (fleur_fk, particularite_fk) values (426,1);
insert into fleur_aspect (fleur_fk, aspect_fk) values (426,0);
insert into fleur_nb_petale (fleur_fk, nb_petale_fk) values (426,0);
insert into fleur_type_feuille (fleur_fk, type_feuille_fk) values (426,3);
insert into fleur_disposition_feuille (fleur_fk, disposition_feuille_fk) values (426,1);
insert into fleur_pilosite_tige (fleur_fk, pilosite_tige_fk) values (426,1);
insert into fleur_pilosite_feuille (fleur_fk, pilosite_feuille_fk) values (426,1);
insert into fleur (id,directory_name,scientific_name,scientific_family_fk,doc_url) values (427,"","Silene dioica",21,"");
insert into taxonomy (lang, taxon, searched_taxon, fleur_fk, taxon_usuel) values ("fr","Silène dioïque","silene dioique",427,1);
insert into taxonomy (lang, taxon, searched_taxon, fleur_fk, taxon_usuel) values ("fr","Compagnon rouge","compagnon rouge",427,0);
insert into taxonomy (lang, taxon, searched_taxon, fleur_fk, taxon_usuel) values ("la","Silene dioica","silene dioica",427,1);
insert into taxonomy (lang, taxon, searched_taxon, fleur_fk, taxon_usuel) values ("en","red campion","red campion",427,1);
insert into fleur_inflorescence (fleur_fk, inflorescence_fk) values (427,0);
insert into fleur_couleur (fleur_fk, couleur_fk) values (427,1);
insert into fleur_particularite (fleur_fk, particularite_fk) values (427,1);
insert into fleur_aspect (fleur_fk, aspect_fk) values (427,0);
insert into fleur_nb_petale (fleur_fk, nb_petale_fk) values (427,0);
insert into fleur_type_feuille (fleur_fk, type_feuille_fk) values (427,3);
insert into fleur_disposition_feuille (fleur_fk, disposition_feuille_fk) values (427,1);
insert into fleur_pilosite_tige (fleur_fk, pilosite_tige_fk) values (427,1);
insert into fleur_pilosite_feuille (fleur_fk, pilosite_feuille_fk) values (427,1);
insert into fleur (id,directory_name,scientific_name,scientific_family_fk,doc_url) values (428,"","Silene vulgaris",21,"");
insert into taxonomy (lang, taxon, searched_taxon, fleur_fk, taxon_usuel) values ("fr","Silène enflé","silene enfle",428,1);
insert into taxonomy (lang, taxon, searched_taxon, fleur_fk, taxon_usuel) values ("fr","Silène commun","silene commun",428,0);
insert into taxonomy (lang, taxon, searched_taxon, fleur_fk, taxon_usuel) values ("la","Silene vulgaris","silene vulgaris",428,1);
insert into taxonomy (lang, taxon, searched_taxon, fleur_fk, taxon_usuel) values ("en","bladder campion","bladder campion",428,1);
insert into fleur_inflorescence (fleur_fk, inflorescence_fk) values (428,0);
insert into fleur_couleur (fleur_fk, couleur_fk) values (428,0);
insert into fleur_particularite (fleur_fk, particularite_fk) values (428,1);
insert into fleur_aspect (fleur_fk, aspect_fk) values (428,0);
insert into fleur_nb_petale (fleur_fk, nb_petale_fk) values (428,0);
insert into fleur_type_feuille (fleur_fk, type_feuille_fk) values (428,3);
insert into fleur_disposition_feuille (fleur_fk, disposition_feuille_fk) values (428,1);
insert into fleur_pilosite_tige (fleur_fk, pilosite_tige_fk) values (428,0);
insert into fleur_pilosite_feuille (fleur_fk, pilosite_feuille_fk) values (428,0);
insert into fleur (id,directory_name,scientific_name,scientific_family_fk,doc_url) values (429,"","Silene flos-cuculi",21,"");
insert into taxonomy (lang, taxon, searched_taxon, fleur_fk, taxon_usuel) values ("fr","Silène fleur de coucou","silene fleur de coucou",429,1);
insert into taxonomy (lang, taxon, searched_taxon, fleur_fk, taxon_usuel) values ("fr","Lychnis fleur de coucou","lychnis fleur de coucou",429,0);
insert into taxonomy (lang, taxon, searched_taxon, fleur_fk, taxon_usuel) values ("la","Silene flos-cuculi","silene flos-cuculi",429,1);
insert into taxonomy (lang, taxon, searched_taxon, fleur_fk, taxon_usuel) values ("la","Lychnis flos-cuculi","lychnis flos-cuculi",429,0);
insert into taxonomy (lang, taxon, searched_taxon, fleur_fk, taxon_usuel) values ("en","Ragged Robin","ragged robin",429,1);
insert into fleur_inflorescence (fleur_fk, inflorescence_fk) values (429,0);
insert into fleur_couleur (fleur_fk, couleur_fk) values (429,1);
insert into fleur_particularite (fleur_fk, particularite_fk) values (429,1);
insert into fleur_aspect (fleur_fk, aspect_fk) values (429,0);
insert into fleur_nb_petale (fleur_fk, nb_petale_fk) values (429,0);
insert into fleur_type_feuille (fleur_fk, type_feuille_fk) values (429,3);
insert into fleur_disposition_feuille (fleur_fk, disposition_feuille_fk) values (429,1);
insert into fleur_pilosite_tige (fleur_fk, pilosite_tige_fk) values (429,1);
insert into fleur_pilosite_feuille (fleur_fk, pilosite_feuille_fk) values (429,0);
insert into fleur (id,directory_name,scientific_name,scientific_family_fk,doc_url) values (430,"","Silene otites",21,"");
insert into taxonomy (lang, taxon, searched_taxon, fleur_fk, taxon_usuel) values ("fr","Silène oreille","silene oreille",430,1);
insert into taxonomy (lang, taxon, searched_taxon, fleur_fk, taxon_usuel) values ("la","Silene otites","silene otites",430,1);
insert into taxonomy (lang, taxon, searched_taxon, fleur_fk, taxon_usuel) values ("en","Spanish catchfly","spanish catchfly",430,1);
insert into fleur_inflorescence (fleur_fk, inflorescence_fk) values (430,0);
insert into fleur_couleur (fleur_fk, couleur_fk) values (430,3);
insert into fleur_couleur (fleur_fk, couleur_fk) values (430,0);
insert into fleur_aspect (fleur_fk, aspect_fk) values (430,0);
insert into fleur_nb_petale (fleur_fk, nb_petale_fk) values (430,0);
insert into fleur_type_feuille (fleur_fk, type_feuille_fk) values (430,3);
insert into fleur_disposition_feuille (fleur_fk, disposition_feuille_fk) values (430,1);
insert into fleur_disposition_feuille (fleur_fk, disposition_feuille_fk) values (430,3);
insert into fleur_pilosite_tige (fleur_fk, pilosite_tige_fk) values (430,1);
insert into fleur_pilosite_feuille (fleur_fk, pilosite_feuille_fk) values (430,1);
insert into fleur (id,directory_name,scientific_name,scientific_family_fk,doc_url) values (431,"","Silene nutans",21,"");
insert into taxonomy (lang, taxon, searched_taxon, fleur_fk, taxon_usuel) values ("fr","Silène penché","silene penche",431,1);
insert into taxonomy (lang, taxon, searched_taxon, fleur_fk, taxon_usuel) values ("la","Silene nutans","silene nutans",431,1);
insert into taxonomy (lang, taxon, searched_taxon, fleur_fk, taxon_usuel) values ("en","Nottingham catchfly","nottingham catchfly",431,1);
insert into fleur_inflorescence (fleur_fk, inflorescence_fk) values (431,0);
insert into fleur_couleur (fleur_fk, couleur_fk) values (431,0);
insert into fleur_particularite (fleur_fk, particularite_fk) values (431,1);
insert into fleur_aspect (fleur_fk, aspect_fk) values (431,0);
insert into fleur_nb_petale (fleur_fk, nb_petale_fk) values (431,0);
insert into fleur_type_feuille (fleur_fk, type_feuille_fk) values (431,3);
insert into fleur_disposition_feuille (fleur_fk, disposition_feuille_fk) values (431,1);
insert into fleur_pilosite_tige (fleur_fk, pilosite_tige_fk) values (431,1);
insert into fleur_pilosite_feuille (fleur_fk, pilosite_feuille_fk) values (431,1);
insert into fleur (id,directory_name,scientific_name,scientific_family_fk,doc_url) values (432,"","Viscaria vulgaris",21,"");
insert into taxonomy (lang, taxon, searched_taxon, fleur_fk, taxon_usuel) values ("fr","Silène visqueux","silene visqueux",432,1);
insert into taxonomy (lang, taxon, searched_taxon, fleur_fk, taxon_usuel) values ("la","Viscaria vulgaris","viscaria vulgaris",432,1);
insert into taxonomy (lang, taxon, searched_taxon, fleur_fk, taxon_usuel) values ("la","Lychnis viscaria","lychnis viscaria",432,0);
insert into taxonomy (lang, taxon, searched_taxon, fleur_fk, taxon_usuel) values ("en","Sticky Catchfly","sticky catchfly",432,1);
insert into fleur_inflorescence (fleur_fk, inflorescence_fk) values (432,0);
insert into fleur_couleur (fleur_fk, couleur_fk) values (432,1);
insert into fleur_particularite (fleur_fk, particularite_fk) values (432,1);
insert into fleur_aspect (fleur_fk, aspect_fk) values (432,0);
insert into fleur_nb_petale (fleur_fk, nb_petale_fk) values (432,0);
insert into fleur_type_feuille (fleur_fk, type_feuille_fk) values (432,3);
insert into fleur_disposition_feuille (fleur_fk, disposition_feuille_fk) values (432,1);
insert into fleur_pilosite_tige (fleur_fk, pilosite_tige_fk) values (432,0);
insert into fleur_pilosite_feuille (fleur_fk, pilosite_feuille_fk) values (432,0);
insert into fleur (id,directory_name,scientific_name,scientific_family_fk,doc_url) values (433,"","Sisymbrium officinale",7,"");
insert into taxonomy (lang, taxon, searched_taxon, fleur_fk, taxon_usuel) values ("fr","Sisymbre officinal","sisymbre officinal",433,1);
insert into taxonomy (lang, taxon, searched_taxon, fleur_fk, taxon_usuel) values ("fr","Herbe au chantre","herbe au chantre",433,0);
insert into taxonomy (lang, taxon, searched_taxon, fleur_fk, taxon_usuel) values ("fr","Vélar officinal","velar officinal",433,0);
insert into taxonomy (lang, taxon, searched_taxon, fleur_fk, taxon_usuel) values ("la","Sisymbrium officinale","sisymbrium officinale",433,1);
insert into taxonomy (lang, taxon, searched_taxon, fleur_fk, taxon_usuel) values ("en","hedge mustard","hedge mustard",433,1);
insert into fleur_inflorescence (fleur_fk, inflorescence_fk) values (433,0);
insert into fleur_couleur (fleur_fk, couleur_fk) values (433,3);
insert into fleur_aspect (fleur_fk, aspect_fk) values (433,0);
insert into fleur_nb_petale (fleur_fk, nb_petale_fk) values (433,2);
insert into fleur_type_feuille (fleur_fk, type_feuille_fk) values (433,1);
insert into fleur_disposition_feuille (fleur_fk, disposition_feuille_fk) values (433,0);
insert into fleur_pilosite_tige (fleur_fk, pilosite_tige_fk) values (433,1);
insert into fleur_pilosite_feuille (fleur_fk, pilosite_feuille_fk) values (433,1);
insert into fleur (id,directory_name,scientific_name,scientific_family_fk,doc_url) values (434,"","Solidago canadensis",1,"");
insert into taxonomy (lang, taxon, searched_taxon, fleur_fk, taxon_usuel) values ("fr","Solidage du Canada","solidage du canada",434,1);
insert into taxonomy (lang, taxon, searched_taxon, fleur_fk, taxon_usuel) values ("fr","Gerbe d'or","gerbe d'or",434,0);
insert into taxonomy (lang, taxon, searched_taxon, fleur_fk, taxon_usuel) values ("la","Solidago canadensis","solidago canadensis",434,1);
insert into taxonomy (lang, taxon, searched_taxon, fleur_fk, taxon_usuel) values ("en","Canada golden-rod","canada golden-rod",434,1);
insert into fleur_inflorescence (fleur_fk, inflorescence_fk) values (434,0);
insert into fleur_couleur (fleur_fk, couleur_fk) values (434,3);
insert into fleur_aspect (fleur_fk, aspect_fk) values (434,1);
insert into fleur_nb_petale (fleur_fk, nb_petale_fk) values (434,1);
insert into fleur_type_feuille (fleur_fk, type_feuille_fk) values (434,2);
insert into fleur_disposition_feuille (fleur_fk, disposition_feuille_fk) values (434,0);
insert into fleur_pilosite_tige (fleur_fk, pilosite_tige_fk) values (434,0);
insert into fleur_pilosite_feuille (fleur_fk, pilosite_feuille_fk) values (434,0);
insert into fleur_pilosite_feuille (fleur_fk, pilosite_feuille_fk) values (434,1);
insert into fleur (id,directory_name,scientific_name,scientific_family_fk,doc_url) values (435,"","Solidago virgaurea",1,"");
insert into taxonomy (lang, taxon, searched_taxon, fleur_fk, taxon_usuel) values ("fr","Solidage verge-d'or","solidage verge-d'or",435,1);
insert into taxonomy (lang, taxon, searched_taxon, fleur_fk, taxon_usuel) values ("fr","Verge d'or","verge d'or",435,0);
insert into taxonomy (lang, taxon, searched_taxon, fleur_fk, taxon_usuel) values ("la","Solidago virgaurea","solidago virgaurea",435,1);
insert into taxonomy (lang, taxon, searched_taxon, fleur_fk, taxon_usuel) values ("en","European goldenrod","european goldenrod",435,1);
insert into fleur_inflorescence (fleur_fk, inflorescence_fk) values (435,0);
insert into fleur_couleur (fleur_fk, couleur_fk) values (435,3);
insert into fleur_aspect (fleur_fk, aspect_fk) values (435,1);
insert into fleur_nb_petale (fleur_fk, nb_petale_fk) values (435,1);
insert into fleur_type_feuille (fleur_fk, type_feuille_fk) values (435,2);
insert into fleur_disposition_feuille (fleur_fk, disposition_feuille_fk) values (435,0);
insert into fleur_pilosite_tige (fleur_fk, pilosite_tige_fk) values (435,1);
insert into fleur_pilosite_feuille (fleur_fk, pilosite_feuille_fk) values (435,1);
insert into fleur_pilosite_feuille (fleur_fk, pilosite_feuille_fk) values (435,2);
insert into fleur (id,directory_name,scientific_name,scientific_family_fk,doc_url) values (436,"","Spergularia rubra",21,"");
insert into taxonomy (lang, taxon, searched_taxon, fleur_fk, taxon_usuel) values ("fr","Spéculaire miroir-de-Vénus","speculaire miroir-de-venus",436,1);
insert into taxonomy (lang, taxon, searched_taxon, fleur_fk, taxon_usuel) values ("la","Spergularia rubra","spergularia rubra",436,1);
insert into taxonomy (lang, taxon, searched_taxon, fleur_fk, taxon_usuel) values ("en","red sand spurrey","red sand spurrey",436,1);
insert into fleur_inflorescence (fleur_fk, inflorescence_fk) values (436,0);
insert into fleur_couleur (fleur_fk, couleur_fk) values (436,1);
insert into fleur_aspect (fleur_fk, aspect_fk) values (436,0);
insert into fleur_nb_petale (fleur_fk, nb_petale_fk) values (436,0);
insert into fleur_type_feuille (fleur_fk, type_feuille_fk) values (436,3);
insert into fleur_type_feuille (fleur_fk, type_feuille_fk) values (436,4);
insert into fleur_disposition_feuille (fleur_fk, disposition_feuille_fk) values (436,2);
insert into fleur_pilosite_tige (fleur_fk, pilosite_tige_fk) values (436,1);
insert into fleur_pilosite_feuille (fleur_fk, pilosite_feuille_fk) values (436,0);
insert into fleur (id,directory_name,scientific_name,scientific_family_fk,doc_url) values (437,"","Legousia speculum-veneris",18,"");
insert into taxonomy (lang, taxon, searched_taxon, fleur_fk, taxon_usuel) values ("fr","Spergulaire rouge","spergulaire rouge",437,1);
insert into taxonomy (lang, taxon, searched_taxon, fleur_fk, taxon_usuel) values ("fr","Miroir-de-Vénus","miroir-de-venus",437,0);
insert into taxonomy (lang, taxon, searched_taxon, fleur_fk, taxon_usuel) values ("la","Legousia speculum-veneris","legousia speculum-veneris",437,1);
insert into taxonomy (lang, taxon, searched_taxon, fleur_fk, taxon_usuel) values ("en","European Venus' looking glass","european venus' looking glass",437,1);
insert into fleur_inflorescence (fleur_fk, inflorescence_fk) values (437,0);
insert into fleur_couleur (fleur_fk, couleur_fk) values (437,2);
insert into fleur_aspect (fleur_fk, aspect_fk) values (437,6);
insert into fleur_nb_petale (fleur_fk, nb_petale_fk) values (437,0);
insert into fleur_type_feuille (fleur_fk, type_feuille_fk) values (437,3);
insert into fleur_disposition_feuille (fleur_fk, disposition_feuille_fk) values (437,0);
insert into fleur_pilosite_tige (fleur_fk, pilosite_tige_fk) values (437,0);
insert into fleur_pilosite_tige (fleur_fk, pilosite_tige_fk) values (437,1);
insert into fleur_pilosite_feuille (fleur_fk, pilosite_feuille_fk) values (437,1);
insert into fleur (id,directory_name,scientific_name,scientific_family_fk,doc_url) values (438,"","Stellaria holostea",21,"");
insert into taxonomy (lang, taxon, searched_taxon, fleur_fk, taxon_usuel) values ("fr","Stellaire holostée","stellaire holostee",438,1);
insert into taxonomy (lang, taxon, searched_taxon, fleur_fk, taxon_usuel) values ("la","Stellaria holostea","stellaria holostea",438,1);
insert into taxonomy (lang, taxon, searched_taxon, fleur_fk, taxon_usuel) values ("en","greater stitchwort","greater stitchwort",438,1);
insert into fleur_inflorescence (fleur_fk, inflorescence_fk) values (438,0);
insert into fleur_couleur (fleur_fk, couleur_fk) values (438,0);
insert into fleur_particularite (fleur_fk, particularite_fk) values (438,1);
insert into fleur_aspect (fleur_fk, aspect_fk) values (438,0);
insert into fleur_nb_petale (fleur_fk, nb_petale_fk) values (438,0);
insert into fleur_type_feuille (fleur_fk, type_feuille_fk) values (438,3);
insert into fleur_disposition_feuille (fleur_fk, disposition_feuille_fk) values (438,1);
insert into fleur_pilosite_tige (fleur_fk, pilosite_tige_fk) values (438,1);
insert into fleur_pilosite_feuille (fleur_fk, pilosite_feuille_fk) values (438,2);
insert into fleur (id,directory_name,scientific_name,scientific_family_fk,doc_url) values (439,"","Stellaria media",21,"");
insert into taxonomy (lang, taxon, searched_taxon, fleur_fk, taxon_usuel) values ("fr","Stellaire intermédiaire","stellaire intermediaire",439,1);
insert into taxonomy (lang, taxon, searched_taxon, fleur_fk, taxon_usuel) values ("la","Stellaria media","stellaria media",439,1);
insert into taxonomy (lang, taxon, searched_taxon, fleur_fk, taxon_usuel) values ("en","chickweed","chickweed",439,1);
insert into fleur_inflorescence (fleur_fk, inflorescence_fk) values (439,0);
insert into fleur_couleur (fleur_fk, couleur_fk) values (439,0);
insert into fleur_particularite (fleur_fk, particularite_fk) values (439,1);
insert into fleur_aspect (fleur_fk, aspect_fk) values (439,0);
insert into fleur_nb_petale (fleur_fk, nb_petale_fk) values (439,0);
insert into fleur_type_feuille (fleur_fk, type_feuille_fk) values (439,3);
insert into fleur_disposition_feuille (fleur_fk, disposition_feuille_fk) values (439,1);
insert into fleur_pilosite_tige (fleur_fk, pilosite_tige_fk) values (439,1);
insert into fleur_pilosite_feuille (fleur_fk, pilosite_feuille_fk) values (439,0);
insert into fleur (id,directory_name,scientific_name,scientific_family_fk,doc_url) values (440,"","Succisa pratensis",19,"http://abiris.snv.jussieu.fr/flore/descriptions/Succise_des_pres.html");
insert into taxonomy (lang, taxon, searched_taxon, fleur_fk, taxon_usuel) values ("fr","Succise des prés","succise des pres",440,1);
insert into taxonomy (lang, taxon, searched_taxon, fleur_fk, taxon_usuel) values ("fr","Mors du diable","mors du diable",440,0);
insert into taxonomy (lang, taxon, searched_taxon, fleur_fk, taxon_usuel) values ("la","Succisa pratensis","succisa pratensis",440,1);
insert into taxonomy (lang, taxon, searched_taxon, fleur_fk, taxon_usuel) values ("en","Devil's-bit","devil's-bit",440,1);
insert into fleur_inflorescence (fleur_fk, inflorescence_fk) values (440,0);
insert into fleur_inflorescence (fleur_fk, inflorescence_fk) values (440,1);
insert into fleur_couleur (fleur_fk, couleur_fk) values (440,2);
insert into fleur_couleur (fleur_fk, couleur_fk) values (440,1);
insert into fleur_aspect (fleur_fk, aspect_fk) values (440,4);
insert into fleur_nb_petale (fleur_fk, nb_petale_fk) values (440,1);
insert into fleur_type_feuille (fleur_fk, type_feuille_fk) values (440,2);
insert into fleur_disposition_feuille (fleur_fk, disposition_feuille_fk) values (440,1);
insert into fleur_pilosite_tige (fleur_fk, pilosite_tige_fk) values (440,1);
insert into fleur_pilosite_feuille (fleur_fk, pilosite_feuille_fk) values (440,1);
insert into fleur (id,directory_name,scientific_name,scientific_family_fk,doc_url) values (441,"","Monotropa hypopitys",15,"");
insert into taxonomy (lang, taxon, searched_taxon, fleur_fk, taxon_usuel) values ("fr","Sucepin","sucepin",441,1);
insert into taxonomy (lang, taxon, searched_taxon, fleur_fk, taxon_usuel) values ("fr","Monotrope sucepin","monotrope sucepin",441,0);
insert into taxonomy (lang, taxon, searched_taxon, fleur_fk, taxon_usuel) values ("la","Monotropa hypopitys","monotropa hypopitys",441,1);
insert into taxonomy (lang, taxon, searched_taxon, fleur_fk, taxon_usuel) values ("en","Dutchman's pipe","dutchman's pipe",441,1);
insert into fleur_inflorescence (fleur_fk, inflorescence_fk) values (441,0);
insert into fleur_couleur (fleur_fk, couleur_fk) values (441,4);
insert into fleur_aspect (fleur_fk, aspect_fk) values (441,0);
insert into fleur_nb_petale (fleur_fk, nb_petale_fk) values (441,2);
insert into fleur_nb_petale (fleur_fk, nb_petale_fk) values (441,0);
insert into fleur_type_feuille (fleur_fk, type_feuille_fk) values (441,4);
insert into fleur_disposition_feuille (fleur_fk, disposition_feuille_fk) values (441,4);
insert into fleur_pilosite_tige (fleur_fk, pilosite_tige_fk) values (441,0);
insert into fleur_pilosite_feuille (fleur_fk, pilosite_feuille_fk) values (441,0);
insert into fleur (id,directory_name,scientific_name,scientific_family_fk,doc_url) values (442,"","Kandis perfoliata",7,"");
insert into taxonomy (lang, taxon, searched_taxon, fleur_fk, taxon_usuel) values ("fr","Tabouret perfolié","tabouret perfolie",442,1);
insert into taxonomy (lang, taxon, searched_taxon, fleur_fk, taxon_usuel) values ("fr","Monnoyère à feuilles embrassantes","monnoyere a feuilles embrassantes",442,0);
insert into taxonomy (lang, taxon, searched_taxon, fleur_fk, taxon_usuel) values ("la","Kandis perfoliata","kandis perfoliata",442,1);
insert into taxonomy (lang, taxon, searched_taxon, fleur_fk, taxon_usuel) values ("la","Microthlaspi perfoliatum","microthlaspi perfoliatum",442,0);
insert into taxonomy (lang, taxon, searched_taxon, fleur_fk, taxon_usuel) values ("en","claspleaf pennycress","claspleaf pennycress",442,1);
insert into fleur_inflorescence (fleur_fk, inflorescence_fk) values (442,0);
insert into fleur_couleur (fleur_fk, couleur_fk) values (442,0);
insert into fleur_aspect (fleur_fk, aspect_fk) values (442,0);
insert into fleur_nb_petale (fleur_fk, nb_petale_fk) values (442,2);
insert into fleur_type_feuille (fleur_fk, type_feuille_fk) values (442,2);
insert into fleur_disposition_feuille (fleur_fk, disposition_feuille_fk) values (442,0);
insert into fleur_pilosite_tige (fleur_fk, pilosite_tige_fk) values (442,0);
insert into fleur_pilosite_feuille (fleur_fk, pilosite_feuille_fk) values (442,0);
insert into fleur (id,directory_name,scientific_name,scientific_family_fk,doc_url) values (443,"","Tanacetum vulgare",1,"");
insert into taxonomy (lang, taxon, searched_taxon, fleur_fk, taxon_usuel) values ("fr","Tanaisie commune","tanaisie commune",443,1);
insert into taxonomy (lang, taxon, searched_taxon, fleur_fk, taxon_usuel) values ("fr","Barbotine","barbotine",443,0);
insert into taxonomy (lang, taxon, searched_taxon, fleur_fk, taxon_usuel) values ("la","Tanacetum vulgare","tanacetum vulgare",443,1);
insert into taxonomy (lang, taxon, searched_taxon, fleur_fk, taxon_usuel) values ("en","common tansy","common tansy",443,1);
insert into fleur_inflorescence (fleur_fk, inflorescence_fk) values (443,0);
insert into fleur_couleur (fleur_fk, couleur_fk) values (443,3);
insert into fleur_aspect (fleur_fk, aspect_fk) values (443,4);
insert into fleur_nb_petale (fleur_fk, nb_petale_fk) values (443,1);
insert into fleur_type_feuille (fleur_fk, type_feuille_fk) values (443,0);
insert into fleur_disposition_feuille (fleur_fk, disposition_feuille_fk) values (443,0);
insert into fleur_pilosite_tige (fleur_fk, pilosite_tige_fk) values (443,0);
insert into fleur_pilosite_feuille (fleur_fk, pilosite_feuille_fk) values (443,0);
insert into fleur (id,directory_name,scientific_name,scientific_family_fk,doc_url) values (444,"","Thymus serpyllum",3,"");
insert into taxonomy (lang, taxon, searched_taxon, fleur_fk, taxon_usuel) values ("fr","Thym serpolet","thym serpolet",444,1);
insert into taxonomy (lang, taxon, searched_taxon, fleur_fk, taxon_usuel) values ("fr","Serpolet","serpolet",444,0);
insert into taxonomy (lang, taxon, searched_taxon, fleur_fk, taxon_usuel) values ("la","Thymus serpyllum","thymus serpyllum",444,1);
insert into taxonomy (lang, taxon, searched_taxon, fleur_fk, taxon_usuel) values ("en","Wild thyme","wild thyme",444,1);
insert into fleur_inflorescence (fleur_fk, inflorescence_fk) values (444,0);
insert into fleur_couleur (fleur_fk, couleur_fk) values (444,1);
insert into fleur_particularite (fleur_fk, particularite_fk) values (444,4);
insert into fleur_aspect (fleur_fk, aspect_fk) values (444,3);
insert into fleur_nb_petale (fleur_fk, nb_petale_fk) values (444,2);
insert into fleur_nb_petale (fleur_fk, nb_petale_fk) values (444,0);
insert into fleur_type_feuille (fleur_fk, type_feuille_fk) values (444,3);
insert into fleur_disposition_feuille (fleur_fk, disposition_feuille_fk) values (444,1);
insert into fleur_pilosite_tige (fleur_fk, pilosite_tige_fk) values (444,0);
insert into fleur_pilosite_tige (fleur_fk, pilosite_tige_fk) values (444,1);
insert into fleur_pilosite_feuille (fleur_fk, pilosite_feuille_fk) values (444,0);
insert into fleur (id,directory_name,scientific_name,scientific_family_fk,doc_url) values (445,"","Trifolium repens",12,"");
insert into taxonomy (lang, taxon, searched_taxon, fleur_fk, taxon_usuel) values ("fr","Trèfle blanc","trefle blanc",445,1);
insert into taxonomy (lang, taxon, searched_taxon, fleur_fk, taxon_usuel) values ("fr","Trèfle de Hollande","trefle de hollande",445,0);
insert into taxonomy (lang, taxon, searched_taxon, fleur_fk, taxon_usuel) values ("fr","Trèfle rampant","trefle rampant",445,0);
insert into taxonomy (lang, taxon, searched_taxon, fleur_fk, taxon_usuel) values ("la","Trifolium repens","trifolium repens",445,1);
insert into taxonomy (lang, taxon, searched_taxon, fleur_fk, taxon_usuel) values ("en","white clover","white clover",445,1);
insert into fleur_inflorescence (fleur_fk, inflorescence_fk) values (445,0);
insert into fleur_couleur (fleur_fk, couleur_fk) values (445,0);
insert into fleur_particularite (fleur_fk, particularite_fk) values (445,3);
insert into fleur_aspect (fleur_fk, aspect_fk) values (445,2);
insert into fleur_nb_petale (fleur_fk, nb_petale_fk) values (445,0);
insert into fleur_type_feuille (fleur_fk, type_feuille_fk) values (445,0);
insert into fleur_disposition_feuille (fleur_fk, disposition_feuille_fk) values (445,0);
insert into fleur_pilosite_tige (fleur_fk, pilosite_tige_fk) values (445,0);
insert into fleur_pilosite_feuille (fleur_fk, pilosite_feuille_fk) values (445,0);
insert into fleur (id,directory_name,scientific_name,scientific_family_fk,doc_url) values (446,"","Trifolium arvense",12,"");
insert into taxonomy (lang, taxon, searched_taxon, fleur_fk, taxon_usuel) values ("fr","Trèfle des champs","trefle des champs",446,1);
insert into taxonomy (lang, taxon, searched_taxon, fleur_fk, taxon_usuel) values ("fr","Trèfle pied-de-lièvre","trefle pied-de-lievre",446,0);
insert into taxonomy (lang, taxon, searched_taxon, fleur_fk, taxon_usuel) values ("la","Trifolium arvense","trifolium arvense",446,1);
insert into taxonomy (lang, taxon, searched_taxon, fleur_fk, taxon_usuel) values ("en","haresfoot clover","haresfoot clover",446,1);
insert into fleur_inflorescence (fleur_fk, inflorescence_fk) values (446,0);
insert into fleur_couleur (fleur_fk, couleur_fk) values (446,0);
insert into fleur_couleur (fleur_fk, couleur_fk) values (446,1);
insert into fleur_particularite (fleur_fk, particularite_fk) values (446,3);
insert into fleur_aspect (fleur_fk, aspect_fk) values (446,2);
insert into fleur_nb_petale (fleur_fk, nb_petale_fk) values (446,0);
insert into fleur_type_feuille (fleur_fk, type_feuille_fk) values (446,0);
insert into fleur_disposition_feuille (fleur_fk, disposition_feuille_fk) values (446,0);
insert into fleur_pilosite_tige (fleur_fk, pilosite_tige_fk) values (446,1);
insert into fleur_pilosite_feuille (fleur_fk, pilosite_feuille_fk) values (446,1);
insert into fleur (id,directory_name,scientific_name,scientific_family_fk,doc_url) values (447,"","Trifolium pratense",12,"");
insert into taxonomy (lang, taxon, searched_taxon, fleur_fk, taxon_usuel) values ("fr","Trèfle des prés","trefle des pres",447,1);
insert into taxonomy (lang, taxon, searched_taxon, fleur_fk, taxon_usuel) values ("fr","Trèfle rouge","trefle rouge",447,0);
insert into taxonomy (lang, taxon, searched_taxon, fleur_fk, taxon_usuel) values ("fr","Trèfle commun","trefle commun",447,0);
insert into taxonomy (lang, taxon, searched_taxon, fleur_fk, taxon_usuel) values ("la","Trifolium pratense","trifolium pratense",447,1);
insert into taxonomy (lang, taxon, searched_taxon, fleur_fk, taxon_usuel) values ("en","red clover","red clover",447,1);
insert into fleur_inflorescence (fleur_fk, inflorescence_fk) values (447,0);
insert into fleur_couleur (fleur_fk, couleur_fk) values (447,1);
insert into fleur_particularite (fleur_fk, particularite_fk) values (447,3);
insert into fleur_aspect (fleur_fk, aspect_fk) values (447,2);
insert into fleur_nb_petale (fleur_fk, nb_petale_fk) values (447,0);
insert into fleur_type_feuille (fleur_fk, type_feuille_fk) values (447,0);
insert into fleur_disposition_feuille (fleur_fk, disposition_feuille_fk) values (447,0);
insert into fleur_pilosite_tige (fleur_fk, pilosite_tige_fk) values (447,0);
insert into fleur_pilosite_feuille (fleur_fk, pilosite_feuille_fk) values (447,2);
insert into fleur (id,directory_name,scientific_name,scientific_family_fk,doc_url) values (448,"","Trifolium subterraneum",12,"");
insert into taxonomy (lang, taxon, searched_taxon, fleur_fk, taxon_usuel) values ("fr","Trèfle enterreur","trefle enterreur",448,1);
insert into taxonomy (lang, taxon, searched_taxon, fleur_fk, taxon_usuel) values ("fr","Trèfle souterrain","trefle souterrain",448,0);
insert into taxonomy (lang, taxon, searched_taxon, fleur_fk, taxon_usuel) values ("la","Trifolium subterraneum","trifolium subterraneum",448,1);
insert into taxonomy (lang, taxon, searched_taxon, fleur_fk, taxon_usuel) values ("en","subterranean clover","subterranean clover",448,1);
insert into fleur_inflorescence (fleur_fk, inflorescence_fk) values (448,0);
insert into fleur_couleur (fleur_fk, couleur_fk) values (448,0);
insert into fleur_particularite (fleur_fk, particularite_fk) values (448,3);
insert into fleur_aspect (fleur_fk, aspect_fk) values (448,2);
insert into fleur_nb_petale (fleur_fk, nb_petale_fk) values (448,0);
insert into fleur_type_feuille (fleur_fk, type_feuille_fk) values (448,0);
insert into fleur_disposition_feuille (fleur_fk, disposition_feuille_fk) values (448,0);
insert into fleur_pilosite_tige (fleur_fk, pilosite_tige_fk) values (448,1);
insert into fleur_pilosite_feuille (fleur_fk, pilosite_feuille_fk) values (448,1);
insert into fleur (id,directory_name,scientific_name,scientific_family_fk,doc_url) values (449,"","Trifolium fragiferum",12,"");
insert into taxonomy (lang, taxon, searched_taxon, fleur_fk, taxon_usuel) values ("fr","Trèfle fraise","trefle fraise",449,1);
insert into taxonomy (lang, taxon, searched_taxon, fleur_fk, taxon_usuel) values ("fr","Trèfle porte-fraise","trefle porte-fraise",449,0);
insert into taxonomy (lang, taxon, searched_taxon, fleur_fk, taxon_usuel) values ("la","Trifolium fragiferum","trifolium fragiferum",449,1);
insert into taxonomy (lang, taxon, searched_taxon, fleur_fk, taxon_usuel) values ("en","strawberry clover","strawberry clover",449,1);
insert into fleur_inflorescence (fleur_fk, inflorescence_fk) values (449,0);
insert into fleur_couleur (fleur_fk, couleur_fk) values (449,1);
insert into fleur_particularite (fleur_fk, particularite_fk) values (449,3);
insert into fleur_aspect (fleur_fk, aspect_fk) values (449,2);
insert into fleur_nb_petale (fleur_fk, nb_petale_fk) values (449,0);
insert into fleur_type_feuille (fleur_fk, type_feuille_fk) values (449,0);
insert into fleur_disposition_feuille (fleur_fk, disposition_feuille_fk) values (449,0);
insert into fleur_pilosite_tige (fleur_fk, pilosite_tige_fk) values (449,1);
insert into fleur_pilosite_feuille (fleur_fk, pilosite_feuille_fk) values (449,1);
insert into fleur (id,directory_name,scientific_name,scientific_family_fk,doc_url) values (450,"","Trifolium incarnatum",12,"");
insert into taxonomy (lang, taxon, searched_taxon, fleur_fk, taxon_usuel) values ("fr","Trèfle incarnat","trefle incarnat",450,1);
insert into taxonomy (lang, taxon, searched_taxon, fleur_fk, taxon_usuel) values ("fr","Trèfle de Molineri","trefle de molineri",450,0);
insert into taxonomy (lang, taxon, searched_taxon, fleur_fk, taxon_usuel) values ("fr","Trèfle du Roussillon","trefle du roussillon",450,0);
insert into taxonomy (lang, taxon, searched_taxon, fleur_fk, taxon_usuel) values ("la","Trifolium incarnatum","trifolium incarnatum",450,1);
insert into taxonomy (lang, taxon, searched_taxon, fleur_fk, taxon_usuel) values ("en","crimson clover","crimson clover",450,1);
insert into fleur_inflorescence (fleur_fk, inflorescence_fk) values (450,0);
insert into fleur_couleur (fleur_fk, couleur_fk) values (450,1);
insert into fleur_particularite (fleur_fk, particularite_fk) values (450,3);
insert into fleur_aspect (fleur_fk, aspect_fk) values (450,2);
insert into fleur_nb_petale (fleur_fk, nb_petale_fk) values (450,0);
insert into fleur_type_feuille (fleur_fk, type_feuille_fk) values (450,0);
insert into fleur_disposition_feuille (fleur_fk, disposition_feuille_fk) values (450,0);
insert into fleur_pilosite_tige (fleur_fk, pilosite_tige_fk) values (450,1);
insert into fleur_pilosite_feuille (fleur_fk, pilosite_feuille_fk) values (450,1);
insert into fleur (id,directory_name,scientific_name,scientific_family_fk,doc_url) values (451,"","Trifolium striatum",12,"");
insert into taxonomy (lang, taxon, searched_taxon, fleur_fk, taxon_usuel) values ("fr","Trèfle strié","trefle strie",451,1);
insert into taxonomy (lang, taxon, searched_taxon, fleur_fk, taxon_usuel) values ("la","Trifolium striatum","trifolium striatum",451,1);
insert into taxonomy (lang, taxon, searched_taxon, fleur_fk, taxon_usuel) values ("en","knotted clover","knotted clover",451,1);
insert into fleur_inflorescence (fleur_fk, inflorescence_fk) values (451,0);
insert into fleur_couleur (fleur_fk, couleur_fk) values (451,1);
insert into fleur_particularite (fleur_fk, particularite_fk) values (451,3);
insert into fleur_aspect (fleur_fk, aspect_fk) values (451,2);
insert into fleur_nb_petale (fleur_fk, nb_petale_fk) values (451,0);
insert into fleur_type_feuille (fleur_fk, type_feuille_fk) values (451,0);
insert into fleur_disposition_feuille (fleur_fk, disposition_feuille_fk) values (451,0);
insert into fleur_pilosite_tige (fleur_fk, pilosite_tige_fk) values (451,1);
insert into fleur_pilosite_feuille (fleur_fk, pilosite_feuille_fk) values (451,1);
insert into fleur (id,directory_name,scientific_name,scientific_family_fk,doc_url) values (452,"","Tussilago farfara",1,"http://abiris.snv.jussieu.fr/flore/descriptions/Tussilage.html");
insert into taxonomy (lang, taxon, searched_taxon, fleur_fk, taxon_usuel) values ("fr","Tussilage","tussilage",452,1);
insert into taxonomy (lang, taxon, searched_taxon, fleur_fk, taxon_usuel) values ("fr","Pas d'âne","pas d'ane",452,0);
insert into taxonomy (lang, taxon, searched_taxon, fleur_fk, taxon_usuel) values ("la","Tussilago farfara","tussilago farfara",452,1);
insert into taxonomy (lang, taxon, searched_taxon, fleur_fk, taxon_usuel) values ("en","coltsfoot","coltsfoot",452,1);
insert into fleur_inflorescence (fleur_fk, inflorescence_fk) values (452,0);
insert into fleur_inflorescence (fleur_fk, inflorescence_fk) values (452,1);
insert into fleur_couleur (fleur_fk, couleur_fk) values (452,3);
insert into fleur_aspect (fleur_fk, aspect_fk) values (452,1);
insert into fleur_nb_petale (fleur_fk, nb_petale_fk) values (452,1);
insert into fleur_type_feuille (fleur_fk, type_feuille_fk) values (452,2);
insert into fleur_disposition_feuille (fleur_fk, disposition_feuille_fk) values (452,0);
insert into fleur_pilosite_tige (fleur_fk, pilosite_tige_fk) values (452,1);
insert into fleur_pilosite_feuille (fleur_fk, pilosite_feuille_fk) values (452,1);
insert into fleur (id,directory_name,scientific_name,scientific_family_fk,doc_url) values (453,"","Valeriana officinalis",43,"");
insert into taxonomy (lang, taxon, searched_taxon, fleur_fk, taxon_usuel) values ("fr","Valériane officinale","valeriane officinale",453,1);
insert into taxonomy (lang, taxon, searched_taxon, fleur_fk, taxon_usuel) values ("fr","Valériane des collines","valeriane des collines",453,0);
insert into taxonomy (lang, taxon, searched_taxon, fleur_fk, taxon_usuel) values ("fr","Valériane à petites feuilles","valeriane a petites feuilles",453,0);
insert into taxonomy (lang, taxon, searched_taxon, fleur_fk, taxon_usuel) values ("la","Valeriana officinalis","valeriana officinalis",453,1);
insert into taxonomy (lang, taxon, searched_taxon, fleur_fk, taxon_usuel) values ("en","Valerian","valerian",453,1);
insert into fleur_inflorescence (fleur_fk, inflorescence_fk) values (453,0);
insert into fleur_couleur (fleur_fk, couleur_fk) values (453,0);
insert into fleur_couleur (fleur_fk, couleur_fk) values (453,1);
insert into fleur_aspect (fleur_fk, aspect_fk) values (453,6);
insert into fleur_nb_petale (fleur_fk, nb_petale_fk) values (453,0);
insert into fleur_type_feuille (fleur_fk, type_feuille_fk) values (453,0);
insert into fleur_disposition_feuille (fleur_fk, disposition_feuille_fk) values (453,1);
insert into fleur_pilosite_tige (fleur_fk, pilosite_tige_fk) values (453,1);
insert into fleur_pilosite_feuille (fleur_fk, pilosite_feuille_fk) values (453,2);
insert into fleur (id,directory_name,scientific_name,scientific_family_fk,doc_url) values (454,"","Veronica scutellata",27,"");
insert into taxonomy (lang, taxon, searched_taxon, fleur_fk, taxon_usuel) values ("fr","Véronique à écusson","veronique a ecusson",454,1);
insert into taxonomy (lang, taxon, searched_taxon, fleur_fk, taxon_usuel) values ("la","Veronica scutellata","veronica scutellata",454,1);
insert into taxonomy (lang, taxon, searched_taxon, fleur_fk, taxon_usuel) values ("en","marsh speedwell","marsh speedwell",454,1);
insert into fleur_inflorescence (fleur_fk, inflorescence_fk) values (454,0);
insert into fleur_couleur (fleur_fk, couleur_fk) values (454,2);
insert into fleur_aspect (fleur_fk, aspect_fk) values (454,3);
insert into fleur_nb_petale (fleur_fk, nb_petale_fk) values (454,2);
insert into fleur_type_feuille (fleur_fk, type_feuille_fk) values (454,3);
insert into fleur_disposition_feuille (fleur_fk, disposition_feuille_fk) values (454,1);
insert into fleur_pilosite_tige (fleur_fk, pilosite_tige_fk) values (454,0);
insert into fleur_pilosite_feuille (fleur_fk, pilosite_feuille_fk) values (454,0);
insert into fleur (id,directory_name,scientific_name,scientific_family_fk,doc_url) values (455,"","Veronica hederifolia",27,"");
insert into taxonomy (lang, taxon, searched_taxon, fleur_fk, taxon_usuel) values ("fr","Véronique à feuille de lierre","veronique a feuille de lierre",455,1);
insert into taxonomy (lang, taxon, searched_taxon, fleur_fk, taxon_usuel) values ("la","Veronica hederifolia","veronica hederifolia",455,1);
insert into taxonomy (lang, taxon, searched_taxon, fleur_fk, taxon_usuel) values ("en","Ivy-leaved Speedwell","ivy-leaved speedwell",455,1);
insert into fleur_inflorescence (fleur_fk, inflorescence_fk) values (455,0);
insert into fleur_couleur (fleur_fk, couleur_fk) values (455,2);
insert into fleur_aspect (fleur_fk, aspect_fk) values (455,3);
insert into fleur_nb_petale (fleur_fk, nb_petale_fk) values (455,2);
insert into fleur_type_feuille (fleur_fk, type_feuille_fk) values (455,2);
insert into fleur_disposition_feuille (fleur_fk, disposition_feuille_fk) values (455,0);
insert into fleur_disposition_feuille (fleur_fk, disposition_feuille_fk) values (455,1);
insert into fleur_pilosite_tige (fleur_fk, pilosite_tige_fk) values (455,1);
insert into fleur_pilosite_feuille (fleur_fk, pilosite_feuille_fk) values (455,1);
insert into fleur (id,directory_name,scientific_name,scientific_family_fk,doc_url) values (456,"","Veronica serpyllifolia",27,"");
insert into taxonomy (lang, taxon, searched_taxon, fleur_fk, taxon_usuel) values ("fr","Véronique à feuilles de serpolet","veronique a feuilles de serpolet",456,1);
insert into taxonomy (lang, taxon, searched_taxon, fleur_fk, taxon_usuel) values ("la","Veronica serpyllifolia","veronica serpyllifolia",456,1);
insert into taxonomy (lang, taxon, searched_taxon, fleur_fk, taxon_usuel) values ("en","thyme-leaved speedwell","thyme-leaved speedwell",456,1);
insert into fleur_inflorescence (fleur_fk, inflorescence_fk) values (456,0);
insert into fleur_couleur (fleur_fk, couleur_fk) values (456,0);
insert into fleur_particularite (fleur_fk, particularite_fk) values (456,4);
insert into fleur_aspect (fleur_fk, aspect_fk) values (456,3);
insert into fleur_nb_petale (fleur_fk, nb_petale_fk) values (456,2);
insert into fleur_type_feuille (fleur_fk, type_feuille_fk) values (456,2);
insert into fleur_disposition_feuille (fleur_fk, disposition_feuille_fk) values (456,1);
insert into fleur_pilosite_tige (fleur_fk, pilosite_tige_fk) values (456,1);
insert into fleur_pilosite_feuille (fleur_fk, pilosite_feuille_fk) values (456,2);
insert into fleur (id,directory_name,scientific_name,scientific_family_fk,doc_url) values (457,"","Veronica agrestis",27,"http://abiris.snv.jussieu.fr/flore/Images/Veronique_agreste/HR_Veronique_agreste_place.jpg");
insert into taxonomy (lang, taxon, searched_taxon, fleur_fk, taxon_usuel) values ("fr","Véronique agreste","veronique agreste",457,1);
insert into taxonomy (lang, taxon, searched_taxon, fleur_fk, taxon_usuel) values ("fr","Véronique rustique","veronique rustique",457,0);
insert into taxonomy (lang, taxon, searched_taxon, fleur_fk, taxon_usuel) values ("la","Veronica agrestis","veronica agrestis",457,1);
insert into taxonomy (lang, taxon, searched_taxon, fleur_fk, taxon_usuel) values ("en","green field-speedwell","green field-speedwell",457,1);
insert into fleur_inflorescence (fleur_fk, inflorescence_fk) values (457,1);
insert into fleur_couleur (fleur_fk, couleur_fk) values (457,0);
insert into fleur_couleur (fleur_fk, couleur_fk) values (457,2);
insert into fleur_aspect (fleur_fk, aspect_fk) values (457,3);
insert into fleur_nb_petale (fleur_fk, nb_petale_fk) values (457,2);
insert into fleur_type_feuille (fleur_fk, type_feuille_fk) values (457,2);
insert into fleur_disposition_feuille (fleur_fk, disposition_feuille_fk) values (457,0);
insert into fleur_pilosite_tige (fleur_fk, pilosite_tige_fk) values (457,1);
insert into fleur_pilosite_feuille (fleur_fk, pilosite_feuille_fk) values (457,1);
insert into fleur (id,directory_name,scientific_name,scientific_family_fk,doc_url) values (458,"","Veronica beccabunga",27,"");
insert into taxonomy (lang, taxon, searched_taxon, fleur_fk, taxon_usuel) values ("fr","Véronique beccabunga","veronique beccabunga",458,1);
insert into taxonomy (lang, taxon, searched_taxon, fleur_fk, taxon_usuel) values ("fr","Cresson de cheval","cresson de cheval",458,0);
insert into taxonomy (lang, taxon, searched_taxon, fleur_fk, taxon_usuel) values ("fr","Véronique des ruisseaux","veronique des ruisseaux",458,0);
insert into taxonomy (lang, taxon, searched_taxon, fleur_fk, taxon_usuel) values ("la","Veronica beccabunga","veronica beccabunga",458,1);
insert into taxonomy (lang, taxon, searched_taxon, fleur_fk, taxon_usuel) values ("en","European speedwell","european speedwell",458,1);
insert into fleur_inflorescence (fleur_fk, inflorescence_fk) values (458,0);
insert into fleur_couleur (fleur_fk, couleur_fk) values (458,2);
insert into fleur_aspect (fleur_fk, aspect_fk) values (458,3);
insert into fleur_nb_petale (fleur_fk, nb_petale_fk) values (458,2);
insert into fleur_type_feuille (fleur_fk, type_feuille_fk) values (458,2);
insert into fleur_disposition_feuille (fleur_fk, disposition_feuille_fk) values (458,1);
insert into fleur_pilosite_tige (fleur_fk, pilosite_tige_fk) values (458,0);
insert into fleur_pilosite_feuille (fleur_fk, pilosite_feuille_fk) values (458,0);
insert into fleur (id,directory_name,scientific_name,scientific_family_fk,doc_url) values (459,"","Veronica prostrata",27,"");
insert into taxonomy (lang, taxon, searched_taxon, fleur_fk, taxon_usuel) values ("fr","Véronique couchée","veronique couchee",459,1);
insert into taxonomy (lang, taxon, searched_taxon, fleur_fk, taxon_usuel) values ("la","Veronica prostrata","veronica prostrata",459,1);
insert into taxonomy (lang, taxon, searched_taxon, fleur_fk, taxon_usuel) values ("en","sprawling speedwell","sprawling speedwell",459,1);
insert into fleur_inflorescence (fleur_fk, inflorescence_fk) values (459,0);
insert into fleur_couleur (fleur_fk, couleur_fk) values (459,2);
insert into fleur_aspect (fleur_fk, aspect_fk) values (459,3);
insert into fleur_nb_petale (fleur_fk, nb_petale_fk) values (459,2);
insert into fleur_type_feuille (fleur_fk, type_feuille_fk) values (459,3);
insert into fleur_disposition_feuille (fleur_fk, disposition_feuille_fk) values (459,1);
insert into fleur_pilosite_tige (fleur_fk, pilosite_tige_fk) values (459,1);
insert into fleur_pilosite_feuille (fleur_fk, pilosite_feuille_fk) values (459,1);
insert into fleur (id,directory_name,scientific_name,scientific_family_fk,doc_url) values (460,"","Veronica persica",27,"http://abiris.snv.jussieu.fr/flore/descriptions/Veronique_de_Perse.html");
insert into taxonomy (lang, taxon, searched_taxon, fleur_fk, taxon_usuel) values ("fr","Véronique de Perse","veronique de perse",460,1);
insert into taxonomy (lang, taxon, searched_taxon, fleur_fk, taxon_usuel) values ("fr","Véronique commune","veronique commune",460,0);
insert into taxonomy (lang, taxon, searched_taxon, fleur_fk, taxon_usuel) values ("la","Veronica persica","veronica persica",460,1);
insert into taxonomy (lang, taxon, searched_taxon, fleur_fk, taxon_usuel) values ("en","common field-speedwell","common field-speedwell",460,1);
insert into fleur_inflorescence (fleur_fk, inflorescence_fk) values (460,0);
insert into fleur_inflorescence (fleur_fk, inflorescence_fk) values (460,1);
insert into fleur_couleur (fleur_fk, couleur_fk) values (460,2);
insert into fleur_particularite (fleur_fk, particularite_fk) values (460,4);
insert into fleur_aspect (fleur_fk, aspect_fk) values (460,3);
insert into fleur_nb_petale (fleur_fk, nb_petale_fk) values (460,2);
insert into fleur_type_feuille (fleur_fk, type_feuille_fk) values (460,2);
insert into fleur_disposition_feuille (fleur_fk, disposition_feuille_fk) values (460,0);
insert into fleur_disposition_feuille (fleur_fk, disposition_feuille_fk) values (460,1);
insert into fleur_pilosite_tige (fleur_fk, pilosite_tige_fk) values (460,1);
insert into fleur_pilosite_feuille (fleur_fk, pilosite_feuille_fk) values (460,1);
insert into fleur (id,directory_name,scientific_name,scientific_family_fk,doc_url) values (461,"","Veronica arvensis",27,"");
insert into taxonomy (lang, taxon, searched_taxon, fleur_fk, taxon_usuel) values ("fr","Véronique des champs","veronique des champs",461,1);
insert into taxonomy (lang, taxon, searched_taxon, fleur_fk, taxon_usuel) values ("la","Veronica arvensis","veronica arvensis",461,1);
insert into taxonomy (lang, taxon, searched_taxon, fleur_fk, taxon_usuel) values ("en","corn speedwell","corn speedwell",461,1);
insert into fleur_inflorescence (fleur_fk, inflorescence_fk) values (461,0);
insert into fleur_couleur (fleur_fk, couleur_fk) values (461,2);
insert into fleur_aspect (fleur_fk, aspect_fk) values (461,3);
insert into fleur_nb_petale (fleur_fk, nb_petale_fk) values (461,2);
insert into fleur_type_feuille (fleur_fk, type_feuille_fk) values (461,2);
insert into fleur_disposition_feuille (fleur_fk, disposition_feuille_fk) values (461,1);
insert into fleur_pilosite_tige (fleur_fk, pilosite_tige_fk) values (461,1);
insert into fleur_pilosite_feuille (fleur_fk, pilosite_feuille_fk) values (461,1);
insert into fleur (id,directory_name,scientific_name,scientific_family_fk,doc_url) values (462,"","Veronica montana",27,"");
insert into taxonomy (lang, taxon, searched_taxon, fleur_fk, taxon_usuel) values ("fr","Véronique des montagnes","veronique des montagnes",462,1);
insert into taxonomy (lang, taxon, searched_taxon, fleur_fk, taxon_usuel) values ("la","Veronica montana","veronica montana",462,1);
insert into taxonomy (lang, taxon, searched_taxon, fleur_fk, taxon_usuel) values ("en","mountain speedwell","mountain speedwell",462,1);
insert into fleur_inflorescence (fleur_fk, inflorescence_fk) values (462,0);
insert into fleur_couleur (fleur_fk, couleur_fk) values (462,2);
insert into fleur_particularite (fleur_fk, particularite_fk) values (462,4);
insert into fleur_aspect (fleur_fk, aspect_fk) values (462,3);
insert into fleur_nb_petale (fleur_fk, nb_petale_fk) values (462,2);
insert into fleur_type_feuille (fleur_fk, type_feuille_fk) values (462,2);
insert into fleur_disposition_feuille (fleur_fk, disposition_feuille_fk) values (462,1);
insert into fleur_pilosite_tige (fleur_fk, pilosite_tige_fk) values (462,1);
insert into fleur_pilosite_feuille (fleur_fk, pilosite_feuille_fk) values (462,1);
insert into fleur (id,directory_name,scientific_name,scientific_family_fk,doc_url) values (463,"","Veronica austriaca",27,"");
insert into taxonomy (lang, taxon, searched_taxon, fleur_fk, taxon_usuel) values ("fr","Véronique germandrée","veronique germandree",463,1);
insert into taxonomy (lang, taxon, searched_taxon, fleur_fk, taxon_usuel) values ("la","Veronica austriaca","veronica austriaca",463,1);
insert into taxonomy (lang, taxon, searched_taxon, fleur_fk, taxon_usuel) values ("en","Saw-leaved speedwell","saw-leaved speedwell",463,1);
insert into fleur_inflorescence (fleur_fk, inflorescence_fk) values (463,0);
insert into fleur_couleur (fleur_fk, couleur_fk) values (463,2);
insert into fleur_aspect (fleur_fk, aspect_fk) values (463,3);
insert into fleur_nb_petale (fleur_fk, nb_petale_fk) values (463,2);
insert into fleur_type_feuille (fleur_fk, type_feuille_fk) values (463,2);
insert into fleur_disposition_feuille (fleur_fk, disposition_feuille_fk) values (463,1);
insert into fleur_pilosite_tige (fleur_fk, pilosite_tige_fk) values (463,1);
insert into fleur_pilosite_feuille (fleur_fk, pilosite_feuille_fk) values (463,1);
insert into fleur (id,directory_name,scientific_name,scientific_family_fk,doc_url) values (464,"","Veronica anagallis-aquatica",27,"");
insert into taxonomy (lang, taxon, searched_taxon, fleur_fk, taxon_usuel) values ("fr","Véronique mouron d'eau","veronique mouron d'eau",464,1);
insert into taxonomy (lang, taxon, searched_taxon, fleur_fk, taxon_usuel) values ("fr","Mouron aquatique","mouron aquatique",464,0);
insert into taxonomy (lang, taxon, searched_taxon, fleur_fk, taxon_usuel) values ("la","Veronica anagallis-aquatica","veronica anagallis-aquatica",464,1);
insert into taxonomy (lang, taxon, searched_taxon, fleur_fk, taxon_usuel) values ("en","water speedwell","water speedwell",464,1);
insert into fleur_inflorescence (fleur_fk, inflorescence_fk) values (464,0);
insert into fleur_couleur (fleur_fk, couleur_fk) values (464,2);
insert into fleur_particularite (fleur_fk, particularite_fk) values (464,4);
insert into fleur_aspect (fleur_fk, aspect_fk) values (464,3);
insert into fleur_nb_petale (fleur_fk, nb_petale_fk) values (464,2);
insert into fleur_type_feuille (fleur_fk, type_feuille_fk) values (464,2);
insert into fleur_disposition_feuille (fleur_fk, disposition_feuille_fk) values (464,1);
insert into fleur_pilosite_tige (fleur_fk, pilosite_tige_fk) values (464,0);
insert into fleur_pilosite_feuille (fleur_fk, pilosite_feuille_fk) values (464,0);
insert into fleur (id,directory_name,scientific_name,scientific_family_fk,doc_url) values (465,"","Veronica officinalis",27,"");
insert into taxonomy (lang, taxon, searched_taxon, fleur_fk, taxon_usuel) values ("fr","Véronique officinale","veronique officinale",465,1);
insert into taxonomy (lang, taxon, searched_taxon, fleur_fk, taxon_usuel) values ("la","Veronica officinalis","veronica officinalis",465,1);
insert into taxonomy (lang, taxon, searched_taxon, fleur_fk, taxon_usuel) values ("en","common speedwel","common speedwel",465,1);
insert into fleur_inflorescence (fleur_fk, inflorescence_fk) values (465,0);
insert into fleur_couleur (fleur_fk, couleur_fk) values (465,2);
insert into fleur_particularite (fleur_fk, particularite_fk) values (465,4);
insert into fleur_aspect (fleur_fk, aspect_fk) values (465,3);
insert into fleur_nb_petale (fleur_fk, nb_petale_fk) values (465,2);
insert into fleur_type_feuille (fleur_fk, type_feuille_fk) values (465,2);
insert into fleur_disposition_feuille (fleur_fk, disposition_feuille_fk) values (465,1);
insert into fleur_pilosite_tige (fleur_fk, pilosite_tige_fk) values (465,1);
insert into fleur_pilosite_feuille (fleur_fk, pilosite_feuille_fk) values (465,1);
insert into fleur (id,directory_name,scientific_name,scientific_family_fk,doc_url) values (466,"","Veronica chamaedrys",27,"");
insert into taxonomy (lang, taxon, searched_taxon, fleur_fk, taxon_usuel) values ("fr","Véronique petit-chêne","veronique petit-chene",466,1);
insert into taxonomy (lang, taxon, searched_taxon, fleur_fk, taxon_usuel) values ("la","Veronica chamaedrys","veronica chamaedrys",466,1);
insert into taxonomy (lang, taxon, searched_taxon, fleur_fk, taxon_usuel) values ("en","germander speedwell","germander speedwell",466,1);
insert into fleur_inflorescence (fleur_fk, inflorescence_fk) values (466,0);
insert into fleur_couleur (fleur_fk, couleur_fk) values (466,2);
insert into fleur_particularite (fleur_fk, particularite_fk) values (466,4);
insert into fleur_aspect (fleur_fk, aspect_fk) values (466,3);
insert into fleur_nb_petale (fleur_fk, nb_petale_fk) values (466,2);
insert into fleur_type_feuille (fleur_fk, type_feuille_fk) values (466,2);
insert into fleur_disposition_feuille (fleur_fk, disposition_feuille_fk) values (466,1);
insert into fleur_pilosite_tige (fleur_fk, pilosite_tige_fk) values (466,1);
insert into fleur_pilosite_feuille (fleur_fk, pilosite_feuille_fk) values (466,1);
insert into fleur (id,directory_name,scientific_name,scientific_family_fk,doc_url) values (467,"","Veronica peregrina",27,"");
insert into taxonomy (lang, taxon, searched_taxon, fleur_fk, taxon_usuel) values ("fr","Véronique voyageuse","veronique voyageuse",467,1);
insert into taxonomy (lang, taxon, searched_taxon, fleur_fk, taxon_usuel) values ("la","Veronica peregrina","veronica peregrina",467,1);
insert into taxonomy (lang, taxon, searched_taxon, fleur_fk, taxon_usuel) values ("en","American speedwell","american speedwell",467,1);
insert into fleur_inflorescence (fleur_fk, inflorescence_fk) values (467,0);
insert into fleur_couleur (fleur_fk, couleur_fk) values (467,2);
insert into fleur_couleur (fleur_fk, couleur_fk) values (467,0);
insert into fleur_aspect (fleur_fk, aspect_fk) values (467,3);
insert into fleur_nb_petale (fleur_fk, nb_petale_fk) values (467,2);
insert into fleur_nb_petale (fleur_fk, nb_petale_fk) values (467,0);
insert into fleur_nb_petale (fleur_fk, nb_petale_fk) values (467,3);
insert into fleur_type_feuille (fleur_fk, type_feuille_fk) values (467,2);
insert into fleur_disposition_feuille (fleur_fk, disposition_feuille_fk) values (467,1);
insert into fleur_pilosite_tige (fleur_fk, pilosite_tige_fk) values (467,0);
insert into fleur_pilosite_feuille (fleur_fk, pilosite_feuille_fk) values (467,0);
insert into fleur (id,directory_name,scientific_name,scientific_family_fk,doc_url) values (468,"","Vicia cracca",12,"");
insert into taxonomy (lang, taxon, searched_taxon, fleur_fk, taxon_usuel) values ("fr","Vesce cracca","vesce cracca",468,1);
insert into taxonomy (lang, taxon, searched_taxon, fleur_fk, taxon_usuel) values ("fr","Vesce de Cracovie","vesce de cracovie",468,0);
insert into taxonomy (lang, taxon, searched_taxon, fleur_fk, taxon_usuel) values ("fr","Jarosse","jarosse",468,0);
insert into taxonomy (lang, taxon, searched_taxon, fleur_fk, taxon_usuel) values ("la","Vicia cracca","vicia cracca",468,1);
insert into taxonomy (lang, taxon, searched_taxon, fleur_fk, taxon_usuel) values ("en","tufted vetch","tufted vetch",468,1);
insert into fleur_inflorescence (fleur_fk, inflorescence_fk) values (468,0);
insert into fleur_couleur (fleur_fk, couleur_fk) values (468,1);
insert into fleur_couleur (fleur_fk, couleur_fk) values (468,2);
insert into fleur_particularite (fleur_fk, particularite_fk) values (468,0);
insert into fleur_particularite (fleur_fk, particularite_fk) values (468,3);
insert into fleur_aspect (fleur_fk, aspect_fk) values (468,2);
insert into fleur_nb_petale (fleur_fk, nb_petale_fk) values (468,0);
insert into fleur_type_feuille (fleur_fk, type_feuille_fk) values (468,0);
insert into fleur_disposition_feuille (fleur_fk, disposition_feuille_fk) values (468,0);
insert into fleur_pilosite_tige (fleur_fk, pilosite_tige_fk) values (468,1);
insert into fleur_pilosite_feuille (fleur_fk, pilosite_feuille_fk) values (468,0);
insert into fleur_pilosite_feuille (fleur_fk, pilosite_feuille_fk) values (468,1);
insert into fleur (id,directory_name,scientific_name,scientific_family_fk,doc_url) values (469,"","Vicia sativa",12,"");
insert into taxonomy (lang, taxon, searched_taxon, fleur_fk, taxon_usuel) values ("fr","Vesce cultivée","vesce cultivee",469,1);
insert into taxonomy (lang, taxon, searched_taxon, fleur_fk, taxon_usuel) values ("fr","Vesce commune","vesce commune",469,0);
insert into taxonomy (lang, taxon, searched_taxon, fleur_fk, taxon_usuel) values ("la","Vicia sativa","vicia sativa",469,1);
insert into taxonomy (lang, taxon, searched_taxon, fleur_fk, taxon_usuel) values ("en","common vetch","common vetch",469,1);
insert into fleur_inflorescence (fleur_fk, inflorescence_fk) values (469,0);
insert into fleur_couleur (fleur_fk, couleur_fk) values (469,1);
insert into fleur_particularite (fleur_fk, particularite_fk) values (469,3);
insert into fleur_aspect (fleur_fk, aspect_fk) values (469,2);
insert into fleur_nb_petale (fleur_fk, nb_petale_fk) values (469,0);
insert into fleur_type_feuille (fleur_fk, type_feuille_fk) values (469,0);
insert into fleur_disposition_feuille (fleur_fk, disposition_feuille_fk) values (469,0);
insert into fleur_pilosite_tige (fleur_fk, pilosite_tige_fk) values (469,1);
insert into fleur_pilosite_feuille (fleur_fk, pilosite_feuille_fk) values (469,1);
insert into fleur (id,directory_name,scientific_name,scientific_family_fk,doc_url) values (470,"","Vicia pannonica",12,"");
insert into taxonomy (lang, taxon, searched_taxon, fleur_fk, taxon_usuel) values ("fr","Vesce de Hongrie","vesce de hongrie",470,1);
insert into taxonomy (lang, taxon, searched_taxon, fleur_fk, taxon_usuel) values ("la","Vicia pannonica","vicia pannonica",470,1);
insert into taxonomy (lang, taxon, searched_taxon, fleur_fk, taxon_usuel) values ("en","Hungarian vetch","hungarian vetch",470,1);
insert into fleur_inflorescence (fleur_fk, inflorescence_fk) values (470,0);
insert into fleur_couleur (fleur_fk, couleur_fk) values (470,0);
insert into fleur_particularite (fleur_fk, particularite_fk) values (470,3);
insert into fleur_particularite (fleur_fk, particularite_fk) values (470,4);
insert into fleur_aspect (fleur_fk, aspect_fk) values (470,2);
insert into fleur_nb_petale (fleur_fk, nb_petale_fk) values (470,0);
insert into fleur_type_feuille (fleur_fk, type_feuille_fk) values (470,0);
insert into fleur_disposition_feuille (fleur_fk, disposition_feuille_fk) values (470,0);
insert into fleur_pilosite_tige (fleur_fk, pilosite_tige_fk) values (470,1);
insert into fleur_pilosite_feuille (fleur_fk, pilosite_feuille_fk) values (470,1);
insert into fleur (id,directory_name,scientific_name,scientific_family_fk,doc_url) values (471,"","Viola alba",50,"http://abiris.snv.jussieu.fr/flore/descriptions/Violette_blanche.html");
insert into taxonomy (lang, taxon, searched_taxon, fleur_fk, taxon_usuel) values ("fr","Violette blanche","violette blanche",471,1);
insert into taxonomy (lang, taxon, searched_taxon, fleur_fk, taxon_usuel) values ("la","Viola alba","viola alba",471,1);
insert into taxonomy (lang, taxon, searched_taxon, fleur_fk, taxon_usuel) values ("en","white violet","white violet",471,1);
insert into fleur_inflorescence (fleur_fk, inflorescence_fk) values (471,1);
insert into fleur_couleur (fleur_fk, couleur_fk) values (471,0);
insert into fleur_particularite (fleur_fk, particularite_fk) values (471,2);
insert into fleur_aspect (fleur_fk, aspect_fk) values (471,2);
insert into fleur_nb_petale (fleur_fk, nb_petale_fk) values (471,0);
insert into fleur_type_feuille (fleur_fk, type_feuille_fk) values (471,2);
insert into fleur_disposition_feuille (fleur_fk, disposition_feuille_fk) values (471,3);
insert into fleur_pilosite_tige (fleur_fk, pilosite_tige_fk) values (471,0);
insert into fleur_pilosite_feuille (fleur_fk, pilosite_feuille_fk) values (471,1);
insert into fleur (id,directory_name,scientific_name,scientific_family_fk,doc_url) values (472,"","Viola riviniana",50,"http://abiris.snv.jussieu.fr/flore/descriptions/Violette_de_Rivin.html");
insert into taxonomy (lang, taxon, searched_taxon, fleur_fk, taxon_usuel) values ("fr","Violette de Rivin","violette de rivin",472,1);
insert into taxonomy (lang, taxon, searched_taxon, fleur_fk, taxon_usuel) values ("fr","Violette des bois","violette des bois",472,0);
insert into taxonomy (lang, taxon, searched_taxon, fleur_fk, taxon_usuel) values ("la","Viola riviniana","viola riviniana",472,1);
insert into taxonomy (lang, taxon, searched_taxon, fleur_fk, taxon_usuel) values ("en","common dog-violet","common dog-violet",472,1);
insert into fleur_inflorescence (fleur_fk, inflorescence_fk) values (472,1);
insert into fleur_couleur (fleur_fk, couleur_fk) values (472,2);
insert into fleur_particularite (fleur_fk, particularite_fk) values (472,2);
insert into fleur_particularite (fleur_fk, particularite_fk) values (472,4);
insert into fleur_aspect (fleur_fk, aspect_fk) values (472,2);
insert into fleur_nb_petale (fleur_fk, nb_petale_fk) values (472,0);
insert into fleur_type_feuille (fleur_fk, type_feuille_fk) values (472,2);
insert into fleur_disposition_feuille (fleur_fk, disposition_feuille_fk) values (472,0);
insert into fleur_disposition_feuille (fleur_fk, disposition_feuille_fk) values (472,3);
insert into fleur_pilosite_tige (fleur_fk, pilosite_tige_fk) values (472,0);
insert into fleur_pilosite_feuille (fleur_fk, pilosite_feuille_fk) values (472,2);
insert into fleur (id,directory_name,scientific_name,scientific_family_fk,doc_url) values (473,"","Viola odorata",50,"http://abiris.snv.jussieu.fr/flore/descriptions/Violette_odorante.html");
insert into taxonomy (lang, taxon, searched_taxon, fleur_fk, taxon_usuel) values ("fr","Violette odorante","violette odorante",473,1);
insert into taxonomy (lang, taxon, searched_taxon, fleur_fk, taxon_usuel) values ("la","Viola odorata","viola odorata",473,1);
insert into taxonomy (lang, taxon, searched_taxon, fleur_fk, taxon_usuel) values ("en","wood violet","wood violet",473,1);
insert into fleur_inflorescence (fleur_fk, inflorescence_fk) values (473,1);
insert into fleur_couleur (fleur_fk, couleur_fk) values (473,2);
insert into fleur_particularite (fleur_fk, particularite_fk) values (473,2);
insert into fleur_particularite (fleur_fk, particularite_fk) values (473,4);
insert into fleur_aspect (fleur_fk, aspect_fk) values (473,2);
insert into fleur_nb_petale (fleur_fk, nb_petale_fk) values (473,0);
insert into fleur_type_feuille (fleur_fk, type_feuille_fk) values (473,2);
insert into fleur_disposition_feuille (fleur_fk, disposition_feuille_fk) values (473,3);
insert into fleur_pilosite_tige (fleur_fk, pilosite_tige_fk) values (473,1);
insert into fleur_pilosite_feuille (fleur_fk, pilosite_feuille_fk) values (473,2);
insert into fleur (id,directory_name,scientific_name,scientific_family_fk,doc_url) values (474,"","Echium vulgare",14,"");
insert into taxonomy (lang, taxon, searched_taxon, fleur_fk, taxon_usuel) values ("fr","Vipérine commune","viperine commune",474,1);
insert into taxonomy (lang, taxon, searched_taxon, fleur_fk, taxon_usuel) values ("la","Echium vulgare","echium vulgare",474,1);
insert into taxonomy (lang, taxon, searched_taxon, fleur_fk, taxon_usuel) values ("en","Viper's Bugloss","viper's bugloss",474,1);
insert into fleur_inflorescence (fleur_fk, inflorescence_fk) values (474,0);
insert into fleur_couleur (fleur_fk, couleur_fk) values (474,2);
insert into fleur_particularite (fleur_fk, particularite_fk) values (474,4);
insert into fleur_aspect (fleur_fk, aspect_fk) values (474,3);
insert into fleur_nb_petale (fleur_fk, nb_petale_fk) values (474,0);
insert into fleur_type_feuille (fleur_fk, type_feuille_fk) values (474,3);
insert into fleur_disposition_feuille (fleur_fk, disposition_feuille_fk) values (474,0);
insert into fleur_pilosite_tige (fleur_fk, pilosite_tige_fk) values (474,1);
insert into fleur_pilosite_feuille (fleur_fk, pilosite_feuille_fk) values (474,1);
insert into fleur (id,directory_name,scientific_name,scientific_family_fk,doc_url) values (475,"","Anthyllis vulneraria",12,"");
insert into taxonomy (lang, taxon, searched_taxon, fleur_fk, taxon_usuel) values ("fr","Vulnéraire","vulneraire",475,1);
insert into taxonomy (lang, taxon, searched_taxon, fleur_fk, taxon_usuel) values ("fr","Anthyllide vulnéraire","anthyllide vulneraire",475,0);
insert into taxonomy (lang, taxon, searched_taxon, fleur_fk, taxon_usuel) values ("la","Anthyllis vulneraria","anthyllis vulneraria",475,1);
insert into taxonomy (lang, taxon, searched_taxon, fleur_fk, taxon_usuel) values ("en","Common kidneyvetch","common kidneyvetch",475,1);
insert into fleur_inflorescence (fleur_fk, inflorescence_fk) values (475,0);
insert into fleur_couleur (fleur_fk, couleur_fk) values (475,3);
insert into fleur_particularite (fleur_fk, particularite_fk) values (475,3);
insert into fleur_aspect (fleur_fk, aspect_fk) values (475,2);
insert into fleur_nb_petale (fleur_fk, nb_petale_fk) values (475,0);
insert into fleur_type_feuille (fleur_fk, type_feuille_fk) values (475,0);
insert into fleur_disposition_feuille (fleur_fk, disposition_feuille_fk) values (475,0);
insert into fleur_pilosite_tige (fleur_fk, pilosite_tige_fk) values (475,1);
insert into fleur_pilosite_feuille (fleur_fk, pilosite_feuille_fk) values (475,2);
