insert into fleur (id,directory_name,scientific_family_fk) values (52,"helosciadium_nodiflorum",0);
insert into taxonomy (lang, taxon, searched_taxon, fleur_fk) values ("fr","Ache faux cresson","ache faux cresson",52);
insert into taxonomy (lang, taxon, searched_taxon, fleur_fk) values ("fr","Ache nodiflore","ache nodiflore",52);
insert into taxonomy (lang, taxon, searched_taxon, fleur_fk) values ("la","Helosciadium nodiflorum","helosciadium nodiflorum",52);
insert into taxonomy (lang, taxon, searched_taxon, fleur_fk) values ("en","Fool's-water-cress","fool's-water-cress",52);
insert into fleur_inflorescence (fleur_fk, inflorescence_fk) values (52,0);
insert into fleur_couleur (fleur_fk, couleur_fk) values (52,0);
insert into fleur_aspect (fleur_fk, aspect_fk) values (52,0);
insert into fleur_nb_petale (fleur_fk, nb_petale_fk) values (52,0);
insert into fleur_type_feuille (fleur_fk, type_feuille_fk) values (52,0);
insert into fleur_disposition_feuille (fleur_fk, disposition_feuille_fk) values (52,0);
insert into fleur_pilosite_tige (fleur_fk, pilosite_tige_fk) values (52,0);
insert into fleur_pilosite_feuille (fleur_fk, pilosite_feuille_fk) values (52,0);
insert into fleur (id,directory_name,scientific_family_fk) values (53,"achillea_millefolium",1);
insert into taxonomy (lang, taxon, searched_taxon, fleur_fk) values ("fr","Achillée millefeuille","achillee millefeuille",53);
insert into taxonomy (lang, taxon, searched_taxon, fleur_fk) values ("la","Achillea millefolium","achillea millefolium",53);
insert into taxonomy (lang, taxon, searched_taxon, fleur_fk) values ("en","common yarrow","common yarrow",53);
insert into fleur_inflorescence (fleur_fk, inflorescence_fk) values (53,0);
insert into fleur_couleur (fleur_fk, couleur_fk) values (53,0);
insert into fleur_couleur (fleur_fk, couleur_fk) values (53,1);
insert into fleur_aspect (fleur_fk, aspect_fk) values (53,1);
insert into fleur_nb_petale (fleur_fk, nb_petale_fk) values (53,1);
insert into fleur_type_feuille (fleur_fk, type_feuille_fk) values (53,1);
insert into fleur_disposition_feuille (fleur_fk, disposition_feuille_fk) values (53,0);
insert into fleur_pilosite_tige (fleur_fk, pilosite_tige_fk) values (53,1);
insert into fleur_pilosite_feuille (fleur_fk, pilosite_feuille_fk) values (53,1);
insert into fleur (id,directory_name,scientific_family_fk) values (54,"achillea_ptarmica",1);
insert into taxonomy (lang, taxon, searched_taxon, fleur_fk) values ("fr","Achillée sternutatoire","achillee sternutatoire",54);
insert into taxonomy (lang, taxon, searched_taxon, fleur_fk) values ("fr","Herbe à éternuer","herbe a eternuer",54);
insert into taxonomy (lang, taxon, searched_taxon, fleur_fk) values ("la","Achillea ptarmica","achillea ptarmica",54);
insert into taxonomy (lang, taxon, searched_taxon, fleur_fk) values ("en","sneezewort","sneezewort",54);
insert into fleur_inflorescence (fleur_fk, inflorescence_fk) values (54,0);
insert into fleur_couleur (fleur_fk, couleur_fk) values (54,0);
insert into fleur_aspect (fleur_fk, aspect_fk) values (54,1);
insert into fleur_nb_petale (fleur_fk, nb_petale_fk) values (54,1);
insert into fleur_type_feuille (fleur_fk, type_feuille_fk) values (54,2);
insert into fleur_disposition_feuille (fleur_fk, disposition_feuille_fk) values (54,0);
insert into fleur_pilosite_tige (fleur_fk, pilosite_tige_fk) values (54,0);
insert into fleur_pilosite_tige (fleur_fk, pilosite_tige_fk) values (54,1);
insert into fleur_pilosite_feuille (fleur_fk, pilosite_feuille_fk) values (54,0);
insert into fleur (id,directory_name,scientific_family_fk) values (55,"aconitum_napellus",2);
insert into taxonomy (lang, taxon, searched_taxon, fleur_fk) values ("fr","Aconit napel","aconit napel",55);
insert into taxonomy (lang, taxon, searched_taxon, fleur_fk) values ("fr","Casque de Jupiter","casque de jupiter",55);
insert into taxonomy (lang, taxon, searched_taxon, fleur_fk) values ("fr","Napel","napel",55);
insert into taxonomy (lang, taxon, searched_taxon, fleur_fk) values ("la","Aconitum napellus","aconitum napellus",55);
insert into taxonomy (lang, taxon, searched_taxon, fleur_fk) values ("en","monkshood","monkshood",55);
insert into fleur_inflorescence (fleur_fk, inflorescence_fk) values (55,0);
insert into fleur_couleur (fleur_fk, couleur_fk) values (55,2);
insert into fleur_aspect (fleur_fk, aspect_fk) values (55,2);
insert into fleur_nb_petale (fleur_fk, nb_petale_fk) values (55,0);
insert into fleur_type_feuille (fleur_fk, type_feuille_fk) values (55,1);
insert into fleur_disposition_feuille (fleur_fk, disposition_feuille_fk) values (55,0);
insert into fleur_pilosite_tige (fleur_fk, pilosite_tige_fk) values (55,0);
insert into fleur_pilosite_tige (fleur_fk, pilosite_tige_fk) values (55,1);
insert into fleur_pilosite_feuille (fleur_fk, pilosite_feuille_fk) values (55,0);
insert into fleur (id,directory_name,scientific_family_fk) values (56,"leonorus_marrubiastrum",3);
insert into taxonomy (lang, taxon, searched_taxon, fleur_fk) values ("fr","Agripaume faux Marrube","agripaume faux marrube",56);
insert into taxonomy (lang, taxon, searched_taxon, fleur_fk) values ("la","Leonorus marrubiastrum","leonorus marrubiastrum",56);
insert into taxonomy (lang, taxon, searched_taxon, fleur_fk) values ("en","False Motherwort","false motherwort",56);
insert into fleur_inflorescence (fleur_fk, inflorescence_fk) values (56,0);
insert into fleur_couleur (fleur_fk, couleur_fk) values (56,3);
insert into fleur_aspect (fleur_fk, aspect_fk) values (56,3);
insert into fleur_nb_petale (fleur_fk, nb_petale_fk) values (56,2);
insert into fleur_type_feuille (fleur_fk, type_feuille_fk) values (56,2);
insert into fleur_disposition_feuille (fleur_fk, disposition_feuille_fk) values (56,1);
insert into fleur_pilosite_tige (fleur_fk, pilosite_tige_fk) values (56,1);
insert into fleur_pilosite_feuille (fleur_fk, pilosite_feuille_fk) values (56,1);
insert into fleur (id,directory_name,scientific_family_fk) values (57,"agrimonia_eupatoria",4);
insert into taxonomy (lang, taxon, searched_taxon, fleur_fk) values ("fr","Aigremoine eupatoire","aigremoine eupatoire",57);
insert into taxonomy (lang, taxon, searched_taxon, fleur_fk) values ("la","Agrimonia eupatoria","agrimonia eupatoria",57);
insert into taxonomy (lang, taxon, searched_taxon, fleur_fk) values ("en","common agrimony","common agrimony",57);
insert into fleur_inflorescence (fleur_fk, inflorescence_fk) values (57,0);
insert into fleur_couleur (fleur_fk, couleur_fk) values (57,4);
insert into fleur_aspect (fleur_fk, aspect_fk) values (57,0);
insert into fleur_nb_petale (fleur_fk, nb_petale_fk) values (57,0);
insert into fleur_type_feuille (fleur_fk, type_feuille_fk) values (57,0);
insert into fleur_disposition_feuille (fleur_fk, disposition_feuille_fk) values (57,0);
insert into fleur_pilosite_tige (fleur_fk, pilosite_tige_fk) values (57,1);
insert into fleur_pilosite_feuille (fleur_fk, pilosite_feuille_fk) values (57,2);
insert into fleur (id,directory_name,scientific_family_fk) values (58,"allium_oleraceum",5);
insert into taxonomy (lang, taxon, searched_taxon, fleur_fk) values ("fr","Ail des champs","ail des champs",58);
insert into taxonomy (lang, taxon, searched_taxon, fleur_fk) values ("fr","Ail potager","ail potager",58);
insert into taxonomy (lang, taxon, searched_taxon, fleur_fk) values ("fr","Ail des jardins","ail des jardins",58);
insert into taxonomy (lang, taxon, searched_taxon, fleur_fk) values ("la","Allium oleraceum","allium oleraceum",58);
insert into taxonomy (lang, taxon, searched_taxon, fleur_fk) values ("en","field garlic","field garlic",58);
insert into fleur_inflorescence (fleur_fk, inflorescence_fk) values (58,0);
insert into fleur_couleur (fleur_fk, couleur_fk) values (58,1);
insert into fleur_couleur (fleur_fk, couleur_fk) values (58,5);
insert into fleur_aspect (fleur_fk, aspect_fk) values (58,0);
insert into fleur_nb_petale (fleur_fk, nb_petale_fk) values (58,3);
insert into fleur_type_feuille (fleur_fk, type_feuille_fk) values (58,3);
insert into fleur_disposition_feuille (fleur_fk, disposition_feuille_fk) values (58,0);
insert into fleur_pilosite_tige (fleur_fk, pilosite_tige_fk) values (58,0);
insert into fleur_pilosite_feuille (fleur_fk, pilosite_feuille_fk) values (58,0);
insert into fleur (id,directory_name,scientific_family_fk) values (59,"allium_ursinum",5);
insert into taxonomy (lang, taxon, searched_taxon, fleur_fk) values ("fr","Ail des ours","ail des ours",59);
insert into taxonomy (lang, taxon, searched_taxon, fleur_fk) values ("fr","Ail des bois","ail des bois",59);
insert into taxonomy (lang, taxon, searched_taxon, fleur_fk) values ("la","Allium ursinum","allium ursinum",59);
insert into taxonomy (lang, taxon, searched_taxon, fleur_fk) values ("en","wild garlic","wild garlic",59);
insert into fleur_inflorescence (fleur_fk, inflorescence_fk) values (59,0);
insert into fleur_couleur (fleur_fk, couleur_fk) values (59,0);
insert into fleur_aspect (fleur_fk, aspect_fk) values (59,0);
insert into fleur_nb_petale (fleur_fk, nb_petale_fk) values (59,3);
insert into fleur_type_feuille (fleur_fk, type_feuille_fk) values (59,3);
insert into fleur_disposition_feuille (fleur_fk, disposition_feuille_fk) values (59,0);
insert into fleur_pilosite_tige (fleur_fk, pilosite_tige_fk) values (59,0);
insert into fleur_pilosite_feuille (fleur_fk, pilosite_feuille_fk) values (59,0);
insert into fleur (id,directory_name,scientific_family_fk) values (60,"allium_vineale",5);
insert into taxonomy (lang, taxon, searched_taxon, fleur_fk) values ("fr","Ail des vignes","ail des vignes",60);
insert into taxonomy (lang, taxon, searched_taxon, fleur_fk) values ("la","Allium vineale","allium vineale",60);
insert into taxonomy (lang, taxon, searched_taxon, fleur_fk) values ("en","crow Garlic","crow garlic",60);
insert into fleur_inflorescence (fleur_fk, inflorescence_fk) values (60,0);
insert into fleur_couleur (fleur_fk, couleur_fk) values (60,1);
insert into fleur_couleur (fleur_fk, couleur_fk) values (60,0);
insert into fleur_aspect (fleur_fk, aspect_fk) values (60,0);
insert into fleur_nb_petale (fleur_fk, nb_petale_fk) values (60,3);
insert into fleur_type_feuille (fleur_fk, type_feuille_fk) values (60,3);
insert into fleur_disposition_feuille (fleur_fk, disposition_feuille_fk) values (60,0);
insert into fleur_pilosite_tige (fleur_fk, pilosite_tige_fk) values (60,0);
insert into fleur_pilosite_feuille (fleur_fk, pilosite_feuille_fk) values (60,0);
insert into fleur (id,directory_name,scientific_family_fk) values (61,"alliaria_petiolata",6);
insert into taxonomy (lang, taxon, searched_taxon, fleur_fk) values ("fr","Alliaire","alliaire",61);
insert into taxonomy (lang, taxon, searched_taxon, fleur_fk) values ("fr","Herbe à ail","herbe a ail",61);
insert into taxonomy (lang, taxon, searched_taxon, fleur_fk) values ("fr","Alliaire officinale","alliaire officinale",61);
insert into taxonomy (lang, taxon, searched_taxon, fleur_fk) values ("la","Alliaria petiolata","alliaria petiolata",61);
insert into taxonomy (lang, taxon, searched_taxon, fleur_fk) values ("en","Garlic mustard","garlic mustard",61);
insert into fleur_inflorescence (fleur_fk, inflorescence_fk) values (61,0);
insert into fleur_couleur (fleur_fk, couleur_fk) values (61,0);
insert into fleur_aspect (fleur_fk, aspect_fk) values (61,0);
insert into fleur_nb_petale (fleur_fk, nb_petale_fk) values (61,2);
insert into fleur_type_feuille (fleur_fk, type_feuille_fk) values (61,2);
insert into fleur_disposition_feuille (fleur_fk, disposition_feuille_fk) values (61,0);
insert into fleur_pilosite_tige (fleur_fk, pilosite_tige_fk) values (61,0);
insert into fleur_pilosite_tige (fleur_fk, pilosite_tige_fk) values (61,1);
insert into fleur_pilosite_feuille (fleur_fk, pilosite_feuille_fk) values (61,0);
insert into fleur (id,directory_name,scientific_family_fk) values (62,"alyssum_alyssoides",6);
insert into taxonomy (lang, taxon, searched_taxon, fleur_fk) values ("fr","Alysson à calice persistant","alysson a calice persistant",62);
insert into taxonomy (lang, taxon, searched_taxon, fleur_fk) values ("fr","Passerage à calices persistants","passerage a calices persistants",62);
insert into taxonomy (lang, taxon, searched_taxon, fleur_fk) values ("fr","Passerage faux alysson","passerage faux alysson",62);
insert into taxonomy (lang, taxon, searched_taxon, fleur_fk) values ("la","Alyssum alyssoides","alyssum alyssoides",62);
insert into taxonomy (lang, taxon, searched_taxon, fleur_fk) values ("en","pale madwort","pale madwort",62);
insert into fleur_inflorescence (fleur_fk, inflorescence_fk) values (62,0);
insert into fleur_couleur (fleur_fk, couleur_fk) values (62,4);
insert into fleur_aspect (fleur_fk, aspect_fk) values (62,0);
insert into fleur_nb_petale (fleur_fk, nb_petale_fk) values (62,2);
insert into fleur_type_feuille (fleur_fk, type_feuille_fk) values (62,3);
insert into fleur_disposition_feuille (fleur_fk, disposition_feuille_fk) values (62,0);
insert into fleur_pilosite_tige (fleur_fk, pilosite_tige_fk) values (62,1);
insert into fleur_pilosite_feuille (fleur_fk, pilosite_feuille_fk) values (62,1);
insert into fleur (id,directory_name,scientific_family_fk) values (63,"berteroa_incana",6);
insert into taxonomy (lang, taxon, searched_taxon, fleur_fk) values ("fr","Alysson blanc","alysson blanc",63);
insert into taxonomy (lang, taxon, searched_taxon, fleur_fk) values ("fr","Bertéroa blanchâtre","berteroa blanchatre",63);
insert into taxonomy (lang, taxon, searched_taxon, fleur_fk) values ("la","Berteroa incana","berteroa incana",63);
insert into taxonomy (lang, taxon, searched_taxon, fleur_fk) values ("en","hoary alyssum","hoary alyssum",63);
insert into fleur_inflorescence (fleur_fk, inflorescence_fk) values (63,0);
insert into fleur_couleur (fleur_fk, couleur_fk) values (63,0);
insert into fleur_aspect (fleur_fk, aspect_fk) values (63,0);
insert into fleur_nb_petale (fleur_fk, nb_petale_fk) values (63,2);
insert into fleur_type_feuille (fleur_fk, type_feuille_fk) values (63,3);
insert into fleur_disposition_feuille (fleur_fk, disposition_feuille_fk) values (63,0);
insert into fleur_pilosite_tige (fleur_fk, pilosite_tige_fk) values (63,1);
insert into fleur_pilosite_feuille (fleur_fk, pilosite_feuille_fk) values (63,1);
insert into fleur (id,directory_name,scientific_family_fk) values (64,"ambrosia_artemisiifolia",1);
insert into taxonomy (lang, taxon, searched_taxon, fleur_fk) values ("fr","Ambroisie à feuilles d'Armoise","ambroisie a feuilles d'armoise",64);
insert into taxonomy (lang, taxon, searched_taxon, fleur_fk) values ("fr","Ambroisie élevée","ambroisie elevee",64);
insert into taxonomy (lang, taxon, searched_taxon, fleur_fk) values ("la","Ambrosia artemisiifolia","ambrosia artemisiifolia",64);
insert into taxonomy (lang, taxon, searched_taxon, fleur_fk) values ("en","Common Ragweed","common ragweed",64);
insert into fleur_inflorescence (fleur_fk, inflorescence_fk) values (64,0);
insert into fleur_couleur (fleur_fk, couleur_fk) values (64,6);
insert into fleur_couleur (fleur_fk, couleur_fk) values (64,4);
insert into fleur_aspect (fleur_fk, aspect_fk) values (64,4);
insert into fleur_nb_petale (fleur_fk, nb_petale_fk) values (64,1);
insert into fleur_type_feuille (fleur_fk, type_feuille_fk) values (64,1);
insert into fleur_disposition_feuille (fleur_fk, disposition_feuille_fk) values (64,0);
insert into fleur_pilosite_tige (fleur_fk, pilosite_tige_fk) values (64,1);
insert into fleur_pilosite_feuille (fleur_fk, pilosite_feuille_fk) values (64,1);
insert into fleur (id,directory_name,scientific_family_fk) values (65,"aquilegia_vulgaris",2);
insert into taxonomy (lang, taxon, searched_taxon, fleur_fk) values ("fr","Ancolie commune","ancolie commune",65);
insert into taxonomy (lang, taxon, searched_taxon, fleur_fk) values ("la","Aquilegia vulgaris","aquilegia vulgaris",65);
insert into taxonomy (lang, taxon, searched_taxon, fleur_fk) values ("en","Common columbine","common columbine",65);
insert into fleur_inflorescence (fleur_fk, inflorescence_fk) values (65,1);
insert into fleur_couleur (fleur_fk, couleur_fk) values (65,2);
insert into fleur_couleur (fleur_fk, couleur_fk) values (65,1);
insert into fleur_aspect (fleur_fk, aspect_fk) values (65,0);
insert into fleur_nb_petale (fleur_fk, nb_petale_fk) values (65,0);
insert into fleur_type_feuille (fleur_fk, type_feuille_fk) values (65,0);
insert into fleur_disposition_feuille (fleur_fk, disposition_feuille_fk) values (65,0);
insert into fleur_pilosite_tige (fleur_fk, pilosite_tige_fk) values (65,1);
insert into fleur_pilosite_feuille (fleur_fk, pilosite_feuille_fk) values (65,2);
insert into fleur (id,directory_name,scientific_family_fk) values (66,"andryala_integrifolia",1);
insert into taxonomy (lang, taxon, searched_taxon, fleur_fk) values ("fr","Andryale à feuilles entières","andryale a feuilles entieres",66);
insert into taxonomy (lang, taxon, searched_taxon, fleur_fk) values ("fr","Andryale sinueuse","andryale sinueuse",66);
insert into taxonomy (lang, taxon, searched_taxon, fleur_fk) values ("la","Andryala integrifolia","andryala integrifolia",66);
insert into taxonomy (lang, taxon, searched_taxon, fleur_fk) values ("en","Common Andryala","common andryala",66);
insert into fleur_inflorescence (fleur_fk, inflorescence_fk) values (66,0);
insert into fleur_couleur (fleur_fk, couleur_fk) values (66,4);
insert into fleur_aspect (fleur_fk, aspect_fk) values (66,4);
insert into fleur_nb_petale (fleur_fk, nb_petale_fk) values (66,1);
insert into fleur_type_feuille (fleur_fk, type_feuille_fk) values (66,2);
insert into fleur_disposition_feuille (fleur_fk, disposition_feuille_fk) values (66,0);
insert into fleur_pilosite_tige (fleur_fk, pilosite_tige_fk) values (66,1);
insert into fleur_pilosite_feuille (fleur_fk, pilosite_feuille_fk) values (66,1);
insert into fleur (id,directory_name,scientific_family_fk) values (67,"anemone_nemorosa",2);
insert into taxonomy (lang, taxon, searched_taxon, fleur_fk) values ("fr","Anémone des bois","anemone des bois",67);
insert into taxonomy (lang, taxon, searched_taxon, fleur_fk) values ("fr","Anémone sylvie","anemone sylvie",67);
insert into taxonomy (lang, taxon, searched_taxon, fleur_fk) values ("la","Anemone nemorosa","anemone nemorosa",67);
insert into taxonomy (lang, taxon, searched_taxon, fleur_fk) values ("en","Wood anemone","wood anemone",67);
insert into fleur_inflorescence (fleur_fk, inflorescence_fk) values (67,1);
insert into fleur_couleur (fleur_fk, couleur_fk) values (67,0);
insert into fleur_aspect (fleur_fk, aspect_fk) values (67,0);
insert into fleur_nb_petale (fleur_fk, nb_petale_fk) values (67,0);
insert into fleur_nb_petale (fleur_fk, nb_petale_fk) values (67,3);
insert into fleur_nb_petale (fleur_fk, nb_petale_fk) values (67,4);
insert into fleur_type_feuille (fleur_fk, type_feuille_fk) values (67,0);
insert into fleur_disposition_feuille (fleur_fk, disposition_feuille_fk) values (67,2);
insert into fleur_pilosite_tige (fleur_fk, pilosite_tige_fk) values (67,1);
insert into fleur_pilosite_feuille (fleur_fk, pilosite_feuille_fk) values (67,1);
insert into fleur (id,directory_name,scientific_family_fk) values (68,"angelica_sylvestris",0);
insert into taxonomy (lang, taxon, searched_taxon, fleur_fk) values ("fr","Angélique des bois","angelique des bois",68);
insert into taxonomy (lang, taxon, searched_taxon, fleur_fk) values ("fr","Angélique sauvage","angelique sauvage",68);
insert into taxonomy (lang, taxon, searched_taxon, fleur_fk) values ("la","Angelica sylvestris","angelica sylvestris",68);
insert into taxonomy (lang, taxon, searched_taxon, fleur_fk) values ("en","wild angelica","wild angelica",68);
insert into fleur_inflorescence (fleur_fk, inflorescence_fk) values (68,0);
insert into fleur_couleur (fleur_fk, couleur_fk) values (68,0);
insert into fleur_aspect (fleur_fk, aspect_fk) values (68,0);
insert into fleur_nb_petale (fleur_fk, nb_petale_fk) values (68,0);
insert into fleur_type_feuille (fleur_fk, type_feuille_fk) values (68,0);
insert into fleur_disposition_feuille (fleur_fk, disposition_feuille_fk) values (68,0);
insert into fleur_pilosite_tige (fleur_fk, pilosite_tige_fk) values (68,0);
insert into fleur_pilosite_feuille (fleur_fk, pilosite_feuille_fk) values (68,2);
insert into fleur (id,directory_name,scientific_family_fk) values (69,"anthemis_mixta",1);
insert into taxonomy (lang, taxon, searched_taxon, fleur_fk) values ("fr","Anthémis bicolore","anthemis bicolore",69);
insert into taxonomy (lang, taxon, searched_taxon, fleur_fk) values ("fr","Camomille mixte","camomille mixte",69);
insert into taxonomy (lang, taxon, searched_taxon, fleur_fk) values ("fr","Anthémis panaché","anthemis panache",69);
insert into taxonomy (lang, taxon, searched_taxon, fleur_fk) values ("la","Anthemis mixta","anthemis mixta",69);
insert into taxonomy (lang, taxon, searched_taxon, fleur_fk) values ("en"," simple-leaved chamomile"," simple-leaved chamomile",69);
insert into fleur_inflorescence (fleur_fk, inflorescence_fk) values (69,1);
insert into fleur_couleur (fleur_fk, couleur_fk) values (69,0);
insert into fleur_couleur (fleur_fk, couleur_fk) values (69,4);
insert into fleur_aspect (fleur_fk, aspect_fk) values (69,1);
insert into fleur_nb_petale (fleur_fk, nb_petale_fk) values (69,1);
insert into fleur_type_feuille (fleur_fk, type_feuille_fk) values (69,1);
insert into fleur_disposition_feuille (fleur_fk, disposition_feuille_fk) values (69,0);
insert into fleur_pilosite_tige (fleur_fk, pilosite_tige_fk) values (69,1);
insert into fleur_pilosite_feuille (fleur_fk, pilosite_feuille_fk) values (69,1);
insert into fleur (id,directory_name,scientific_family_fk) values (70,"anthemis_arvensis",1);
insert into taxonomy (lang, taxon, searched_taxon, fleur_fk) values ("fr","Anthémis des champs","anthemis des champs",70);
insert into taxonomy (lang, taxon, searched_taxon, fleur_fk) values ("fr","Fausse Camomille","fausse camomille",70);
insert into taxonomy (lang, taxon, searched_taxon, fleur_fk) values ("fr","Camomille sauvage","camomille sauvage",70);
insert into taxonomy (lang, taxon, searched_taxon, fleur_fk) values ("la","Anthemis arvensis","anthemis arvensis",70);
insert into taxonomy (lang, taxon, searched_taxon, fleur_fk) values ("en","corn chamomile","corn chamomile",70);
insert into fleur_inflorescence (fleur_fk, inflorescence_fk) values (70,1);
insert into fleur_couleur (fleur_fk, couleur_fk) values (70,0);
insert into fleur_couleur (fleur_fk, couleur_fk) values (70,4);
insert into fleur_aspect (fleur_fk, aspect_fk) values (70,1);
insert into fleur_nb_petale (fleur_fk, nb_petale_fk) values (70,1);
insert into fleur_type_feuille (fleur_fk, type_feuille_fk) values (70,1);
insert into fleur_disposition_feuille (fleur_fk, disposition_feuille_fk) values (70,0);
insert into fleur_pilosite_tige (fleur_fk, pilosite_tige_fk) values (70,1);
insert into fleur_pilosite_feuille (fleur_fk, pilosite_feuille_fk) values (70,1);
insert into fleur (id,directory_name,scientific_family_fk) values (71,"arabidopsis_thaliana",6);
insert into taxonomy (lang, taxon, searched_taxon, fleur_fk) values ("fr","Arabette de Thalius","arabette de thalius",71);
insert into taxonomy (lang, taxon, searched_taxon, fleur_fk) values ("fr","Arabette des dames","arabette des dames",71);
insert into taxonomy (lang, taxon, searched_taxon, fleur_fk) values ("la","Arabidopsis thaliana","arabidopsis thaliana",71);
insert into taxonomy (lang, taxon, searched_taxon, fleur_fk) values ("en","thale cress","thale cress",71);
insert into fleur_inflorescence (fleur_fk, inflorescence_fk) values (71,0);
insert into fleur_couleur (fleur_fk, couleur_fk) values (71,0);
insert into fleur_aspect (fleur_fk, aspect_fk) values (71,0);
insert into fleur_nb_petale (fleur_fk, nb_petale_fk) values (71,2);
insert into fleur_type_feuille (fleur_fk, type_feuille_fk) values (71,2);
insert into fleur_disposition_feuille (fleur_fk, disposition_feuille_fk) values (71,0);
insert into fleur_pilosite_tige (fleur_fk, pilosite_tige_fk) values (71,1);
insert into fleur_pilosite_tige (fleur_fk, pilosite_tige_fk) values (71,0);
insert into fleur_pilosite_feuille (fleur_fk, pilosite_feuille_fk) values (71,1);
insert into fleur (id,directory_name,scientific_family_fk) values (72,"arabis_glabra",6);
insert into taxonomy (lang, taxon, searched_taxon, fleur_fk) values ("fr","Arabette glabre","arabette glabre",72);
insert into taxonomy (lang, taxon, searched_taxon, fleur_fk) values ("fr","Tourette glabre","tourette glabre",72);
insert into taxonomy (lang, taxon, searched_taxon, fleur_fk) values ("fr","Tourelle","tourelle",72);
insert into taxonomy (lang, taxon, searched_taxon, fleur_fk) values ("la","Arabis glabra","arabis glabra",72);
insert into taxonomy (lang, taxon, searched_taxon, fleur_fk) values ("en","tower mustard","tower mustard",72);
insert into fleur_inflorescence (fleur_fk, inflorescence_fk) values (72,0);
insert into fleur_couleur (fleur_fk, couleur_fk) values (72,0);
insert into fleur_aspect (fleur_fk, aspect_fk) values (72,0);
insert into fleur_nb_petale (fleur_fk, nb_petale_fk) values (72,2);
insert into fleur_type_feuille (fleur_fk, type_feuille_fk) values (72,3);
insert into fleur_disposition_feuille (fleur_fk, disposition_feuille_fk) values (72,0);
insert into fleur_pilosite_tige (fleur_fk, pilosite_tige_fk) values (72,0);
insert into fleur_pilosite_feuille (fleur_fk, pilosite_feuille_fk) values (72,0);
insert into fleur_pilosite_feuille (fleur_fk, pilosite_feuille_fk) values (72,1);
insert into fleur (id,directory_name,scientific_family_fk) values (73,"arabis_hirsuta",6);
insert into taxonomy (lang, taxon, searched_taxon, fleur_fk) values ("fr","Arabette hirsute","arabette hirsute",73);
insert into taxonomy (lang, taxon, searched_taxon, fleur_fk) values ("fr","Arabette poilue","arabette poilue",73);
insert into taxonomy (lang, taxon, searched_taxon, fleur_fk) values ("fr","Arabette hérissée","arabette herissee",73);
insert into taxonomy (lang, taxon, searched_taxon, fleur_fk) values ("la","Arabis hirsuta","arabis hirsuta",73);
insert into taxonomy (lang, taxon, searched_taxon, fleur_fk) values ("en","hairy rockcress ","hairy rockcress ",73);
insert into fleur_inflorescence (fleur_fk, inflorescence_fk) values (73,0);
insert into fleur_couleur (fleur_fk, couleur_fk) values (73,0);
insert into fleur_aspect (fleur_fk, aspect_fk) values (73,0);
insert into fleur_nb_petale (fleur_fk, nb_petale_fk) values (73,2);
insert into fleur_type_feuille (fleur_fk, type_feuille_fk) values (73,2);
insert into fleur_disposition_feuille (fleur_fk, disposition_feuille_fk) values (73,0);
insert into fleur_pilosite_tige (fleur_fk, pilosite_tige_fk) values (73,1);
insert into fleur_pilosite_feuille (fleur_fk, pilosite_feuille_fk) values (73,1);
insert into fleur (id,directory_name,scientific_family_fk) values (74,"aristolochia_clematitis",7);
insert into taxonomy (lang, taxon, searched_taxon, fleur_fk) values ("fr","Aristoloche clématite","aristoloche clematite",74);
insert into taxonomy (lang, taxon, searched_taxon, fleur_fk) values ("la","Aristolochia clematitis","aristolochia clematitis",74);
insert into taxonomy (lang, taxon, searched_taxon, fleur_fk) values ("en","birthwort ","birthwort ",74);
insert into fleur_inflorescence (fleur_fk, inflorescence_fk) values (74,0);
insert into fleur_couleur (fleur_fk, couleur_fk) values (74,4);
insert into fleur_aspect (fleur_fk, aspect_fk) values (74,3);
insert into fleur_nb_petale (fleur_fk, nb_petale_fk) values (74,5);
insert into fleur_type_feuille (fleur_fk, type_feuille_fk) values (74,3);
insert into fleur_disposition_feuille (fleur_fk, disposition_feuille_fk) values (74,0);
insert into fleur_pilosite_tige (fleur_fk, pilosite_tige_fk) values (74,0);
insert into fleur_pilosite_feuille (fleur_fk, pilosite_feuille_fk) values (74,0);
insert into fleur (id,directory_name,scientific_family_fk) values (75,"armeria_arenaria",8);
insert into taxonomy (lang, taxon, searched_taxon, fleur_fk) values ("fr","Armérie des sables","armerie des sables",75);
insert into taxonomy (lang, taxon, searched_taxon, fleur_fk) values ("fr","Armérie faux plantain","armerie faux plantain",75);
insert into taxonomy (lang, taxon, searched_taxon, fleur_fk) values ("la","Armeria arenaria","armeria arenaria",75);
insert into taxonomy (lang, taxon, searched_taxon, fleur_fk) values ("en","Armeria arenaria","armeria arenaria",75);
insert into fleur_inflorescence (fleur_fk, inflorescence_fk) values (75,0);
insert into fleur_couleur (fleur_fk, couleur_fk) values (75,3);
insert into fleur_aspect (fleur_fk, aspect_fk) values (75,5);
insert into fleur_nb_petale (fleur_fk, nb_petale_fk) values (75,0);
insert into fleur_type_feuille (fleur_fk, type_feuille_fk) values (75,3);
insert into fleur_disposition_feuille (fleur_fk, disposition_feuille_fk) values (75,3);
insert into fleur_pilosite_tige (fleur_fk, pilosite_tige_fk) values (75,0);
insert into fleur_pilosite_feuille (fleur_fk, pilosite_feuille_fk) values (75,0);
insert into fleur (id,directory_name,scientific_family_fk) values (76,"artemisia_vulgaris",1);
insert into taxonomy (lang, taxon, searched_taxon, fleur_fk) values ("fr","Armoise commune","armoise commune",76);
insert into taxonomy (lang, taxon, searched_taxon, fleur_fk) values ("fr","Artémise","artemise",76);
insert into taxonomy (lang, taxon, searched_taxon, fleur_fk) values ("fr","Armoise citronnelle","armoise citronnelle",76);
insert into taxonomy (lang, taxon, searched_taxon, fleur_fk) values ("la","Artemisia vulgaris","artemisia vulgaris",76);
insert into taxonomy (lang, taxon, searched_taxon, fleur_fk) values ("en","mugwort","mugwort",76);
insert into fleur_inflorescence (fleur_fk, inflorescence_fk) values (76,0);
insert into fleur_couleur (fleur_fk, couleur_fk) values (76,4);
insert into fleur_couleur (fleur_fk, couleur_fk) values (76,6);
insert into fleur_aspect (fleur_fk, aspect_fk) values (76,1);
insert into fleur_aspect (fleur_fk, aspect_fk) values (76,6);
insert into fleur_nb_petale (fleur_fk, nb_petale_fk) values (76,1);
insert into fleur_type_feuille (fleur_fk, type_feuille_fk) values (76,1);
insert into fleur_type_feuille (fleur_fk, type_feuille_fk) values (76,0);
insert into fleur_disposition_feuille (fleur_fk, disposition_feuille_fk) values (76,0);
insert into fleur_pilosite_tige (fleur_fk, pilosite_tige_fk) values (76,0);
insert into fleur_pilosite_feuille (fleur_fk, pilosite_feuille_fk) values (76,2);
insert into fleur (id,directory_name,scientific_family_fk) values (77,"arum_italicum",9);
insert into taxonomy (lang, taxon, searched_taxon, fleur_fk) values ("fr","Arum d'Italie","arum d'italie",77);
insert into taxonomy (lang, taxon, searched_taxon, fleur_fk) values ("fr","Gouet d'Italie","gouet d'italie",77);
insert into taxonomy (lang, taxon, searched_taxon, fleur_fk) values ("la","Arum italicum","arum italicum",77);
insert into taxonomy (lang, taxon, searched_taxon, fleur_fk) values ("en"," Italian arum"," italian arum",77);
insert into fleur_inflorescence (fleur_fk, inflorescence_fk) values (77,1);
insert into fleur_couleur (fleur_fk, couleur_fk) values (77,4);
insert into fleur_couleur (fleur_fk, couleur_fk) values (77,0);
insert into fleur_aspect (fleur_fk, aspect_fk) values (77,7);
insert into fleur_nb_petale (fleur_fk, nb_petale_fk) values (77,6);
insert into fleur_type_feuille (fleur_fk, type_feuille_fk) values (77,3);
insert into fleur_disposition_feuille (fleur_fk, disposition_feuille_fk) values (77,3);
insert into fleur_pilosite_tige (fleur_fk, pilosite_tige_fk) values (77,0);
insert into fleur_pilosite_feuille (fleur_fk, pilosite_feuille_fk) values (77,0);
insert into fleur (id,directory_name,scientific_family_fk) values (78,"arum_maculatum",9);
insert into taxonomy (lang, taxon, searched_taxon, fleur_fk) values ("fr","Arum tacheté","arum tachete",78);
insert into taxonomy (lang, taxon, searched_taxon, fleur_fk) values ("fr","Gouet tacheté","gouet tachete",78);
insert into taxonomy (lang, taxon, searched_taxon, fleur_fk) values ("la","Arum maculatum","arum maculatum",78);
insert into taxonomy (lang, taxon, searched_taxon, fleur_fk) values ("en","wild arum","wild arum",78);
insert into fleur_inflorescence (fleur_fk, inflorescence_fk) values (78,1);
insert into fleur_couleur (fleur_fk, couleur_fk) values (78,7);
insert into fleur_couleur (fleur_fk, couleur_fk) values (78,8);
insert into fleur_aspect (fleur_fk, aspect_fk) values (78,7);
insert into fleur_nb_petale (fleur_fk, nb_petale_fk) values (78,6);
insert into fleur_type_feuille (fleur_fk, type_feuille_fk) values (78,3);
insert into fleur_disposition_feuille (fleur_fk, disposition_feuille_fk) values (78,3);
insert into fleur_pilosite_tige (fleur_fk, pilosite_tige_fk) values (78,0);
insert into fleur_pilosite_feuille (fleur_fk, pilosite_feuille_fk) values (78,0);
insert into fleur (id,directory_name,scientific_family_fk) values (79,"asparagus_officinalis",10);
insert into taxonomy (lang, taxon, searched_taxon, fleur_fk) values ("fr","Asperge","asperge",79);
insert into taxonomy (lang, taxon, searched_taxon, fleur_fk) values ("fr","Asperge officinale","asperge officinale",79);
insert into taxonomy (lang, taxon, searched_taxon, fleur_fk) values ("la","Asparagus officinalis","asparagus officinalis",79);
insert into taxonomy (lang, taxon, searched_taxon, fleur_fk) values ("en","asparagus","asparagus",79);
insert into fleur_inflorescence (fleur_fk, inflorescence_fk) values (79,1);
insert into fleur_couleur (fleur_fk, couleur_fk) values (79,6);
insert into fleur_couleur (fleur_fk, couleur_fk) values (79,4);
insert into fleur_aspect (fleur_fk, aspect_fk) values (79,0);
insert into fleur_nb_petale (fleur_fk, nb_petale_fk) values (79,3);
insert into fleur_type_feuille (fleur_fk, type_feuille_fk) values (79,3);
insert into fleur_disposition_feuille (fleur_fk, disposition_feuille_fk) values (79,4);
insert into fleur_pilosite_tige (fleur_fk, pilosite_tige_fk) values (79,0);
insert into fleur_pilosite_feuille (fleur_fk, pilosite_feuille_fk) values (79,0);
insert into fleur (id,directory_name,scientific_family_fk) values (80,"aster_lanceolatus",1);
insert into taxonomy (lang, taxon, searched_taxon, fleur_fk) values ("fr","Aster lancéolé","aster lanceole",80);
insert into taxonomy (lang, taxon, searched_taxon, fleur_fk) values ("fr","Aster à feuilles lancéolées","aster a feuilles lanceolees",80);
insert into taxonomy (lang, taxon, searched_taxon, fleur_fk) values ("la","Aster lanceolatus","aster lanceolatus",80);
insert into taxonomy (lang, taxon, searched_taxon, fleur_fk) values ("en","panicled aster","panicled aster",80);
insert into fleur_inflorescence (fleur_fk, inflorescence_fk) values (80,0);
insert into fleur_couleur (fleur_fk, couleur_fk) values (80,0);
insert into fleur_couleur (fleur_fk, couleur_fk) values (80,4);
insert into fleur_aspect (fleur_fk, aspect_fk) values (80,1);
insert into fleur_nb_petale (fleur_fk, nb_petale_fk) values (80,1);
insert into fleur_type_feuille (fleur_fk, type_feuille_fk) values (80,2);
insert into fleur_disposition_feuille (fleur_fk, disposition_feuille_fk) values (80,0);
insert into fleur_pilosite_tige (fleur_fk, pilosite_tige_fk) values (80,0);
insert into fleur_pilosite_feuille (fleur_fk, pilosite_feuille_fk) values (80,0);
insert into fleur (id,directory_name,scientific_family_fk) values (81,"astragalus_glycyphyllos",11);
insert into taxonomy (lang, taxon, searched_taxon, fleur_fk) values ("fr","Astragale à feuilles de réglisse","astragale a feuilles de reglisse",81);
insert into taxonomy (lang, taxon, searched_taxon, fleur_fk) values ("fr","Astragale réglisse","astragale reglisse",81);
insert into taxonomy (lang, taxon, searched_taxon, fleur_fk) values ("fr","Réglisse sauvage","reglisse sauvage",81);
insert into taxonomy (lang, taxon, searched_taxon, fleur_fk) values ("la","Astragalus glycyphyllos","astragalus glycyphyllos",81);
insert into taxonomy (lang, taxon, searched_taxon, fleur_fk) values ("en","Liquorice milkvetch","liquorice milkvetch",81);
insert into fleur_inflorescence (fleur_fk, inflorescence_fk) values (81,0);
insert into fleur_couleur (fleur_fk, couleur_fk) values (81,0);
insert into fleur_couleur (fleur_fk, couleur_fk) values (81,6);
insert into fleur_aspect (fleur_fk, aspect_fk) values (81,2);
insert into fleur_nb_petale (fleur_fk, nb_petale_fk) values (81,0);
insert into fleur_type_feuille (fleur_fk, type_feuille_fk) values (81,0);
insert into fleur_disposition_feuille (fleur_fk, disposition_feuille_fk) values (81,0);
insert into fleur_pilosite_tige (fleur_fk, pilosite_tige_fk) values (81,0);
insert into fleur_pilosite_feuille (fleur_fk, pilosite_feuille_fk) values (81,2);
insert into fleur (id,directory_name,scientific_family_fk) values (82,"ballota_nigra",3);
insert into taxonomy (lang, taxon, searched_taxon, fleur_fk) values ("fr","Ballote noire","ballote noire",82);
insert into taxonomy (lang, taxon, searched_taxon, fleur_fk) values ("fr","Ballote fétide","ballote fetide",82);
insert into taxonomy (lang, taxon, searched_taxon, fleur_fk) values ("fr","Marrube noire","marrube noire",82);
insert into taxonomy (lang, taxon, searched_taxon, fleur_fk) values ("la","Ballota nigra","ballota nigra",82);
insert into taxonomy (lang, taxon, searched_taxon, fleur_fk) values ("en","black horehound","black horehound",82);
insert into fleur_inflorescence (fleur_fk, inflorescence_fk) values (82,0);
insert into fleur_couleur (fleur_fk, couleur_fk) values (82,3);
insert into fleur_couleur (fleur_fk, couleur_fk) values (82,0);
insert into fleur_aspect (fleur_fk, aspect_fk) values (82,3);
insert into fleur_nb_petale (fleur_fk, nb_petale_fk) values (82,0);
insert into fleur_type_feuille (fleur_fk, type_feuille_fk) values (82,2);
insert into fleur_disposition_feuille (fleur_fk, disposition_feuille_fk) values (82,1);
insert into fleur_pilosite_tige (fleur_fk, pilosite_tige_fk) values (82,1);
insert into fleur_pilosite_feuille (fleur_fk, pilosite_feuille_fk) values (82,1);
insert into fleur (id,directory_name,scientific_family_fk) values (83,"barbarea_vulgaris",6);
insert into taxonomy (lang, taxon, searched_taxon, fleur_fk) values ("fr","Barbarée commune","barbaree commune",83);
insert into taxonomy (lang, taxon, searched_taxon, fleur_fk) values ("fr","Herbe de Sainte Barbe","herbe de sainte barbe",83);
insert into taxonomy (lang, taxon, searched_taxon, fleur_fk) values ("la","Barbarea vulgaris","barbarea vulgaris",83);
insert into taxonomy (lang, taxon, searched_taxon, fleur_fk) values ("en","bittercress","bittercress",83);
insert into fleur_inflorescence (fleur_fk, inflorescence_fk) values (83,0);
insert into fleur_couleur (fleur_fk, couleur_fk) values (83,4);
insert into fleur_aspect (fleur_fk, aspect_fk) values (83,0);
insert into fleur_nb_petale (fleur_fk, nb_petale_fk) values (83,2);
insert into fleur_type_feuille (fleur_fk, type_feuille_fk) values (83,1);
insert into fleur_disposition_feuille (fleur_fk, disposition_feuille_fk) values (83,0);
insert into fleur_pilosite_tige (fleur_fk, pilosite_tige_fk) values (83,0);
insert into fleur_pilosite_feuille (fleur_fk, pilosite_feuille_fk) values (83,0);
insert into fleur (id,directory_name,scientific_family_fk) values (84,"barbarea_intermedia",6);
insert into taxonomy (lang, taxon, searched_taxon, fleur_fk) values ("fr","Barbarée intermédiaire","barbaree intermediaire",84);
insert into taxonomy (lang, taxon, searched_taxon, fleur_fk) values ("fr","Barbarée précoce","barbaree precoce",84);
insert into taxonomy (lang, taxon, searched_taxon, fleur_fk) values ("la","Barbarea intermedia","barbarea intermedia",84);
insert into taxonomy (lang, taxon, searched_taxon, fleur_fk) values ("en","Medium-flowered Winter-cress","medium-flowered winter-cress",84);
insert into fleur_inflorescence (fleur_fk, inflorescence_fk) values (84,0);
insert into fleur_couleur (fleur_fk, couleur_fk) values (84,4);
insert into fleur_aspect (fleur_fk, aspect_fk) values (84,0);
insert into fleur_nb_petale (fleur_fk, nb_petale_fk) values (84,2);
insert into fleur_type_feuille (fleur_fk, type_feuille_fk) values (84,1);
insert into fleur_disposition_feuille (fleur_fk, disposition_feuille_fk) values (84,0);
insert into fleur_pilosite_tige (fleur_fk, pilosite_tige_fk) values (84,0);
insert into fleur_pilosite_feuille (fleur_fk, pilosite_feuille_fk) values (84,0);
insert into fleur (id,directory_name,scientific_family_fk) values (85,"barbarea_verna",6);
insert into taxonomy (lang, taxon, searched_taxon, fleur_fk) values ("fr","Barbarée printanière","barbaree printaniere",85);
insert into taxonomy (lang, taxon, searched_taxon, fleur_fk) values ("la","Barbarea verna","barbarea verna",85);
insert into taxonomy (lang, taxon, searched_taxon, fleur_fk) values ("en","American Winter-cress","american winter-cress",85);
insert into fleur_inflorescence (fleur_fk, inflorescence_fk) values (85,0);
insert into fleur_couleur (fleur_fk, couleur_fk) values (85,4);
insert into fleur_aspect (fleur_fk, aspect_fk) values (85,0);
insert into fleur_nb_petale (fleur_fk, nb_petale_fk) values (85,2);
insert into fleur_type_feuille (fleur_fk, type_feuille_fk) values (85,1);
insert into fleur_disposition_feuille (fleur_fk, disposition_feuille_fk) values (85,0);
insert into fleur_pilosite_tige (fleur_fk, pilosite_tige_fk) values (85,0);
insert into fleur_pilosite_feuille (fleur_fk, pilosite_feuille_fk) values (85,0);
insert into fleur (id,directory_name,scientific_family_fk) values (86,"arctium_minus",1);
insert into taxonomy (lang, taxon, searched_taxon, fleur_fk) values ("fr","Bardane à petites têtes","bardane a petites tetes",86);
insert into taxonomy (lang, taxon, searched_taxon, fleur_fk) values ("fr","Petite bardane","petite bardane",86);
insert into taxonomy (lang, taxon, searched_taxon, fleur_fk) values ("la","Arctium minus","arctium minus",86);
insert into taxonomy (lang, taxon, searched_taxon, fleur_fk) values ("en","lesser burdock","lesser burdock",86);
insert into fleur_inflorescence (fleur_fk, inflorescence_fk) values (86,0);
insert into fleur_couleur (fleur_fk, couleur_fk) values (86,3);
insert into fleur_aspect (fleur_fk, aspect_fk) values (86,6);
insert into fleur_nb_petale (fleur_fk, nb_petale_fk) values (86,1);
insert into fleur_type_feuille (fleur_fk, type_feuille_fk) values (86,3);
insert into fleur_disposition_feuille (fleur_fk, disposition_feuille_fk) values (86,0);
insert into fleur_pilosite_tige (fleur_fk, pilosite_tige_fk) values (86,1);
insert into fleur_pilosite_feuille (fleur_fk, pilosite_feuille_fk) values (86,2);
insert into fleur (id,directory_name,scientific_family_fk) values (87,"arctium_lappa",1);
insert into taxonomy (lang, taxon, searched_taxon, fleur_fk) values ("fr","Bardane commune","bardane commune",87);
insert into taxonomy (lang, taxon, searched_taxon, fleur_fk) values ("fr","Bardane officinale","bardane officinale",87);
insert into taxonomy (lang, taxon, searched_taxon, fleur_fk) values ("fr","Grande bardane","grande bardane",87);
insert into taxonomy (lang, taxon, searched_taxon, fleur_fk) values ("la","Arctium lappa","arctium lappa",87);
insert into taxonomy (lang, taxon, searched_taxon, fleur_fk) values ("en","greater burdock","greater burdock",87);
insert into fleur_inflorescence (fleur_fk, inflorescence_fk) values (87,0);
insert into fleur_couleur (fleur_fk, couleur_fk) values (87,3);
insert into fleur_aspect (fleur_fk, aspect_fk) values (87,6);
insert into fleur_nb_petale (fleur_fk, nb_petale_fk) values (87,1);
insert into fleur_type_feuille (fleur_fk, type_feuille_fk) values (87,3);
insert into fleur_disposition_feuille (fleur_fk, disposition_feuille_fk) values (87,0);
insert into fleur_pilosite_tige (fleur_fk, pilosite_tige_fk) values (87,1);
insert into fleur_pilosite_feuille (fleur_fk, pilosite_feuille_fk) values (87,2);
insert into fleur (id,directory_name,scientific_family_fk) values (88,"geum_urbanum",4);
insert into taxonomy (lang, taxon, searched_taxon, fleur_fk) values ("fr","Benoîte urbaine","benoite urbaine",88);
insert into taxonomy (lang, taxon, searched_taxon, fleur_fk) values ("fr","Herbe de Saint Benoît","herbe de saint benoit",88);
insert into taxonomy (lang, taxon, searched_taxon, fleur_fk) values ("fr","Benoîte commune","benoite commune",88);
insert into taxonomy (lang, taxon, searched_taxon, fleur_fk) values ("la","Geum urbanum","geum urbanum",88);
insert into taxonomy (lang, taxon, searched_taxon, fleur_fk) values ("en","wood avens","wood avens",88);
insert into fleur_inflorescence (fleur_fk, inflorescence_fk) values (88,1);
insert into fleur_couleur (fleur_fk, couleur_fk) values (88,4);
insert into fleur_aspect (fleur_fk, aspect_fk) values (88,0);
insert into fleur_nb_petale (fleur_fk, nb_petale_fk) values (88,0);
insert into fleur_type_feuille (fleur_fk, type_feuille_fk) values (88,0);
insert into fleur_disposition_feuille (fleur_fk, disposition_feuille_fk) values (88,0);
insert into fleur_pilosite_tige (fleur_fk, pilosite_tige_fk) values (88,1);
insert into fleur_pilosite_feuille (fleur_fk, pilosite_feuille_fk) values (88,2);
insert into fleur (id,directory_name,scientific_family_fk) values (89,"heracleum_sphondylium",0);
insert into taxonomy (lang, taxon, searched_taxon, fleur_fk) values ("fr","Berce des prés","berce des pres",89);
insert into taxonomy (lang, taxon, searched_taxon, fleur_fk) values ("fr","Grande berce","grande berce",89);
insert into taxonomy (lang, taxon, searched_taxon, fleur_fk) values ("fr","Berce commune","berce commune",89);
insert into taxonomy (lang, taxon, searched_taxon, fleur_fk) values ("la","Heracleum sphondylium","heracleum sphondylium",89);
insert into taxonomy (lang, taxon, searched_taxon, fleur_fk) values ("en","hogweed","hogweed",89);
insert into fleur_inflorescence (fleur_fk, inflorescence_fk) values (89,0);
insert into fleur_couleur (fleur_fk, couleur_fk) values (89,0);
insert into fleur_aspect (fleur_fk, aspect_fk) values (89,0);
insert into fleur_aspect (fleur_fk, aspect_fk) values (89,2);
insert into fleur_nb_petale (fleur_fk, nb_petale_fk) values (89,0);
insert into fleur_type_feuille (fleur_fk, type_feuille_fk) values (89,0);
insert into fleur_disposition_feuille (fleur_fk, disposition_feuille_fk) values (89,0);
insert into fleur_pilosite_tige (fleur_fk, pilosite_tige_fk) values (89,1);
insert into fleur_pilosite_feuille (fleur_fk, pilosite_feuille_fk) values (89,1);
insert into fleur (id,directory_name,scientific_family_fk) values (90,"bidens_frondosa",1);
insert into taxonomy (lang, taxon, searched_taxon, fleur_fk) values ("fr","Bident feuillé","bident feuille",90);
insert into taxonomy (lang, taxon, searched_taxon, fleur_fk) values ("fr","Bident à fruits noirs","bident a fruits noirs",90);
insert into taxonomy (lang, taxon, searched_taxon, fleur_fk) values ("la","Bidens frondosa","bidens frondosa",90);
insert into taxonomy (lang, taxon, searched_taxon, fleur_fk) values ("en","devil's beggarticks","devil's beggarticks",90);
insert into fleur_inflorescence (fleur_fk, inflorescence_fk) values (90,0);
insert into fleur_couleur (fleur_fk, couleur_fk) values (90,4);
insert into fleur_aspect (fleur_fk, aspect_fk) values (90,6);
insert into fleur_nb_petale (fleur_fk, nb_petale_fk) values (90,1);
insert into fleur_type_feuille (fleur_fk, type_feuille_fk) values (90,0);
insert into fleur_disposition_feuille (fleur_fk, disposition_feuille_fk) values (90,1);
insert into fleur_pilosite_tige (fleur_fk, pilosite_tige_fk) values (90,1);
insert into fleur_pilosite_feuille (fleur_fk, pilosite_feuille_fk) values (90,0);
insert into fleur (id,directory_name,scientific_family_fk) values (91,"bidens_cernua",1);
insert into taxonomy (lang, taxon, searched_taxon, fleur_fk) values ("fr","Bident penché","bident penche",91);
insert into taxonomy (lang, taxon, searched_taxon, fleur_fk) values ("la","Bidens cernua","bidens cernua",91);
insert into taxonomy (lang, taxon, searched_taxon, fleur_fk) values ("en","Nodding Bur-marigold","nodding bur-marigold",91);
insert into fleur_inflorescence (fleur_fk, inflorescence_fk) values (91,0);
insert into fleur_couleur (fleur_fk, couleur_fk) values (91,4);
insert into fleur_aspect (fleur_fk, aspect_fk) values (91,6);
insert into fleur_nb_petale (fleur_fk, nb_petale_fk) values (91,1);
insert into fleur_type_feuille (fleur_fk, type_feuille_fk) values (91,2);
insert into fleur_disposition_feuille (fleur_fk, disposition_feuille_fk) values (91,1);
insert into fleur_pilosite_tige (fleur_fk, pilosite_tige_fk) values (91,1);
insert into fleur_pilosite_feuille (fleur_fk, pilosite_feuille_fk) values (91,1);
insert into fleur_pilosite_feuille (fleur_fk, pilosite_feuille_fk) values (91,0);
insert into fleur (id,directory_name,scientific_family_fk) values (92,"bidens_radiata",1);
insert into taxonomy (lang, taxon, searched_taxon, fleur_fk) values ("fr","Bident rayonnant","bident rayonnant",92);
insert into taxonomy (lang, taxon, searched_taxon, fleur_fk) values ("la","Bidens radiata","bidens radiata",92);
insert into taxonomy (lang, taxon, searched_taxon, fleur_fk) values ("en","Bidens radiata","bidens radiata",92);
insert into fleur_inflorescence (fleur_fk, inflorescence_fk) values (92,0);
insert into fleur_couleur (fleur_fk, couleur_fk) values (92,4);
insert into fleur_aspect (fleur_fk, aspect_fk) values (92,6);
insert into fleur_nb_petale (fleur_fk, nb_petale_fk) values (92,1);
insert into fleur_type_feuille (fleur_fk, type_feuille_fk) values (92,1);
insert into fleur_disposition_feuille (fleur_fk, disposition_feuille_fk) values (92,1);
insert into fleur_pilosite_tige (fleur_fk, pilosite_tige_fk) values (92,1);
insert into fleur_pilosite_tige (fleur_fk, pilosite_tige_fk) values (92,0);
insert into fleur_pilosite_feuille (fleur_fk, pilosite_feuille_fk) values (92,1);
insert into fleur_pilosite_feuille (fleur_fk, pilosite_feuille_fk) values (92,0);
insert into fleur (id,directory_name,scientific_family_fk) values (93,"bidens_tripartita",1);
insert into taxonomy (lang, taxon, searched_taxon, fleur_fk) values ("fr","Bident trifoliolé","bident trifoliole",93);
insert into taxonomy (lang, taxon, searched_taxon, fleur_fk) values ("fr","Bident à feuilles tripartites","bident a feuilles tripartites",93);
insert into taxonomy (lang, taxon, searched_taxon, fleur_fk) values ("fr","Bident tripartite","bident tripartite",93);
insert into taxonomy (lang, taxon, searched_taxon, fleur_fk) values ("la","Bidens tripartita","bidens tripartita",93);
insert into taxonomy (lang, taxon, searched_taxon, fleur_fk) values ("en","Trifid Bur-marigold","trifid bur-marigold",93);
insert into fleur_inflorescence (fleur_fk, inflorescence_fk) values (93,0);
insert into fleur_couleur (fleur_fk, couleur_fk) values (93,4);
insert into fleur_aspect (fleur_fk, aspect_fk) values (93,6);
insert into fleur_nb_petale (fleur_fk, nb_petale_fk) values (93,1);
insert into fleur_type_feuille (fleur_fk, type_feuille_fk) values (93,1);
insert into fleur_disposition_feuille (fleur_fk, disposition_feuille_fk) values (93,1);
insert into fleur_pilosite_tige (fleur_fk, pilosite_tige_fk) values (93,1);
insert into fleur_pilosite_tige (fleur_fk, pilosite_tige_fk) values (93,0);
insert into fleur_pilosite_feuille (fleur_fk, pilosite_feuille_fk) values (93,1);
insert into fleur_pilosite_feuille (fleur_fk, pilosite_feuille_fk) values (93,2);
insert into fleur (id,directory_name,scientific_family_fk) values (94,"blackstonia_perfoliata",12);
insert into taxonomy (lang, taxon, searched_taxon, fleur_fk) values ("fr","Blackstonie perfoliée","blackstonie perfoliee",94);
insert into taxonomy (lang, taxon, searched_taxon, fleur_fk) values ("fr","Chlorette","chlorette",94);
insert into taxonomy (lang, taxon, searched_taxon, fleur_fk) values ("fr","Chlore perfoliée","chlore perfoliee",94);
insert into taxonomy (lang, taxon, searched_taxon, fleur_fk) values ("la","Blackstonia perfoliata","blackstonia perfoliata",94);
insert into taxonomy (lang, taxon, searched_taxon, fleur_fk) values ("en","yellow-wort","yellow-wort",94);
insert into fleur_inflorescence (fleur_fk, inflorescence_fk) values (94,0);
insert into fleur_couleur (fleur_fk, couleur_fk) values (94,4);
insert into fleur_aspect (fleur_fk, aspect_fk) values (94,5);
insert into fleur_nb_petale (fleur_fk, nb_petale_fk) values (94,4);
insert into fleur_type_feuille (fleur_fk, type_feuille_fk) values (94,3);
insert into fleur_disposition_feuille (fleur_fk, disposition_feuille_fk) values (94,1);
insert into fleur_pilosite_tige (fleur_fk, pilosite_tige_fk) values (94,0);
insert into fleur_pilosite_feuille (fleur_fk, pilosite_feuille_fk) values (94,0);
insert into fleur (id,directory_name,scientific_family_fk) values (95,"centaurea_cyanus",1);
insert into taxonomy (lang, taxon, searched_taxon, fleur_fk) values ("fr","Bleuet","bleuet",95);
insert into taxonomy (lang, taxon, searched_taxon, fleur_fk) values ("la","Centaurea cyanus","centaurea cyanus",95);
insert into taxonomy (lang, taxon, searched_taxon, fleur_fk) values ("en","cornflower","cornflower",95);
insert into fleur_inflorescence (fleur_fk, inflorescence_fk) values (95,1);
insert into fleur_couleur (fleur_fk, couleur_fk) values (95,9);
insert into fleur_aspect (fleur_fk, aspect_fk) values (95,6);
insert into fleur_nb_petale (fleur_fk, nb_petale_fk) values (95,1);
insert into fleur_type_feuille (fleur_fk, type_feuille_fk) values (95,1);
insert into fleur_disposition_feuille (fleur_fk, disposition_feuille_fk) values (95,0);
insert into fleur_pilosite_tige (fleur_fk, pilosite_tige_fk) values (95,1);
insert into fleur_pilosite_feuille (fleur_fk, pilosite_feuille_fk) values (95,1);
insert into fleur (id,directory_name,scientific_family_fk) values (96,"borago_officinalis",13);
insert into taxonomy (lang, taxon, searched_taxon, fleur_fk) values ("fr","Bourrache officinale","bourrache officinale",96);
insert into taxonomy (lang, taxon, searched_taxon, fleur_fk) values ("la","Borago officinalis","borago officinalis",96);
insert into taxonomy (lang, taxon, searched_taxon, fleur_fk) values ("en","starflower","starflower",96);
insert into fleur_inflorescence (fleur_fk, inflorescence_fk) values (96,0);
insert into fleur_couleur (fleur_fk, couleur_fk) values (96,9);
insert into fleur_aspect (fleur_fk, aspect_fk) values (96,5);
insert into fleur_nb_petale (fleur_fk, nb_petale_fk) values (96,0);
insert into fleur_type_feuille (fleur_fk, type_feuille_fk) values (96,2);
insert into fleur_disposition_feuille (fleur_fk, disposition_feuille_fk) values (96,0);
insert into fleur_pilosite_tige (fleur_fk, pilosite_tige_fk) values (96,1);
insert into fleur_pilosite_feuille (fleur_fk, pilosite_feuille_fk) values (96,1);
insert into fleur (id,directory_name,scientific_family_fk) values (97,"prunella_laciniata",3);
insert into taxonomy (lang, taxon, searched_taxon, fleur_fk) values ("fr","Brunelle blanche","brunelle blanche",97);
insert into taxonomy (lang, taxon, searched_taxon, fleur_fk) values ("la","Prunella laciniata","prunella laciniata",97);
insert into taxonomy (lang, taxon, searched_taxon, fleur_fk) values ("en","Cut-leaf Self-heal","cut-leaf self-heal",97);
insert into fleur_inflorescence (fleur_fk, inflorescence_fk) values (97,0);
insert into fleur_couleur (fleur_fk, couleur_fk) values (97,0);
insert into fleur_aspect (fleur_fk, aspect_fk) values (97,3);
insert into fleur_nb_petale (fleur_fk, nb_petale_fk) values (97,2);
insert into fleur_type_feuille (fleur_fk, type_feuille_fk) values (97,3);
insert into fleur_disposition_feuille (fleur_fk, disposition_feuille_fk) values (97,1);
insert into fleur_pilosite_tige (fleur_fk, pilosite_tige_fk) values (97,1);
insert into fleur_pilosite_feuille (fleur_fk, pilosite_feuille_fk) values (97,1);
insert into fleur (id,directory_name,scientific_family_fk) values (98,"prunella_vulgaris",3);
insert into taxonomy (lang, taxon, searched_taxon, fleur_fk) values ("fr","Brunelle commune","brunelle commune",98);
insert into taxonomy (lang, taxon, searched_taxon, fleur_fk) values ("la","Prunella vulgaris","prunella vulgaris",98);
insert into taxonomy (lang, taxon, searched_taxon, fleur_fk) values ("en"," common self-heal"," common self-heal",98);
insert into fleur_inflorescence (fleur_fk, inflorescence_fk) values (98,0);
insert into fleur_couleur (fleur_fk, couleur_fk) values (98,2);
insert into fleur_couleur (fleur_fk, couleur_fk) values (98,3);
insert into fleur_aspect (fleur_fk, aspect_fk) values (98,3);
insert into fleur_nb_petale (fleur_fk, nb_petale_fk) values (98,2);
insert into fleur_type_feuille (fleur_fk, type_feuille_fk) values (98,2);
insert into fleur_disposition_feuille (fleur_fk, disposition_feuille_fk) values (98,1);
insert into fleur_pilosite_tige (fleur_fk, pilosite_tige_fk) values (98,1);
insert into fleur_pilosite_tige (fleur_fk, pilosite_tige_fk) values (98,0);
insert into fleur_pilosite_feuille (fleur_fk, pilosite_feuille_fk) values (98,1);
insert into fleur (id,directory_name,scientific_family_fk) values (99,"prunella_grandiflora",3);
insert into taxonomy (lang, taxon, searched_taxon, fleur_fk) values ("fr","Brunelle à grandes feuilles","brunelle a grandes feuilles",99);
insert into taxonomy (lang, taxon, searched_taxon, fleur_fk) values ("la","Prunella grandiflora","prunella grandiflora",99);
insert into taxonomy (lang, taxon, searched_taxon, fleur_fk) values ("en","Large Self-heal","large self-heal",99);
insert into fleur_inflorescence (fleur_fk, inflorescence_fk) values (99,0);
insert into fleur_couleur (fleur_fk, couleur_fk) values (99,2);
insert into fleur_couleur (fleur_fk, couleur_fk) values (99,3);
insert into fleur_aspect (fleur_fk, aspect_fk) values (99,3);
insert into fleur_nb_petale (fleur_fk, nb_petale_fk) values (99,2);
insert into fleur_type_feuille (fleur_fk, type_feuille_fk) values (99,2);
insert into fleur_disposition_feuille (fleur_fk, disposition_feuille_fk) values (99,1);
insert into fleur_pilosite_tige (fleur_fk, pilosite_tige_fk) values (99,1);
insert into fleur_pilosite_feuille (fleur_fk, pilosite_feuille_fk) values (99,1);
insert into fleur (id,directory_name,scientific_family_fk) values (100,"erica_cinerea",14);
insert into taxonomy (lang, taxon, searched_taxon, fleur_fk) values ("fr","Bruyère cendrée","bruyere cendree",100);
insert into taxonomy (lang, taxon, searched_taxon, fleur_fk) values ("la","Erica cinerea","erica cinerea",100);
insert into taxonomy (lang, taxon, searched_taxon, fleur_fk) values ("en","bell heather","bell heather",100);
insert into fleur_inflorescence (fleur_fk, inflorescence_fk) values (100,0);
insert into fleur_couleur (fleur_fk, couleur_fk) values (100,1);
insert into fleur_aspect (fleur_fk, aspect_fk) values (100,5);
insert into fleur_nb_petale (fleur_fk, nb_petale_fk) values (100,2);
insert into fleur_type_feuille (fleur_fk, type_feuille_fk) values (100,3);
insert into fleur_disposition_feuille (fleur_fk, disposition_feuille_fk) values (100,2);
insert into fleur_pilosite_tige (fleur_fk, pilosite_tige_fk) values (100,1);
insert into fleur_pilosite_feuille (fleur_fk, pilosite_feuille_fk) values (100,0);
insert into fleur (id,directory_name,scientific_family_fk) values (101,"bryonia_dioica",15);
insert into taxonomy (lang, taxon, searched_taxon, fleur_fk) values ("fr","Bryone dioïque","bryone dioique",101);
insert into taxonomy (lang, taxon, searched_taxon, fleur_fk) values ("la","Bryonia dioica","bryonia dioica",101);
insert into taxonomy (lang, taxon, searched_taxon, fleur_fk) values ("en","red bryony","red bryony",101);
insert into fleur_inflorescence (fleur_fk, inflorescence_fk) values (101,0);
insert into fleur_couleur (fleur_fk, couleur_fk) values (101,0);
insert into fleur_couleur (fleur_fk, couleur_fk) values (101,6);
insert into fleur_aspect (fleur_fk, aspect_fk) values (101,5);
insert into fleur_nb_petale (fleur_fk, nb_petale_fk) values (101,0);
insert into fleur_type_feuille (fleur_fk, type_feuille_fk) values (101,2);
insert into fleur_disposition_feuille (fleur_fk, disposition_feuille_fk) values (101,0);
insert into fleur_pilosite_tige (fleur_fk, pilosite_tige_fk) values (101,1);
insert into fleur_pilosite_feuille (fleur_fk, pilosite_feuille_fk) values (101,1);
insert into fleur (id,directory_name,scientific_family_fk) values (102,"ajuga_genevensis",3);
insert into taxonomy (lang, taxon, searched_taxon, fleur_fk) values ("fr","Bugle de Genève","bugle de geneve",102);
insert into taxonomy (lang, taxon, searched_taxon, fleur_fk) values ("la","Ajuga genevensis","ajuga genevensis",102);
insert into taxonomy (lang, taxon, searched_taxon, fleur_fk) values ("en","blue bugle","blue bugle",102);
insert into fleur_inflorescence (fleur_fk, inflorescence_fk) values (102,0);
insert into fleur_couleur (fleur_fk, couleur_fk) values (102,9);
insert into fleur_aspect (fleur_fk, aspect_fk) values (102,3);
insert into fleur_nb_petale (fleur_fk, nb_petale_fk) values (102,0);
insert into fleur_type_feuille (fleur_fk, type_feuille_fk) values (102,2);
insert into fleur_disposition_feuille (fleur_fk, disposition_feuille_fk) values (102,1);
insert into fleur_pilosite_tige (fleur_fk, pilosite_tige_fk) values (102,1);
insert into fleur_pilosite_feuille (fleur_fk, pilosite_feuille_fk) values (102,1);
insert into fleur (id,directory_name,scientific_family_fk) values (103,"ajuga_chamaepitys",3);
insert into taxonomy (lang, taxon, searched_taxon, fleur_fk) values ("fr","Bugle petit pin","bugle petit pin",103);
insert into taxonomy (lang, taxon, searched_taxon, fleur_fk) values ("fr","Ivette","ivette",103);
insert into taxonomy (lang, taxon, searched_taxon, fleur_fk) values ("la","Ajuga chamaepitys","ajuga chamaepitys",103);
insert into taxonomy (lang, taxon, searched_taxon, fleur_fk) values ("en","Yellow bugle","yellow bugle",103);
insert into fleur_inflorescence (fleur_fk, inflorescence_fk) values (103,1);
insert into fleur_couleur (fleur_fk, couleur_fk) values (103,4);
insert into fleur_aspect (fleur_fk, aspect_fk) values (103,3);
insert into fleur_nb_petale (fleur_fk, nb_petale_fk) values (103,0);
insert into fleur_type_feuille (fleur_fk, type_feuille_fk) values (103,1);
insert into fleur_disposition_feuille (fleur_fk, disposition_feuille_fk) values (103,1);
insert into fleur_pilosite_tige (fleur_fk, pilosite_tige_fk) values (103,1);
insert into fleur_pilosite_feuille (fleur_fk, pilosite_feuille_fk) values (103,1);
insert into fleur (id,directory_name,scientific_family_fk) values (104,"ajuga_reptans",3);
insert into taxonomy (lang, taxon, searched_taxon, fleur_fk) values ("fr","Bugle rampante","bugle rampante",104);
insert into taxonomy (lang, taxon, searched_taxon, fleur_fk) values ("la","Ajuga reptans","ajuga reptans",104);
insert into taxonomy (lang, taxon, searched_taxon, fleur_fk) values ("en","common bugle","common bugle",104);
insert into fleur_inflorescence (fleur_fk, inflorescence_fk) values (104,0);
insert into fleur_couleur (fleur_fk, couleur_fk) values (104,9);
insert into fleur_aspect (fleur_fk, aspect_fk) values (104,3);
insert into fleur_nb_petale (fleur_fk, nb_petale_fk) values (104,0);
insert into fleur_type_feuille (fleur_fk, type_feuille_fk) values (104,2);
insert into fleur_disposition_feuille (fleur_fk, disposition_feuille_fk) values (104,1);
insert into fleur_pilosite_tige (fleur_fk, pilosite_tige_fk) values (104,1);
insert into fleur_pilosite_feuille (fleur_fk, pilosite_feuille_fk) values (104,1);
insert into fleur (id,directory_name,scientific_family_fk) values (105,"anchusa_arvensis",13);
insert into taxonomy (lang, taxon, searched_taxon, fleur_fk) values ("fr","Buglosse des champs","buglosse des champs",105);
insert into taxonomy (lang, taxon, searched_taxon, fleur_fk) values ("fr","Petit buglosse","petit buglosse",105);
insert into taxonomy (lang, taxon, searched_taxon, fleur_fk) values ("la","Anchusa arvensis","anchusa arvensis",105);
insert into taxonomy (lang, taxon, searched_taxon, fleur_fk) values ("en","small bugloss","small bugloss",105);
insert into fleur_inflorescence (fleur_fk, inflorescence_fk) values (105,0);
insert into fleur_couleur (fleur_fk, couleur_fk) values (105,9);
insert into fleur_aspect (fleur_fk, aspect_fk) values (105,5);
insert into fleur_nb_petale (fleur_fk, nb_petale_fk) values (105,0);
insert into fleur_type_feuille (fleur_fk, type_feuille_fk) values (105,2);
insert into fleur_disposition_feuille (fleur_fk, disposition_feuille_fk) values (105,0);
insert into fleur_pilosite_tige (fleur_fk, pilosite_tige_fk) values (105,1);
insert into fleur_pilosite_feuille (fleur_fk, pilosite_feuille_fk) values (105,1);
insert into fleur (id,directory_name,scientific_family_fk) values (106,"ononis_spinosa_var._procurrens",11);
insert into taxonomy (lang, taxon, searched_taxon, fleur_fk) values ("fr","Bugrane rampante","bugrane rampante",106);
insert into taxonomy (lang, taxon, searched_taxon, fleur_fk) values ("fr","Arrête-boeuf","arrete-boeuf",106);
insert into taxonomy (lang, taxon, searched_taxon, fleur_fk) values ("la","Ononis spinosa var. procurrens","ononis spinosa var. procurrens",106);
insert into taxonomy (lang, taxon, searched_taxon, fleur_fk) values ("en","common rest-harrow","common rest-harrow",106);
insert into fleur_inflorescence (fleur_fk, inflorescence_fk) values (106,1);
insert into fleur_couleur (fleur_fk, couleur_fk) values (106,1);
insert into fleur_aspect (fleur_fk, aspect_fk) values (106,2);
insert into fleur_nb_petale (fleur_fk, nb_petale_fk) values (106,0);
insert into fleur_type_feuille (fleur_fk, type_feuille_fk) values (106,0);
insert into fleur_disposition_feuille (fleur_fk, disposition_feuille_fk) values (106,0);
insert into fleur_pilosite_tige (fleur_fk, pilosite_tige_fk) values (106,1);
insert into fleur_pilosite_feuille (fleur_fk, pilosite_feuille_fk) values (106,1);
insert into fleur (id,directory_name,scientific_family_fk) values (107,"bupleurum_falcatum",0);
insert into taxonomy (lang, taxon, searched_taxon, fleur_fk) values ("fr","Buplèvre en faux","buplevre en faux",107);
insert into taxonomy (lang, taxon, searched_taxon, fleur_fk) values ("la","Bupleurum falcatum","bupleurum falcatum",107);
insert into taxonomy (lang, taxon, searched_taxon, fleur_fk) values ("en","Chinese Thoroughwax","chinese thoroughwax",107);
insert into fleur_inflorescence (fleur_fk, inflorescence_fk) values (107,0);
insert into fleur_couleur (fleur_fk, couleur_fk) values (107,4);
insert into fleur_aspect (fleur_fk, aspect_fk) values (107,0);
insert into fleur_nb_petale (fleur_fk, nb_petale_fk) values (107,0);
insert into fleur_type_feuille (fleur_fk, type_feuille_fk) values (107,3);
insert into fleur_disposition_feuille (fleur_fk, disposition_feuille_fk) values (107,0);
insert into fleur_pilosite_tige (fleur_fk, pilosite_tige_fk) values (107,0);
insert into fleur_pilosite_feuille (fleur_fk, pilosite_feuille_fk) values (107,0);
insert into fleur (id,directory_name,scientific_family_fk) values (108,"butomus_umbellatus",16);
insert into taxonomy (lang, taxon, searched_taxon, fleur_fk) values ("fr","Butome en ombelle","butome en ombelle",108);
insert into taxonomy (lang, taxon, searched_taxon, fleur_fk) values ("fr","Jonc fleuri","jonc fleuri",108);
insert into taxonomy (lang, taxon, searched_taxon, fleur_fk) values ("la","Butomus umbellatus","butomus umbellatus",108);
insert into taxonomy (lang, taxon, searched_taxon, fleur_fk) values ("en","flowering rush","flowering rush",108);
insert into fleur_inflorescence (fleur_fk, inflorescence_fk) values (108,0);
insert into fleur_couleur (fleur_fk, couleur_fk) values (108,1);
insert into fleur_aspect (fleur_fk, aspect_fk) values (108,2);
insert into fleur_nb_petale (fleur_fk, nb_petale_fk) values (108,3);
insert into fleur_type_feuille (fleur_fk, type_feuille_fk) values (108,3);
insert into fleur_disposition_feuille (fleur_fk, disposition_feuille_fk) values (108,3);
insert into fleur_pilosite_tige (fleur_fk, pilosite_tige_fk) values (108,0);
insert into fleur_pilosite_feuille (fleur_fk, pilosite_feuille_fk) values (108,0);
insert into fleur (id,directory_name,scientific_family_fk) values (109,"calamintha_menthifolia",3);
insert into taxonomy (lang, taxon, searched_taxon, fleur_fk) values ("fr","Calament des bois","calament des bois",109);
insert into taxonomy (lang, taxon, searched_taxon, fleur_fk) values ("fr","Sarriette à feuilles de menthe","sarriette a feuilles de menthe",109);
insert into taxonomy (lang, taxon, searched_taxon, fleur_fk) values ("fr","Calament à feuilles de menthe","calament a feuilles de menthe",109);
insert into taxonomy (lang, taxon, searched_taxon, fleur_fk) values ("la","Calamintha menthifolia","calamintha menthifolia",109);
insert into taxonomy (lang, taxon, searched_taxon, fleur_fk) values ("la","Calamintha officinalis subsp. sylvatica","calamintha officinalis subsp. sylvatica",109);
insert into taxonomy (lang, taxon, searched_taxon, fleur_fk) values ("en","Wood calamint","wood calamint",109);
insert into fleur_inflorescence (fleur_fk, inflorescence_fk) values (109,0);
insert into fleur_couleur (fleur_fk, couleur_fk) values (109,1);
insert into fleur_aspect (fleur_fk, aspect_fk) values (109,3);
insert into fleur_nb_petale (fleur_fk, nb_petale_fk) values (109,0);
insert into fleur_type_feuille (fleur_fk, type_feuille_fk) values (109,2);
insert into fleur_disposition_feuille (fleur_fk, disposition_feuille_fk) values (109,1);
insert into fleur_pilosite_tige (fleur_fk, pilosite_tige_fk) values (109,1);
insert into fleur_pilosite_feuille (fleur_fk, pilosite_feuille_fk) values (109,1);
insert into fleur (id,directory_name,scientific_family_fk) values (110,"calluna_vulgaris",14);
insert into taxonomy (lang, taxon, searched_taxon, fleur_fk) values ("fr","Callune","callune",110);
insert into taxonomy (lang, taxon, searched_taxon, fleur_fk) values ("fr","Bruyère commune","bruyere commune",110);
insert into taxonomy (lang, taxon, searched_taxon, fleur_fk) values ("la","Calluna vulgaris","calluna vulgaris",110);
insert into taxonomy (lang, taxon, searched_taxon, fleur_fk) values ("en","common heather","common heather",110);
insert into fleur_inflorescence (fleur_fk, inflorescence_fk) values (110,0);
insert into fleur_couleur (fleur_fk, couleur_fk) values (110,1);
insert into fleur_aspect (fleur_fk, aspect_fk) values (110,0);
insert into fleur_nb_petale (fleur_fk, nb_petale_fk) values (110,2);
insert into fleur_type_feuille (fleur_fk, type_feuille_fk) values (110,3);
insert into fleur_disposition_feuille (fleur_fk, disposition_feuille_fk) values (110,1);
insert into fleur_pilosite_tige (fleur_fk, pilosite_tige_fk) values (110,1);
insert into fleur_pilosite_feuille (fleur_fk, pilosite_feuille_fk) values (110,0);
insert into fleur (id,directory_name,scientific_family_fk) values (111,"campanula_persicifolia",17);
insert into taxonomy (lang, taxon, searched_taxon, fleur_fk) values ("fr","Campanule à feuilles de pêcher","campanule a feuilles de pecher",111);
insert into taxonomy (lang, taxon, searched_taxon, fleur_fk) values ("la","Campanula persicifolia","campanula persicifolia",111);
insert into taxonomy (lang, taxon, searched_taxon, fleur_fk) values ("en","Peach-leaved bellflower","peach-leaved bellflower",111);
insert into fleur_inflorescence (fleur_fk, inflorescence_fk) values (111,0);
insert into fleur_couleur (fleur_fk, couleur_fk) values (111,9);
insert into fleur_aspect (fleur_fk, aspect_fk) values (111,5);
insert into fleur_nb_petale (fleur_fk, nb_petale_fk) values (111,0);
insert into fleur_type_feuille (fleur_fk, type_feuille_fk) values (111,2);
insert into fleur_disposition_feuille (fleur_fk, disposition_feuille_fk) values (111,0);
insert into fleur_pilosite_tige (fleur_fk, pilosite_tige_fk) values (111,0);
insert into fleur_pilosite_feuille (fleur_fk, pilosite_feuille_fk) values (111,0);
insert into fleur (id,directory_name,scientific_family_fk) values (112,"campanula_glomerata",17);
insert into taxonomy (lang, taxon, searched_taxon, fleur_fk) values ("fr","Campanule agglomérée","campanule agglomeree",112);
insert into taxonomy (lang, taxon, searched_taxon, fleur_fk) values ("fr","Ganteline ","ganteline ",112);
insert into taxonomy (lang, taxon, searched_taxon, fleur_fk) values ("la","Campanula glomerata","campanula glomerata",112);
insert into taxonomy (lang, taxon, searched_taxon, fleur_fk) values ("en","Clustered bellflower","clustered bellflower",112);
insert into fleur_couleur (fleur_fk, couleur_fk) values (112,9);
insert into fleur_couleur (fleur_fk, couleur_fk) values (112,3);
insert into fleur_aspect (fleur_fk, aspect_fk) values (112,5);
insert into fleur_nb_petale (fleur_fk, nb_petale_fk) values (112,0);
insert into fleur_type_feuille (fleur_fk, type_feuille_fk) values (112,2);
insert into fleur_disposition_feuille (fleur_fk, disposition_feuille_fk) values (112,0);
insert into fleur_pilosite_tige (fleur_fk, pilosite_tige_fk) values (112,1);
insert into fleur_pilosite_feuille (fleur_fk, pilosite_feuille_fk) values (112,1);
insert into fleur (id,directory_name,scientific_family_fk) values (113,"campanula_trachelium",17);
insert into taxonomy (lang, taxon, searched_taxon, fleur_fk) values ("fr","Campanule gantelée","campanule gantelee",113);
insert into taxonomy (lang, taxon, searched_taxon, fleur_fk) values ("fr","Campanule à feuilles d'ortie","campanule a feuilles d'ortie",113);
insert into taxonomy (lang, taxon, searched_taxon, fleur_fk) values ("la","Campanula trachelium","campanula trachelium",113);
insert into taxonomy (lang, taxon, searched_taxon, fleur_fk) values ("en","nettle-leaved bellflower","nettle-leaved bellflower",113);
insert into fleur_inflorescence (fleur_fk, inflorescence_fk) values (113,0);
insert into fleur_couleur (fleur_fk, couleur_fk) values (113,9);
insert into fleur_couleur (fleur_fk, couleur_fk) values (113,3);
insert into fleur_aspect (fleur_fk, aspect_fk) values (113,5);
insert into fleur_nb_petale (fleur_fk, nb_petale_fk) values (113,0);
insert into fleur_type_feuille (fleur_fk, type_feuille_fk) values (113,2);
insert into fleur_disposition_feuille (fleur_fk, disposition_feuille_fk) values (113,0);
insert into fleur_pilosite_tige (fleur_fk, pilosite_tige_fk) values (113,1);
insert into fleur_pilosite_feuille (fleur_fk, pilosite_feuille_fk) values (113,1);
insert into fleur (id,directory_name,scientific_family_fk) values (114,"campanula_rapunculus",17);
insert into taxonomy (lang, taxon, searched_taxon, fleur_fk) values ("fr","Campanule raiponce","campanule raiponce",114);
insert into taxonomy (lang, taxon, searched_taxon, fleur_fk) values ("la","Campanula rapunculus","campanula rapunculus",114);
insert into taxonomy (lang, taxon, searched_taxon, fleur_fk) values ("en","rampion bellflower","rampion bellflower",114);
insert into fleur_inflorescence (fleur_fk, inflorescence_fk) values (114,0);
insert into fleur_couleur (fleur_fk, couleur_fk) values (114,9);
insert into fleur_couleur (fleur_fk, couleur_fk) values (114,3);
insert into fleur_aspect (fleur_fk, aspect_fk) values (114,5);
insert into fleur_nb_petale (fleur_fk, nb_petale_fk) values (114,0);
insert into fleur_type_feuille (fleur_fk, type_feuille_fk) values (114,3);
insert into fleur_disposition_feuille (fleur_fk, disposition_feuille_fk) values (114,0);
insert into fleur_pilosite_tige (fleur_fk, pilosite_tige_fk) values (114,1);
insert into fleur_pilosite_feuille (fleur_fk, pilosite_feuille_fk) values (114,1);
insert into fleur_pilosite_feuille (fleur_fk, pilosite_feuille_fk) values (114,2);
insert into fleur (id,directory_name,scientific_family_fk) values (115,"capsella_bursa-pastoris",6);
insert into taxonomy (lang, taxon, searched_taxon, fleur_fk) values ("fr","Capselle bourse à pasteur","capselle bourse a pasteur",115);
insert into taxonomy (lang, taxon, searched_taxon, fleur_fk) values ("fr","Bourse à pasteur","bourse a pasteur",115);
insert into taxonomy (lang, taxon, searched_taxon, fleur_fk) values ("la","Capsella bursa-pastoris","capsella bursa-pastoris",115);
insert into taxonomy (lang, taxon, searched_taxon, fleur_fk) values ("en","shepherd's-purse","shepherd's-purse",115);
insert into fleur_inflorescence (fleur_fk, inflorescence_fk) values (115,0);
insert into fleur_couleur (fleur_fk, couleur_fk) values (115,0);
insert into fleur_aspect (fleur_fk, aspect_fk) values (115,0);
insert into fleur_nb_petale (fleur_fk, nb_petale_fk) values (115,2);
insert into fleur_type_feuille (fleur_fk, type_feuille_fk) values (115,2);
insert into fleur_type_feuille (fleur_fk, type_feuille_fk) values (115,1);
insert into fleur_disposition_feuille (fleur_fk, disposition_feuille_fk) values (115,0);
insert into fleur_pilosite_tige (fleur_fk, pilosite_tige_fk) values (115,0);
insert into fleur_pilosite_feuille (fleur_fk, pilosite_feuille_fk) values (115,1);
insert into fleur (id,directory_name,scientific_family_fk) values (116,"cardamine_pratensis",6);
insert into taxonomy (lang, taxon, searched_taxon, fleur_fk) values ("fr","Cardamine des prés","cardamine des pres",116);
insert into taxonomy (lang, taxon, searched_taxon, fleur_fk) values ("fr","Cressonnette","cressonnette",116);
insert into taxonomy (lang, taxon, searched_taxon, fleur_fk) values ("la","Cardamine pratensis","cardamine pratensis",116);
insert into taxonomy (lang, taxon, searched_taxon, fleur_fk) values ("en","cuckoo flower","cuckoo flower",116);
insert into fleur_inflorescence (fleur_fk, inflorescence_fk) values (116,0);
insert into fleur_couleur (fleur_fk, couleur_fk) values (116,1);
insert into fleur_aspect (fleur_fk, aspect_fk) values (116,0);
insert into fleur_nb_petale (fleur_fk, nb_petale_fk) values (116,2);
insert into fleur_type_feuille (fleur_fk, type_feuille_fk) values (116,1);
insert into fleur_disposition_feuille (fleur_fk, disposition_feuille_fk) values (116,0);
insert into fleur_pilosite_tige (fleur_fk, pilosite_tige_fk) values (116,0);
insert into fleur_pilosite_feuille (fleur_fk, pilosite_feuille_fk) values (116,0);
insert into fleur (id,directory_name,scientific_family_fk) values (117,"cardamine_hirsuta",6);
insert into taxonomy (lang, taxon, searched_taxon, fleur_fk) values ("fr","Cardamine hirsute","cardamine hirsute",117);
insert into taxonomy (lang, taxon, searched_taxon, fleur_fk) values ("fr","Cardamine hérissée","cardamine herissee",117);
insert into taxonomy (lang, taxon, searched_taxon, fleur_fk) values ("la","Cardamine hirsuta","cardamine hirsuta",117);
insert into taxonomy (lang, taxon, searched_taxon, fleur_fk) values ("en","Hairy bittercress","hairy bittercress",117);
insert into fleur_inflorescence (fleur_fk, inflorescence_fk) values (117,0);
insert into fleur_couleur (fleur_fk, couleur_fk) values (117,0);
insert into fleur_aspect (fleur_fk, aspect_fk) values (117,0);
insert into fleur_nb_petale (fleur_fk, nb_petale_fk) values (117,2);
insert into fleur_type_feuille (fleur_fk, type_feuille_fk) values (117,1);
insert into fleur_disposition_feuille (fleur_fk, disposition_feuille_fk) values (117,0);
insert into fleur_pilosite_tige (fleur_fk, pilosite_tige_fk) values (117,0);
insert into fleur_pilosite_feuille (fleur_fk, pilosite_feuille_fk) values (117,0);
insert into fleur (id,directory_name,scientific_family_fk) values (118,"cardamine_impatiens",6);
insert into taxonomy (lang, taxon, searched_taxon, fleur_fk) values ("fr","Cardamine impatiente","cardamine impatiente",118);
insert into taxonomy (lang, taxon, searched_taxon, fleur_fk) values ("fr","Herbe au Diable","herbe au diable",118);
insert into taxonomy (lang, taxon, searched_taxon, fleur_fk) values ("fr","Cardamine irritable","cardamine irritable",118);
insert into taxonomy (lang, taxon, searched_taxon, fleur_fk) values ("la","Cardamine impatiens","cardamine impatiens",118);
insert into taxonomy (lang, taxon, searched_taxon, fleur_fk) values ("en","narrow-leaved bittercress","narrow-leaved bittercress",118);
insert into fleur_inflorescence (fleur_fk, inflorescence_fk) values (118,0);
insert into fleur_couleur (fleur_fk, couleur_fk) values (118,0);
insert into fleur_couleur (fleur_fk, couleur_fk) values (118,6);
insert into fleur_aspect (fleur_fk, aspect_fk) values (118,0);
insert into fleur_nb_petale (fleur_fk, nb_petale_fk) values (118,2);
insert into fleur_type_feuille (fleur_fk, type_feuille_fk) values (118,0);
insert into fleur_disposition_feuille (fleur_fk, disposition_feuille_fk) values (118,0);
insert into fleur_pilosite_tige (fleur_fk, pilosite_tige_fk) values (118,0);
insert into fleur_pilosite_feuille (fleur_fk, pilosite_feuille_fk) values (118,0);
insert into fleur (id,directory_name,scientific_family_fk) values (119,"dipsacus_fullonum",18);
insert into taxonomy (lang, taxon, searched_taxon, fleur_fk) values ("fr","Cardère sauvage","cardere sauvage",119);
insert into taxonomy (lang, taxon, searched_taxon, fleur_fk) values ("fr","Cabaret des oiseaux","cabaret des oiseaux",119);
insert into taxonomy (lang, taxon, searched_taxon, fleur_fk) values ("la","Dipsacus fullonum","dipsacus fullonum",119);
insert into taxonomy (lang, taxon, searched_taxon, fleur_fk) values ("en","Fuller's teasel","fuller's teasel",119);
insert into fleur_inflorescence (fleur_fk, inflorescence_fk) values (119,1);
insert into fleur_couleur (fleur_fk, couleur_fk) values (119,3);
insert into fleur_aspect (fleur_fk, aspect_fk) values (119,6);
insert into fleur_nb_petale (fleur_fk, nb_petale_fk) values (119,1);
insert into fleur_type_feuille (fleur_fk, type_feuille_fk) values (119,2);
insert into fleur_disposition_feuille (fleur_fk, disposition_feuille_fk) values (119,1);
insert into fleur_pilosite_tige (fleur_fk, pilosite_tige_fk) values (119,2);
insert into fleur_pilosite_feuille (fleur_fk, pilosite_feuille_fk) values (119,0);
insert into fleur (id,directory_name,scientific_family_fk) values (120,"daucus_carota",0);
insert into taxonomy (lang, taxon, searched_taxon, fleur_fk) values ("fr","Carotte sauvage","carotte sauvage",120);
insert into taxonomy (lang, taxon, searched_taxon, fleur_fk) values ("la","Daucus carota","daucus carota",120);
insert into taxonomy (lang, taxon, searched_taxon, fleur_fk) values ("en","wild carrot","wild carrot",120);
insert into fleur_inflorescence (fleur_fk, inflorescence_fk) values (120,0);
insert into fleur_couleur (fleur_fk, couleur_fk) values (120,0);
insert into fleur_aspect (fleur_fk, aspect_fk) values (120,0);
insert into fleur_aspect (fleur_fk, aspect_fk) values (120,2);
insert into fleur_nb_petale (fleur_fk, nb_petale_fk) values (120,0);
insert into fleur_type_feuille (fleur_fk, type_feuille_fk) values (120,0);
insert into fleur_disposition_feuille (fleur_fk, disposition_feuille_fk) values (120,0);
insert into fleur_pilosite_tige (fleur_fk, pilosite_tige_fk) values (120,1);
insert into fleur_pilosite_feuille (fleur_fk, pilosite_feuille_fk) values (120,2);
insert into fleur (id,directory_name,scientific_family_fk) values (121,"centaurea_jacea",1);
insert into taxonomy (lang, taxon, searched_taxon, fleur_fk) values ("fr","Centaurée jacée","centauree jacee",121);
insert into taxonomy (lang, taxon, searched_taxon, fleur_fk) values ("fr","Tête de moineau","tete de moineau",121);
insert into taxonomy (lang, taxon, searched_taxon, fleur_fk) values ("la","Centaurea jacea","centaurea jacea",121);
insert into taxonomy (lang, taxon, searched_taxon, fleur_fk) values ("en","Brown Knapweed","brown knapweed",121);
insert into fleur_inflorescence (fleur_fk, inflorescence_fk) values (121,1);
insert into fleur_couleur (fleur_fk, couleur_fk) values (121,3);
insert into fleur_aspect (fleur_fk, aspect_fk) values (121,6);
insert into fleur_nb_petale (fleur_fk, nb_petale_fk) values (121,1);
insert into fleur_type_feuille (fleur_fk, type_feuille_fk) values (121,2);
insert into fleur_disposition_feuille (fleur_fk, disposition_feuille_fk) values (121,0);
insert into fleur_pilosite_tige (fleur_fk, pilosite_tige_fk) values (121,1);
insert into fleur_pilosite_feuille (fleur_fk, pilosite_feuille_fk) values (121,1);
insert into fleur (id,directory_name,scientific_family_fk) values (122,"cephalanthera_damasonium",19);
insert into taxonomy (lang, taxon, searched_taxon, fleur_fk) values ("fr","Céphalanthère blanche","cephalanthere blanche",122);
insert into taxonomy (lang, taxon, searched_taxon, fleur_fk) values ("fr","Céphalanthère à grandes fleurs","cephalanthere a grandes fleurs",122);
insert into taxonomy (lang, taxon, searched_taxon, fleur_fk) values ("fr","Céphalanthère de Damas","cephalanthere de damas",122);
insert into taxonomy (lang, taxon, searched_taxon, fleur_fk) values ("la","Cephalanthera damasonium","cephalanthera damasonium",122);
insert into taxonomy (lang, taxon, searched_taxon, fleur_fk) values ("en","White Helleborine","white helleborine",122);
insert into fleur_inflorescence (fleur_fk, inflorescence_fk) values (122,0);
insert into fleur_couleur (fleur_fk, couleur_fk) values (122,0);
insert into fleur_aspect (fleur_fk, aspect_fk) values (122,2);
insert into fleur_nb_petale (fleur_fk, nb_petale_fk) values (122,3);
insert into fleur_type_feuille (fleur_fk, type_feuille_fk) values (122,3);
insert into fleur_disposition_feuille (fleur_fk, disposition_feuille_fk) values (122,0);
insert into fleur_pilosite_tige (fleur_fk, pilosite_tige_fk) values (122,0);
insert into fleur_pilosite_feuille (fleur_fk, pilosite_feuille_fk) values (122,0);
insert into fleur (id,directory_name,scientific_family_fk) values (123,"cephalanthera_rubra",19);
insert into taxonomy (lang, taxon, searched_taxon, fleur_fk) values ("fr","Céphalanthère rouge","cephalanthere rouge",123);
insert into taxonomy (lang, taxon, searched_taxon, fleur_fk) values ("la","Cephalanthera rubra","cephalanthera rubra",123);
insert into taxonomy (lang, taxon, searched_taxon, fleur_fk) values ("en","Red Helleborine","red helleborine",123);
insert into fleur_inflorescence (fleur_fk, inflorescence_fk) values (123,0);
insert into fleur_couleur (fleur_fk, couleur_fk) values (123,1);
insert into fleur_aspect (fleur_fk, aspect_fk) values (123,2);
insert into fleur_nb_petale (fleur_fk, nb_petale_fk) values (123,3);
insert into fleur_type_feuille (fleur_fk, type_feuille_fk) values (123,3);
insert into fleur_disposition_feuille (fleur_fk, disposition_feuille_fk) values (123,0);
insert into fleur_pilosite_tige (fleur_fk, pilosite_tige_fk) values (123,1);
insert into fleur_pilosite_feuille (fleur_fk, pilosite_feuille_fk) values (123,0);
insert into fleur (id,directory_name,scientific_family_fk) values (124,"cerastium_glomeratum",20);
insert into taxonomy (lang, taxon, searched_taxon, fleur_fk) values ("fr","Ceraiste aggloméré","ceraiste agglomere",124);
insert into taxonomy (lang, taxon, searched_taxon, fleur_fk) values ("la","Cerastium glomeratum","cerastium glomeratum",124);
insert into taxonomy (lang, taxon, searched_taxon, fleur_fk) values ("en","sticky mouse-ear chickweed","sticky mouse-ear chickweed",124);
insert into fleur_inflorescence (fleur_fk, inflorescence_fk) values (124,0);
insert into fleur_couleur (fleur_fk, couleur_fk) values (124,0);
insert into fleur_aspect (fleur_fk, aspect_fk) values (124,0);
insert into fleur_nb_petale (fleur_fk, nb_petale_fk) values (124,0);
insert into fleur_type_feuille (fleur_fk, type_feuille_fk) values (124,3);
insert into fleur_disposition_feuille (fleur_fk, disposition_feuille_fk) values (124,1);
insert into fleur_pilosite_tige (fleur_fk, pilosite_tige_fk) values (124,1);
insert into fleur_pilosite_feuille (fleur_fk, pilosite_feuille_fk) values (124,1);
insert into fleur (id,directory_name,scientific_family_fk) values (125,"cerastium_fontanum",20);
insert into taxonomy (lang, taxon, searched_taxon, fleur_fk) values ("fr","Céraiste commun","ceraiste commun",125);
insert into taxonomy (lang, taxon, searched_taxon, fleur_fk) values ("fr","céraiste des fontaines","ceraiste des fontaines",125);
insert into taxonomy (lang, taxon, searched_taxon, fleur_fk) values ("la","Cerastium fontanum","cerastium fontanum",125);
insert into taxonomy (lang, taxon, searched_taxon, fleur_fk) values ("en","Mouse-ear chickweed","mouse-ear chickweed",125);
insert into fleur_inflorescence (fleur_fk, inflorescence_fk) values (125,0);
insert into fleur_couleur (fleur_fk, couleur_fk) values (125,0);
insert into fleur_aspect (fleur_fk, aspect_fk) values (125,0);
insert into fleur_nb_petale (fleur_fk, nb_petale_fk) values (125,0);
insert into fleur_type_feuille (fleur_fk, type_feuille_fk) values (125,3);
insert into fleur_disposition_feuille (fleur_fk, disposition_feuille_fk) values (125,1);
insert into fleur_pilosite_tige (fleur_fk, pilosite_tige_fk) values (125,1);
insert into fleur_pilosite_feuille (fleur_fk, pilosite_feuille_fk) values (125,1);
insert into fleur (id,directory_name,scientific_family_fk) values (126,"cerastium_arvense",20);
insert into taxonomy (lang, taxon, searched_taxon, fleur_fk) values ("fr","Céraiste des champs","ceraiste des champs",126);
insert into taxonomy (lang, taxon, searched_taxon, fleur_fk) values ("la","Cerastium arvense","cerastium arvense",126);
insert into taxonomy (lang, taxon, searched_taxon, fleur_fk) values ("en","field chickweed","field chickweed",126);
insert into fleur_inflorescence (fleur_fk, inflorescence_fk) values (126,0);
insert into fleur_couleur (fleur_fk, couleur_fk) values (126,0);
insert into fleur_aspect (fleur_fk, aspect_fk) values (126,0);
insert into fleur_nb_petale (fleur_fk, nb_petale_fk) values (126,0);
insert into fleur_type_feuille (fleur_fk, type_feuille_fk) values (126,3);
insert into fleur_disposition_feuille (fleur_fk, disposition_feuille_fk) values (126,1);
insert into fleur_pilosite_tige (fleur_fk, pilosite_tige_fk) values (126,1);
insert into fleur_pilosite_feuille (fleur_fk, pilosite_feuille_fk) values (126,1);
insert into fleur (id,directory_name,scientific_family_fk) values (127,"anthriscus_sylvestris",0);
insert into taxonomy (lang, taxon, searched_taxon, fleur_fk) values ("fr","Cerfeuil des bois","cerfeuil des bois",127);
insert into taxonomy (lang, taxon, searched_taxon, fleur_fk) values ("fr","Cerfeuil des prés","cerfeuil des pres",127);
insert into taxonomy (lang, taxon, searched_taxon, fleur_fk) values ("fr","Cerfeuil sauvage","cerfeuil sauvage",127);
insert into taxonomy (lang, taxon, searched_taxon, fleur_fk) values ("la","Anthriscus sylvestris","anthriscus sylvestris",127);
insert into taxonomy (lang, taxon, searched_taxon, fleur_fk) values ("en","cow parsley","cow parsley",127);
insert into fleur_inflorescence (fleur_fk, inflorescence_fk) values (127,0);
insert into fleur_couleur (fleur_fk, couleur_fk) values (127,0);
insert into fleur_aspect (fleur_fk, aspect_fk) values (127,0);
insert into fleur_aspect (fleur_fk, aspect_fk) values (127,2);
insert into fleur_nb_petale (fleur_fk, nb_petale_fk) values (127,0);
insert into fleur_type_feuille (fleur_fk, type_feuille_fk) values (127,0);
insert into fleur_disposition_feuille (fleur_fk, disposition_feuille_fk) values (127,0);
insert into fleur_pilosite_tige (fleur_fk, pilosite_tige_fk) values (127,1);
insert into fleur_pilosite_feuille (fleur_fk, pilosite_feuille_fk) values (127,1);
insert into fleur (id,directory_name,scientific_family_fk) values (128,"chaerophyllum_temulum",0);
insert into taxonomy (lang, taxon, searched_taxon, fleur_fk) values ("fr","Cerfeuil penché","cerfeuil penche",128);
insert into taxonomy (lang, taxon, searched_taxon, fleur_fk) values ("fr","Cerfeuil enivrant","cerfeuil enivrant",128);
insert into taxonomy (lang, taxon, searched_taxon, fleur_fk) values ("la","Chaerophyllum temulum","chaerophyllum temulum",128);
insert into taxonomy (lang, taxon, searched_taxon, fleur_fk) values ("en","rough chervil","rough chervil",128);
insert into fleur_inflorescence (fleur_fk, inflorescence_fk) values (128,0);
insert into fleur_couleur (fleur_fk, couleur_fk) values (128,0);
insert into fleur_aspect (fleur_fk, aspect_fk) values (128,0);
insert into fleur_aspect (fleur_fk, aspect_fk) values (128,2);
insert into fleur_nb_petale (fleur_fk, nb_petale_fk) values (128,0);
insert into fleur_type_feuille (fleur_fk, type_feuille_fk) values (128,0);
insert into fleur_disposition_feuille (fleur_fk, disposition_feuille_fk) values (128,0);
insert into fleur_pilosite_tige (fleur_fk, pilosite_tige_fk) values (128,1);
insert into fleur_pilosite_feuille (fleur_fk, pilosite_feuille_fk) values (128,1);
insert into fleur (id,directory_name,scientific_family_fk) values (129,"cannabis_sativa",21);
insert into taxonomy (lang, taxon, searched_taxon, fleur_fk) values ("fr","Chanvre cultivé","chanvre cultive",129);
insert into taxonomy (lang, taxon, searched_taxon, fleur_fk) values ("fr","Cannabis","cannabis",129);
insert into taxonomy (lang, taxon, searched_taxon, fleur_fk) values ("la","Cannabis sativa","cannabis sativa",129);
insert into taxonomy (lang, taxon, searched_taxon, fleur_fk) values ("en","marijuana","marijuana",129);
insert into fleur_inflorescence (fleur_fk, inflorescence_fk) values (129,0);
insert into fleur_couleur (fleur_fk, couleur_fk) values (129,6);
insert into fleur_aspect (fleur_fk, aspect_fk) values (129,7);
insert into fleur_nb_petale (fleur_fk, nb_petale_fk) values (129,6);
insert into fleur_type_feuille (fleur_fk, type_feuille_fk) values (129,0);
insert into fleur_disposition_feuille (fleur_fk, disposition_feuille_fk) values (129,1);
insert into fleur_pilosite_tige (fleur_fk, pilosite_tige_fk) values (129,1);
insert into fleur_pilosite_feuille (fleur_fk, pilosite_feuille_fk) values (129,1);
insert into fleur (id,directory_name,scientific_family_fk) values (130,"carduus_crispus",1);
insert into taxonomy (lang, taxon, searched_taxon, fleur_fk) values ("fr","Chardon crépu","chardon crepu",130);
insert into taxonomy (lang, taxon, searched_taxon, fleur_fk) values ("la","Carduus crispus","carduus crispus",130);
insert into taxonomy (lang, taxon, searched_taxon, fleur_fk) values ("en"," Welted thistle"," welted thistle",130);
insert into fleur_inflorescence (fleur_fk, inflorescence_fk) values (130,0);
insert into fleur_couleur (fleur_fk, couleur_fk) values (130,3);
insert into fleur_aspect (fleur_fk, aspect_fk) values (130,6);
insert into fleur_nb_petale (fleur_fk, nb_petale_fk) values (130,1);
insert into fleur_type_feuille (fleur_fk, type_feuille_fk) values (130,1);
insert into fleur_disposition_feuille (fleur_fk, disposition_feuille_fk) values (130,0);
insert into fleur_pilosite_tige (fleur_fk, pilosite_tige_fk) values (130,2);
insert into fleur_pilosite_feuille (fleur_fk, pilosite_feuille_fk) values (130,1);
insert into fleur (id,directory_name,scientific_family_fk) values (131,"carduus_nutans",1);
insert into taxonomy (lang, taxon, searched_taxon, fleur_fk) values ("fr","Chardon penché","chardon penche",131);
insert into taxonomy (lang, taxon, searched_taxon, fleur_fk) values ("la","Carduus nutans","carduus nutans",131);
insert into taxonomy (lang, taxon, searched_taxon, fleur_fk) values ("en","Musk thistle","musk thistle",131);
insert into fleur_inflorescence (fleur_fk, inflorescence_fk) values (131,1);
insert into fleur_couleur (fleur_fk, couleur_fk) values (131,3);
insert into fleur_aspect (fleur_fk, aspect_fk) values (131,6);
insert into fleur_nb_petale (fleur_fk, nb_petale_fk) values (131,1);
insert into fleur_type_feuille (fleur_fk, type_feuille_fk) values (131,1);
insert into fleur_disposition_feuille (fleur_fk, disposition_feuille_fk) values (131,0);
insert into fleur_pilosite_tige (fleur_fk, pilosite_tige_fk) values (131,2);
insert into fleur_pilosite_tige (fleur_fk, pilosite_tige_fk) values (131,1);
insert into fleur_pilosite_feuille (fleur_fk, pilosite_feuille_fk) values (131,2);
insert into fleur (id,directory_name,scientific_family_fk) values (132,"chelidonium_majus",22);
insert into taxonomy (lang, taxon, searched_taxon, fleur_fk) values ("fr","Chélidoine","chelidoine",132);
insert into taxonomy (lang, taxon, searched_taxon, fleur_fk) values ("fr","Grande Éclaire","grande eclaire",132);
insert into taxonomy (lang, taxon, searched_taxon, fleur_fk) values ("fr","Herbe aux verrues","herbe aux verrues",132);
insert into taxonomy (lang, taxon, searched_taxon, fleur_fk) values ("la","Chelidonium majus","chelidonium majus",132);
insert into taxonomy (lang, taxon, searched_taxon, fleur_fk) values ("en","greater celandine","greater celandine",132);
insert into fleur_inflorescence (fleur_fk, inflorescence_fk) values (132,1);
insert into fleur_couleur (fleur_fk, couleur_fk) values (132,4);
insert into fleur_aspect (fleur_fk, aspect_fk) values (132,0);
insert into fleur_nb_petale (fleur_fk, nb_petale_fk) values (132,2);
insert into fleur_type_feuille (fleur_fk, type_feuille_fk) values (132,1);
insert into fleur_disposition_feuille (fleur_fk, disposition_feuille_fk) values (132,0);
insert into fleur_pilosite_tige (fleur_fk, pilosite_tige_fk) values (132,1);
insert into fleur_pilosite_feuille (fleur_fk, pilosite_feuille_fk) values (132,0);
insert into fleur (id,directory_name,scientific_family_fk) values (133,"chenopodium_album",23);
insert into taxonomy (lang, taxon, searched_taxon, fleur_fk) values ("fr","Chénopode blanc","chenopode blanc",133);
insert into taxonomy (lang, taxon, searched_taxon, fleur_fk) values ("fr","Ansérine blanche","anserine blanche",133);
insert into taxonomy (lang, taxon, searched_taxon, fleur_fk) values ("la","Chenopodium album","chenopodium album",133);
insert into taxonomy (lang, taxon, searched_taxon, fleur_fk) values ("en"," lamb's quarters"," lamb's quarters",133);
insert into fleur_inflorescence (fleur_fk, inflorescence_fk) values (133,0);
insert into fleur_couleur (fleur_fk, couleur_fk) values (133,6);
insert into fleur_aspect (fleur_fk, aspect_fk) values (133,7);
insert into fleur_nb_petale (fleur_fk, nb_petale_fk) values (133,6);
insert into fleur_type_feuille (fleur_fk, type_feuille_fk) values (133,2);
insert into fleur_disposition_feuille (fleur_fk, disposition_feuille_fk) values (133,0);
insert into fleur_pilosite_tige (fleur_fk, pilosite_tige_fk) values (133,0);
insert into fleur_pilosite_feuille (fleur_fk, pilosite_feuille_fk) values (133,0);
insert into fleur (id,directory_name,scientific_family_fk) values (134,"lonicera_periclymenum",24);
insert into taxonomy (lang, taxon, searched_taxon, fleur_fk) values ("fr","Chèvrefeuille des bois","chevrefeuille des bois",134);
insert into taxonomy (lang, taxon, searched_taxon, fleur_fk) values ("la","Lonicera periclymenum","lonicera periclymenum",134);
insert into taxonomy (lang, taxon, searched_taxon, fleur_fk) values ("en","honeysuckle","honeysuckle",134);
insert into fleur_inflorescence (fleur_fk, inflorescence_fk) values (134,0);
insert into fleur_couleur (fleur_fk, couleur_fk) values (134,0);
insert into fleur_couleur (fleur_fk, couleur_fk) values (134,1);
insert into fleur_aspect (fleur_fk, aspect_fk) values (134,3);
insert into fleur_nb_petale (fleur_fk, nb_petale_fk) values (134,0);
insert into fleur_type_feuille (fleur_fk, type_feuille_fk) values (134,3);
insert into fleur_disposition_feuille (fleur_fk, disposition_feuille_fk) values (134,1);
insert into fleur_pilosite_tige (fleur_fk, pilosite_tige_fk) values (134,0);
insert into fleur_pilosite_feuille (fleur_fk, pilosite_feuille_fk) values (134,0);
insert into fleur (id,directory_name,scientific_family_fk) values (135,"cichorium_intybus",1);
insert into taxonomy (lang, taxon, searched_taxon, fleur_fk) values ("fr","Chicorée sauvage","chicoree sauvage",135);
insert into taxonomy (lang, taxon, searched_taxon, fleur_fk) values ("la","Cichorium intybus","cichorium intybus",135);
insert into taxonomy (lang, taxon, searched_taxon, fleur_fk) values ("en","Common chicory","common chicory",135);
insert into fleur_inflorescence (fleur_fk, inflorescence_fk) values (135,1);
insert into fleur_couleur (fleur_fk, couleur_fk) values (135,9);
insert into fleur_aspect (fleur_fk, aspect_fk) values (135,6);
insert into fleur_nb_petale (fleur_fk, nb_petale_fk) values (135,1);
insert into fleur_type_feuille (fleur_fk, type_feuille_fk) values (135,2);
insert into fleur_disposition_feuille (fleur_fk, disposition_feuille_fk) values (135,0);
insert into fleur_pilosite_tige (fleur_fk, pilosite_tige_fk) values (135,1);
insert into fleur_pilosite_feuille (fleur_fk, pilosite_feuille_fk) values (135,0);
insert into fleur (id,directory_name,scientific_family_fk) values (136,"chondrilla_juncea",1);
insert into taxonomy (lang, taxon, searched_taxon, fleur_fk) values ("fr","Chondrille à tiges de jonc","chondrille a tiges de jonc",136);
insert into taxonomy (lang, taxon, searched_taxon, fleur_fk) values ("fr","Chondrille effilée","chondrille effilee",136);
insert into taxonomy (lang, taxon, searched_taxon, fleur_fk) values ("la","Chondrilla juncea","chondrilla juncea",136);
insert into taxonomy (lang, taxon, searched_taxon, fleur_fk) values ("en","rush skeletonweed","rush skeletonweed",136);
insert into fleur_inflorescence (fleur_fk, inflorescence_fk) values (136,0);
insert into fleur_couleur (fleur_fk, couleur_fk) values (136,4);
insert into fleur_aspect (fleur_fk, aspect_fk) values (136,6);
insert into fleur_nb_petale (fleur_fk, nb_petale_fk) values (136,1);
insert into fleur_type_feuille (fleur_fk, type_feuille_fk) values (136,1);
insert into fleur_disposition_feuille (fleur_fk, disposition_feuille_fk) values (136,0);
insert into fleur_pilosite_tige (fleur_fk, pilosite_tige_fk) values (136,1);
insert into fleur_pilosite_tige (fleur_fk, pilosite_tige_fk) values (136,0);
insert into fleur_pilosite_feuille (fleur_fk, pilosite_feuille_fk) values (136,0);
insert into fleur (id,directory_name,scientific_family_fk) values (137,"exaculum_pusillum",12);
insert into taxonomy (lang, taxon, searched_taxon, fleur_fk) values ("fr","Cicendie naine","cicendie naine",137);
insert into taxonomy (lang, taxon, searched_taxon, fleur_fk) values ("fr","Cicendie fluette","cicendie fluette",137);
insert into taxonomy (lang, taxon, searched_taxon, fleur_fk) values ("fr","Gentiane fluette","gentiane fluette",137);
insert into taxonomy (lang, taxon, searched_taxon, fleur_fk) values ("la","Exaculum pusillum","exaculum pusillum",137);
insert into taxonomy (lang, taxon, searched_taxon, fleur_fk) values ("en","Guernsey Centaury","guernsey centaury",137);
insert into fleur_inflorescence (fleur_fk, inflorescence_fk) values (137,0);
insert into fleur_couleur (fleur_fk, couleur_fk) values (137,0);
insert into fleur_couleur (fleur_fk, couleur_fk) values (137,1);
insert into fleur_aspect (fleur_fk, aspect_fk) values (137,5);
insert into fleur_nb_petale (fleur_fk, nb_petale_fk) values (137,2);
insert into fleur_type_feuille (fleur_fk, type_feuille_fk) values (137,3);
insert into fleur_disposition_feuille (fleur_fk, disposition_feuille_fk) values (137,1);
insert into fleur_pilosite_tige (fleur_fk, pilosite_tige_fk) values (137,0);
insert into fleur_pilosite_feuille (fleur_fk, pilosite_feuille_fk) values (137,0);
insert into fleur (id,directory_name,scientific_family_fk) values (138,"conium_maculatum",0);
insert into taxonomy (lang, taxon, searched_taxon, fleur_fk) values ("fr","Ciguë tachetée","cigue tachetee",138);
insert into taxonomy (lang, taxon, searched_taxon, fleur_fk) values ("fr","Grande ciguë","grande cigue",138);
insert into taxonomy (lang, taxon, searched_taxon, fleur_fk) values ("la","Conium maculatum","conium maculatum",138);
insert into taxonomy (lang, taxon, searched_taxon, fleur_fk) values ("en","Hemlock","hemlock",138);
insert into fleur_inflorescence (fleur_fk, inflorescence_fk) values (138,0);
insert into fleur_couleur (fleur_fk, couleur_fk) values (138,0);
insert into fleur_aspect (fleur_fk, aspect_fk) values (138,0);
insert into fleur_aspect (fleur_fk, aspect_fk) values (138,2);
insert into fleur_nb_petale (fleur_fk, nb_petale_fk) values (138,0);
insert into fleur_type_feuille (fleur_fk, type_feuille_fk) values (138,0);
insert into fleur_disposition_feuille (fleur_fk, disposition_feuille_fk) values (138,0);
insert into fleur_pilosite_tige (fleur_fk, pilosite_tige_fk) values (138,0);
insert into fleur_pilosite_feuille (fleur_fk, pilosite_feuille_fk) values (138,0);
insert into fleur (id,directory_name,scientific_family_fk) values (139,"cirsium_vulgare",1);
insert into taxonomy (lang, taxon, searched_taxon, fleur_fk) values ("fr","Cirse commun","cirse commun",139);
insert into taxonomy (lang, taxon, searched_taxon, fleur_fk) values ("fr","Chardon vulgaire","chardon vulgaire",139);
insert into taxonomy (lang, taxon, searched_taxon, fleur_fk) values ("fr"," Cirse lancéolé"," cirse lanceole",139);
insert into taxonomy (lang, taxon, searched_taxon, fleur_fk) values ("la","Cirsium vulgare","cirsium vulgare",139);
insert into taxonomy (lang, taxon, searched_taxon, fleur_fk) values ("en","Spear Thistle","spear thistle",139);
insert into fleur_inflorescence (fleur_fk, inflorescence_fk) values (139,0);
insert into fleur_couleur (fleur_fk, couleur_fk) values (139,3);
insert into fleur_aspect (fleur_fk, aspect_fk) values (139,6);
insert into fleur_nb_petale (fleur_fk, nb_petale_fk) values (139,1);
insert into fleur_type_feuille (fleur_fk, type_feuille_fk) values (139,1);
insert into fleur_disposition_feuille (fleur_fk, disposition_feuille_fk) values (139,0);
insert into fleur_pilosite_tige (fleur_fk, pilosite_tige_fk) values (139,2);
insert into fleur_pilosite_tige (fleur_fk, pilosite_tige_fk) values (139,1);
insert into fleur_pilosite_feuille (fleur_fk, pilosite_feuille_fk) values (139,1);
insert into fleur (id,directory_name,scientific_family_fk) values (140,"cirsium_dissectum",1);
insert into taxonomy (lang, taxon, searched_taxon, fleur_fk) values ("fr","Cirse découpé","cirse decoupe",140);
insert into taxonomy (lang, taxon, searched_taxon, fleur_fk) values ("fr","Cirse anglais","cirse anglais",140);
insert into taxonomy (lang, taxon, searched_taxon, fleur_fk) values ("la","Cirsium dissectum","cirsium dissectum",140);
insert into taxonomy (lang, taxon, searched_taxon, fleur_fk) values ("en","Meadow Thistle","meadow thistle",140);
insert into fleur_inflorescence (fleur_fk, inflorescence_fk) values (140,1);
insert into fleur_couleur (fleur_fk, couleur_fk) values (140,3);
insert into fleur_aspect (fleur_fk, aspect_fk) values (140,6);
insert into fleur_nb_petale (fleur_fk, nb_petale_fk) values (140,1);
insert into fleur_type_feuille (fleur_fk, type_feuille_fk) values (140,2);
insert into fleur_type_feuille (fleur_fk, type_feuille_fk) values (140,1);
insert into fleur_disposition_feuille (fleur_fk, disposition_feuille_fk) values (140,0);
insert into fleur_pilosite_tige (fleur_fk, pilosite_tige_fk) values (140,1);
insert into fleur_pilosite_feuille (fleur_fk, pilosite_feuille_fk) values (140,1);
insert into fleur (id,directory_name,scientific_family_fk) values (141,"cirsium_arvense",1);
insert into taxonomy (lang, taxon, searched_taxon, fleur_fk) values ("fr","Cirse des champs","cirse des champs",141);
insert into taxonomy (lang, taxon, searched_taxon, fleur_fk) values ("fr","Chardon des champs","chardon des champs",141);
insert into taxonomy (lang, taxon, searched_taxon, fleur_fk) values ("la","Cirsium arvense","cirsium arvense",141);
insert into taxonomy (lang, taxon, searched_taxon, fleur_fk) values ("en","Creeping Thistle","creeping thistle",141);
insert into fleur_inflorescence (fleur_fk, inflorescence_fk) values (141,0);
insert into fleur_couleur (fleur_fk, couleur_fk) values (141,1);
insert into fleur_aspect (fleur_fk, aspect_fk) values (141,6);
insert into fleur_nb_petale (fleur_fk, nb_petale_fk) values (141,1);
insert into fleur_type_feuille (fleur_fk, type_feuille_fk) values (141,2);
insert into fleur_disposition_feuille (fleur_fk, disposition_feuille_fk) values (141,0);
insert into fleur_pilosite_tige (fleur_fk, pilosite_tige_fk) values (141,0);
insert into fleur_pilosite_feuille (fleur_fk, pilosite_feuille_fk) values (141,0);
insert into fleur (id,directory_name,scientific_family_fk) values (142,"cirsium_oleraceum",1);
insert into taxonomy (lang, taxon, searched_taxon, fleur_fk) values ("fr","Cirse maraîcher","cirse maraicher",142);
insert into taxonomy (lang, taxon, searched_taxon, fleur_fk) values ("fr","Cirse faux-épinard","cirse faux-epinard",142);
insert into taxonomy (lang, taxon, searched_taxon, fleur_fk) values ("la","Cirsium oleraceum","cirsium oleraceum",142);
insert into taxonomy (lang, taxon, searched_taxon, fleur_fk) values ("en","Cabbage thistle","cabbage thistle",142);
insert into fleur_inflorescence (fleur_fk, inflorescence_fk) values (142,0);
insert into fleur_couleur (fleur_fk, couleur_fk) values (142,0);
insert into fleur_aspect (fleur_fk, aspect_fk) values (142,6);
insert into fleur_nb_petale (fleur_fk, nb_petale_fk) values (142,1);
insert into fleur_type_feuille (fleur_fk, type_feuille_fk) values (142,1);
insert into fleur_disposition_feuille (fleur_fk, disposition_feuille_fk) values (142,0);
insert into fleur_pilosite_tige (fleur_fk, pilosite_tige_fk) values (142,0);
insert into fleur_pilosite_feuille (fleur_fk, pilosite_feuille_fk) values (142,1);
insert into fleur (id,directory_name,scientific_family_fk) values (143,"cirsium_tuberosum",1);
insert into taxonomy (lang, taxon, searched_taxon, fleur_fk) values ("fr","Cirse tubéreux","cirse tubereux",143);
insert into taxonomy (lang, taxon, searched_taxon, fleur_fk) values ("la","Cirsium tuberosum","cirsium tuberosum",143);
insert into taxonomy (lang, taxon, searched_taxon, fleur_fk) values ("en","Tuberous Thistle","tuberous thistle",143);
insert into fleur_inflorescence (fleur_fk, inflorescence_fk) values (143,1);
insert into fleur_couleur (fleur_fk, couleur_fk) values (143,1);
insert into fleur_aspect (fleur_fk, aspect_fk) values (143,6);
insert into fleur_nb_petale (fleur_fk, nb_petale_fk) values (143,1);
insert into fleur_type_feuille (fleur_fk, type_feuille_fk) values (143,1);
insert into fleur_disposition_feuille (fleur_fk, disposition_feuille_fk) values (143,0);
insert into fleur_pilosite_tige (fleur_fk, pilosite_tige_fk) values (143,1);
insert into fleur_pilosite_feuille (fleur_fk, pilosite_feuille_fk) values (143,1);
insert into fleur (id,directory_name,scientific_family_fk) values (144,"clematis_vitalba",2);
insert into taxonomy (lang, taxon, searched_taxon, fleur_fk) values ("fr","Clématite vigne-blanche","clematite vigne-blanche",144);
insert into taxonomy (lang, taxon, searched_taxon, fleur_fk) values ("fr","Clématite des haies","clematite des haies",144);
insert into taxonomy (lang, taxon, searched_taxon, fleur_fk) values ("la","Clematis vitalba","clematis vitalba",144);
insert into taxonomy (lang, taxon, searched_taxon, fleur_fk) values ("en","Old man's beard","old man's beard",144);
insert into fleur_inflorescence (fleur_fk, inflorescence_fk) values (144,0);
insert into fleur_couleur (fleur_fk, couleur_fk) values (144,0);
insert into fleur_aspect (fleur_fk, aspect_fk) values (144,0);
insert into fleur_nb_petale (fleur_fk, nb_petale_fk) values (144,2);
insert into fleur_nb_petale (fleur_fk, nb_petale_fk) values (144,0);
insert into fleur_type_feuille (fleur_fk, type_feuille_fk) values (144,0);
insert into fleur_disposition_feuille (fleur_fk, disposition_feuille_fk) values (144,1);
insert into fleur_pilosite_tige (fleur_fk, pilosite_tige_fk) values (144,1);
insert into fleur_pilosite_feuille (fleur_fk, pilosite_feuille_fk) values (144,0);
insert into fleur (id,directory_name,scientific_family_fk) values (145,"clinopodium_vulgare",3);
insert into taxonomy (lang, taxon, searched_taxon, fleur_fk) values ("fr","Clinopode commun","clinopode commun",145);
insert into taxonomy (lang, taxon, searched_taxon, fleur_fk) values ("fr","Calament clinopode","calament clinopode",145);
insert into taxonomy (lang, taxon, searched_taxon, fleur_fk) values ("fr","Grand basilic","grand basilic",145);
insert into taxonomy (lang, taxon, searched_taxon, fleur_fk) values ("la","Clinopodium vulgare","clinopodium vulgare",145);
insert into taxonomy (lang, taxon, searched_taxon, fleur_fk) values ("en","Wild Basil","wild basil",145);
insert into fleur_inflorescence (fleur_fk, inflorescence_fk) values (145,0);
insert into fleur_couleur (fleur_fk, couleur_fk) values (145,1);
insert into fleur_aspect (fleur_fk, aspect_fk) values (145,3);
insert into fleur_nb_petale (fleur_fk, nb_petale_fk) values (145,0);
insert into fleur_type_feuille (fleur_fk, type_feuille_fk) values (145,3);
insert into fleur_disposition_feuille (fleur_fk, disposition_feuille_fk) values (145,1);
insert into fleur_pilosite_tige (fleur_fk, pilosite_tige_fk) values (145,1);
insert into fleur_pilosite_feuille (fleur_fk, pilosite_feuille_fk) values (145,1);
insert into fleur (id,directory_name,scientific_family_fk) values (146,"brassica_napus",6);
insert into taxonomy (lang, taxon, searched_taxon, fleur_fk) values ("fr","Colza","colza",146);
insert into taxonomy (lang, taxon, searched_taxon, fleur_fk) values ("la","Brassica napus","brassica napus",146);
insert into taxonomy (lang, taxon, searched_taxon, fleur_fk) values ("en","Rapeseed","rapeseed",146);
insert into fleur_inflorescence (fleur_fk, inflorescence_fk) values (146,0);
insert into fleur_couleur (fleur_fk, couleur_fk) values (146,4);
insert into fleur_aspect (fleur_fk, aspect_fk) values (146,0);
insert into fleur_nb_petale (fleur_fk, nb_petale_fk) values (146,2);
insert into fleur_type_feuille (fleur_fk, type_feuille_fk) values (146,2);
insert into fleur_disposition_feuille (fleur_fk, disposition_feuille_fk) values (146,0);
insert into fleur_pilosite_tige (fleur_fk, pilosite_tige_fk) values (146,0);
insert into fleur_pilosite_feuille (fleur_fk, pilosite_feuille_fk) values (146,0);
insert into fleur (id,directory_name,scientific_family_fk) values (147,"symphytum_officinale",13);
insert into taxonomy (lang, taxon, searched_taxon, fleur_fk) values ("fr","Consoude officinale","consoude officinale",147);
insert into taxonomy (lang, taxon, searched_taxon, fleur_fk) values ("fr","Grande consoude","grande consoude",147);
insert into taxonomy (lang, taxon, searched_taxon, fleur_fk) values ("la","Symphytum officinale","symphytum officinale",147);
insert into taxonomy (lang, taxon, searched_taxon, fleur_fk) values ("en","Common comfrey","common comfrey",147);
insert into fleur_inflorescence (fleur_fk, inflorescence_fk) values (147,0);
insert into fleur_couleur (fleur_fk, couleur_fk) values (147,0);
insert into fleur_couleur (fleur_fk, couleur_fk) values (147,1);
insert into fleur_aspect (fleur_fk, aspect_fk) values (147,5);
insert into fleur_nb_petale (fleur_fk, nb_petale_fk) values (147,0);
insert into fleur_type_feuille (fleur_fk, type_feuille_fk) values (147,3);
insert into fleur_disposition_feuille (fleur_fk, disposition_feuille_fk) values (147,0);
insert into fleur_pilosite_tige (fleur_fk, pilosite_tige_fk) values (147,1);
insert into fleur_pilosite_feuille (fleur_fk, pilosite_feuille_fk) values (147,1);
insert into fleur (id,directory_name,scientific_family_fk) values (148,"papaver_rhoeas",22);
insert into taxonomy (lang, taxon, searched_taxon, fleur_fk) values ("fr","Coquelicot","coquelicot",148);
insert into taxonomy (lang, taxon, searched_taxon, fleur_fk) values ("la","Papaver rhoeas","papaver rhoeas",148);
insert into taxonomy (lang, taxon, searched_taxon, fleur_fk) values ("en","Red poppy","red poppy",148);
insert into fleur_inflorescence (fleur_fk, inflorescence_fk) values (148,1);
insert into fleur_couleur (fleur_fk, couleur_fk) values (148,8);
insert into fleur_aspect (fleur_fk, aspect_fk) values (148,0);
insert into fleur_nb_petale (fleur_fk, nb_petale_fk) values (148,2);
insert into fleur_type_feuille (fleur_fk, type_feuille_fk) values (148,1);
insert into fleur_disposition_feuille (fleur_fk, disposition_feuille_fk) values (148,0);
insert into fleur_pilosite_tige (fleur_fk, pilosite_tige_fk) values (148,1);
insert into fleur_pilosite_feuille (fleur_fk, pilosite_feuille_fk) values (148,1);
insert into fleur (id,directory_name,scientific_family_fk) values (149,"papaver_dubium",22);
insert into taxonomy (lang, taxon, searched_taxon, fleur_fk) values ("fr","Coquelicot douteux","coquelicot douteux",149);
insert into taxonomy (lang, taxon, searched_taxon, fleur_fk) values ("fr","Petit Coquelicot","petit coquelicot",149);
insert into taxonomy (lang, taxon, searched_taxon, fleur_fk) values ("la","Papaver dubium","papaver dubium",149);
insert into taxonomy (lang, taxon, searched_taxon, fleur_fk) values ("en"," Long-headed Poppy"," long-headed poppy",149);
insert into fleur_inflorescence (fleur_fk, inflorescence_fk) values (149,1);
insert into fleur_couleur (fleur_fk, couleur_fk) values (149,8);
insert into fleur_aspect (fleur_fk, aspect_fk) values (149,0);
insert into fleur_nb_petale (fleur_fk, nb_petale_fk) values (149,2);
insert into fleur_type_feuille (fleur_fk, type_feuille_fk) values (149,1);
insert into fleur_disposition_feuille (fleur_fk, disposition_feuille_fk) values (149,0);
insert into fleur_pilosite_tige (fleur_fk, pilosite_tige_fk) values (149,1);
insert into fleur_pilosite_feuille (fleur_fk, pilosite_feuille_fk) values (149,1);
insert into fleur (id,directory_name,scientific_family_fk) values (150,"securigera_varia",11);
insert into taxonomy (lang, taxon, searched_taxon, fleur_fk) values ("fr","Coronille bigarrée","coronille bigarree",150);
insert into taxonomy (lang, taxon, searched_taxon, fleur_fk) values ("fr","Coronille changeante","coronille changeante",150);
insert into taxonomy (lang, taxon, searched_taxon, fleur_fk) values ("fr","Coronille variée","coronille variee",150);
insert into taxonomy (lang, taxon, searched_taxon, fleur_fk) values ("la","Securigera varia","securigera varia",150);
insert into taxonomy (lang, taxon, searched_taxon, fleur_fk) values ("en","crown vetch","crown vetch",150);
insert into fleur_inflorescence (fleur_fk, inflorescence_fk) values (150,0);
insert into fleur_couleur (fleur_fk, couleur_fk) values (150,1);
insert into fleur_couleur (fleur_fk, couleur_fk) values (150,0);
insert into fleur_aspect (fleur_fk, aspect_fk) values (150,2);
insert into fleur_nb_petale (fleur_fk, nb_petale_fk) values (150,0);
insert into fleur_type_feuille (fleur_fk, type_feuille_fk) values (150,0);
insert into fleur_disposition_feuille (fleur_fk, disposition_feuille_fk) values (150,0);
insert into fleur_pilosite_tige (fleur_fk, pilosite_tige_fk) values (150,0);
insert into fleur_pilosite_feuille (fleur_fk, pilosite_feuille_fk) values (150,0);
insert into fleur (id,directory_name,scientific_family_fk) values (151,"crepis_biennis",1);
insert into taxonomy (lang, taxon, searched_taxon, fleur_fk) values ("fr","Crépis bisannuel","crepis bisannuel",151);
insert into taxonomy (lang, taxon, searched_taxon, fleur_fk) values ("fr","Crépide des prés","crepide des pres",151);
insert into taxonomy (lang, taxon, searched_taxon, fleur_fk) values ("fr","Crépis des prés","crepis des pres",151);
insert into taxonomy (lang, taxon, searched_taxon, fleur_fk) values ("la","Crepis biennis","crepis biennis",151);
insert into taxonomy (lang, taxon, searched_taxon, fleur_fk) values ("en","rough hawksbeard","rough hawksbeard",151);
insert into fleur_inflorescence (fleur_fk, inflorescence_fk) values (151,0);
insert into fleur_couleur (fleur_fk, couleur_fk) values (151,4);
insert into fleur_aspect (fleur_fk, aspect_fk) values (151,6);
insert into fleur_nb_petale (fleur_fk, nb_petale_fk) values (151,1);
insert into fleur_type_feuille (fleur_fk, type_feuille_fk) values (151,1);
insert into fleur_disposition_feuille (fleur_fk, disposition_feuille_fk) values (151,0);
insert into fleur_pilosite_tige (fleur_fk, pilosite_tige_fk) values (151,1);
insert into fleur_pilosite_feuille (fleur_fk, pilosite_feuille_fk) values (151,1);
insert into fleur (id,directory_name,scientific_family_fk) values (152,"crepis_capillaris",1);
insert into taxonomy (lang, taxon, searched_taxon, fleur_fk) values ("fr","Crépis capillaire","crepis capillaire",152);
insert into taxonomy (lang, taxon, searched_taxon, fleur_fk) values ("fr","Crépide capillaire","crepide capillaire",152);
insert into taxonomy (lang, taxon, searched_taxon, fleur_fk) values ("fr","Crépis verdâtre","crepis verdatre",152);
insert into taxonomy (lang, taxon, searched_taxon, fleur_fk) values ("la","Crepis capillaris","crepis capillaris",152);
insert into taxonomy (lang, taxon, searched_taxon, fleur_fk) values ("en","smooth hawksbeard","smooth hawksbeard",152);
insert into fleur_inflorescence (fleur_fk, inflorescence_fk) values (152,0);
insert into fleur_couleur (fleur_fk, couleur_fk) values (152,4);
insert into fleur_aspect (fleur_fk, aspect_fk) values (152,6);
insert into fleur_nb_petale (fleur_fk, nb_petale_fk) values (152,1);
insert into fleur_type_feuille (fleur_fk, type_feuille_fk) values (152,2);
insert into fleur_disposition_feuille (fleur_fk, disposition_feuille_fk) values (152,0);
insert into fleur_pilosite_tige (fleur_fk, pilosite_tige_fk) values (152,1);
insert into fleur_pilosite_feuille (fleur_fk, pilosite_feuille_fk) values (152,0);
insert into fleur (id,directory_name,scientific_family_fk) values (153,"crepis_sancta_subsp._nemausensis",1);
insert into taxonomy (lang, taxon, searched_taxon, fleur_fk) values ("fr","Crépis de Nîmes","crepis de nimes",153);
insert into taxonomy (lang, taxon, searched_taxon, fleur_fk) values ("la","Crepis sancta subsp. nemausensis","crepis sancta subsp. nemausensis",153);
insert into taxonomy (lang, taxon, searched_taxon, fleur_fk) values ("en","french hawksbeard","french hawksbeard",153);
insert into fleur_inflorescence (fleur_fk, inflorescence_fk) values (153,0);
insert into fleur_couleur (fleur_fk, couleur_fk) values (153,4);
insert into fleur_aspect (fleur_fk, aspect_fk) values (153,6);
insert into fleur_nb_petale (fleur_fk, nb_petale_fk) values (153,1);
insert into fleur_type_feuille (fleur_fk, type_feuille_fk) values (153,1);
insert into fleur_disposition_feuille (fleur_fk, disposition_feuille_fk) values (153,3);
insert into fleur_pilosite_tige (fleur_fk, pilosite_tige_fk) values (153,1);
insert into fleur_pilosite_feuille (fleur_fk, pilosite_feuille_fk) values (153,1);
insert into fleur (id,directory_name,scientific_family_fk) values (154,"crepis_foetida",1);
insert into taxonomy (lang, taxon, searched_taxon, fleur_fk) values ("fr","Crépis fétide","crepis fetide",154);
insert into taxonomy (lang, taxon, searched_taxon, fleur_fk) values ("fr","Crépide fétide","crepide fetide",154);
insert into taxonomy (lang, taxon, searched_taxon, fleur_fk) values ("la","Crepis foetida","crepis foetida",154);
insert into taxonomy (lang, taxon, searched_taxon, fleur_fk) values ("en","stinking hawksbeard","stinking hawksbeard",154);
insert into fleur_inflorescence (fleur_fk, inflorescence_fk) values (154,0);
insert into fleur_couleur (fleur_fk, couleur_fk) values (154,4);
insert into fleur_aspect (fleur_fk, aspect_fk) values (154,6);
insert into fleur_nb_petale (fleur_fk, nb_petale_fk) values (154,1);
insert into fleur_type_feuille (fleur_fk, type_feuille_fk) values (154,1);
insert into fleur_disposition_feuille (fleur_fk, disposition_feuille_fk) values (154,0);
insert into fleur_pilosite_tige (fleur_fk, pilosite_tige_fk) values (154,1);
insert into fleur_pilosite_feuille (fleur_fk, pilosite_feuille_fk) values (154,1);
insert into fleur (id,directory_name,scientific_family_fk) values (155,"crepis_setosa",1);
insert into taxonomy (lang, taxon, searched_taxon, fleur_fk) values ("fr","Crépis hérissé","crepis herisse",155);
insert into taxonomy (lang, taxon, searched_taxon, fleur_fk) values ("fr","Crépide hérissée","crepide herissee",155);
insert into taxonomy (lang, taxon, searched_taxon, fleur_fk) values ("la","Crepis setosa","crepis setosa",155);
insert into taxonomy (lang, taxon, searched_taxon, fleur_fk) values ("en","bristly hawksbeard","bristly hawksbeard",155);
insert into fleur_inflorescence (fleur_fk, inflorescence_fk) values (155,0);
insert into fleur_couleur (fleur_fk, couleur_fk) values (155,4);
insert into fleur_aspect (fleur_fk, aspect_fk) values (155,6);
insert into fleur_nb_petale (fleur_fk, nb_petale_fk) values (155,1);
insert into fleur_type_feuille (fleur_fk, type_feuille_fk) values (155,1);
insert into fleur_disposition_feuille (fleur_fk, disposition_feuille_fk) values (155,0);
insert into fleur_pilosite_tige (fleur_fk, pilosite_tige_fk) values (155,1);
insert into fleur_pilosite_feuille (fleur_fk, pilosite_feuille_fk) values (155,1);
insert into fleur (id,directory_name,scientific_family_fk) values (156,"cucubalus_baccifer",20);
insert into taxonomy (lang, taxon, searched_taxon, fleur_fk) values ("fr","Cucubale à baies","cucubale a baies",156);
insert into taxonomy (lang, taxon, searched_taxon, fleur_fk) values ("fr","Coulichon","coulichon",156);
insert into taxonomy (lang, taxon, searched_taxon, fleur_fk) values ("fr","Cucubale couchée","cucubale couchee",156);
insert into taxonomy (lang, taxon, searched_taxon, fleur_fk) values ("la","Cucubalus baccifer","cucubalus baccifer",156);
insert into taxonomy (lang, taxon, searched_taxon, fleur_fk) values ("en","Berry Catchfly","berry catchfly",156);
insert into fleur_inflorescence (fleur_fk, inflorescence_fk) values (156,0);
insert into fleur_couleur (fleur_fk, couleur_fk) values (156,0);
insert into fleur_aspect (fleur_fk, aspect_fk) values (156,0);
insert into fleur_nb_petale (fleur_fk, nb_petale_fk) values (156,0);
insert into fleur_type_feuille (fleur_fk, type_feuille_fk) values (156,3);
insert into fleur_disposition_feuille (fleur_fk, disposition_feuille_fk) values (156,1);
insert into fleur_pilosite_tige (fleur_fk, pilosite_tige_fk) values (156,1);
insert into fleur_pilosite_feuille (fleur_fk, pilosite_feuille_fk) values (156,1);
insert into fleur (id,directory_name,scientific_family_fk) values (157,"datura_stramonium",25);
insert into taxonomy (lang, taxon, searched_taxon, fleur_fk) values ("fr","Datura officinal","datura officinal",157);
insert into taxonomy (lang, taxon, searched_taxon, fleur_fk) values ("fr","Herbe aux taupes","herbe aux taupes",157);
insert into taxonomy (lang, taxon, searched_taxon, fleur_fk) values ("fr","Stramoine commune","stramoine commune",157);
insert into taxonomy (lang, taxon, searched_taxon, fleur_fk) values ("la","Datura stramonium","datura stramonium",157);
insert into taxonomy (lang, taxon, searched_taxon, fleur_fk) values ("en","Jimson weed","jimson weed",157);
insert into fleur_inflorescence (fleur_fk, inflorescence_fk) values (157,1);
insert into fleur_couleur (fleur_fk, couleur_fk) values (157,0);
insert into fleur_couleur (fleur_fk, couleur_fk) values (157,3);
insert into fleur_aspect (fleur_fk, aspect_fk) values (157,5);
insert into fleur_nb_petale (fleur_fk, nb_petale_fk) values (157,0);
insert into fleur_type_feuille (fleur_fk, type_feuille_fk) values (157,2);
insert into fleur_disposition_feuille (fleur_fk, disposition_feuille_fk) values (157,0);
insert into fleur_pilosite_tige (fleur_fk, pilosite_tige_fk) values (157,1);
insert into fleur_pilosite_tige (fleur_fk, pilosite_tige_fk) values (157,0);
insert into fleur_pilosite_feuille (fleur_fk, pilosite_feuille_fk) values (157,0);
insert into fleur (id,directory_name,scientific_family_fk) values (158,"consolida_ajacis",2);
insert into taxonomy (lang, taxon, searched_taxon, fleur_fk) values ("fr","Dauphinelle des jardins","dauphinelle des jardins",158);
insert into taxonomy (lang, taxon, searched_taxon, fleur_fk) values ("fr","Pied d'alouette des jardins","pied d'alouette des jardins",158);
insert into taxonomy (lang, taxon, searched_taxon, fleur_fk) values ("fr","Dauphinelle cultivée","dauphinelle cultivee",158);
insert into taxonomy (lang, taxon, searched_taxon, fleur_fk) values ("la","Consolida ajacis","consolida ajacis",158);
insert into taxonomy (lang, taxon, searched_taxon, fleur_fk) values ("en","doubtful knight's spur","doubtful knight's spur",158);
insert into fleur_inflorescence (fleur_fk, inflorescence_fk) values (158,0);
insert into fleur_couleur (fleur_fk, couleur_fk) values (158,9);
insert into fleur_aspect (fleur_fk, aspect_fk) values (158,2);
insert into fleur_nb_petale (fleur_fk, nb_petale_fk) values (158,0);
insert into fleur_type_feuille (fleur_fk, type_feuille_fk) values (158,1);
insert into fleur_disposition_feuille (fleur_fk, disposition_feuille_fk) values (158,0);
insert into fleur_pilosite_tige (fleur_fk, pilosite_tige_fk) values (158,0);
insert into fleur_pilosite_feuille (fleur_fk, pilosite_feuille_fk) values (158,1);
insert into fleur (id,directory_name,scientific_family_fk) values (159,"digitalis_lutea",26);
insert into taxonomy (lang, taxon, searched_taxon, fleur_fk) values ("fr","Digitale jaune","digitale jaune",159);
insert into taxonomy (lang, taxon, searched_taxon, fleur_fk) values ("la","Digitalis lutea","digitalis lutea",159);
insert into taxonomy (lang, taxon, searched_taxon, fleur_fk) values ("en","yellow foxglove","yellow foxglove",159);
insert into fleur_inflorescence (fleur_fk, inflorescence_fk) values (159,0);
insert into fleur_couleur (fleur_fk, couleur_fk) values (159,4);
insert into fleur_couleur (fleur_fk, couleur_fk) values (159,0);
insert into fleur_aspect (fleur_fk, aspect_fk) values (159,3);
insert into fleur_nb_petale (fleur_fk, nb_petale_fk) values (159,0);
insert into fleur_type_feuille (fleur_fk, type_feuille_fk) values (159,3);
insert into fleur_disposition_feuille (fleur_fk, disposition_feuille_fk) values (159,0);
insert into fleur_pilosite_tige (fleur_fk, pilosite_tige_fk) values (159,0);
insert into fleur_pilosite_feuille (fleur_fk, pilosite_feuille_fk) values (159,0);
insert into fleur (id,directory_name,scientific_family_fk) values (160,"digitalis_purpurea",26);
insert into taxonomy (lang, taxon, searched_taxon, fleur_fk) values ("fr","Digitale pourpre","digitale pourpre",160);
insert into taxonomy (lang, taxon, searched_taxon, fleur_fk) values ("la","Digitalis purpurea","digitalis purpurea",160);
insert into taxonomy (lang, taxon, searched_taxon, fleur_fk) values ("en","common foxglove","common foxglove",160);
insert into fleur_inflorescence (fleur_fk, inflorescence_fk) values (160,0);
insert into fleur_couleur (fleur_fk, couleur_fk) values (160,1);
insert into fleur_aspect (fleur_fk, aspect_fk) values (160,3);
insert into fleur_nb_petale (fleur_fk, nb_petale_fk) values (160,2);
insert into fleur_type_feuille (fleur_fk, type_feuille_fk) values (160,2);
insert into fleur_disposition_feuille (fleur_fk, disposition_feuille_fk) values (160,0);
insert into fleur_pilosite_tige (fleur_fk, pilosite_tige_fk) values (160,1);
insert into fleur_pilosite_feuille (fleur_fk, pilosite_feuille_fk) values (160,1);
insert into fleur (id,directory_name,scientific_family_fk) values (161,"erophila_verna",6);
insert into taxonomy (lang, taxon, searched_taxon, fleur_fk) values ("fr","Drave printanière","drave printaniere",161);
insert into taxonomy (lang, taxon, searched_taxon, fleur_fk) values ("la","Erophila verna","erophila verna",161);
insert into taxonomy (lang, taxon, searched_taxon, fleur_fk) values ("en","common whitlowgrass","common whitlowgrass",161);
insert into fleur_inflorescence (fleur_fk, inflorescence_fk) values (161,0);
insert into fleur_couleur (fleur_fk, couleur_fk) values (161,0);
insert into fleur_aspect (fleur_fk, aspect_fk) values (161,0);
insert into fleur_nb_petale (fleur_fk, nb_petale_fk) values (161,2);
insert into fleur_type_feuille (fleur_fk, type_feuille_fk) values (161,3);
insert into fleur_disposition_feuille (fleur_fk, disposition_feuille_fk) values (161,3);
insert into fleur_pilosite_tige (fleur_fk, pilosite_tige_fk) values (161,1);
insert into fleur_pilosite_feuille (fleur_fk, pilosite_feuille_fk) values (161,1);
insert into fleur (id,directory_name,scientific_family_fk) values (162,"hieracium_pilosella",1);
insert into taxonomy (lang, taxon, searched_taxon, fleur_fk) values ("fr","Epervière piloselle","eperviere piloselle",162);
insert into taxonomy (lang, taxon, searched_taxon, fleur_fk) values ("fr","Piloselle","piloselle",162);
insert into taxonomy (lang, taxon, searched_taxon, fleur_fk) values ("la","Hieracium pilosella","hieracium pilosella",162);
insert into taxonomy (lang, taxon, searched_taxon, fleur_fk) values ("en"," mouse-ear hawkweed"," mouse-ear hawkweed",162);
insert into fleur_inflorescence (fleur_fk, inflorescence_fk) values (162,0);
insert into fleur_couleur (fleur_fk, couleur_fk) values (162,4);
insert into fleur_aspect (fleur_fk, aspect_fk) values (162,6);
insert into fleur_nb_petale (fleur_fk, nb_petale_fk) values (162,7);
insert into fleur_type_feuille (fleur_fk, type_feuille_fk) values (162,3);
insert into fleur_disposition_feuille (fleur_fk, disposition_feuille_fk) values (162,3);
insert into fleur_pilosite_tige (fleur_fk, pilosite_tige_fk) values (162,1);
insert into fleur_pilosite_feuille (fleur_fk, pilosite_feuille_fk) values (162,1);
insert into fleur (id,directory_name,scientific_family_fk) values (163,"stachys_annua",3);
insert into taxonomy (lang, taxon, searched_taxon, fleur_fk) values ("fr","Epiaire annuelle","epiaire annuelle",163);
insert into taxonomy (lang, taxon, searched_taxon, fleur_fk) values ("la","Stachys annua","stachys annua",163);
insert into taxonomy (lang, taxon, searched_taxon, fleur_fk) values ("en","annual woundwort","annual woundwort",163);
insert into fleur_inflorescence (fleur_fk, inflorescence_fk) values (163,0);
insert into fleur_couleur (fleur_fk, couleur_fk) values (163,0);
insert into fleur_aspect (fleur_fk, aspect_fk) values (163,3);
insert into fleur_nb_petale (fleur_fk, nb_petale_fk) values (163,2);
insert into fleur_nb_petale (fleur_fk, nb_petale_fk) values (163,0);
insert into fleur_type_feuille (fleur_fk, type_feuille_fk) values (163,2);
insert into fleur_disposition_feuille (fleur_fk, disposition_feuille_fk) values (163,1);
insert into fleur_pilosite_tige (fleur_fk, pilosite_tige_fk) values (163,1);
insert into fleur_pilosite_feuille (fleur_fk, pilosite_feuille_fk) values (163,0);
insert into fleur (id,directory_name,scientific_family_fk) values (164,"stachys_palustris",3);
insert into taxonomy (lang, taxon, searched_taxon, fleur_fk) values ("fr","Epiaire des marais","epiaire des marais",164);
insert into taxonomy (lang, taxon, searched_taxon, fleur_fk) values ("la","Stachys palustris","stachys palustris",164);
insert into taxonomy (lang, taxon, searched_taxon, fleur_fk) values ("en","Marsh woundwort","marsh woundwort",164);
insert into fleur_inflorescence (fleur_fk, inflorescence_fk) values (164,0);
insert into fleur_couleur (fleur_fk, couleur_fk) values (164,1);
insert into fleur_aspect (fleur_fk, aspect_fk) values (164,3);
insert into fleur_nb_petale (fleur_fk, nb_petale_fk) values (164,2);
insert into fleur_nb_petale (fleur_fk, nb_petale_fk) values (164,0);
insert into fleur_type_feuille (fleur_fk, type_feuille_fk) values (164,2);
insert into fleur_disposition_feuille (fleur_fk, disposition_feuille_fk) values (164,1);
insert into fleur_pilosite_tige (fleur_fk, pilosite_tige_fk) values (164,1);
insert into fleur_pilosite_feuille (fleur_fk, pilosite_feuille_fk) values (164,1);
insert into fleur (id,directory_name,scientific_family_fk) values (165,"stachys_sylvatica",3);
insert into taxonomy (lang, taxon, searched_taxon, fleur_fk) values ("fr","Epiaire des forêts","epiaire des forets",165);
insert into taxonomy (lang, taxon, searched_taxon, fleur_fk) values ("fr","Ortie puante","ortie puante",165);
insert into taxonomy (lang, taxon, searched_taxon, fleur_fk) values ("fr","Epiaire des bois","epiaire des bois",165);
insert into taxonomy (lang, taxon, searched_taxon, fleur_fk) values ("la","Stachys sylvatica","stachys sylvatica",165);
insert into taxonomy (lang, taxon, searched_taxon, fleur_fk) values ("en","Hedge woundwort","hedge woundwort",165);
insert into fleur_inflorescence (fleur_fk, inflorescence_fk) values (165,0);
insert into fleur_couleur (fleur_fk, couleur_fk) values (165,1);
insert into fleur_aspect (fleur_fk, aspect_fk) values (165,3);
insert into fleur_nb_petale (fleur_fk, nb_petale_fk) values (165,2);
insert into fleur_nb_petale (fleur_fk, nb_petale_fk) values (165,0);
insert into fleur_type_feuille (fleur_fk, type_feuille_fk) values (165,2);
insert into fleur_disposition_feuille (fleur_fk, disposition_feuille_fk) values (165,1);
insert into fleur_pilosite_tige (fleur_fk, pilosite_tige_fk) values (165,1);
insert into fleur_pilosite_feuille (fleur_fk, pilosite_feuille_fk) values (165,1);
insert into fleur (id,directory_name,scientific_family_fk) values (166,"stachys_recta",3);
insert into taxonomy (lang, taxon, searched_taxon, fleur_fk) values ("fr","Epiaire droite","epiaire droite",166);
insert into taxonomy (lang, taxon, searched_taxon, fleur_fk) values ("la","Stachys recta","stachys recta",166);
insert into taxonomy (lang, taxon, searched_taxon, fleur_fk) values ("en","yellow woundwort","yellow woundwort",166);
insert into fleur_inflorescence (fleur_fk, inflorescence_fk) values (166,0);
insert into fleur_couleur (fleur_fk, couleur_fk) values (166,0);
insert into fleur_aspect (fleur_fk, aspect_fk) values (166,3);
insert into fleur_nb_petale (fleur_fk, nb_petale_fk) values (166,2);
insert into fleur_nb_petale (fleur_fk, nb_petale_fk) values (166,0);
insert into fleur_type_feuille (fleur_fk, type_feuille_fk) values (166,2);
insert into fleur_disposition_feuille (fleur_fk, disposition_feuille_fk) values (166,1);
insert into fleur_pilosite_tige (fleur_fk, pilosite_tige_fk) values (166,1);
insert into fleur_pilosite_feuille (fleur_fk, pilosite_feuille_fk) values (166,1);
insert into fleur (id,directory_name,scientific_family_fk) values (167,"stachys_officinalis",3);
insert into taxonomy (lang, taxon, searched_taxon, fleur_fk) values ("fr","Epiaire officinale","epiaire officinale",167);
insert into taxonomy (lang, taxon, searched_taxon, fleur_fk) values ("fr","Bétoine officinale","betoine officinale",167);
insert into taxonomy (lang, taxon, searched_taxon, fleur_fk) values ("fr","Epiaire bétoine","epiaire betoine",167);
insert into taxonomy (lang, taxon, searched_taxon, fleur_fk) values ("la","Stachys officinalis","stachys officinalis",167);
insert into taxonomy (lang, taxon, searched_taxon, fleur_fk) values ("en","Betony","betony",167);
insert into fleur_inflorescence (fleur_fk, inflorescence_fk) values (167,0);
insert into fleur_couleur (fleur_fk, couleur_fk) values (167,1);
insert into fleur_aspect (fleur_fk, aspect_fk) values (167,3);
insert into fleur_nb_petale (fleur_fk, nb_petale_fk) values (167,2);
insert into fleur_nb_petale (fleur_fk, nb_petale_fk) values (167,0);
insert into fleur_type_feuille (fleur_fk, type_feuille_fk) values (167,2);
insert into fleur_disposition_feuille (fleur_fk, disposition_feuille_fk) values (167,1);
insert into fleur_pilosite_tige (fleur_fk, pilosite_tige_fk) values (167,1);
insert into fleur_pilosite_feuille (fleur_fk, pilosite_feuille_fk) values (167,1);
insert into fleur (id,directory_name,scientific_family_fk) values (168,"epilobium_parviflorum",27);
insert into taxonomy (lang, taxon, searched_taxon, fleur_fk) values ("fr","Epilobe à petites fleurs","epilobe a petites fleurs",168);
insert into taxonomy (lang, taxon, searched_taxon, fleur_fk) values ("fr","Epilobe mollet","epilobe mollet",168);
insert into taxonomy (lang, taxon, searched_taxon, fleur_fk) values ("la","Epilobium parviflorum","epilobium parviflorum",168);
insert into taxonomy (lang, taxon, searched_taxon, fleur_fk) values ("en","Smallflower Hairy Willowherb","smallflower hairy willowherb",168);
insert into fleur_inflorescence (fleur_fk, inflorescence_fk) values (168,0);
insert into fleur_couleur (fleur_fk, couleur_fk) values (168,1);
insert into fleur_aspect (fleur_fk, aspect_fk) values (168,0);
insert into fleur_nb_petale (fleur_fk, nb_petale_fk) values (168,2);
insert into fleur_type_feuille (fleur_fk, type_feuille_fk) values (168,3);
insert into fleur_disposition_feuille (fleur_fk, disposition_feuille_fk) values (168,0);
insert into fleur_pilosite_tige (fleur_fk, pilosite_tige_fk) values (168,1);
insert into fleur_pilosite_feuille (fleur_fk, pilosite_feuille_fk) values (168,1);
insert into fleur (id,directory_name,scientific_family_fk) values (169,"epilobium_tetragonum",27);
insert into taxonomy (lang, taxon, searched_taxon, fleur_fk) values ("fr","Epilobe à quatre angles","epilobe a quatre angles",169);
insert into taxonomy (lang, taxon, searched_taxon, fleur_fk) values ("la","Epilobium tetragonum","epilobium tetragonum",169);
insert into taxonomy (lang, taxon, searched_taxon, fleur_fk) values ("en","square-stemmed willowherb","square-stemmed willowherb",169);
insert into fleur_inflorescence (fleur_fk, inflorescence_fk) values (169,0);
insert into fleur_couleur (fleur_fk, couleur_fk) values (169,1);
insert into fleur_aspect (fleur_fk, aspect_fk) values (169,0);
insert into fleur_nb_petale (fleur_fk, nb_petale_fk) values (169,2);
insert into fleur_type_feuille (fleur_fk, type_feuille_fk) values (169,2);
insert into fleur_disposition_feuille (fleur_fk, disposition_feuille_fk) values (169,0);
insert into fleur_pilosite_tige (fleur_fk, pilosite_tige_fk) values (169,1);
insert into fleur_pilosite_tige (fleur_fk, pilosite_tige_fk) values (169,0);
insert into fleur_pilosite_feuille (fleur_fk, pilosite_feuille_fk) values (169,0);
insert into fleur (id,directory_name,scientific_family_fk) values (170,"epilobium_ciliatum",27);
insert into taxonomy (lang, taxon, searched_taxon, fleur_fk) values ("fr","Epilobe cilié","epilobe cilie",170);
insert into taxonomy (lang, taxon, searched_taxon, fleur_fk) values ("fr","Epilobe à tige glanduleuse","epilobe a tige glanduleuse",170);
insert into taxonomy (lang, taxon, searched_taxon, fleur_fk) values ("la","Epilobium ciliatum","epilobium ciliatum",170);
insert into taxonomy (lang, taxon, searched_taxon, fleur_fk) values ("en","fringed willowherb","fringed willowherb",170);
insert into fleur_inflorescence (fleur_fk, inflorescence_fk) values (170,0);
insert into fleur_couleur (fleur_fk, couleur_fk) values (170,1);
insert into fleur_aspect (fleur_fk, aspect_fk) values (170,0);
insert into fleur_nb_petale (fleur_fk, nb_petale_fk) values (170,2);
insert into fleur_type_feuille (fleur_fk, type_feuille_fk) values (170,2);
insert into fleur_disposition_feuille (fleur_fk, disposition_feuille_fk) values (170,1);
insert into fleur_pilosite_tige (fleur_fk, pilosite_tige_fk) values (170,1);
insert into fleur_pilosite_tige (fleur_fk, pilosite_tige_fk) values (170,0);
insert into fleur_pilosite_feuille (fleur_fk, pilosite_feuille_fk) values (170,0);
insert into fleur (id,directory_name,scientific_family_fk) values (171,"epilobium_brachycarpum",27);
insert into taxonomy (lang, taxon, searched_taxon, fleur_fk) values ("fr","Epilobe d'automne","epilobe d'automne",171);
insert into taxonomy (lang, taxon, searched_taxon, fleur_fk) values ("fr","Epilobe à fruits courts","epilobe a fruits courts",171);
insert into taxonomy (lang, taxon, searched_taxon, fleur_fk) values ("la","Epilobium brachycarpum","epilobium brachycarpum",171);
insert into taxonomy (lang, taxon, searched_taxon, fleur_fk) values ("en","tall willowherb","tall willowherb",171);
insert into fleur_inflorescence (fleur_fk, inflorescence_fk) values (171,0);
insert into fleur_couleur (fleur_fk, couleur_fk) values (171,1);
insert into fleur_couleur (fleur_fk, couleur_fk) values (171,0);
insert into fleur_aspect (fleur_fk, aspect_fk) values (171,0);
insert into fleur_nb_petale (fleur_fk, nb_petale_fk) values (171,2);
insert into fleur_type_feuille (fleur_fk, type_feuille_fk) values (171,2);
insert into fleur_disposition_feuille (fleur_fk, disposition_feuille_fk) values (171,0);
insert into fleur_pilosite_tige (fleur_fk, pilosite_tige_fk) values (171,0);
insert into fleur_pilosite_feuille (fleur_fk, pilosite_feuille_fk) values (171,0);
insert into fleur (id,directory_name,scientific_family_fk) values (172,"epilobium_montanum",27);
insert into taxonomy (lang, taxon, searched_taxon, fleur_fk) values ("fr","Epilobe des montagnes","epilobe des montagnes",172);
insert into taxonomy (lang, taxon, searched_taxon, fleur_fk) values ("la","Epilobium montanum","epilobium montanum",172);
insert into taxonomy (lang, taxon, searched_taxon, fleur_fk) values ("en","broad-leaved willowherb","broad-leaved willowherb",172);
insert into fleur_inflorescence (fleur_fk, inflorescence_fk) values (172,0);
insert into fleur_couleur (fleur_fk, couleur_fk) values (172,1);
insert into fleur_aspect (fleur_fk, aspect_fk) values (172,0);
insert into fleur_nb_petale (fleur_fk, nb_petale_fk) values (172,2);
insert into fleur_type_feuille (fleur_fk, type_feuille_fk) values (172,2);
insert into fleur_disposition_feuille (fleur_fk, disposition_feuille_fk) values (172,1);
insert into fleur_pilosite_tige (fleur_fk, pilosite_tige_fk) values (172,1);
insert into fleur_pilosite_feuille (fleur_fk, pilosite_feuille_fk) values (172,1);
insert into fleur (id,directory_name,scientific_family_fk) values (173,"epilobium_lanceolatum",27);
insert into taxonomy (lang, taxon, searched_taxon, fleur_fk) values ("fr","Epilobe lancéolé","epilobe lanceole",173);
insert into taxonomy (lang, taxon, searched_taxon, fleur_fk) values ("la","Epilobium lanceolatum","epilobium lanceolatum",173);
insert into taxonomy (lang, taxon, searched_taxon, fleur_fk) values ("en","spear-leaved willowherb","spear-leaved willowherb",173);
insert into fleur_inflorescence (fleur_fk, inflorescence_fk) values (173,0);
insert into fleur_couleur (fleur_fk, couleur_fk) values (173,1);
insert into fleur_aspect (fleur_fk, aspect_fk) values (173,0);
insert into fleur_nb_petale (fleur_fk, nb_petale_fk) values (173,2);
insert into fleur_type_feuille (fleur_fk, type_feuille_fk) values (173,2);
insert into fleur_disposition_feuille (fleur_fk, disposition_feuille_fk) values (173,0);
insert into fleur_pilosite_tige (fleur_fk, pilosite_tige_fk) values (173,1);
insert into fleur_pilosite_feuille (fleur_fk, pilosite_feuille_fk) values (173,1);
insert into fleur (id,directory_name,scientific_family_fk) values (174,"epilobium_hirsutum",27);
insert into taxonomy (lang, taxon, searched_taxon, fleur_fk) values ("fr","Epilobe velu","epilobe velu",174);
insert into taxonomy (lang, taxon, searched_taxon, fleur_fk) values ("fr","Epilobe à grandes fleurs","epilobe a grandes fleurs",174);
insert into taxonomy (lang, taxon, searched_taxon, fleur_fk) values ("fr","Epilobe hérissé","epilobe herisse",174);
insert into taxonomy (lang, taxon, searched_taxon, fleur_fk) values ("la","Epilobium hirsutum","epilobium hirsutum",174);
insert into taxonomy (lang, taxon, searched_taxon, fleur_fk) values ("en"," great willowherb "," great willowherb ",174);
insert into fleur_inflorescence (fleur_fk, inflorescence_fk) values (174,0);
insert into fleur_couleur (fleur_fk, couleur_fk) values (174,1);
insert into fleur_aspect (fleur_fk, aspect_fk) values (174,0);
insert into fleur_nb_petale (fleur_fk, nb_petale_fk) values (174,2);
insert into fleur_type_feuille (fleur_fk, type_feuille_fk) values (174,2);
insert into fleur_disposition_feuille (fleur_fk, disposition_feuille_fk) values (174,1);
insert into fleur_pilosite_tige (fleur_fk, pilosite_tige_fk) values (174,1);
insert into fleur_pilosite_feuille (fleur_fk, pilosite_feuille_fk) values (174,2);
insert into fleur (id,directory_name,scientific_family_fk) values (175,"epipactis_helleborine",19);
insert into taxonomy (lang, taxon, searched_taxon, fleur_fk) values ("fr","Epipactis helléborine","epipactis helleborine",175);
insert into taxonomy (lang, taxon, searched_taxon, fleur_fk) values ("fr","Helléborine","helleborine",175);
insert into taxonomy (lang, taxon, searched_taxon, fleur_fk) values ("fr","Epipactis à larges feuilles","epipactis a larges feuilles",175);
insert into taxonomy (lang, taxon, searched_taxon, fleur_fk) values ("la","Epipactis helleborine","epipactis helleborine",175);
insert into taxonomy (lang, taxon, searched_taxon, fleur_fk) values ("en","Broad-leaved Helleborine","broad-leaved helleborine",175);
insert into fleur_inflorescence (fleur_fk, inflorescence_fk) values (175,0);
insert into fleur_couleur (fleur_fk, couleur_fk) values (175,6);
insert into fleur_aspect (fleur_fk, aspect_fk) values (175,2);
insert into fleur_nb_petale (fleur_fk, nb_petale_fk) values (175,3);
insert into fleur_type_feuille (fleur_fk, type_feuille_fk) values (175,3);
insert into fleur_disposition_feuille (fleur_fk, disposition_feuille_fk) values (175,0);
insert into fleur_pilosite_tige (fleur_fk, pilosite_tige_fk) values (175,1);
insert into fleur_pilosite_tige (fleur_fk, pilosite_tige_fk) values (175,0);
insert into fleur_pilosite_feuille (fleur_fk, pilosite_feuille_fk) values (175,0);
insert into fleur (id,directory_name,scientific_family_fk) values (176,"erodium_cicutarium",28);
insert into taxonomy (lang, taxon, searched_taxon, fleur_fk) values ("fr","Erodium à feuilles de ciguë","erodium a feuilles de cigue",176);
insert into taxonomy (lang, taxon, searched_taxon, fleur_fk) values ("fr","Érodium commun","erodium commun",176);
insert into taxonomy (lang, taxon, searched_taxon, fleur_fk) values ("fr","Bec-de-grue  à feuilles de ciguë","bec-de-grue  a feuilles de cigue",176);
insert into taxonomy (lang, taxon, searched_taxon, fleur_fk) values ("la","Erodium cicutarium","erodium cicutarium",176);
insert into taxonomy (lang, taxon, searched_taxon, fleur_fk) values ("en","redstem filaree","redstem filaree",176);
insert into fleur_inflorescence (fleur_fk, inflorescence_fk) values (176,0);
insert into fleur_couleur (fleur_fk, couleur_fk) values (176,1);
insert into fleur_aspect (fleur_fk, aspect_fk) values (176,0);
insert into fleur_aspect (fleur_fk, aspect_fk) values (176,2);
insert into fleur_nb_petale (fleur_fk, nb_petale_fk) values (176,0);
insert into fleur_type_feuille (fleur_fk, type_feuille_fk) values (176,0);
insert into fleur_disposition_feuille (fleur_fk, disposition_feuille_fk) values (176,0);
insert into fleur_disposition_feuille (fleur_fk, disposition_feuille_fk) values (176,1);
insert into fleur_pilosite_tige (fleur_fk, pilosite_tige_fk) values (176,1);
insert into fleur_pilosite_feuille (fleur_fk, pilosite_feuille_fk) values (176,1);
insert into fleur (id,directory_name,scientific_family_fk) values (177,"eupatorium_cannabinum",1);
insert into taxonomy (lang, taxon, searched_taxon, fleur_fk) values ("fr","Eupatoire chanvrine","eupatoire chanvrine",177);
insert into taxonomy (lang, taxon, searched_taxon, fleur_fk) values ("la","Eupatorium cannabinum","eupatorium cannabinum",177);
insert into taxonomy (lang, taxon, searched_taxon, fleur_fk) values ("en","Hemp-agrimony","hemp-agrimony",177);
insert into fleur_inflorescence (fleur_fk, inflorescence_fk) values (177,0);
insert into fleur_couleur (fleur_fk, couleur_fk) values (177,1);
insert into fleur_aspect (fleur_fk, aspect_fk) values (177,6);
insert into fleur_nb_petale (fleur_fk, nb_petale_fk) values (177,1);
insert into fleur_type_feuille (fleur_fk, type_feuille_fk) values (177,0);
insert into fleur_disposition_feuille (fleur_fk, disposition_feuille_fk) values (177,1);
insert into fleur_pilosite_tige (fleur_fk, pilosite_tige_fk) values (177,1);
insert into fleur_pilosite_feuille (fleur_fk, pilosite_feuille_fk) values (177,1);
insert into fleur (id,directory_name,scientific_family_fk) values (178,"euphorbia_peplus",29);
insert into taxonomy (lang, taxon, searched_taxon, fleur_fk) values ("fr","Euphorbe péplus","euphorbe peplus",178);
insert into taxonomy (lang, taxon, searched_taxon, fleur_fk) values ("fr","Ésule ronde","esule ronde",178);
insert into taxonomy (lang, taxon, searched_taxon, fleur_fk) values ("fr","Euphorbe des jardins","euphorbe des jardins",178);
insert into taxonomy (lang, taxon, searched_taxon, fleur_fk) values ("la","Euphorbia peplus","euphorbia peplus",178);
insert into taxonomy (lang, taxon, searched_taxon, fleur_fk) values ("en","petty spurge","petty spurge",178);
insert into fleur_inflorescence (fleur_fk, inflorescence_fk) values (178,0);
insert into fleur_couleur (fleur_fk, couleur_fk) values (178,6);
insert into fleur_aspect (fleur_fk, aspect_fk) values (178,7);
insert into fleur_nb_petale (fleur_fk, nb_petale_fk) values (178,6);
insert into fleur_type_feuille (fleur_fk, type_feuille_fk) values (178,3);
insert into fleur_disposition_feuille (fleur_fk, disposition_feuille_fk) values (178,0);
insert into fleur_pilosite_tige (fleur_fk, pilosite_tige_fk) values (178,0);
insert into fleur_pilosite_feuille (fleur_fk, pilosite_feuille_fk) values (178,0);
insert into fleur (id,directory_name,scientific_family_fk) values (179,"euphorbia_helioscopia",29);
insert into taxonomy (lang, taxon, searched_taxon, fleur_fk) values ("fr","Euphorbe réveil-matin","euphorbe reveil-matin",179);
insert into taxonomy (lang, taxon, searched_taxon, fleur_fk) values ("fr","Petite Éclaire","petite eclaire",179);
insert into taxonomy (lang, taxon, searched_taxon, fleur_fk) values ("la","Euphorbia helioscopia","euphorbia helioscopia",179);
insert into taxonomy (lang, taxon, searched_taxon, fleur_fk) values ("en","Sun Spurge","sun spurge",179);
insert into fleur_inflorescence (fleur_fk, inflorescence_fk) values (179,0);
insert into fleur_couleur (fleur_fk, couleur_fk) values (179,6);
insert into fleur_couleur (fleur_fk, couleur_fk) values (179,4);
insert into fleur_aspect (fleur_fk, aspect_fk) values (179,7);
insert into fleur_nb_petale (fleur_fk, nb_petale_fk) values (179,6);
insert into fleur_type_feuille (fleur_fk, type_feuille_fk) values (179,2);
insert into fleur_disposition_feuille (fleur_fk, disposition_feuille_fk) values (179,0);
insert into fleur_pilosite_tige (fleur_fk, pilosite_tige_fk) values (179,1);
insert into fleur_pilosite_tige (fleur_fk, pilosite_tige_fk) values (179,0);
insert into fleur_pilosite_feuille (fleur_fk, pilosite_feuille_fk) values (179,0);
insert into fleur (id,directory_name,scientific_family_fk) values (180,"euphrasia_stricta",26);
insert into taxonomy (lang, taxon, searched_taxon, fleur_fk) values ("fr","Euphraise raide","euphraise raide",180);
insert into taxonomy (lang, taxon, searched_taxon, fleur_fk) values ("fr","Euphraise dressée","euphraise dressee",180);
insert into taxonomy (lang, taxon, searched_taxon, fleur_fk) values ("la","Euphrasia stricta","euphrasia stricta",180);
insert into taxonomy (lang, taxon, searched_taxon, fleur_fk) values ("en","drug eyebright","drug eyebright",180);
insert into fleur_inflorescence (fleur_fk, inflorescence_fk) values (180,0);
insert into fleur_couleur (fleur_fk, couleur_fk) values (180,3);
insert into fleur_couleur (fleur_fk, couleur_fk) values (180,0);
insert into fleur_aspect (fleur_fk, aspect_fk) values (180,3);
insert into fleur_nb_petale (fleur_fk, nb_petale_fk) values (180,0);
insert into fleur_type_feuille (fleur_fk, type_feuille_fk) values (180,2);
insert into fleur_disposition_feuille (fleur_fk, disposition_feuille_fk) values (180,0);
insert into fleur_pilosite_tige (fleur_fk, pilosite_tige_fk) values (180,1);
insert into fleur_pilosite_feuille (fleur_fk, pilosite_feuille_fk) values (180,0);
insert into fleur (id,directory_name,scientific_family_fk) values (181,"falcaria_vulgaris",0);
insert into taxonomy (lang, taxon, searched_taxon, fleur_fk) values ("fr","Falcaire commune","falcaire commune",181);
insert into taxonomy (lang, taxon, searched_taxon, fleur_fk) values ("fr","Falcaire de Rivin","falcaire de rivin",181);
insert into taxonomy (lang, taxon, searched_taxon, fleur_fk) values ("la","Falcaria vulgaris","falcaria vulgaris",181);
insert into taxonomy (lang, taxon, searched_taxon, fleur_fk) values ("en","longleaf","longleaf",181);
insert into fleur_inflorescence (fleur_fk, inflorescence_fk) values (181,0);
insert into fleur_couleur (fleur_fk, couleur_fk) values (181,0);
insert into fleur_aspect (fleur_fk, aspect_fk) values (181,0);
insert into fleur_nb_petale (fleur_fk, nb_petale_fk) values (181,0);
insert into fleur_type_feuille (fleur_fk, type_feuille_fk) values (181,0);
insert into fleur_disposition_feuille (fleur_fk, disposition_feuille_fk) values (181,0);
insert into fleur_pilosite_tige (fleur_fk, pilosite_tige_fk) values (181,1);
insert into fleur_pilosite_feuille (fleur_fk, pilosite_feuille_fk) values (181,0);
insert into fleur (id,directory_name,scientific_family_fk) values (182,"foeniculum_vulgare",0);
insert into taxonomy (lang, taxon, searched_taxon, fleur_fk) values ("fr","Fenouil commun","fenouil commun",182);
insert into taxonomy (lang, taxon, searched_taxon, fleur_fk) values ("la","Foeniculum vulgare","foeniculum vulgare",182);
insert into taxonomy (lang, taxon, searched_taxon, fleur_fk) values ("en","Fennel","fennel",182);
insert into fleur_inflorescence (fleur_fk, inflorescence_fk) values (182,0);
insert into fleur_couleur (fleur_fk, couleur_fk) values (182,4);
insert into fleur_aspect (fleur_fk, aspect_fk) values (182,0);
insert into fleur_nb_petale (fleur_fk, nb_petale_fk) values (182,0);
insert into fleur_type_feuille (fleur_fk, type_feuille_fk) values (182,0);
insert into fleur_disposition_feuille (fleur_fk, disposition_feuille_fk) values (182,0);
insert into fleur_pilosite_tige (fleur_fk, pilosite_tige_fk) values (182,0);
insert into fleur_pilosite_feuille (fleur_fk, pilosite_feuille_fk) values (182,0);
insert into fleur (id,directory_name,scientific_family_fk) values (183,"ranunculus_ficaria",2);
insert into taxonomy (lang, taxon, searched_taxon, fleur_fk) values ("fr","Ficaire","ficaire",183);
insert into taxonomy (lang, taxon, searched_taxon, fleur_fk) values ("fr","Renoncule ficaire","renoncule ficaire",183);
insert into taxonomy (lang, taxon, searched_taxon, fleur_fk) values ("fr","Ficaire fausse-renoncule","ficaire fausse-renoncule",183);
insert into taxonomy (lang, taxon, searched_taxon, fleur_fk) values ("la","Ranunculus ficaria","ranunculus ficaria",183);
insert into taxonomy (lang, taxon, searched_taxon, fleur_fk) values ("en","Lesser celandine","lesser celandine",183);
insert into fleur_inflorescence (fleur_fk, inflorescence_fk) values (183,1);
insert into fleur_couleur (fleur_fk, couleur_fk) values (183,4);
insert into fleur_aspect (fleur_fk, aspect_fk) values (183,0);
insert into fleur_nb_petale (fleur_fk, nb_petale_fk) values (183,3);
insert into fleur_nb_petale (fleur_fk, nb_petale_fk) values (183,4);
insert into fleur_nb_petale (fleur_fk, nb_petale_fk) values (183,1);
insert into fleur_type_feuille (fleur_fk, type_feuille_fk) values (183,3);
insert into fleur_disposition_feuille (fleur_fk, disposition_feuille_fk) values (183,0);
insert into fleur_disposition_feuille (fleur_fk, disposition_feuille_fk) values (183,1);
insert into fleur_pilosite_tige (fleur_fk, pilosite_tige_fk) values (183,0);
insert into fleur_pilosite_feuille (fleur_fk, pilosite_feuille_fk) values (183,0);
insert into fleur (id,directory_name,scientific_family_fk) values (184,"filipendula_ulmaria",4);
insert into taxonomy (lang, taxon, searched_taxon, fleur_fk) values ("fr","Filipendule ulmaire","filipendule ulmaire",184);
insert into taxonomy (lang, taxon, searched_taxon, fleur_fk) values ("fr","Fausse spirée","fausse spiree",184);
insert into taxonomy (lang, taxon, searched_taxon, fleur_fk) values ("fr","Reine des prés","reine des pres",184);
insert into taxonomy (lang, taxon, searched_taxon, fleur_fk) values ("la","Filipendula ulmaria","filipendula ulmaria",184);
insert into taxonomy (lang, taxon, searched_taxon, fleur_fk) values ("en","meadowsweet","meadowsweet",184);
insert into fleur_inflorescence (fleur_fk, inflorescence_fk) values (184,0);
insert into fleur_couleur (fleur_fk, couleur_fk) values (184,0);
insert into fleur_aspect (fleur_fk, aspect_fk) values (184,0);
insert into fleur_nb_petale (fleur_fk, nb_petale_fk) values (184,0);
insert into fleur_type_feuille (fleur_fk, type_feuille_fk) values (184,0);
insert into fleur_disposition_feuille (fleur_fk, disposition_feuille_fk) values (184,0);
insert into fleur_pilosite_tige (fleur_fk, pilosite_tige_fk) values (184,0);
insert into fleur_pilosite_feuille (fleur_fk, pilosite_feuille_fk) values (184,2);
insert into fleur (id,directory_name,scientific_family_fk) values (185,"baldellia_ranunculoides",30);
insert into taxonomy (lang, taxon, searched_taxon, fleur_fk) values ("fr","Flûteau fausse renoncule","fluteau fausse renoncule",185);
insert into taxonomy (lang, taxon, searched_taxon, fleur_fk) values ("fr","Plantain d'eau fausse renoncule","plantain d'eau fausse renoncule",185);
insert into taxonomy (lang, taxon, searched_taxon, fleur_fk) values ("fr","Alisma fausse renoncule","alisma fausse renoncule",185);
insert into taxonomy (lang, taxon, searched_taxon, fleur_fk) values ("la","Baldellia ranunculoides","baldellia ranunculoides",185);
insert into taxonomy (lang, taxon, searched_taxon, fleur_fk) values ("en"," lesser water-plantain"," lesser water-plantain",185);
insert into fleur_inflorescence (fleur_fk, inflorescence_fk) values (185,0);
insert into fleur_couleur (fleur_fk, couleur_fk) values (185,0);
insert into fleur_couleur (fleur_fk, couleur_fk) values (185,1);
insert into fleur_aspect (fleur_fk, aspect_fk) values (185,0);
insert into fleur_nb_petale (fleur_fk, nb_petale_fk) values (185,5);
insert into fleur_type_feuille (fleur_fk, type_feuille_fk) values (185,3);
insert into fleur_disposition_feuille (fleur_fk, disposition_feuille_fk) values (185,3);
insert into fleur_pilosite_tige (fleur_fk, pilosite_tige_fk) values (185,0);
insert into fleur_pilosite_feuille (fleur_fk, pilosite_feuille_fk) values (185,0);
insert into fleur (id,directory_name,scientific_family_fk) values (186,"fragaria_vesca",4);
insert into taxonomy (lang, taxon, searched_taxon, fleur_fk) values ("fr","Fraisier des bois","fraisier des bois",186);
insert into taxonomy (lang, taxon, searched_taxon, fleur_fk) values ("la","Fragaria vesca","fragaria vesca",186);
insert into taxonomy (lang, taxon, searched_taxon, fleur_fk) values ("en","wild strawberry","wild strawberry",186);
insert into fleur_inflorescence (fleur_fk, inflorescence_fk) values (186,0);
insert into fleur_couleur (fleur_fk, couleur_fk) values (186,0);
insert into fleur_aspect (fleur_fk, aspect_fk) values (186,0);
insert into fleur_nb_petale (fleur_fk, nb_petale_fk) values (186,0);
insert into fleur_type_feuille (fleur_fk, type_feuille_fk) values (186,0);
insert into fleur_disposition_feuille (fleur_fk, disposition_feuille_fk) values (186,3);
insert into fleur_pilosite_tige (fleur_fk, pilosite_tige_fk) values (186,1);
insert into fleur_pilosite_feuille (fleur_fk, pilosite_feuille_fk) values (186,1);
insert into fleur (id,directory_name,scientific_family_fk) values (187,"fritillaria_meleagris",5);
insert into taxonomy (lang, taxon, searched_taxon, fleur_fk) values ("fr","Fritillaire damier","fritillaire damier",187);
insert into taxonomy (lang, taxon, searched_taxon, fleur_fk) values ("fr","Fritillaire oeuf de pintade","fritillaire oeuf de pintade",187);
insert into taxonomy (lang, taxon, searched_taxon, fleur_fk) values ("la","Fritillaria meleagris","fritillaria meleagris",187);
insert into taxonomy (lang, taxon, searched_taxon, fleur_fk) values ("en","snake's head fritillary","snake's head fritillary",187);
insert into fleur_inflorescence (fleur_fk, inflorescence_fk) values (187,1);
insert into fleur_couleur (fleur_fk, couleur_fk) values (187,2);
insert into fleur_couleur (fleur_fk, couleur_fk) values (187,1);
insert into fleur_aspect (fleur_fk, aspect_fk) values (187,0);
insert into fleur_nb_petale (fleur_fk, nb_petale_fk) values (187,3);
insert into fleur_type_feuille (fleur_fk, type_feuille_fk) values (187,3);
insert into fleur_disposition_feuille (fleur_fk, disposition_feuille_fk) values (187,0);
insert into fleur_pilosite_tige (fleur_fk, pilosite_tige_fk) values (187,0);
insert into fleur_pilosite_feuille (fleur_fk, pilosite_feuille_fk) values (187,0);
insert into fleur (id,directory_name,scientific_family_fk) values (188,"fumaria_muralis",31);
insert into taxonomy (lang, taxon, searched_taxon, fleur_fk) values ("fr","Fumeterre des murs","fumeterre des murs",188);
insert into taxonomy (lang, taxon, searched_taxon, fleur_fk) values ("la","Fumaria muralis","fumaria muralis",188);
insert into taxonomy (lang, taxon, searched_taxon, fleur_fk) values ("en","common ramping-fumitory","common ramping-fumitory",188);
insert into fleur_inflorescence (fleur_fk, inflorescence_fk) values (188,0);
insert into fleur_couleur (fleur_fk, couleur_fk) values (188,1);
insert into fleur_aspect (fleur_fk, aspect_fk) values (188,2);
insert into fleur_nb_petale (fleur_fk, nb_petale_fk) values (188,2);
insert into fleur_type_feuille (fleur_fk, type_feuille_fk) values (188,0);
insert into fleur_disposition_feuille (fleur_fk, disposition_feuille_fk) values (188,0);
insert into fleur_pilosite_tige (fleur_fk, pilosite_tige_fk) values (188,0);
insert into fleur_pilosite_feuille (fleur_fk, pilosite_feuille_fk) values (188,0);
insert into fleur (id,directory_name,scientific_family_fk) values (189,"fumaria_capreolata",31);
insert into taxonomy (lang, taxon, searched_taxon, fleur_fk) values ("fr","Fumeterre grimpante","fumeterre grimpante",189);
insert into taxonomy (lang, taxon, searched_taxon, fleur_fk) values ("fr","Fumeterre blanche","fumeterre blanche",189);
insert into taxonomy (lang, taxon, searched_taxon, fleur_fk) values ("la","Fumaria capreolata","fumaria capreolata",189);
insert into taxonomy (lang, taxon, searched_taxon, fleur_fk) values ("en","white fumitory","white fumitory",189);
insert into fleur_inflorescence (fleur_fk, inflorescence_fk) values (189,0);
insert into fleur_couleur (fleur_fk, couleur_fk) values (189,0);
insert into fleur_couleur (fleur_fk, couleur_fk) values (189,1);
insert into fleur_aspect (fleur_fk, aspect_fk) values (189,2);
insert into fleur_nb_petale (fleur_fk, nb_petale_fk) values (189,2);
insert into fleur_type_feuille (fleur_fk, type_feuille_fk) values (189,0);
insert into fleur_disposition_feuille (fleur_fk, disposition_feuille_fk) values (189,0);
insert into fleur_pilosite_tige (fleur_fk, pilosite_tige_fk) values (189,0);
insert into fleur_pilosite_feuille (fleur_fk, pilosite_feuille_fk) values (189,0);
insert into fleur (id,directory_name,scientific_family_fk) values (190,"fumaria_officinalis",31);
insert into taxonomy (lang, taxon, searched_taxon, fleur_fk) values ("fr","Fumeterre officinale","fumeterre officinale",190);
insert into taxonomy (lang, taxon, searched_taxon, fleur_fk) values ("fr","Pied de Céline","pied de celine",190);
insert into taxonomy (lang, taxon, searched_taxon, fleur_fk) values ("la","Fumaria officinalis","fumaria officinalis",190);
insert into taxonomy (lang, taxon, searched_taxon, fleur_fk) values ("en","common fumitory","common fumitory",190);
insert into fleur_inflorescence (fleur_fk, inflorescence_fk) values (190,0);
insert into fleur_couleur (fleur_fk, couleur_fk) values (190,1);
insert into fleur_aspect (fleur_fk, aspect_fk) values (190,2);
insert into fleur_nb_petale (fleur_fk, nb_petale_fk) values (190,2);
insert into fleur_type_feuille (fleur_fk, type_feuille_fk) values (190,0);
insert into fleur_disposition_feuille (fleur_fk, disposition_feuille_fk) values (190,0);
insert into fleur_pilosite_tige (fleur_fk, pilosite_tige_fk) values (190,0);
insert into fleur_pilosite_feuille (fleur_fk, pilosite_feuille_fk) values (190,0);
insert into fleur (id,directory_name,scientific_family_fk) values (191,"cruciata_laevipes",32);
insert into taxonomy (lang, taxon, searched_taxon, fleur_fk) values ("fr","Gaillet croisette","gaillet croisette",191);
insert into taxonomy (lang, taxon, searched_taxon, fleur_fk) values ("fr","Croisette commune","croisette commune",191);
insert into taxonomy (lang, taxon, searched_taxon, fleur_fk) values ("fr","Croisette velue","croisette velue",191);
insert into taxonomy (lang, taxon, searched_taxon, fleur_fk) values ("la","Cruciata laevipes","cruciata laevipes",191);
insert into taxonomy (lang, taxon, searched_taxon, fleur_fk) values ("en","crosswort","crosswort",191);
insert into fleur_inflorescence (fleur_fk, inflorescence_fk) values (191,0);
insert into fleur_couleur (fleur_fk, couleur_fk) values (191,4);
insert into fleur_aspect (fleur_fk, aspect_fk) values (191,5);
insert into fleur_nb_petale (fleur_fk, nb_petale_fk) values (191,2);
insert into fleur_type_feuille (fleur_fk, type_feuille_fk) values (191,3);
insert into fleur_disposition_feuille (fleur_fk, disposition_feuille_fk) values (191,2);
insert into fleur_pilosite_tige (fleur_fk, pilosite_tige_fk) values (191,1);
insert into fleur_pilosite_feuille (fleur_fk, pilosite_feuille_fk) values (191,1);
insert into fleur (id,directory_name,scientific_family_fk) values (192,"galium_aparine",32);
insert into taxonomy (lang, taxon, searched_taxon, fleur_fk) values ("fr","Gaillet gratteron","gaillet gratteron",192);
insert into taxonomy (lang, taxon, searched_taxon, fleur_fk) values ("fr","Gratteron","gratteron",192);
insert into taxonomy (lang, taxon, searched_taxon, fleur_fk) values ("fr","Gaillet accrochant","gaillet accrochant",192);
insert into taxonomy (lang, taxon, searched_taxon, fleur_fk) values ("la","Galium aparine","galium aparine",192);
insert into taxonomy (lang, taxon, searched_taxon, fleur_fk) values ("en","Cleavers","cleavers",192);
insert into fleur_inflorescence (fleur_fk, inflorescence_fk) values (192,0);
insert into fleur_couleur (fleur_fk, couleur_fk) values (192,0);
insert into fleur_aspect (fleur_fk, aspect_fk) values (192,5);
insert into fleur_nb_petale (fleur_fk, nb_petale_fk) values (192,2);
insert into fleur_type_feuille (fleur_fk, type_feuille_fk) values (192,3);
insert into fleur_type_feuille (fleur_fk, type_feuille_fk) values (192,2);
insert into fleur_disposition_feuille (fleur_fk, disposition_feuille_fk) values (192,2);
insert into fleur_pilosite_tige (fleur_fk, pilosite_tige_fk) values (192,1);
insert into fleur_pilosite_feuille (fleur_fk, pilosite_feuille_fk) values (192,1);
insert into fleur (id,directory_name,scientific_family_fk) values (193,"galium_mollugo",32);
insert into taxonomy (lang, taxon, searched_taxon, fleur_fk) values ("fr","Gaillet mollugine","gaillet mollugine",193);
insert into taxonomy (lang, taxon, searched_taxon, fleur_fk) values ("fr","Caille-lait blanc","caille-lait blanc",193);
insert into taxonomy (lang, taxon, searched_taxon, fleur_fk) values ("fr","Gaillet mou","gaillet mou",193);
insert into taxonomy (lang, taxon, searched_taxon, fleur_fk) values ("la","Galium mollugo","galium mollugo",193);
insert into taxonomy (lang, taxon, searched_taxon, fleur_fk) values ("en","white bedstraw","white bedstraw",193);
insert into fleur_inflorescence (fleur_fk, inflorescence_fk) values (193,0);
insert into fleur_couleur (fleur_fk, couleur_fk) values (193,0);
insert into fleur_aspect (fleur_fk, aspect_fk) values (193,5);
insert into fleur_nb_petale (fleur_fk, nb_petale_fk) values (193,2);
insert into fleur_type_feuille (fleur_fk, type_feuille_fk) values (193,3);
insert into fleur_type_feuille (fleur_fk, type_feuille_fk) values (193,2);
insert into fleur_disposition_feuille (fleur_fk, disposition_feuille_fk) values (193,2);
insert into fleur_pilosite_tige (fleur_fk, pilosite_tige_fk) values (193,1);
insert into fleur_pilosite_feuille (fleur_fk, pilosite_feuille_fk) values (193,0);
insert into fleur (id,directory_name,scientific_family_fk) values (194,"galium_odoratum",32);
insert into taxonomy (lang, taxon, searched_taxon, fleur_fk) values ("fr","Gaillet odorant","gaillet odorant",194);
insert into taxonomy (lang, taxon, searched_taxon, fleur_fk) values ("fr","Aspérule odorante","asperule odorante",194);
insert into taxonomy (lang, taxon, searched_taxon, fleur_fk) values ("fr","Petit Muguet","petit muguet",194);
insert into taxonomy (lang, taxon, searched_taxon, fleur_fk) values ("la","Galium odoratum","galium odoratum",194);
insert into taxonomy (lang, taxon, searched_taxon, fleur_fk) values ("en","Sweetscented Bedstraw","sweetscented bedstraw",194);
insert into fleur_inflorescence (fleur_fk, inflorescence_fk) values (194,0);
insert into fleur_couleur (fleur_fk, couleur_fk) values (194,0);
insert into fleur_aspect (fleur_fk, aspect_fk) values (194,5);
insert into fleur_nb_petale (fleur_fk, nb_petale_fk) values (194,2);
insert into fleur_type_feuille (fleur_fk, type_feuille_fk) values (194,3);
insert into fleur_type_feuille (fleur_fk, type_feuille_fk) values (194,2);
insert into fleur_disposition_feuille (fleur_fk, disposition_feuille_fk) values (194,2);
insert into fleur_pilosite_tige (fleur_fk, pilosite_tige_fk) values (194,0);
insert into fleur_pilosite_feuille (fleur_fk, pilosite_feuille_fk) values (194,0);
insert into fleur (id,directory_name,scientific_family_fk) values (195,"galium_verum",32);
insert into taxonomy (lang, taxon, searched_taxon, fleur_fk) values ("fr","Gaillet vrai","gaillet vrai",195);
insert into taxonomy (lang, taxon, searched_taxon, fleur_fk) values ("fr","Caille-lait jaune","caille-lait jaune",195);
insert into taxonomy (lang, taxon, searched_taxon, fleur_fk) values ("fr","Gaillet jaune","gaillet jaune",195);
insert into taxonomy (lang, taxon, searched_taxon, fleur_fk) values ("la","Galium verum","galium verum",195);
insert into taxonomy (lang, taxon, searched_taxon, fleur_fk) values ("en","Yellow Bedstraw","yellow bedstraw",195);
insert into fleur_inflorescence (fleur_fk, inflorescence_fk) values (195,0);
insert into fleur_couleur (fleur_fk, couleur_fk) values (195,4);
insert into fleur_aspect (fleur_fk, aspect_fk) values (195,5);
insert into fleur_nb_petale (fleur_fk, nb_petale_fk) values (195,2);
insert into fleur_type_feuille (fleur_fk, type_feuille_fk) values (195,3);
insert into fleur_type_feuille (fleur_fk, type_feuille_fk) values (195,2);
insert into fleur_disposition_feuille (fleur_fk, disposition_feuille_fk) values (195,2);
insert into fleur_pilosite_tige (fleur_fk, pilosite_tige_fk) values (195,1);
insert into fleur_pilosite_feuille (fleur_fk, pilosite_feuille_fk) values (195,1);
insert into fleur (id,directory_name,scientific_family_fk) values (196,"galeopsis_ladanum",3);
insert into taxonomy (lang, taxon, searched_taxon, fleur_fk) values ("fr","Galéopsis des moissons","galeopsis des moissons",196);
insert into taxonomy (lang, taxon, searched_taxon, fleur_fk) values ("fr","Galéopsis des champs","galeopsis des champs",196);
insert into taxonomy (lang, taxon, searched_taxon, fleur_fk) values ("fr","Galéopsis douteux","galeopsis douteux",196);
insert into taxonomy (lang, taxon, searched_taxon, fleur_fk) values ("la","Galeopsis ladanum","galeopsis ladanum",196);
insert into taxonomy (lang, taxon, searched_taxon, fleur_fk) values ("en","red hempnettle ","red hempnettle ",196);
insert into fleur_inflorescence (fleur_fk, inflorescence_fk) values (196,0);
insert into fleur_couleur (fleur_fk, couleur_fk) values (196,0);
insert into fleur_aspect (fleur_fk, aspect_fk) values (196,3);
insert into fleur_nb_petale (fleur_fk, nb_petale_fk) values (196,2);
insert into fleur_nb_petale (fleur_fk, nb_petale_fk) values (196,0);
insert into fleur_type_feuille (fleur_fk, type_feuille_fk) values (196,2);
insert into fleur_disposition_feuille (fleur_fk, disposition_feuille_fk) values (196,1);
insert into fleur_pilosite_tige (fleur_fk, pilosite_tige_fk) values (196,1);
insert into fleur_pilosite_feuille (fleur_fk, pilosite_feuille_fk) values (196,1);
insert into fleur (id,directory_name,scientific_family_fk) values (197,"galeopsis_tetrahit_",3);
insert into taxonomy (lang, taxon, searched_taxon, fleur_fk) values ("fr","Galéopsis tétrahit","galeopsis tetrahit",197);
insert into taxonomy (lang, taxon, searched_taxon, fleur_fk) values ("la","Galeopsis tetrahit ","galeopsis tetrahit ",197);
insert into taxonomy (lang, taxon, searched_taxon, fleur_fk) values ("en","brittlestem hempnettle ","brittlestem hempnettle ",197);
insert into fleur_inflorescence (fleur_fk, inflorescence_fk) values (197,0);
insert into fleur_couleur (fleur_fk, couleur_fk) values (197,1);
insert into fleur_couleur (fleur_fk, couleur_fk) values (197,0);
insert into fleur_aspect (fleur_fk, aspect_fk) values (197,3);
insert into fleur_nb_petale (fleur_fk, nb_petale_fk) values (197,2);
insert into fleur_nb_petale (fleur_fk, nb_petale_fk) values (197,0);
insert into fleur_type_feuille (fleur_fk, type_feuille_fk) values (197,2);
insert into fleur_disposition_feuille (fleur_fk, disposition_feuille_fk) values (197,1);
insert into fleur_pilosite_tige (fleur_fk, pilosite_tige_fk) values (197,1);
insert into fleur_pilosite_feuille (fleur_fk, pilosite_feuille_fk) values (197,1);
insert into fleur (id,directory_name,scientific_family_fk) values (198,"galinsoga_quadriradiata",1);
insert into taxonomy (lang, taxon, searched_taxon, fleur_fk) values ("fr","Galinsoga cilié","galinsoga cilie",198);
insert into taxonomy (lang, taxon, searched_taxon, fleur_fk) values ("la","Galinsoga quadriradiata","galinsoga quadriradiata",198);
insert into taxonomy (lang, taxon, searched_taxon, fleur_fk) values ("en","shaggy soldier","shaggy soldier",198);
insert into fleur_inflorescence (fleur_fk, inflorescence_fk) values (198,0);
insert into fleur_couleur (fleur_fk, couleur_fk) values (198,0);
insert into fleur_couleur (fleur_fk, couleur_fk) values (198,4);
insert into fleur_aspect (fleur_fk, aspect_fk) values (198,1);
insert into fleur_nb_petale (fleur_fk, nb_petale_fk) values (198,1);
insert into fleur_type_feuille (fleur_fk, type_feuille_fk) values (198,2);
insert into fleur_disposition_feuille (fleur_fk, disposition_feuille_fk) values (198,1);
insert into fleur_pilosite_tige (fleur_fk, pilosite_tige_fk) values (198,1);
insert into fleur_pilosite_feuille (fleur_fk, pilosite_feuille_fk) values (198,0);
insert into fleur (id,directory_name,scientific_family_fk) values (199,"geranium_rotundifolium",28);
insert into taxonomy (lang, taxon, searched_taxon, fleur_fk) values ("fr","Géranium à feuilles rondes","geranium a feuilles rondes",199);
insert into taxonomy (lang, taxon, searched_taxon, fleur_fk) values ("la","Geranium rotundifolium","geranium rotundifolium",199);
insert into taxonomy (lang, taxon, searched_taxon, fleur_fk) values ("en","round-leave crane's-bill","round-leave crane's-bill",199);
insert into fleur_inflorescence (fleur_fk, inflorescence_fk) values (199,0);
insert into fleur_couleur (fleur_fk, couleur_fk) values (199,1);
insert into fleur_aspect (fleur_fk, aspect_fk) values (199,0);
insert into fleur_nb_petale (fleur_fk, nb_petale_fk) values (199,0);
insert into fleur_type_feuille (fleur_fk, type_feuille_fk) values (199,1);
insert into fleur_disposition_feuille (fleur_fk, disposition_feuille_fk) values (199,1);
insert into fleur_pilosite_tige (fleur_fk, pilosite_tige_fk) values (199,1);
insert into fleur_pilosite_feuille (fleur_fk, pilosite_feuille_fk) values (199,1);
insert into fleur (id,directory_name,scientific_family_fk) values (200,"geranium_columbinum",28);
insert into taxonomy (lang, taxon, searched_taxon, fleur_fk) values ("fr","Géranium colombin","geranium colombin",200);
insert into taxonomy (lang, taxon, searched_taxon, fleur_fk) values ("la","Geranium columbinum","geranium columbinum",200);
insert into taxonomy (lang, taxon, searched_taxon, fleur_fk) values ("en","Long-stalked crane's-bill","long-stalked crane's-bill",200);
insert into fleur_inflorescence (fleur_fk, inflorescence_fk) values (200,0);
insert into fleur_couleur (fleur_fk, couleur_fk) values (200,1);
insert into fleur_aspect (fleur_fk, aspect_fk) values (200,0);
insert into fleur_nb_petale (fleur_fk, nb_petale_fk) values (200,0);
insert into fleur_type_feuille (fleur_fk, type_feuille_fk) values (200,1);
insert into fleur_disposition_feuille (fleur_fk, disposition_feuille_fk) values (200,1);
insert into fleur_pilosite_tige (fleur_fk, pilosite_tige_fk) values (200,1);
insert into fleur_pilosite_feuille (fleur_fk, pilosite_feuille_fk) values (200,1);
insert into fleur (id,directory_name,scientific_family_fk) values (201,"geranium_dissectum",28);
insert into taxonomy (lang, taxon, searched_taxon, fleur_fk) values ("fr","Géranium découpé","geranium decoupe",201);
insert into taxonomy (lang, taxon, searched_taxon, fleur_fk) values ("fr","Géranium à feuilles découpées","geranium a feuilles decoupees",201);
insert into taxonomy (lang, taxon, searched_taxon, fleur_fk) values ("la","Geranium dissectum","geranium dissectum",201);
insert into taxonomy (lang, taxon, searched_taxon, fleur_fk) values ("en","Cut-leave crane's-bill","cut-leave crane's-bill",201);
insert into fleur_inflorescence (fleur_fk, inflorescence_fk) values (201,0);
insert into fleur_couleur (fleur_fk, couleur_fk) values (201,1);
insert into fleur_aspect (fleur_fk, aspect_fk) values (201,0);
insert into fleur_nb_petale (fleur_fk, nb_petale_fk) values (201,0);
insert into fleur_type_feuille (fleur_fk, type_feuille_fk) values (201,1);
insert into fleur_disposition_feuille (fleur_fk, disposition_feuille_fk) values (201,1);
insert into fleur_pilosite_tige (fleur_fk, pilosite_tige_fk) values (201,1);
insert into fleur_pilosite_feuille (fleur_fk, pilosite_feuille_fk) values (201,0);
insert into fleur_pilosite_feuille (fleur_fk, pilosite_feuille_fk) values (201,1);
insert into fleur (id,directory_name,scientific_family_fk) values (202,"geranium_robertianum",28);
insert into taxonomy (lang, taxon, searched_taxon, fleur_fk) values ("fr","Géranium herbe à Robert","geranium herbe a robert",202);
insert into taxonomy (lang, taxon, searched_taxon, fleur_fk) values ("la","Geranium robertianum","geranium robertianum",202);
insert into taxonomy (lang, taxon, searched_taxon, fleur_fk) values ("en","Herb Robert","herb robert",202);
insert into fleur_inflorescence (fleur_fk, inflorescence_fk) values (202,0);
insert into fleur_couleur (fleur_fk, couleur_fk) values (202,1);
insert into fleur_aspect (fleur_fk, aspect_fk) values (202,0);
insert into fleur_nb_petale (fleur_fk, nb_petale_fk) values (202,0);
insert into fleur_type_feuille (fleur_fk, type_feuille_fk) values (202,1);
insert into fleur_disposition_feuille (fleur_fk, disposition_feuille_fk) values (202,1);
insert into fleur_pilosite_tige (fleur_fk, pilosite_tige_fk) values (202,1);
insert into fleur_pilosite_feuille (fleur_fk, pilosite_feuille_fk) values (202,0);
insert into fleur (id,directory_name,scientific_family_fk) values (203,"geranium_lucidum",28);
insert into taxonomy (lang, taxon, searched_taxon, fleur_fk) values ("fr","Géranium luisant","geranium luisant",203);
insert into taxonomy (lang, taxon, searched_taxon, fleur_fk) values ("la","Geranium lucidum","geranium lucidum",203);
insert into taxonomy (lang, taxon, searched_taxon, fleur_fk) values ("en","Shiny crane's-bill","shiny crane's-bill",203);
insert into fleur_inflorescence (fleur_fk, inflorescence_fk) values (203,0);
insert into fleur_couleur (fleur_fk, couleur_fk) values (203,1);
insert into fleur_aspect (fleur_fk, aspect_fk) values (203,0);
insert into fleur_nb_petale (fleur_fk, nb_petale_fk) values (203,0);
insert into fleur_type_feuille (fleur_fk, type_feuille_fk) values (203,1);
insert into fleur_disposition_feuille (fleur_fk, disposition_feuille_fk) values (203,1);
insert into fleur_pilosite_tige (fleur_fk, pilosite_tige_fk) values (203,0);
insert into fleur_pilosite_feuille (fleur_fk, pilosite_feuille_fk) values (203,2);
insert into fleur (id,directory_name,scientific_family_fk) values (204,"geranium_molle",28);
insert into taxonomy (lang, taxon, searched_taxon, fleur_fk) values ("fr","Géranium mou","geranium mou",204);
insert into taxonomy (lang, taxon, searched_taxon, fleur_fk) values ("la","Geranium molle","geranium molle",204);
insert into taxonomy (lang, taxon, searched_taxon, fleur_fk) values ("en","dove's foot crane's-bill","dove's foot crane's-bill",204);
insert into fleur_inflorescence (fleur_fk, inflorescence_fk) values (204,0);
insert into fleur_couleur (fleur_fk, couleur_fk) values (204,1);
insert into fleur_aspect (fleur_fk, aspect_fk) values (204,0);
insert into fleur_nb_petale (fleur_fk, nb_petale_fk) values (204,0);
insert into fleur_type_feuille (fleur_fk, type_feuille_fk) values (204,1);
insert into fleur_disposition_feuille (fleur_fk, disposition_feuille_fk) values (204,1);
insert into fleur_pilosite_tige (fleur_fk, pilosite_tige_fk) values (204,1);
insert into fleur_pilosite_feuille (fleur_fk, pilosite_feuille_fk) values (204,1);
insert into fleur (id,directory_name,scientific_family_fk) values (205,"teucrium_scordium",3);
insert into taxonomy (lang, taxon, searched_taxon, fleur_fk) values ("fr","Germandrée des marais","germandree des marais",205);
insert into taxonomy (lang, taxon, searched_taxon, fleur_fk) values ("la","Teucrium scordium","teucrium scordium",205);
insert into taxonomy (lang, taxon, searched_taxon, fleur_fk) values ("en","Water Germander","water germander",205);
insert into fleur_inflorescence (fleur_fk, inflorescence_fk) values (205,0);
insert into fleur_couleur (fleur_fk, couleur_fk) values (205,1);
insert into fleur_aspect (fleur_fk, aspect_fk) values (205,3);
insert into fleur_nb_petale (fleur_fk, nb_petale_fk) values (205,0);
insert into fleur_type_feuille (fleur_fk, type_feuille_fk) values (205,2);
insert into fleur_disposition_feuille (fleur_fk, disposition_feuille_fk) values (205,1);
insert into fleur_pilosite_tige (fleur_fk, pilosite_tige_fk) values (205,1);
insert into fleur_pilosite_feuille (fleur_fk, pilosite_feuille_fk) values (205,1);
insert into fleur (id,directory_name,scientific_family_fk) values (206,"teucrium_scorodonia",3);
insert into taxonomy (lang, taxon, searched_taxon, fleur_fk) values ("fr","Germandrée scorodoine","germandree scorodoine",206);
insert into taxonomy (lang, taxon, searched_taxon, fleur_fk) values ("fr","Germandrée des bois","germandree des bois",206);
insert into taxonomy (lang, taxon, searched_taxon, fleur_fk) values ("fr","Sauge des bois","sauge des bois",206);
insert into taxonomy (lang, taxon, searched_taxon, fleur_fk) values ("la","Teucrium scorodonia","teucrium scorodonia",206);
insert into taxonomy (lang, taxon, searched_taxon, fleur_fk) values ("en","wood sage","wood sage",206);
insert into fleur_inflorescence (fleur_fk, inflorescence_fk) values (206,0);
insert into fleur_couleur (fleur_fk, couleur_fk) values (206,0);
insert into fleur_aspect (fleur_fk, aspect_fk) values (206,3);
insert into fleur_nb_petale (fleur_fk, nb_petale_fk) values (206,0);
insert into fleur_type_feuille (fleur_fk, type_feuille_fk) values (206,2);
insert into fleur_disposition_feuille (fleur_fk, disposition_feuille_fk) values (206,1);
insert into fleur_pilosite_tige (fleur_fk, pilosite_tige_fk) values (206,1);
insert into fleur_pilosite_feuille (fleur_fk, pilosite_feuille_fk) values (206,2);
insert into fleur (id,directory_name,scientific_family_fk) values (207,"lathyrus_latifolius",11);
insert into taxonomy (lang, taxon, searched_taxon, fleur_fk) values ("fr","Gesse à larges feuilles","gesse a larges feuilles",207);
insert into taxonomy (lang, taxon, searched_taxon, fleur_fk) values ("fr","Pois vivace","pois vivace",207);
insert into taxonomy (lang, taxon, searched_taxon, fleur_fk) values ("la","Lathyrus latifolius","lathyrus latifolius",207);
insert into taxonomy (lang, taxon, searched_taxon, fleur_fk) values ("en","perennial peavine","perennial peavine",207);
insert into fleur_inflorescence (fleur_fk, inflorescence_fk) values (207,0);
insert into fleur_couleur (fleur_fk, couleur_fk) values (207,1);
insert into fleur_aspect (fleur_fk, aspect_fk) values (207,2);
insert into fleur_nb_petale (fleur_fk, nb_petale_fk) values (207,0);
insert into fleur_type_feuille (fleur_fk, type_feuille_fk) values (207,0);
insert into fleur_disposition_feuille (fleur_fk, disposition_feuille_fk) values (207,0);
insert into fleur_pilosite_tige (fleur_fk, pilosite_tige_fk) values (207,0);
insert into fleur_pilosite_tige (fleur_fk, pilosite_tige_fk) values (207,1);
insert into fleur_pilosite_feuille (fleur_fk, pilosite_feuille_fk) values (207,0);
insert into fleur (id,directory_name,scientific_family_fk) values (208,"lathyrus_linifolius",11);
insert into taxonomy (lang, taxon, searched_taxon, fleur_fk) values ("fr","Gesse à feuilles de lin","gesse a feuilles de lin",208);
insert into taxonomy (lang, taxon, searched_taxon, fleur_fk) values ("fr","Gesse des montagnes","gesse des montagnes",208);
insert into taxonomy (lang, taxon, searched_taxon, fleur_fk) values ("la","Lathyrus linifolius","lathyrus linifolius",208);
insert into taxonomy (lang, taxon, searched_taxon, fleur_fk) values ("en","bitter vetch","bitter vetch",208);
insert into fleur_inflorescence (fleur_fk, inflorescence_fk) values (208,0);
insert into fleur_couleur (fleur_fk, couleur_fk) values (208,1);
insert into fleur_aspect (fleur_fk, aspect_fk) values (208,2);
insert into fleur_nb_petale (fleur_fk, nb_petale_fk) values (208,0);
insert into fleur_type_feuille (fleur_fk, type_feuille_fk) values (208,0);
insert into fleur_disposition_feuille (fleur_fk, disposition_feuille_fk) values (208,0);
insert into fleur_pilosite_tige (fleur_fk, pilosite_tige_fk) values (208,0);
insert into fleur_pilosite_feuille (fleur_fk, pilosite_feuille_fk) values (208,0);
insert into fleur (id,directory_name,scientific_family_fk) values (209,"lathyrus_pratensis",11);
insert into taxonomy (lang, taxon, searched_taxon, fleur_fk) values ("fr","Gesse des prés","gesse des pres",209);
insert into taxonomy (lang, taxon, searched_taxon, fleur_fk) values ("la","Lathyrus pratensis","lathyrus pratensis",209);
insert into taxonomy (lang, taxon, searched_taxon, fleur_fk) values ("en","meadow vetchling","meadow vetchling",209);
insert into fleur_inflorescence (fleur_fk, inflorescence_fk) values (209,0);
insert into fleur_couleur (fleur_fk, couleur_fk) values (209,4);
insert into fleur_aspect (fleur_fk, aspect_fk) values (209,2);
insert into fleur_nb_petale (fleur_fk, nb_petale_fk) values (209,0);
insert into fleur_type_feuille (fleur_fk, type_feuille_fk) values (209,0);
insert into fleur_disposition_feuille (fleur_fk, disposition_feuille_fk) values (209,0);
insert into fleur_pilosite_tige (fleur_fk, pilosite_tige_fk) values (209,1);
insert into fleur_pilosite_feuille (fleur_fk, pilosite_feuille_fk) values (209,2);
insert into fleur (id,directory_name,scientific_family_fk) values (210,"lathyrus_hirsutus",11);
insert into taxonomy (lang, taxon, searched_taxon, fleur_fk) values ("fr","Gesse hérissée","gesse herissee",210);
insert into taxonomy (lang, taxon, searched_taxon, fleur_fk) values ("fr","Gesse velue","gesse velue",210);
insert into taxonomy (lang, taxon, searched_taxon, fleur_fk) values ("fr","Gesse hirsute","gesse hirsute",210);
insert into taxonomy (lang, taxon, searched_taxon, fleur_fk) values ("la","Lathyrus hirsutus","lathyrus hirsutus",210);
insert into taxonomy (lang, taxon, searched_taxon, fleur_fk) values ("en","hairy vetchling","hairy vetchling",210);
insert into fleur_inflorescence (fleur_fk, inflorescence_fk) values (210,0);
insert into fleur_couleur (fleur_fk, couleur_fk) values (210,2);
insert into fleur_couleur (fleur_fk, couleur_fk) values (210,1);
insert into fleur_aspect (fleur_fk, aspect_fk) values (210,2);
insert into fleur_nb_petale (fleur_fk, nb_petale_fk) values (210,0);
insert into fleur_type_feuille (fleur_fk, type_feuille_fk) values (210,0);
insert into fleur_disposition_feuille (fleur_fk, disposition_feuille_fk) values (210,0);
insert into fleur_pilosite_tige (fleur_fk, pilosite_tige_fk) values (210,1);
insert into fleur_pilosite_feuille (fleur_fk, pilosite_feuille_fk) values (210,0);
insert into fleur (id,directory_name,scientific_family_fk) values (211,"lathyrus_aphaca",11);
insert into taxonomy (lang, taxon, searched_taxon, fleur_fk) values ("fr","Gesse sans feuille","gesse sans feuille",211);
insert into taxonomy (lang, taxon, searched_taxon, fleur_fk) values ("la","Lathyrus aphaca","lathyrus aphaca",211);
insert into taxonomy (lang, taxon, searched_taxon, fleur_fk) values ("en","yellow pea","yellow pea",211);
insert into fleur_inflorescence (fleur_fk, inflorescence_fk) values (211,0);
insert into fleur_couleur (fleur_fk, couleur_fk) values (211,4);
insert into fleur_aspect (fleur_fk, aspect_fk) values (211,2);
insert into fleur_nb_petale (fleur_fk, nb_petale_fk) values (211,0);
insert into fleur_type_feuille (fleur_fk, type_feuille_fk) values (211,4);
insert into fleur_disposition_feuille (fleur_fk, disposition_feuille_fk) values (211,4);
insert into fleur_pilosite_tige (fleur_fk, pilosite_tige_fk) values (211,0);
insert into fleur_pilosite_feuille (fleur_fk, pilosite_feuille_fk) values (211,0);
insert into fleur (id,directory_name,scientific_family_fk) values (212,"glechoma_hederacea",3);
insert into taxonomy (lang, taxon, searched_taxon, fleur_fk) values ("fr","Gléchoma faux lierre","glechoma faux lierre",212);
insert into taxonomy (lang, taxon, searched_taxon, fleur_fk) values ("fr","Lierre terrestre","lierre terrestre",212);
insert into taxonomy (lang, taxon, searched_taxon, fleur_fk) values ("fr","Gléchome lierre terrestre","glechome lierre terrestre",212);
insert into taxonomy (lang, taxon, searched_taxon, fleur_fk) values ("la","Glechoma hederacea","glechoma hederacea",212);
insert into taxonomy (lang, taxon, searched_taxon, fleur_fk) values ("en","ground-ivy","ground-ivy",212);
insert into fleur_inflorescence (fleur_fk, inflorescence_fk) values (212,0);
insert into fleur_couleur (fleur_fk, couleur_fk) values (212,2);
insert into fleur_aspect (fleur_fk, aspect_fk) values (212,3);
insert into fleur_nb_petale (fleur_fk, nb_petale_fk) values (212,0);
insert into fleur_type_feuille (fleur_fk, type_feuille_fk) values (212,2);
insert into fleur_disposition_feuille (fleur_fk, disposition_feuille_fk) values (212,0);
insert into fleur_pilosite_tige (fleur_fk, pilosite_tige_fk) values (212,1);
insert into fleur_pilosite_feuille (fleur_fk, pilosite_feuille_fk) values (212,1);
insert into fleur (id,directory_name,scientific_family_fk) values (213,"laphangium_luteoalbum",1);
insert into taxonomy (lang, taxon, searched_taxon, fleur_fk) values ("fr","Gnaphale jaunâtre","gnaphale jaunatre",213);
insert into taxonomy (lang, taxon, searched_taxon, fleur_fk) values ("fr","Cotonnière blanc-jaunâtre","cotonniere blanc-jaunatre",213);
insert into taxonomy (lang, taxon, searched_taxon, fleur_fk) values ("fr","Immortelle des marais","immortelle des marais",213);
insert into taxonomy (lang, taxon, searched_taxon, fleur_fk) values ("la","Laphangium luteoalbum","laphangium luteoalbum",213);
insert into fleur_inflorescence (fleur_fk, inflorescence_fk) values (213,0);
insert into fleur_couleur (fleur_fk, couleur_fk) values (213,4);
insert into fleur_couleur (fleur_fk, couleur_fk) values (213,0);
insert into fleur_aspect (fleur_fk, aspect_fk) values (213,6);
insert into fleur_nb_petale (fleur_fk, nb_petale_fk) values (213,1);
insert into fleur_type_feuille (fleur_fk, type_feuille_fk) values (213,2);
insert into fleur_type_feuille (fleur_fk, type_feuille_fk) values (213,3);
insert into fleur_disposition_feuille (fleur_fk, disposition_feuille_fk) values (213,0);
insert into fleur_pilosite_tige (fleur_fk, pilosite_tige_fk) values (213,1);
insert into fleur_pilosite_feuille (fleur_fk, pilosite_feuille_fk) values (213,1);
insert into fleur (id,directory_name,scientific_family_fk) values (214,"tanacetum_parthenium",1);
insert into taxonomy (lang, taxon, searched_taxon, fleur_fk) values ("fr","Grande Camomille","grande camomille",214);
insert into taxonomy (lang, taxon, searched_taxon, fleur_fk) values ("la","Tanacetum parthenium","tanacetum parthenium",214);
insert into taxonomy (lang, taxon, searched_taxon, fleur_fk) values ("en","feverfew","feverfew",214);
insert into fleur_inflorescence (fleur_fk, inflorescence_fk) values (214,0);
insert into fleur_couleur (fleur_fk, couleur_fk) values (214,0);
insert into fleur_couleur (fleur_fk, couleur_fk) values (214,4);
insert into fleur_aspect (fleur_fk, aspect_fk) values (214,1);
insert into fleur_nb_petale (fleur_fk, nb_petale_fk) values (214,1);
insert into fleur_type_feuille (fleur_fk, type_feuille_fk) values (214,1);
insert into fleur_disposition_feuille (fleur_fk, disposition_feuille_fk) values (214,0);
insert into fleur_pilosite_tige (fleur_fk, pilosite_tige_fk) values (214,0);
insert into fleur_pilosite_feuille (fleur_fk, pilosite_feuille_fk) values (214,1);
insert into fleur (id,directory_name,scientific_family_fk) values (215,"sanguisorba_officinalis",4);
insert into taxonomy (lang, taxon, searched_taxon, fleur_fk) values ("fr","Grande Pimprenelle","grande pimprenelle",215);
insert into taxonomy (lang, taxon, searched_taxon, fleur_fk) values ("fr","Pimprenelle officinale","pimprenelle officinale",215);
insert into taxonomy (lang, taxon, searched_taxon, fleur_fk) values ("la","Sanguisorba officinalis","sanguisorba officinalis",215);
insert into taxonomy (lang, taxon, searched_taxon, fleur_fk) values ("en","great burnet","great burnet",215);
insert into fleur_inflorescence (fleur_fk, inflorescence_fk) values (215,0);
insert into fleur_couleur (fleur_fk, couleur_fk) values (215,1);
insert into fleur_aspect (fleur_fk, aspect_fk) values (215,0);
insert into fleur_nb_petale (fleur_fk, nb_petale_fk) values (215,2);
insert into fleur_type_feuille (fleur_fk, type_feuille_fk) values (215,0);
insert into fleur_disposition_feuille (fleur_fk, disposition_feuille_fk) values (215,0);
insert into fleur_pilosite_tige (fleur_fk, pilosite_tige_fk) values (215,0);
insert into fleur_pilosite_feuille (fleur_fk, pilosite_feuille_fk) values (215,0);
insert into fleur (id,directory_name,scientific_family_fk) values (216,"lithospermum_purpurocaeruleum",13);
insert into taxonomy (lang, taxon, searched_taxon, fleur_fk) values ("fr","Grémil bleu-pourpre","gremil bleu-pourpre",216);
insert into taxonomy (lang, taxon, searched_taxon, fleur_fk) values ("la","Lithospermum purpurocaeruleum","lithospermum purpurocaeruleum",216);
insert into taxonomy (lang, taxon, searched_taxon, fleur_fk) values ("en","Purple Gromwell","purple gromwell",216);
insert into fleur_inflorescence (fleur_fk, inflorescence_fk) values (216,0);
insert into fleur_couleur (fleur_fk, couleur_fk) values (216,2);
insert into fleur_aspect (fleur_fk, aspect_fk) values (216,5);
insert into fleur_nb_petale (fleur_fk, nb_petale_fk) values (216,0);
insert into fleur_type_feuille (fleur_fk, type_feuille_fk) values (216,3);
insert into fleur_disposition_feuille (fleur_fk, disposition_feuille_fk) values (216,0);
insert into fleur_pilosite_tige (fleur_fk, pilosite_tige_fk) values (216,1);
insert into fleur_pilosite_feuille (fleur_fk, pilosite_feuille_fk) values (216,1);
insert into fleur (id,directory_name,scientific_family_fk) values (217,"althaea_officinalisa",33);
insert into taxonomy (lang, taxon, searched_taxon, fleur_fk) values ("fr","Guimauve","guimauve",217);
insert into taxonomy (lang, taxon, searched_taxon, fleur_fk) values ("fr","Guimauve officinale","guimauve officinale",217);
insert into taxonomy (lang, taxon, searched_taxon, fleur_fk) values ("fr","Mauve blanche","mauve blanche",217);
insert into taxonomy (lang, taxon, searched_taxon, fleur_fk) values ("la","Althaea officinalisa","althaea officinalisa",217);
insert into taxonomy (lang, taxon, searched_taxon, fleur_fk) values ("en","marshmallow","marshmallow",217);
insert into fleur_inflorescence (fleur_fk, inflorescence_fk) values (217,0);
insert into fleur_couleur (fleur_fk, couleur_fk) values (217,0);
insert into fleur_aspect (fleur_fk, aspect_fk) values (217,0);
insert into fleur_nb_petale (fleur_fk, nb_petale_fk) values (217,0);
insert into fleur_type_feuille (fleur_fk, type_feuille_fk) values (217,2);
insert into fleur_disposition_feuille (fleur_fk, disposition_feuille_fk) values (217,0);
insert into fleur_pilosite_tige (fleur_fk, pilosite_tige_fk) values (217,1);
insert into fleur_pilosite_feuille (fleur_fk, pilosite_feuille_fk) values (217,1);
insert into fleur (id,directory_name,scientific_family_fk) values (218,"helianthemum_nummularium",34);
insert into taxonomy (lang, taxon, searched_taxon, fleur_fk) values ("fr","Hélianthème commun","heliantheme commun",218);
insert into taxonomy (lang, taxon, searched_taxon, fleur_fk) values ("fr","Hélianthème jaune","heliantheme jaune",218);
insert into taxonomy (lang, taxon, searched_taxon, fleur_fk) values ("fr","Hélianthème nummulaire","heliantheme nummulaire",218);
insert into taxonomy (lang, taxon, searched_taxon, fleur_fk) values ("la","Helianthemum nummularium","helianthemum nummularium",218);
insert into taxonomy (lang, taxon, searched_taxon, fleur_fk) values ("en","Common Rock-rose","common rock-rose",218);
insert into fleur_inflorescence (fleur_fk, inflorescence_fk) values (218,0);
insert into fleur_couleur (fleur_fk, couleur_fk) values (218,4);
insert into fleur_aspect (fleur_fk, aspect_fk) values (218,0);
insert into fleur_nb_petale (fleur_fk, nb_petale_fk) values (218,0);
insert into fleur_type_feuille (fleur_fk, type_feuille_fk) values (218,3);
insert into fleur_disposition_feuille (fleur_fk, disposition_feuille_fk) values (218,1);
insert into fleur_pilosite_tige (fleur_fk, pilosite_tige_fk) values (218,0);
insert into fleur_pilosite_feuille (fleur_fk, pilosite_feuille_fk) values (218,1);
insert into fleur (id,directory_name,scientific_family_fk) values (219,"tuberaria_guttata",34);
insert into taxonomy (lang, taxon, searched_taxon, fleur_fk) values ("fr","Hélianthème tacheté","heliantheme tachete",219);
insert into taxonomy (lang, taxon, searched_taxon, fleur_fk) values ("fr","Hélianthème à gouttes","heliantheme a gouttes",219);
insert into taxonomy (lang, taxon, searched_taxon, fleur_fk) values ("fr","Hélianthème taché","heliantheme tache",219);
insert into taxonomy (lang, taxon, searched_taxon, fleur_fk) values ("la","Tuberaria guttata","tuberaria guttata",219);
insert into taxonomy (lang, taxon, searched_taxon, fleur_fk) values ("en","spotted rockrose","spotted rockrose",219);
insert into fleur_inflorescence (fleur_fk, inflorescence_fk) values (219,0);
insert into fleur_couleur (fleur_fk, couleur_fk) values (219,4);
insert into fleur_aspect (fleur_fk, aspect_fk) values (219,0);
insert into fleur_nb_petale (fleur_fk, nb_petale_fk) values (219,0);
insert into fleur_type_feuille (fleur_fk, type_feuille_fk) values (219,3);
insert into fleur_disposition_feuille (fleur_fk, disposition_feuille_fk) values (219,1);
insert into fleur_disposition_feuille (fleur_fk, disposition_feuille_fk) values (219,0);
insert into fleur_pilosite_tige (fleur_fk, pilosite_tige_fk) values (219,1);
insert into fleur_pilosite_feuille (fleur_fk, pilosite_feuille_fk) values (219,1);
insert into fleur (id,directory_name,scientific_family_fk) values (220,"heliotropium_europaeum",13);
insert into taxonomy (lang, taxon, searched_taxon, fleur_fk) values ("fr","Héliotrope d'Europe","heliotrope d'europe",220);
insert into taxonomy (lang, taxon, searched_taxon, fleur_fk) values ("fr","Héliotrope commun","heliotrope commun",220);
insert into taxonomy (lang, taxon, searched_taxon, fleur_fk) values ("fr","Herbe de la Saint-Fiacre","herbe de la saint-fiacre",220);
insert into taxonomy (lang, taxon, searched_taxon, fleur_fk) values ("la","Heliotropium europaeum","heliotropium europaeum",220);
insert into taxonomy (lang, taxon, searched_taxon, fleur_fk) values ("en","European Heliotrope","european heliotrope",220);
insert into fleur_inflorescence (fleur_fk, inflorescence_fk) values (220,0);
insert into fleur_couleur (fleur_fk, couleur_fk) values (220,0);
insert into fleur_aspect (fleur_fk, aspect_fk) values (220,5);
insert into fleur_nb_petale (fleur_fk, nb_petale_fk) values (220,0);
insert into fleur_type_feuille (fleur_fk, type_feuille_fk) values (220,3);
insert into fleur_disposition_feuille (fleur_fk, disposition_feuille_fk) values (220,0);
insert into fleur_pilosite_tige (fleur_fk, pilosite_tige_fk) values (220,1);
insert into fleur_pilosite_feuille (fleur_fk, pilosite_feuille_fk) values (220,1);
insert into fleur (id,directory_name,scientific_family_fk) values (221,"inula_salicina",1);
insert into taxonomy (lang, taxon, searched_taxon, fleur_fk) values ("fr","Inule à feuilles de saule","inule a feuilles de saule",221);
insert into taxonomy (lang, taxon, searched_taxon, fleur_fk) values ("la","Inula salicina","inula salicina",221);
insert into taxonomy (lang, taxon, searched_taxon, fleur_fk) values ("en","willowleaf yellowhead","willowleaf yellowhead",221);
insert into fleur_inflorescence (fleur_fk, inflorescence_fk) values (221,1);
insert into fleur_couleur (fleur_fk, couleur_fk) values (221,4);
insert into fleur_aspect (fleur_fk, aspect_fk) values (221,1);
insert into fleur_nb_petale (fleur_fk, nb_petale_fk) values (221,1);
insert into fleur_type_feuille (fleur_fk, type_feuille_fk) values (221,3);
insert into fleur_disposition_feuille (fleur_fk, disposition_feuille_fk) values (221,0);
insert into fleur_pilosite_tige (fleur_fk, pilosite_tige_fk) values (221,0);
insert into fleur_pilosite_tige (fleur_fk, pilosite_tige_fk) values (221,1);
insert into fleur_pilosite_feuille (fleur_fk, pilosite_feuille_fk) values (221,1);
insert into fleur (id,directory_name,scientific_family_fk) values (222,"inula_britannica",1);
insert into taxonomy (lang, taxon, searched_taxon, fleur_fk) values ("fr","Inule britannique","inule britannique",222);
insert into taxonomy (lang, taxon, searched_taxon, fleur_fk) values ("la","Inula britannica","inula britannica",222);
insert into taxonomy (lang, taxon, searched_taxon, fleur_fk) values ("en","British yellowhead","british yellowhead",222);
insert into fleur_inflorescence (fleur_fk, inflorescence_fk) values (222,1);
insert into fleur_couleur (fleur_fk, couleur_fk) values (222,4);
insert into fleur_aspect (fleur_fk, aspect_fk) values (222,1);
insert into fleur_nb_petale (fleur_fk, nb_petale_fk) values (222,1);
insert into fleur_type_feuille (fleur_fk, type_feuille_fk) values (222,2);
insert into fleur_disposition_feuille (fleur_fk, disposition_feuille_fk) values (222,0);
insert into fleur_pilosite_tige (fleur_fk, pilosite_tige_fk) values (222,1);
insert into fleur_pilosite_feuille (fleur_fk, pilosite_feuille_fk) values (222,1);
insert into fleur (id,directory_name,scientific_family_fk) values (223,"inula_conyza",1);
insert into taxonomy (lang, taxon, searched_taxon, fleur_fk) values ("fr","Inule conyze","inule conyze",223);
insert into taxonomy (lang, taxon, searched_taxon, fleur_fk) values ("fr","Herbe aux mouches","herbe aux mouches",223);
insert into taxonomy (lang, taxon, searched_taxon, fleur_fk) values ("la","Inula conyza","inula conyza",223);
insert into taxonomy (lang, taxon, searched_taxon, fleur_fk) values ("en","plougman's-spikenard","plougman's-spikenard",223);
insert into fleur_inflorescence (fleur_fk, inflorescence_fk) values (223,0);
insert into fleur_couleur (fleur_fk, couleur_fk) values (223,4);
insert into fleur_aspect (fleur_fk, aspect_fk) values (223,6);
insert into fleur_nb_petale (fleur_fk, nb_petale_fk) values (223,1);
insert into fleur_type_feuille (fleur_fk, type_feuille_fk) values (223,2);
insert into fleur_disposition_feuille (fleur_fk, disposition_feuille_fk) values (223,0);
insert into fleur_pilosite_tige (fleur_fk, pilosite_tige_fk) values (223,1);
insert into fleur_pilosite_feuille (fleur_fk, pilosite_feuille_fk) values (223,2);
insert into fleur (id,directory_name,scientific_family_fk) values (224,"dittrichia_graveolens",1);
insert into taxonomy (lang, taxon, searched_taxon, fleur_fk) values ("fr","Inule odorante","inule odorante",224);
insert into taxonomy (lang, taxon, searched_taxon, fleur_fk) values ("fr","Inule fétide","inule fetide",224);
insert into taxonomy (lang, taxon, searched_taxon, fleur_fk) values ("la","Dittrichia graveolens","dittrichia graveolens",224);
insert into taxonomy (lang, taxon, searched_taxon, fleur_fk) values ("en","stinkwort","stinkwort",224);
insert into fleur_inflorescence (fleur_fk, inflorescence_fk) values (224,0);
insert into fleur_couleur (fleur_fk, couleur_fk) values (224,4);
insert into fleur_aspect (fleur_fk, aspect_fk) values (224,1);
insert into fleur_nb_petale (fleur_fk, nb_petale_fk) values (224,1);
insert into fleur_type_feuille (fleur_fk, type_feuille_fk) values (224,3);
insert into fleur_disposition_feuille (fleur_fk, disposition_feuille_fk) values (224,0);
insert into fleur_pilosite_tige (fleur_fk, pilosite_tige_fk) values (224,1);
insert into fleur_pilosite_feuille (fleur_fk, pilosite_feuille_fk) values (224,1);
insert into fleur (id,directory_name,scientific_family_fk) values (225,"iris_pseudacorus",35);
insert into taxonomy (lang, taxon, searched_taxon, fleur_fk) values ("fr","Iris des marais","iris des marais",225);
insert into taxonomy (lang, taxon, searched_taxon, fleur_fk) values ("fr","Iris jaune","iris jaune",225);
insert into taxonomy (lang, taxon, searched_taxon, fleur_fk) values ("fr","Iris faux acore","iris faux acore",225);
insert into taxonomy (lang, taxon, searched_taxon, fleur_fk) values ("la","Iris pseudacorus","iris pseudacorus",225);
insert into taxonomy (lang, taxon, searched_taxon, fleur_fk) values ("en","yellow iris","yellow iris",225);
insert into fleur_inflorescence (fleur_fk, inflorescence_fk) values (225,0);
insert into fleur_couleur (fleur_fk, couleur_fk) values (225,4);
insert into fleur_aspect (fleur_fk, aspect_fk) values (225,0);
insert into fleur_aspect (fleur_fk, aspect_fk) values (225,5);
insert into fleur_nb_petale (fleur_fk, nb_petale_fk) values (225,3);
insert into fleur_type_feuille (fleur_fk, type_feuille_fk) values (225,3);
insert into fleur_disposition_feuille (fleur_fk, disposition_feuille_fk) values (225,0);
insert into fleur_pilosite_tige (fleur_fk, pilosite_tige_fk) values (225,0);
insert into fleur_pilosite_feuille (fleur_fk, pilosite_feuille_fk) values (225,0);
insert into fleur (id,directory_name,scientific_family_fk) values (226,"iris_foetidissima",35);
insert into taxonomy (lang, taxon, searched_taxon, fleur_fk) values ("fr","Iris fétide","iris fetide",226);
insert into taxonomy (lang, taxon, searched_taxon, fleur_fk) values ("fr","Iris gigot","iris gigot",226);
insert into taxonomy (lang, taxon, searched_taxon, fleur_fk) values ("la","Iris foetidissima","iris foetidissima",226);
insert into taxonomy (lang, taxon, searched_taxon, fleur_fk) values ("en","Stinking iris","stinking iris",226);
insert into fleur_inflorescence (fleur_fk, inflorescence_fk) values (226,0);
insert into fleur_couleur (fleur_fk, couleur_fk) values (226,3);
insert into fleur_couleur (fleur_fk, couleur_fk) values (226,5);
insert into fleur_aspect (fleur_fk, aspect_fk) values (226,0);
insert into fleur_aspect (fleur_fk, aspect_fk) values (226,5);
insert into fleur_nb_petale (fleur_fk, nb_petale_fk) values (226,3);
insert into fleur_type_feuille (fleur_fk, type_feuille_fk) values (226,3);
insert into fleur_disposition_feuille (fleur_fk, disposition_feuille_fk) values (226,0);
insert into fleur_pilosite_tige (fleur_fk, pilosite_tige_fk) values (226,0);
insert into fleur_pilosite_feuille (fleur_fk, pilosite_feuille_fk) values (226,0);
insert into fleur (id,directory_name,scientific_family_fk) values (227,"hyacinthoides_non-scripta",36);
insert into taxonomy (lang, taxon, searched_taxon, fleur_fk) values ("fr","Jacinthe des bois","jacinthe des bois",227);
insert into taxonomy (lang, taxon, searched_taxon, fleur_fk) values ("fr","Endymion penché","endymion penche",227);
insert into taxonomy (lang, taxon, searched_taxon, fleur_fk) values ("fr","Jacinthe sauvage","jacinthe sauvage",227);
insert into taxonomy (lang, taxon, searched_taxon, fleur_fk) values ("la","Hyacinthoides non-scripta","hyacinthoides non-scripta",227);
insert into taxonomy (lang, taxon, searched_taxon, fleur_fk) values ("en","common bluebell","common bluebell",227);
insert into fleur_inflorescence (fleur_fk, inflorescence_fk) values (227,0);
insert into fleur_couleur (fleur_fk, couleur_fk) values (227,2);
insert into fleur_aspect (fleur_fk, aspect_fk) values (227,5);
insert into fleur_nb_petale (fleur_fk, nb_petale_fk) values (227,3);
insert into fleur_type_feuille (fleur_fk, type_feuille_fk) values (227,3);
insert into fleur_disposition_feuille (fleur_fk, disposition_feuille_fk) values (227,3);
insert into fleur_pilosite_tige (fleur_fk, pilosite_tige_fk) values (227,0);
insert into fleur_pilosite_feuille (fleur_fk, pilosite_feuille_fk) values (227,0);
insert into fleur (id,directory_name,scientific_family_fk) values (228,"jasione_montana",17);
insert into taxonomy (lang, taxon, searched_taxon, fleur_fk) values ("fr","Jasione des montagnes","jasione des montagnes",228);
insert into taxonomy (lang, taxon, searched_taxon, fleur_fk) values ("fr","Jasione ondulée","jasione ondulee",228);
insert into taxonomy (lang, taxon, searched_taxon, fleur_fk) values ("la","Jasione montana","jasione montana",228);
insert into taxonomy (lang, taxon, searched_taxon, fleur_fk) values ("en","Sheep's bit scabious","sheep's bit scabious",228);
insert into fleur_inflorescence (fleur_fk, inflorescence_fk) values (228,1);
insert into fleur_couleur (fleur_fk, couleur_fk) values (228,9);
insert into fleur_aspect (fleur_fk, aspect_fk) values (228,6);
insert into fleur_nb_petale (fleur_fk, nb_petale_fk) values (228,1);
insert into fleur_type_feuille (fleur_fk, type_feuille_fk) values (228,2);
insert into fleur_disposition_feuille (fleur_fk, disposition_feuille_fk) values (228,0);
insert into fleur_pilosite_tige (fleur_fk, pilosite_tige_fk) values (228,1);
insert into fleur_pilosite_feuille (fleur_fk, pilosite_feuille_fk) values (228,1);
insert into fleur (id,directory_name,scientific_family_fk) values (229,"narcissus_pseudonarcissus",37);
insert into taxonomy (lang, taxon, searched_taxon, fleur_fk) values ("fr","Jonquille","jonquille",229);
insert into taxonomy (lang, taxon, searched_taxon, fleur_fk) values ("fr","Narcisse janne","narcisse janne",229);
insert into taxonomy (lang, taxon, searched_taxon, fleur_fk) values ("fr","Narcisse trompette","narcisse trompette",229);
insert into taxonomy (lang, taxon, searched_taxon, fleur_fk) values ("la","Narcissus pseudonarcissus","narcissus pseudonarcissus",229);
insert into taxonomy (lang, taxon, searched_taxon, fleur_fk) values ("en","wild daffodil","wild daffodil",229);
insert into fleur_inflorescence (fleur_fk, inflorescence_fk) values (229,1);
insert into fleur_couleur (fleur_fk, couleur_fk) values (229,4);
insert into fleur_aspect (fleur_fk, aspect_fk) values (229,5);
insert into fleur_nb_petale (fleur_fk, nb_petale_fk) values (229,3);
insert into fleur_type_feuille (fleur_fk, type_feuille_fk) values (229,3);
insert into fleur_disposition_feuille (fleur_fk, disposition_feuille_fk) values (229,3);
insert into fleur_pilosite_tige (fleur_fk, pilosite_tige_fk) values (229,0);
insert into fleur_pilosite_feuille (fleur_fk, pilosite_feuille_fk) values (229,0);
insert into fleur (id,directory_name,scientific_family_fk) values (230,"hesperis_matronalis",6);
insert into taxonomy (lang, taxon, searched_taxon, fleur_fk) values ("fr","Julienne des dames","julienne des dames",230);
insert into taxonomy (lang, taxon, searched_taxon, fleur_fk) values ("fr","giroflée des dames","giroflee des dames",230);
insert into taxonomy (lang, taxon, searched_taxon, fleur_fk) values ("fr","violette de Damas","violette de damas",230);
insert into taxonomy (lang, taxon, searched_taxon, fleur_fk) values ("la","Hesperis matronalis","hesperis matronalis",230);
insert into taxonomy (lang, taxon, searched_taxon, fleur_fk) values ("en","dame's rocket","dame's rocket",230);
insert into fleur_inflorescence (fleur_fk, inflorescence_fk) values (230,0);
insert into fleur_couleur (fleur_fk, couleur_fk) values (230,3);
insert into fleur_couleur (fleur_fk, couleur_fk) values (230,0);
insert into fleur_aspect (fleur_fk, aspect_fk) values (230,0);
insert into fleur_nb_petale (fleur_fk, nb_petale_fk) values (230,2);
insert into fleur_type_feuille (fleur_fk, type_feuille_fk) values (230,2);
insert into fleur_disposition_feuille (fleur_fk, disposition_feuille_fk) values (230,0);
insert into fleur_pilosite_tige (fleur_fk, pilosite_tige_fk) values (230,1);
insert into fleur_pilosite_feuille (fleur_fk, pilosite_feuille_fk) values (230,1);
insert into fleur (id,directory_name,scientific_family_fk) values (231,"ludwigia_grandiflora",27);
insert into taxonomy (lang, taxon, searched_taxon, fleur_fk) values ("fr","Jussie à grandes fleurs","jussie a grandes fleurs",231);
insert into taxonomy (lang, taxon, searched_taxon, fleur_fk) values ("fr","Ludwigie à grandes fleurs. ","ludwigie a grandes fleurs. ",231);
insert into taxonomy (lang, taxon, searched_taxon, fleur_fk) values ("la","Ludwigia grandiflora","ludwigia grandiflora",231);
insert into taxonomy (lang, taxon, searched_taxon, fleur_fk) values ("en","large-flower primrose-willow","large-flower primrose-willow",231);
insert into fleur_inflorescence (fleur_fk, inflorescence_fk) values (231,1);
insert into fleur_couleur (fleur_fk, couleur_fk) values (231,4);
insert into fleur_aspect (fleur_fk, aspect_fk) values (231,0);
insert into fleur_nb_petale (fleur_fk, nb_petale_fk) values (231,0);
insert into fleur_type_feuille (fleur_fk, type_feuille_fk) values (231,3);
insert into fleur_disposition_feuille (fleur_fk, disposition_feuille_fk) values (231,0);
insert into fleur_pilosite_tige (fleur_fk, pilosite_tige_fk) values (231,1);
insert into fleur_pilosite_feuille (fleur_fk, pilosite_feuille_fk) values (231,0);
insert into fleur (id,directory_name,scientific_family_fk) values (232,"knautia_arvensis",18);
insert into taxonomy (lang, taxon, searched_taxon, fleur_fk) values ("fr","Knautie des champs","knautie des champs",232);
insert into taxonomy (lang, taxon, searched_taxon, fleur_fk) values ("fr","Scabieuse des champs","scabieuse des champs",232);
insert into taxonomy (lang, taxon, searched_taxon, fleur_fk) values ("la","Knautia arvensis","knautia arvensis",232);
insert into taxonomy (lang, taxon, searched_taxon, fleur_fk) values ("en","Field Scabious","field scabious",232);
insert into fleur_inflorescence (fleur_fk, inflorescence_fk) values (232,0);
insert into fleur_couleur (fleur_fk, couleur_fk) values (232,3);
insert into fleur_aspect (fleur_fk, aspect_fk) values (232,6);
insert into fleur_nb_petale (fleur_fk, nb_petale_fk) values (232,1);
insert into fleur_type_feuille (fleur_fk, type_feuille_fk) values (232,3);
insert into fleur_type_feuille (fleur_fk, type_feuille_fk) values (232,2);
insert into fleur_disposition_feuille (fleur_fk, disposition_feuille_fk) values (232,1);
insert into fleur_pilosite_tige (fleur_fk, pilosite_tige_fk) values (232,1);
insert into fleur_pilosite_feuille (fleur_fk, pilosite_feuille_fk) values (232,1);
insert into fleur (id,directory_name,scientific_family_fk) values (233,"sonchus_asper",1);
insert into taxonomy (lang, taxon, searched_taxon, fleur_fk) values ("fr","Laiteron âpre","laiteron apre",233);
insert into taxonomy (lang, taxon, searched_taxon, fleur_fk) values ("fr","Laiteron piquant","laiteron piquant",233);
insert into taxonomy (lang, taxon, searched_taxon, fleur_fk) values ("fr","Laiteron rude","laiteron rude",233);
insert into taxonomy (lang, taxon, searched_taxon, fleur_fk) values ("la","Sonchus asper","sonchus asper",233);
insert into taxonomy (lang, taxon, searched_taxon, fleur_fk) values ("en","sharp-fringed sow thistle","sharp-fringed sow thistle",233);
insert into fleur_inflorescence (fleur_fk, inflorescence_fk) values (233,0);
insert into fleur_couleur (fleur_fk, couleur_fk) values (233,4);
insert into fleur_aspect (fleur_fk, aspect_fk) values (233,6);
insert into fleur_nb_petale (fleur_fk, nb_petale_fk) values (233,1);
insert into fleur_type_feuille (fleur_fk, type_feuille_fk) values (233,2);
insert into fleur_disposition_feuille (fleur_fk, disposition_feuille_fk) values (233,0);
insert into fleur_pilosite_tige (fleur_fk, pilosite_tige_fk) values (233,0);
insert into fleur_pilosite_feuille (fleur_fk, pilosite_feuille_fk) values (233,0);
insert into fleur (id,directory_name,scientific_family_fk) values (234,"sonchus_arvensis",1);
insert into taxonomy (lang, taxon, searched_taxon, fleur_fk) values ("fr","Laiteron des champs","laiteron des champs",234);
insert into taxonomy (lang, taxon, searched_taxon, fleur_fk) values ("la","Sonchus arvensis","sonchus arvensis",234);
insert into taxonomy (lang, taxon, searched_taxon, fleur_fk) values ("en","field sow thistle","field sow thistle",234);
insert into fleur_inflorescence (fleur_fk, inflorescence_fk) values (234,0);
insert into fleur_couleur (fleur_fk, couleur_fk) values (234,4);
insert into fleur_aspect (fleur_fk, aspect_fk) values (234,6);
insert into fleur_nb_petale (fleur_fk, nb_petale_fk) values (234,1);
insert into fleur_type_feuille (fleur_fk, type_feuille_fk) values (234,1);
insert into fleur_disposition_feuille (fleur_fk, disposition_feuille_fk) values (234,0);
insert into fleur_pilosite_tige (fleur_fk, pilosite_tige_fk) values (234,0);
insert into fleur_pilosite_feuille (fleur_fk, pilosite_feuille_fk) values (234,0);
insert into fleur (id,directory_name,scientific_family_fk) values (235,"sonchus_oleraceus",1);
insert into taxonomy (lang, taxon, searched_taxon, fleur_fk) values ("fr","Laiteron maraîcher","laiteron maraicher",235);
insert into taxonomy (lang, taxon, searched_taxon, fleur_fk) values ("fr","Laiteron potager","laiteron potager",235);
insert into taxonomy (lang, taxon, searched_taxon, fleur_fk) values ("la","Sonchus oleraceus","sonchus oleraceus",235);
insert into taxonomy (lang, taxon, searched_taxon, fleur_fk) values ("en","common sow thistle","common sow thistle",235);
insert into fleur_inflorescence (fleur_fk, inflorescence_fk) values (235,0);
insert into fleur_couleur (fleur_fk, couleur_fk) values (235,4);
insert into fleur_aspect (fleur_fk, aspect_fk) values (235,6);
insert into fleur_nb_petale (fleur_fk, nb_petale_fk) values (235,1);
insert into fleur_type_feuille (fleur_fk, type_feuille_fk) values (235,1);
insert into fleur_disposition_feuille (fleur_fk, disposition_feuille_fk) values (235,0);
insert into fleur_pilosite_tige (fleur_fk, pilosite_tige_fk) values (235,0);
insert into fleur_pilosite_feuille (fleur_fk, pilosite_feuille_fk) values (235,0);
insert into fleur (id,directory_name,scientific_family_fk) values (236,"mycelis_muralis",1);
insert into taxonomy (lang, taxon, searched_taxon, fleur_fk) values ("fr","Laitue des murs","laitue des murs",236);
insert into taxonomy (lang, taxon, searched_taxon, fleur_fk) values ("fr","Laitue des murailles","laitue des murailles",236);
insert into taxonomy (lang, taxon, searched_taxon, fleur_fk) values ("la","Mycelis muralis","mycelis muralis",236);
insert into taxonomy (lang, taxon, searched_taxon, fleur_fk) values ("en","wall lettuce","wall lettuce",236);
insert into fleur_inflorescence (fleur_fk, inflorescence_fk) values (236,0);
insert into fleur_couleur (fleur_fk, couleur_fk) values (236,4);
insert into fleur_aspect (fleur_fk, aspect_fk) values (236,6);
insert into fleur_nb_petale (fleur_fk, nb_petale_fk) values (236,0);
insert into fleur_type_feuille (fleur_fk, type_feuille_fk) values (236,1);
insert into fleur_disposition_feuille (fleur_fk, disposition_feuille_fk) values (236,0);
insert into fleur_pilosite_tige (fleur_fk, pilosite_tige_fk) values (236,0);
insert into fleur_pilosite_feuille (fleur_fk, pilosite_feuille_fk) values (236,0);
insert into fleur (id,directory_name,scientific_family_fk) values (237,"lactuca_serriola",1);
insert into taxonomy (lang, taxon, searched_taxon, fleur_fk) values ("fr","Laitue scariole","laitue scariole",237);
insert into taxonomy (lang, taxon, searched_taxon, fleur_fk) values ("fr","Laitue sauvage","laitue sauvage",237);
insert into taxonomy (lang, taxon, searched_taxon, fleur_fk) values ("la","Lactuca serriola","lactuca serriola",237);
insert into taxonomy (lang, taxon, searched_taxon, fleur_fk) values ("en","prickly lettuce","prickly lettuce",237);
insert into fleur_inflorescence (fleur_fk, inflorescence_fk) values (237,0);
insert into fleur_couleur (fleur_fk, couleur_fk) values (237,4);
insert into fleur_aspect (fleur_fk, aspect_fk) values (237,6);
insert into fleur_nb_petale (fleur_fk, nb_petale_fk) values (237,1);
insert into fleur_type_feuille (fleur_fk, type_feuille_fk) values (237,2);
insert into fleur_disposition_feuille (fleur_fk, disposition_feuille_fk) values (237,0);
insert into fleur_pilosite_tige (fleur_fk, pilosite_tige_fk) values (237,0);
insert into fleur_pilosite_feuille (fleur_fk, pilosite_feuille_fk) values (237,0);
insert into fleur (id,directory_name,scientific_family_fk) values (238,"lamium_amplexicaule",3);
insert into taxonomy (lang, taxon, searched_taxon, fleur_fk) values ("fr","Lamier amplexicaule","lamier amplexicaule",238);
insert into taxonomy (lang, taxon, searched_taxon, fleur_fk) values ("la","Lamium amplexicaule","lamium amplexicaule",238);
insert into taxonomy (lang, taxon, searched_taxon, fleur_fk) values ("en","henbit deadnettle","henbit deadnettle",238);
insert into fleur_inflorescence (fleur_fk, inflorescence_fk) values (238,0);
insert into fleur_couleur (fleur_fk, couleur_fk) values (238,3);
insert into fleur_aspect (fleur_fk, aspect_fk) values (238,3);
insert into fleur_nb_petale (fleur_fk, nb_petale_fk) values (238,0);
insert into fleur_type_feuille (fleur_fk, type_feuille_fk) values (238,2);
insert into fleur_disposition_feuille (fleur_fk, disposition_feuille_fk) values (238,1);
insert into fleur_pilosite_tige (fleur_fk, pilosite_tige_fk) values (238,1);
insert into fleur_pilosite_feuille (fleur_fk, pilosite_feuille_fk) values (238,1);
insert into fleur (id,directory_name,scientific_family_fk) values (239,"lamium_album",3);
insert into taxonomy (lang, taxon, searched_taxon, fleur_fk) values ("fr","Lamier blanc","lamier blanc",239);
insert into taxonomy (lang, taxon, searched_taxon, fleur_fk) values ("fr","Ortie blanche","ortie blanche",239);
insert into taxonomy (lang, taxon, searched_taxon, fleur_fk) values ("la","Lamium album","lamium album",239);
insert into taxonomy (lang, taxon, searched_taxon, fleur_fk) values ("en","white deadnettle","white deadnettle",239);
insert into fleur_inflorescence (fleur_fk, inflorescence_fk) values (239,0);
insert into fleur_couleur (fleur_fk, couleur_fk) values (239,0);
insert into fleur_aspect (fleur_fk, aspect_fk) values (239,3);
insert into fleur_nb_petale (fleur_fk, nb_petale_fk) values (239,0);
insert into fleur_type_feuille (fleur_fk, type_feuille_fk) values (239,2);
insert into fleur_disposition_feuille (fleur_fk, disposition_feuille_fk) values (239,1);
insert into fleur_pilosite_tige (fleur_fk, pilosite_tige_fk) values (239,1);
insert into fleur_pilosite_feuille (fleur_fk, pilosite_feuille_fk) values (239,1);
insert into fleur (id,directory_name,scientific_family_fk) values (240,"lamium_galeobdolon",3);
insert into taxonomy (lang, taxon, searched_taxon, fleur_fk) values ("fr","Lamier jaune","lamier jaune",240);
insert into taxonomy (lang, taxon, searched_taxon, fleur_fk) values ("fr","Ortie jaune","ortie jaune",240);
insert into taxonomy (lang, taxon, searched_taxon, fleur_fk) values ("la","Lamium galeobdolon","lamium galeobdolon",240);
insert into taxonomy (lang, taxon, searched_taxon, fleur_fk) values ("en","yellow archangel","yellow archangel",240);
insert into fleur_inflorescence (fleur_fk, inflorescence_fk) values (240,0);
insert into fleur_couleur (fleur_fk, couleur_fk) values (240,4);
insert into fleur_aspect (fleur_fk, aspect_fk) values (240,3);
insert into fleur_nb_petale (fleur_fk, nb_petale_fk) values (240,2);
insert into fleur_type_feuille (fleur_fk, type_feuille_fk) values (240,2);
insert into fleur_disposition_feuille (fleur_fk, disposition_feuille_fk) values (240,1);
insert into fleur_pilosite_tige (fleur_fk, pilosite_tige_fk) values (240,1);
insert into fleur_pilosite_feuille (fleur_fk, pilosite_feuille_fk) values (240,1);
insert into fleur (id,directory_name,scientific_family_fk) values (241,"lamium_purpureum",3);
insert into taxonomy (lang, taxon, searched_taxon, fleur_fk) values ("fr","Lamier pourpre","lamier pourpre",241);
insert into taxonomy (lang, taxon, searched_taxon, fleur_fk) values ("fr","Pain de poulet","pain de poulet",241);
insert into taxonomy (lang, taxon, searched_taxon, fleur_fk) values ("fr","Ortie rouge","ortie rouge",241);
insert into taxonomy (lang, taxon, searched_taxon, fleur_fk) values ("la","Lamium purpureum","lamium purpureum",241);
insert into taxonomy (lang, taxon, searched_taxon, fleur_fk) values ("en","red deadnettle","red deadnettle",241);
insert into fleur_inflorescence (fleur_fk, inflorescence_fk) values (241,0);
insert into fleur_couleur (fleur_fk, couleur_fk) values (241,1);
insert into fleur_couleur (fleur_fk, couleur_fk) values (241,0);
insert into fleur_aspect (fleur_fk, aspect_fk) values (241,3);
insert into fleur_nb_petale (fleur_fk, nb_petale_fk) values (241,0);
insert into fleur_type_feuille (fleur_fk, type_feuille_fk) values (241,2);
insert into fleur_disposition_feuille (fleur_fk, disposition_feuille_fk) values (241,0);
insert into fleur_pilosite_tige (fleur_fk, pilosite_tige_fk) values (241,0);
insert into fleur_pilosite_feuille (fleur_fk, pilosite_feuille_fk) values (241,1);
insert into fleur (id,directory_name,scientific_family_fk) values (242,"lamium_maculatum",3);
insert into taxonomy (lang, taxon, searched_taxon, fleur_fk) values ("fr","Lamier tacheté","lamier tachete",242);
insert into taxonomy (lang, taxon, searched_taxon, fleur_fk) values ("fr","Lamier maculé","lamier macule",242);
insert into taxonomy (lang, taxon, searched_taxon, fleur_fk) values ("la","Lamium maculatum","lamium maculatum",242);
insert into taxonomy (lang, taxon, searched_taxon, fleur_fk) values ("en","spotted white deadnettle","spotted white deadnettle",242);
insert into fleur_inflorescence (fleur_fk, inflorescence_fk) values (242,0);
insert into fleur_couleur (fleur_fk, couleur_fk) values (242,1);
insert into fleur_aspect (fleur_fk, aspect_fk) values (242,3);
insert into fleur_nb_petale (fleur_fk, nb_petale_fk) values (242,0);
insert into fleur_type_feuille (fleur_fk, type_feuille_fk) values (242,2);
insert into fleur_disposition_feuille (fleur_fk, disposition_feuille_fk) values (242,1);
insert into fleur_pilosite_tige (fleur_fk, pilosite_tige_fk) values (242,1);
insert into fleur_pilosite_feuille (fleur_fk, pilosite_feuille_fk) values (242,1);
insert into fleur (id,directory_name,scientific_family_fk) values (243,"xanthium_orientale_subsp._italicum_",1);
insert into taxonomy (lang, taxon, searched_taxon, fleur_fk) values ("fr","Lampourde d'Italie","lampourde d'italie",243);
insert into taxonomy (lang, taxon, searched_taxon, fleur_fk) values ("la","Xanthium orientale subsp. italicum ","xanthium orientale subsp. italicum ",243);
insert into taxonomy (lang, taxon, searched_taxon, fleur_fk) values ("en","Canada cocklebur","canada cocklebur",243);
insert into fleur_inflorescence (fleur_fk, inflorescence_fk) values (243,0);
insert into fleur_couleur (fleur_fk, couleur_fk) values (243,4);
insert into fleur_couleur (fleur_fk, couleur_fk) values (243,6);
insert into fleur_aspect (fleur_fk, aspect_fk) values (243,7);
insert into fleur_nb_petale (fleur_fk, nb_petale_fk) values (243,6);
insert into fleur_type_feuille (fleur_fk, type_feuille_fk) values (243,2);
insert into fleur_disposition_feuille (fleur_fk, disposition_feuille_fk) values (243,0);
insert into fleur_pilosite_tige (fleur_fk, pilosite_tige_fk) values (243,1);
insert into fleur_pilosite_feuille (fleur_fk, pilosite_feuille_fk) values (243,1);
insert into fleur (id,directory_name,scientific_family_fk) values (244,"lapsana_communis",1);
insert into taxonomy (lang, taxon, searched_taxon, fleur_fk) values ("fr","Lampsane commune","lampsane commune",244);
insert into taxonomy (lang, taxon, searched_taxon, fleur_fk) values ("la","Lapsana communis","lapsana communis",244);
insert into taxonomy (lang, taxon, searched_taxon, fleur_fk) values ("en","common nipplewort","common nipplewort",244);
insert into fleur_inflorescence (fleur_fk, inflorescence_fk) values (244,0);
insert into fleur_couleur (fleur_fk, couleur_fk) values (244,4);
insert into fleur_aspect (fleur_fk, aspect_fk) values (244,6);
insert into fleur_nb_petale (fleur_fk, nb_petale_fk) values (244,1);
insert into fleur_type_feuille (fleur_fk, type_feuille_fk) values (244,1);
insert into fleur_type_feuille (fleur_fk, type_feuille_fk) values (244,2);
insert into fleur_disposition_feuille (fleur_fk, disposition_feuille_fk) values (244,0);
insert into fleur_pilosite_tige (fleur_fk, pilosite_tige_fk) values (244,0);
insert into fleur_pilosite_tige (fleur_fk, pilosite_tige_fk) values (244,1);
insert into fleur_pilosite_feuille (fleur_fk, pilosite_feuille_fk) values (244,1);
insert into fleur (id,directory_name,scientific_family_fk) values (245,"hedera_helix",38);
insert into taxonomy (lang, taxon, searched_taxon, fleur_fk) values ("fr","Lierre","lierre",245);
insert into taxonomy (lang, taxon, searched_taxon, fleur_fk) values ("fr","Lierre grimpant","lierre grimpant",245);
insert into taxonomy (lang, taxon, searched_taxon, fleur_fk) values ("la","Hedera helix","hedera helix",245);
insert into taxonomy (lang, taxon, searched_taxon, fleur_fk) values ("en","English ivy ","english ivy ",245);
insert into fleur_inflorescence (fleur_fk, inflorescence_fk) values (245,0);
insert into fleur_couleur (fleur_fk, couleur_fk) values (245,6);
insert into fleur_couleur (fleur_fk, couleur_fk) values (245,4);
insert into fleur_aspect (fleur_fk, aspect_fk) values (245,0);
insert into fleur_nb_petale (fleur_fk, nb_petale_fk) values (245,0);
insert into fleur_type_feuille (fleur_fk, type_feuille_fk) values (245,3);
insert into fleur_disposition_feuille (fleur_fk, disposition_feuille_fk) values (245,0);
insert into fleur_pilosite_tige (fleur_fk, pilosite_tige_fk) values (245,0);
insert into fleur_pilosite_feuille (fleur_fk, pilosite_feuille_fk) values (245,0);
insert into fleur (id,directory_name,scientific_family_fk) values (246,"limodorum_abortivum",19);
insert into taxonomy (lang, taxon, searched_taxon, fleur_fk) values ("fr","Limodore à feuilles avortées","limodore a feuilles avortees",246);
insert into taxonomy (lang, taxon, searched_taxon, fleur_fk) values ("fr","Limodore sans feuille","limodore sans feuille",246);
insert into taxonomy (lang, taxon, searched_taxon, fleur_fk) values ("la","Limodorum abortivum","limodorum abortivum",246);
insert into taxonomy (lang, taxon, searched_taxon, fleur_fk) values ("en","Violet Limodore","violet limodore",246);
insert into fleur_inflorescence (fleur_fk, inflorescence_fk) values (246,0);
insert into fleur_couleur (fleur_fk, couleur_fk) values (246,2);
insert into fleur_couleur (fleur_fk, couleur_fk) values (246,0);
insert into fleur_aspect (fleur_fk, aspect_fk) values (246,2);
insert into fleur_nb_petale (fleur_fk, nb_petale_fk) values (246,3);
insert into fleur_type_feuille (fleur_fk, type_feuille_fk) values (246,4);
insert into fleur_disposition_feuille (fleur_fk, disposition_feuille_fk) values (246,0);
insert into fleur_pilosite_tige (fleur_fk, pilosite_tige_fk) values (246,0);
insert into fleur_pilosite_feuille (fleur_fk, pilosite_feuille_fk) values (246,0);
insert into fleur (id,directory_name,scientific_family_fk) values (247,"linum_bienne",39);
insert into taxonomy (lang, taxon, searched_taxon, fleur_fk) values ("fr","Lin bisannuel","lin bisannuel",247);
insert into taxonomy (lang, taxon, searched_taxon, fleur_fk) values ("fr","Lin à feuilles étroites","lin a feuilles etroites",247);
insert into taxonomy (lang, taxon, searched_taxon, fleur_fk) values ("la","Linum bienne","linum bienne",247);
insert into taxonomy (lang, taxon, searched_taxon, fleur_fk) values ("en","pale flax ","pale flax ",247);
insert into fleur_inflorescence (fleur_fk, inflorescence_fk) values (247,0);
insert into fleur_couleur (fleur_fk, couleur_fk) values (247,3);
insert into fleur_aspect (fleur_fk, aspect_fk) values (247,0);
insert into fleur_nb_petale (fleur_fk, nb_petale_fk) values (247,0);
insert into fleur_type_feuille (fleur_fk, type_feuille_fk) values (247,3);
insert into fleur_disposition_feuille (fleur_fk, disposition_feuille_fk) values (247,0);
insert into fleur_pilosite_tige (fleur_fk, pilosite_tige_fk) values (247,0);
insert into fleur_pilosite_feuille (fleur_fk, pilosite_feuille_fk) values (247,0);
insert into fleur (id,directory_name,scientific_family_fk) values (248,"linum_catharticum",39);
insert into taxonomy (lang, taxon, searched_taxon, fleur_fk) values ("fr","Lin purgatif","lin purgatif",248);
insert into taxonomy (lang, taxon, searched_taxon, fleur_fk) values ("la","Linum catharticum","linum catharticum",248);
insert into taxonomy (lang, taxon, searched_taxon, fleur_fk) values ("en","fairy flax","fairy flax",248);
insert into fleur_inflorescence (fleur_fk, inflorescence_fk) values (248,0);
insert into fleur_couleur (fleur_fk, couleur_fk) values (248,0);
insert into fleur_aspect (fleur_fk, aspect_fk) values (248,0);
insert into fleur_nb_petale (fleur_fk, nb_petale_fk) values (248,0);
insert into fleur_type_feuille (fleur_fk, type_feuille_fk) values (248,3);
insert into fleur_disposition_feuille (fleur_fk, disposition_feuille_fk) values (248,1);
insert into fleur_pilosite_tige (fleur_fk, pilosite_tige_fk) values (248,0);
insert into fleur_pilosite_feuille (fleur_fk, pilosite_feuille_fk) values (248,0);
insert into fleur (id,directory_name,scientific_family_fk) values (249,"kickxia_spuria",26);
insert into taxonomy (lang, taxon, searched_taxon, fleur_fk) values ("fr","Linaire bâtarde","linaire batarde",249);
insert into taxonomy (lang, taxon, searched_taxon, fleur_fk) values ("fr","Fausse velvote","fausse velvote",249);
insert into taxonomy (lang, taxon, searched_taxon, fleur_fk) values ("la","Kickxia spuria","kickxia spuria",249);
insert into taxonomy (lang, taxon, searched_taxon, fleur_fk) values ("en","roundleaf cancerwort ","roundleaf cancerwort ",249);
insert into fleur_inflorescence (fleur_fk, inflorescence_fk) values (249,1);
insert into fleur_couleur (fleur_fk, couleur_fk) values (249,4);
insert into fleur_couleur (fleur_fk, couleur_fk) values (249,5);
insert into fleur_aspect (fleur_fk, aspect_fk) values (249,3);
insert into fleur_nb_petale (fleur_fk, nb_petale_fk) values (249,0);
insert into fleur_type_feuille (fleur_fk, type_feuille_fk) values (249,2);
insert into fleur_disposition_feuille (fleur_fk, disposition_feuille_fk) values (249,0);
insert into fleur_disposition_feuille (fleur_fk, disposition_feuille_fk) values (249,1);
insert into fleur_pilosite_tige (fleur_fk, pilosite_tige_fk) values (249,1);
insert into fleur_pilosite_feuille (fleur_fk, pilosite_feuille_fk) values (249,1);
insert into fleur (id,directory_name,scientific_family_fk) values (250,"linaria_vulgaris",26);
insert into taxonomy (lang, taxon, searched_taxon, fleur_fk) values ("fr","Linaire commune","linaire commune",250);
insert into taxonomy (lang, taxon, searched_taxon, fleur_fk) values ("la","Linaria vulgaris","linaria vulgaris",250);
insert into taxonomy (lang, taxon, searched_taxon, fleur_fk) values ("en","Common Toadflax","common toadflax",250);
insert into fleur_inflorescence (fleur_fk, inflorescence_fk) values (250,0);
insert into fleur_couleur (fleur_fk, couleur_fk) values (250,4);
insert into fleur_aspect (fleur_fk, aspect_fk) values (250,3);
insert into fleur_nb_petale (fleur_fk, nb_petale_fk) values (250,0);
insert into fleur_type_feuille (fleur_fk, type_feuille_fk) values (250,3);
insert into fleur_disposition_feuille (fleur_fk, disposition_feuille_fk) values (250,0);
insert into fleur_pilosite_tige (fleur_fk, pilosite_tige_fk) values (250,0);
insert into fleur_pilosite_feuille (fleur_fk, pilosite_feuille_fk) values (250,0);
insert into fleur (id,directory_name,scientific_family_fk) values (251,"linaria_supina",26);
insert into taxonomy (lang, taxon, searched_taxon, fleur_fk) values ("fr","Linaire couchée","linaire couchee",251);
insert into taxonomy (lang, taxon, searched_taxon, fleur_fk) values ("fr","Linaire étalée","linaire etalee",251);
insert into taxonomy (lang, taxon, searched_taxon, fleur_fk) values ("la","Linaria supina","linaria supina",251);
insert into taxonomy (lang, taxon, searched_taxon, fleur_fk) values ("en","lesser butter and eggs ","lesser butter and eggs ",251);
insert into fleur_inflorescence (fleur_fk, inflorescence_fk) values (251,0);
insert into fleur_couleur (fleur_fk, couleur_fk) values (251,4);
insert into fleur_aspect (fleur_fk, aspect_fk) values (251,3);
insert into fleur_nb_petale (fleur_fk, nb_petale_fk) values (251,0);
insert into fleur_type_feuille (fleur_fk, type_feuille_fk) values (251,3);
insert into fleur_disposition_feuille (fleur_fk, disposition_feuille_fk) values (251,2);
insert into fleur_pilosite_tige (fleur_fk, pilosite_tige_fk) values (251,0);
insert into fleur_pilosite_feuille (fleur_fk, pilosite_feuille_fk) values (251,0);
insert into fleur (id,directory_name,scientific_family_fk) values (252,"cymbalaria_muralis",26);
insert into taxonomy (lang, taxon, searched_taxon, fleur_fk) values ("fr","Linaire cymbalaire","linaire cymbalaire",252);
insert into taxonomy (lang, taxon, searched_taxon, fleur_fk) values ("fr","Cymbalaire des murs","cymbalaire des murs",252);
insert into taxonomy (lang, taxon, searched_taxon, fleur_fk) values ("fr","Linaire des murs","linaire des murs",252);
insert into taxonomy (lang, taxon, searched_taxon, fleur_fk) values ("la","Cymbalaria muralis","cymbalaria muralis",252);
insert into taxonomy (lang, taxon, searched_taxon, fleur_fk) values ("en","ivy-leaved toadflax","ivy-leaved toadflax",252);
insert into fleur_inflorescence (fleur_fk, inflorescence_fk) values (252,1);
insert into fleur_couleur (fleur_fk, couleur_fk) values (252,3);
insert into fleur_couleur (fleur_fk, couleur_fk) values (252,0);
insert into fleur_aspect (fleur_fk, aspect_fk) values (252,3);
insert into fleur_nb_petale (fleur_fk, nb_petale_fk) values (252,0);
insert into fleur_type_feuille (fleur_fk, type_feuille_fk) values (252,3);
insert into fleur_disposition_feuille (fleur_fk, disposition_feuille_fk) values (252,0);
insert into fleur_disposition_feuille (fleur_fk, disposition_feuille_fk) values (252,1);
insert into fleur_pilosite_tige (fleur_fk, pilosite_tige_fk) values (252,0);
insert into fleur_pilosite_feuille (fleur_fk, pilosite_feuille_fk) values (252,0);
insert into fleur (id,directory_name,scientific_family_fk) values (253,"kickxia_elatine",26);
insert into taxonomy (lang, taxon, searched_taxon, fleur_fk) values ("fr","Linaire élatine","linaire elatine",253);
insert into taxonomy (lang, taxon, searched_taxon, fleur_fk) values ("fr","Velvote","velvote",253);
insert into taxonomy (lang, taxon, searched_taxon, fleur_fk) values ("la","Kickxia elatine","kickxia elatine",253);
insert into taxonomy (lang, taxon, searched_taxon, fleur_fk) values ("en","sharpleaf cancerwort","sharpleaf cancerwort",253);
insert into fleur_inflorescence (fleur_fk, inflorescence_fk) values (253,1);
insert into fleur_couleur (fleur_fk, couleur_fk) values (253,4);
insert into fleur_couleur (fleur_fk, couleur_fk) values (253,2);
insert into fleur_aspect (fleur_fk, aspect_fk) values (253,3);
insert into fleur_nb_petale (fleur_fk, nb_petale_fk) values (253,0);
insert into fleur_type_feuille (fleur_fk, type_feuille_fk) values (253,2);
insert into fleur_type_feuille (fleur_fk, type_feuille_fk) values (253,3);
insert into fleur_disposition_feuille (fleur_fk, disposition_feuille_fk) values (253,0);
insert into fleur_pilosite_tige (fleur_fk, pilosite_tige_fk) values (253,1);
insert into fleur_pilosite_feuille (fleur_fk, pilosite_feuille_fk) values (253,1);
insert into fleur (id,directory_name,scientific_family_fk) values (254,"chaenorrhinum_minus",26);
insert into taxonomy (lang, taxon, searched_taxon, fleur_fk) values ("fr","Linaire petite","linaire petite",254);
insert into taxonomy (lang, taxon, searched_taxon, fleur_fk) values ("fr","Petite linaire","petite linaire",254);
insert into taxonomy (lang, taxon, searched_taxon, fleur_fk) values ("la","Chaenorrhinum minus","chaenorrhinum minus",254);
insert into taxonomy (lang, taxon, searched_taxon, fleur_fk) values ("en","Small Toadflax","small toadflax",254);
insert into fleur_inflorescence (fleur_fk, inflorescence_fk) values (254,0);
insert into fleur_couleur (fleur_fk, couleur_fk) values (254,3);
insert into fleur_couleur (fleur_fk, couleur_fk) values (254,0);
insert into fleur_aspect (fleur_fk, aspect_fk) values (254,3);
insert into fleur_nb_petale (fleur_fk, nb_petale_fk) values (254,0);
insert into fleur_type_feuille (fleur_fk, type_feuille_fk) values (254,3);
insert into fleur_disposition_feuille (fleur_fk, disposition_feuille_fk) values (254,0);
insert into fleur_disposition_feuille (fleur_fk, disposition_feuille_fk) values (254,1);
insert into fleur_pilosite_tige (fleur_fk, pilosite_tige_fk) values (254,1);
insert into fleur_pilosite_feuille (fleur_fk, pilosite_feuille_fk) values (254,1);
insert into fleur (id,directory_name,scientific_family_fk) values (255,"linaria_repens",26);
insert into taxonomy (lang, taxon, searched_taxon, fleur_fk) values ("fr","Linaire striée","linaire striee",255);
insert into taxonomy (lang, taxon, searched_taxon, fleur_fk) values ("fr","Linaire rampante","linaire rampante",255);
insert into taxonomy (lang, taxon, searched_taxon, fleur_fk) values ("la","Linaria repens","linaria repens",255);
insert into taxonomy (lang, taxon, searched_taxon, fleur_fk) values ("en","Pale toadflax","pale toadflax",255);
insert into fleur_inflorescence (fleur_fk, inflorescence_fk) values (255,0);
insert into fleur_couleur (fleur_fk, couleur_fk) values (255,3);
insert into fleur_couleur (fleur_fk, couleur_fk) values (255,0);
insert into fleur_aspect (fleur_fk, aspect_fk) values (255,3);
insert into fleur_nb_petale (fleur_fk, nb_petale_fk) values (255,0);
insert into fleur_type_feuille (fleur_fk, type_feuille_fk) values (255,3);
insert into fleur_disposition_feuille (fleur_fk, disposition_feuille_fk) values (255,0);
insert into fleur_disposition_feuille (fleur_fk, disposition_feuille_fk) values (255,2);
insert into fleur_pilosite_tige (fleur_fk, pilosite_tige_fk) values (255,0);
insert into fleur_pilosite_feuille (fleur_fk, pilosite_feuille_fk) values (255,0);
insert into fleur (id,directory_name,scientific_family_fk) values (256,"convolvulus_arvensis",40);
insert into taxonomy (lang, taxon, searched_taxon, fleur_fk) values ("fr","Liseron des champs","liseron des champs",256);
insert into taxonomy (lang, taxon, searched_taxon, fleur_fk) values ("fr","Vrillée","vrillee",256);
insert into taxonomy (lang, taxon, searched_taxon, fleur_fk) values ("fr","Petit liseron","petit liseron",256);
insert into taxonomy (lang, taxon, searched_taxon, fleur_fk) values ("la","Convolvulus arvensis","convolvulus arvensis",256);
insert into taxonomy (lang, taxon, searched_taxon, fleur_fk) values ("en","field bindweed","field bindweed",256);
insert into fleur_inflorescence (fleur_fk, inflorescence_fk) values (256,1);
insert into fleur_couleur (fleur_fk, couleur_fk) values (256,1);
insert into fleur_couleur (fleur_fk, couleur_fk) values (256,0);
insert into fleur_aspect (fleur_fk, aspect_fk) values (256,5);
insert into fleur_nb_petale (fleur_fk, nb_petale_fk) values (256,0);
insert into fleur_type_feuille (fleur_fk, type_feuille_fk) values (256,3);
insert into fleur_disposition_feuille (fleur_fk, disposition_feuille_fk) values (256,0);
insert into fleur_pilosite_tige (fleur_fk, pilosite_tige_fk) values (256,0);
insert into fleur_pilosite_tige (fleur_fk, pilosite_tige_fk) values (256,1);
insert into fleur_pilosite_feuille (fleur_fk, pilosite_feuille_fk) values (256,0);
insert into fleur (id,directory_name,scientific_family_fk) values (257,"calystegia_sepium",40);
insert into taxonomy (lang, taxon, searched_taxon, fleur_fk) values ("fr","Liseron des haies","liseron des haies",257);
insert into taxonomy (lang, taxon, searched_taxon, fleur_fk) values ("fr","Grande vrille","grande vrille",257);
insert into taxonomy (lang, taxon, searched_taxon, fleur_fk) values ("fr","Grand liseron","grand liseron",257);
insert into taxonomy (lang, taxon, searched_taxon, fleur_fk) values ("la","Calystegia sepium","calystegia sepium",257);
insert into taxonomy (lang, taxon, searched_taxon, fleur_fk) values ("en","hedge false bindweed","hedge false bindweed",257);
insert into fleur_inflorescence (fleur_fk, inflorescence_fk) values (257,1);
insert into fleur_couleur (fleur_fk, couleur_fk) values (257,0);
insert into fleur_aspect (fleur_fk, aspect_fk) values (257,5);
insert into fleur_nb_petale (fleur_fk, nb_petale_fk) values (257,0);
insert into fleur_type_feuille (fleur_fk, type_feuille_fk) values (257,3);
insert into fleur_disposition_feuille (fleur_fk, disposition_feuille_fk) values (257,0);
insert into fleur_pilosite_tige (fleur_fk, pilosite_tige_fk) values (257,0);
insert into fleur_pilosite_feuille (fleur_fk, pilosite_feuille_fk) values (257,0);
insert into fleur (id,directory_name,scientific_family_fk) values (258,"listera_ovata",19);
insert into taxonomy (lang, taxon, searched_taxon, fleur_fk) values ("fr","Listère à feuilles ovales","listere a feuilles ovales",258);
insert into taxonomy (lang, taxon, searched_taxon, fleur_fk) values ("la","Listera ovata","listera ovata",258);
insert into taxonomy (lang, taxon, searched_taxon, fleur_fk) values ("en","eggleaf twayblade ","eggleaf twayblade ",258);
insert into fleur_inflorescence (fleur_fk, inflorescence_fk) values (258,0);
insert into fleur_couleur (fleur_fk, couleur_fk) values (258,6);
insert into fleur_aspect (fleur_fk, aspect_fk) values (258,2);
insert into fleur_nb_petale (fleur_fk, nb_petale_fk) values (258,3);
insert into fleur_type_feuille (fleur_fk, type_feuille_fk) values (258,3);
insert into fleur_disposition_feuille (fleur_fk, disposition_feuille_fk) values (258,1);
insert into fleur_pilosite_tige (fleur_fk, pilosite_tige_fk) values (258,1);
insert into fleur_pilosite_feuille (fleur_fk, pilosite_feuille_fk) values (258,0);
insert into fleur (id,directory_name,scientific_family_fk) values (259,"lobelia_urens",17);
insert into taxonomy (lang, taxon, searched_taxon, fleur_fk) values ("fr","Lobélie brûlante","lobelie brulante",259);
insert into taxonomy (lang, taxon, searched_taxon, fleur_fk) values ("fr","Cardinale des marais","cardinale des marais",259);
insert into taxonomy (lang, taxon, searched_taxon, fleur_fk) values ("la","Lobelia urens","lobelia urens",259);
insert into taxonomy (lang, taxon, searched_taxon, fleur_fk) values ("en","heath lobelia","heath lobelia",259);
insert into fleur_inflorescence (fleur_fk, inflorescence_fk) values (259,0);
insert into fleur_couleur (fleur_fk, couleur_fk) values (259,2);
insert into fleur_aspect (fleur_fk, aspect_fk) values (259,3);
insert into fleur_nb_petale (fleur_fk, nb_petale_fk) values (259,0);
insert into fleur_type_feuille (fleur_fk, type_feuille_fk) values (259,2);
insert into fleur_disposition_feuille (fleur_fk, disposition_feuille_fk) values (259,0);
insert into fleur_pilosite_tige (fleur_fk, pilosite_tige_fk) values (259,1);
insert into fleur_pilosite_feuille (fleur_fk, pilosite_feuille_fk) values (259,0);
insert into fleur (id,directory_name,scientific_family_fk) values (260,"lotus_corniculatus",11);
insert into taxonomy (lang, taxon, searched_taxon, fleur_fk) values ("fr","Lotier corniculé","lotier cornicule",260);
insert into taxonomy (lang, taxon, searched_taxon, fleur_fk) values ("fr","Lotier commun","lotier commun",260);
insert into taxonomy (lang, taxon, searched_taxon, fleur_fk) values ("la","Lotus corniculatus","lotus corniculatus",260);
insert into taxonomy (lang, taxon, searched_taxon, fleur_fk) values ("en","bird's-foot trefoil","bird's-foot trefoil",260);
insert into fleur_inflorescence (fleur_fk, inflorescence_fk) values (260,0);
insert into fleur_couleur (fleur_fk, couleur_fk) values (260,4);
insert into fleur_aspect (fleur_fk, aspect_fk) values (260,2);
insert into fleur_nb_petale (fleur_fk, nb_petale_fk) values (260,0);
insert into fleur_type_feuille (fleur_fk, type_feuille_fk) values (260,0);
insert into fleur_disposition_feuille (fleur_fk, disposition_feuille_fk) values (260,0);
insert into fleur_pilosite_tige (fleur_fk, pilosite_tige_fk) values (260,0);
insert into fleur_pilosite_tige (fleur_fk, pilosite_tige_fk) values (260,1);
insert into fleur_pilosite_feuille (fleur_fk, pilosite_feuille_fk) values (260,2);
insert into fleur (id,directory_name,scientific_family_fk) values (261,"medicago_sativa",11);
insert into taxonomy (lang, taxon, searched_taxon, fleur_fk) values ("fr","Luzerne commune","luzerne commune",261);
insert into taxonomy (lang, taxon, searched_taxon, fleur_fk) values ("fr","Luzerne cultivée","luzerne cultivee",261);
insert into taxonomy (lang, taxon, searched_taxon, fleur_fk) values ("la","Medicago sativa","medicago sativa",261);
insert into taxonomy (lang, taxon, searched_taxon, fleur_fk) values ("en","alfalfa","alfalfa",261);
insert into fleur_inflorescence (fleur_fk, inflorescence_fk) values (261,0);
insert into fleur_couleur (fleur_fk, couleur_fk) values (261,2);
insert into fleur_aspect (fleur_fk, aspect_fk) values (261,2);
insert into fleur_nb_petale (fleur_fk, nb_petale_fk) values (261,0);
insert into fleur_type_feuille (fleur_fk, type_feuille_fk) values (261,0);
insert into fleur_disposition_feuille (fleur_fk, disposition_feuille_fk) values (261,0);
insert into fleur_pilosite_tige (fleur_fk, pilosite_tige_fk) values (261,0);
insert into fleur_pilosite_tige (fleur_fk, pilosite_tige_fk) values (261,1);
insert into fleur_pilosite_feuille (fleur_fk, pilosite_feuille_fk) values (261,0);
insert into fleur_pilosite_feuille (fleur_fk, pilosite_feuille_fk) values (261,1);
insert into fleur (id,directory_name,scientific_family_fk) values (262,"medicago_lupulina",11);
insert into taxonomy (lang, taxon, searched_taxon, fleur_fk) values ("fr","Luzerne lupuline","luzerne lupuline",262);
insert into taxonomy (lang, taxon, searched_taxon, fleur_fk) values ("fr","Minette","minette",262);
insert into taxonomy (lang, taxon, searched_taxon, fleur_fk) values ("la","Medicago lupulina","medicago lupulina",262);
insert into taxonomy (lang, taxon, searched_taxon, fleur_fk) values ("en","black medick","black medick",262);
insert into fleur_inflorescence (fleur_fk, inflorescence_fk) values (262,0);
insert into fleur_couleur (fleur_fk, couleur_fk) values (262,4);
insert into fleur_aspect (fleur_fk, aspect_fk) values (262,2);
insert into fleur_nb_petale (fleur_fk, nb_petale_fk) values (262,0);
insert into fleur_type_feuille (fleur_fk, type_feuille_fk) values (262,0);
insert into fleur_disposition_feuille (fleur_fk, disposition_feuille_fk) values (262,0);
insert into fleur_pilosite_tige (fleur_fk, pilosite_tige_fk) values (262,1);
insert into fleur_pilosite_feuille (fleur_fk, pilosite_feuille_fk) values (262,1);
insert into fleur (id,directory_name,scientific_family_fk) values (263,"medicago_minima",11);
insert into taxonomy (lang, taxon, searched_taxon, fleur_fk) values ("fr","Luzerne naine","luzerne naine",263);
insert into taxonomy (lang, taxon, searched_taxon, fleur_fk) values ("fr","Petite luzerne","petite luzerne",263);
insert into taxonomy (lang, taxon, searched_taxon, fleur_fk) values ("la","Medicago minima","medicago minima",263);
insert into taxonomy (lang, taxon, searched_taxon, fleur_fk) values ("en","little bur-clover","little bur-clover",263);
insert into fleur_inflorescence (fleur_fk, inflorescence_fk) values (263,0);
insert into fleur_couleur (fleur_fk, couleur_fk) values (263,4);
insert into fleur_aspect (fleur_fk, aspect_fk) values (263,2);
insert into fleur_nb_petale (fleur_fk, nb_petale_fk) values (263,0);
insert into fleur_type_feuille (fleur_fk, type_feuille_fk) values (263,0);
insert into fleur_disposition_feuille (fleur_fk, disposition_feuille_fk) values (263,0);
insert into fleur_pilosite_tige (fleur_fk, pilosite_tige_fk) values (263,1);
insert into fleur_pilosite_feuille (fleur_fk, pilosite_feuille_fk) values (263,1);
insert into fleur (id,directory_name,scientific_family_fk) values (264,"medicago_arabica",11);
insert into taxonomy (lang, taxon, searched_taxon, fleur_fk) values ("fr","Luzerne tachée","luzerne tachee",264);
insert into taxonomy (lang, taxon, searched_taxon, fleur_fk) values ("fr","Luzerne d'Arabie","luzerne d'arabie",264);
insert into taxonomy (lang, taxon, searched_taxon, fleur_fk) values ("la","Medicago arabica","medicago arabica",264);
insert into taxonomy (lang, taxon, searched_taxon, fleur_fk) values ("en","spotted medick","spotted medick",264);
insert into fleur_inflorescence (fleur_fk, inflorescence_fk) values (264,0);
insert into fleur_couleur (fleur_fk, couleur_fk) values (264,4);
insert into fleur_aspect (fleur_fk, aspect_fk) values (264,2);
insert into fleur_nb_petale (fleur_fk, nb_petale_fk) values (264,0);
insert into fleur_type_feuille (fleur_fk, type_feuille_fk) values (264,0);
insert into fleur_disposition_feuille (fleur_fk, disposition_feuille_fk) values (264,0);
insert into fleur_pilosite_tige (fleur_fk, pilosite_tige_fk) values (264,0);
insert into fleur_pilosite_tige (fleur_fk, pilosite_tige_fk) values (264,1);
insert into fleur_pilosite_feuille (fleur_fk, pilosite_feuille_fk) values (264,0);
insert into fleur_pilosite_feuille (fleur_fk, pilosite_feuille_fk) values (264,2);
insert into fleur (id,directory_name,scientific_family_fk) values (265,"lysimachia_vulgaris",41);
insert into taxonomy (lang, taxon, searched_taxon, fleur_fk) values ("fr","Lysimaque commune","lysimaque commune",265);
insert into taxonomy (lang, taxon, searched_taxon, fleur_fk) values ("fr","Chasse-bosse","chasse-bosse",265);
insert into taxonomy (lang, taxon, searched_taxon, fleur_fk) values ("fr","Grande lysimaque","grande lysimaque",265);
insert into taxonomy (lang, taxon, searched_taxon, fleur_fk) values ("la","Lysimachia vulgaris","lysimachia vulgaris",265);
insert into taxonomy (lang, taxon, searched_taxon, fleur_fk) values ("en","garden yellow loosestrife","garden yellow loosestrife",265);
insert into fleur_inflorescence (fleur_fk, inflorescence_fk) values (265,0);
insert into fleur_couleur (fleur_fk, couleur_fk) values (265,4);
insert into fleur_aspect (fleur_fk, aspect_fk) values (265,5);
insert into fleur_nb_petale (fleur_fk, nb_petale_fk) values (265,0);
insert into fleur_type_feuille (fleur_fk, type_feuille_fk) values (265,3);
insert into fleur_disposition_feuille (fleur_fk, disposition_feuille_fk) values (265,2);
insert into fleur_pilosite_tige (fleur_fk, pilosite_tige_fk) values (265,1);
insert into fleur_pilosite_feuille (fleur_fk, pilosite_feuille_fk) values (265,1);
insert into fleur_pilosite_feuille (fleur_fk, pilosite_feuille_fk) values (265,2);
insert into fleur (id,directory_name,scientific_family_fk) values (266,"lysimachia_nemorum",41);
insert into taxonomy (lang, taxon, searched_taxon, fleur_fk) values ("fr","Lysimaque des bois","lysimaque des bois",266);
insert into taxonomy (lang, taxon, searched_taxon, fleur_fk) values ("la","Lysimachia nemorum","lysimachia nemorum",266);
insert into taxonomy (lang, taxon, searched_taxon, fleur_fk) values ("en","yellow pimpernel","yellow pimpernel",266);
insert into fleur_inflorescence (fleur_fk, inflorescence_fk) values (266,1);
insert into fleur_couleur (fleur_fk, couleur_fk) values (266,4);
insert into fleur_aspect (fleur_fk, aspect_fk) values (266,5);
insert into fleur_nb_petale (fleur_fk, nb_petale_fk) values (266,0);
insert into fleur_type_feuille (fleur_fk, type_feuille_fk) values (266,3);
insert into fleur_disposition_feuille (fleur_fk, disposition_feuille_fk) values (266,1);
insert into fleur_pilosite_tige (fleur_fk, pilosite_tige_fk) values (266,0);
insert into fleur_pilosite_feuille (fleur_fk, pilosite_feuille_fk) values (266,0);
insert into fleur (id,directory_name,scientific_family_fk) values (267,"lysimachia_nummularia",41);
insert into taxonomy (lang, taxon, searched_taxon, fleur_fk) values ("fr","Lysimaque nummulaire","lysimaque nummulaire",267);
insert into taxonomy (lang, taxon, searched_taxon, fleur_fk) values ("fr","Monnoyère","monnoyere",267);
insert into taxonomy (lang, taxon, searched_taxon, fleur_fk) values ("fr","Herbe aux écus","herbe aux ecus",267);
insert into taxonomy (lang, taxon, searched_taxon, fleur_fk) values ("la","Lysimachia nummularia","lysimachia nummularia",267);
insert into taxonomy (lang, taxon, searched_taxon, fleur_fk) values ("en","creeping jenny ","creeping jenny ",267);
insert into fleur_inflorescence (fleur_fk, inflorescence_fk) values (267,1);
insert into fleur_couleur (fleur_fk, couleur_fk) values (267,4);
insert into fleur_aspect (fleur_fk, aspect_fk) values (267,5);
insert into fleur_nb_petale (fleur_fk, nb_petale_fk) values (267,0);
insert into fleur_type_feuille (fleur_fk, type_feuille_fk) values (267,3);
insert into fleur_disposition_feuille (fleur_fk, disposition_feuille_fk) values (267,1);
insert into fleur_pilosite_tige (fleur_fk, pilosite_tige_fk) values (267,0);
insert into fleur_pilosite_feuille (fleur_fk, pilosite_feuille_fk) values (267,0);
insert into fleur (id,directory_name,scientific_family_fk) values (268,"lysimachia_punctata",41);
insert into taxonomy (lang, taxon, searched_taxon, fleur_fk) values ("fr","Lysimaque ponctuée","lysimaque ponctuee",268);
insert into taxonomy (lang, taxon, searched_taxon, fleur_fk) values ("la","Lysimachia punctata","lysimachia punctata",268);
insert into taxonomy (lang, taxon, searched_taxon, fleur_fk) values ("en","large yellow loosestrife ","large yellow loosestrife ",268);
insert into fleur_inflorescence (fleur_fk, inflorescence_fk) values (268,0);
insert into fleur_couleur (fleur_fk, couleur_fk) values (268,4);
insert into fleur_aspect (fleur_fk, aspect_fk) values (268,5);
insert into fleur_nb_petale (fleur_fk, nb_petale_fk) values (268,0);
insert into fleur_type_feuille (fleur_fk, type_feuille_fk) values (268,3);
insert into fleur_disposition_feuille (fleur_fk, disposition_feuille_fk) values (268,2);
insert into fleur_disposition_feuille (fleur_fk, disposition_feuille_fk) values (268,1);
insert into fleur_pilosite_tige (fleur_fk, pilosite_tige_fk) values (268,1);
insert into fleur_pilosite_feuille (fleur_fk, pilosite_feuille_fk) values (268,1);
insert into fleur (id,directory_name,scientific_family_fk) values (269,"lythrum_salicaria",42);
insert into taxonomy (lang, taxon, searched_taxon, fleur_fk) values ("fr","Lythrum salicaire","lythrum salicaire",269);
insert into taxonomy (lang, taxon, searched_taxon, fleur_fk) values ("fr","Salicaire officinale","salicaire officinale",269);
insert into taxonomy (lang, taxon, searched_taxon, fleur_fk) values ("fr","Lysimaque rouge","lysimaque rouge",269);
insert into taxonomy (lang, taxon, searched_taxon, fleur_fk) values ("la","Lythrum salicaria","lythrum salicaria",269);
insert into taxonomy (lang, taxon, searched_taxon, fleur_fk) values ("en","purple loosestrife","purple loosestrife",269);
insert into fleur_inflorescence (fleur_fk, inflorescence_fk) values (269,0);
insert into fleur_couleur (fleur_fk, couleur_fk) values (269,3);
insert into fleur_aspect (fleur_fk, aspect_fk) values (269,0);
insert into fleur_nb_petale (fleur_fk, nb_petale_fk) values (269,2);
insert into fleur_nb_petale (fleur_fk, nb_petale_fk) values (269,0);
insert into fleur_nb_petale (fleur_fk, nb_petale_fk) values (269,3);
insert into fleur_type_feuille (fleur_fk, type_feuille_fk) values (269,3);
insert into fleur_disposition_feuille (fleur_fk, disposition_feuille_fk) values (269,2);
insert into fleur_disposition_feuille (fleur_fk, disposition_feuille_fk) values (269,1);
insert into fleur_pilosite_tige (fleur_fk, pilosite_tige_fk) values (269,0);
insert into fleur_pilosite_tige (fleur_fk, pilosite_tige_fk) values (269,1);
insert into fleur_pilosite_feuille (fleur_fk, pilosite_feuille_fk) values (269,0);
insert into fleur_pilosite_feuille (fleur_fk, pilosite_feuille_fk) values (269,2);
insert into fleur (id,directory_name,scientific_family_fk) values (270,"valerianella_locusta_f._carinata",24);
insert into taxonomy (lang, taxon, searched_taxon, fleur_fk) values ("fr","Mâche carénée","mache carenee",270);
insert into taxonomy (lang, taxon, searched_taxon, fleur_fk) values ("fr","Doucette carénée","doucette carenee",270);
insert into taxonomy (lang, taxon, searched_taxon, fleur_fk) values ("la","Valerianella locusta f. carinata","valerianella locusta f. carinata",270);
insert into taxonomy (lang, taxon, searched_taxon, fleur_fk) values ("en","European Corn Salad","european corn salad",270);
insert into fleur_inflorescence (fleur_fk, inflorescence_fk) values (270,0);
insert into fleur_couleur (fleur_fk, couleur_fk) values (270,0);
insert into fleur_couleur (fleur_fk, couleur_fk) values (270,9);
insert into fleur_aspect (fleur_fk, aspect_fk) values (270,5);
insert into fleur_nb_petale (fleur_fk, nb_petale_fk) values (270,0);
insert into fleur_type_feuille (fleur_fk, type_feuille_fk) values (270,3);
insert into fleur_type_feuille (fleur_fk, type_feuille_fk) values (270,2);
insert into fleur_disposition_feuille (fleur_fk, disposition_feuille_fk) values (270,1);
insert into fleur_pilosite_tige (fleur_fk, pilosite_tige_fk) values (270,1);
insert into fleur_pilosite_feuille (fleur_fk, pilosite_feuille_fk) values (270,0);
insert into fleur (id,directory_name,scientific_family_fk) values (271,"valerianella_locusta",43);
insert into taxonomy (lang, taxon, searched_taxon, fleur_fk) values ("fr","Mâche potagère","mache potagere",271);
insert into taxonomy (lang, taxon, searched_taxon, fleur_fk) values ("fr","Doucette","doucette",271);
insert into taxonomy (lang, taxon, searched_taxon, fleur_fk) values ("la","Valerianella locusta","valerianella locusta",271);
insert into taxonomy (lang, taxon, searched_taxon, fleur_fk) values ("en","Corn Salad","corn salad",271);
insert into fleur_inflorescence (fleur_fk, inflorescence_fk) values (271,0);
insert into fleur_couleur (fleur_fk, couleur_fk) values (271,0);
insert into fleur_couleur (fleur_fk, couleur_fk) values (271,9);
insert into fleur_aspect (fleur_fk, aspect_fk) values (271,5);
insert into fleur_nb_petale (fleur_fk, nb_petale_fk) values (271,0);
insert into fleur_type_feuille (fleur_fk, type_feuille_fk) values (271,3);
insert into fleur_type_feuille (fleur_fk, type_feuille_fk) values (271,2);
insert into fleur_disposition_feuille (fleur_fk, disposition_feuille_fk) values (271,1);
insert into fleur_pilosite_tige (fleur_fk, pilosite_tige_fk) values (271,1);
insert into fleur_pilosite_feuille (fleur_fk, pilosite_feuille_fk) values (271,1);
insert into fleur (id,directory_name,scientific_family_fk) values (272,"leucanthemum_vulgare",1);
insert into taxonomy (lang, taxon, searched_taxon, fleur_fk) values ("fr","Marguerite commune","marguerite commune",272);
insert into taxonomy (lang, taxon, searched_taxon, fleur_fk) values ("fr","Grande marguerite","grande marguerite",272);
insert into taxonomy (lang, taxon, searched_taxon, fleur_fk) values ("la","Leucanthemum vulgare","leucanthemum vulgare",272);
insert into taxonomy (lang, taxon, searched_taxon, fleur_fk) values ("en","oxeye daisy","oxeye daisy",272);
insert into fleur_inflorescence (fleur_fk, inflorescence_fk) values (272,1);
insert into fleur_couleur (fleur_fk, couleur_fk) values (272,0);
insert into fleur_aspect (fleur_fk, aspect_fk) values (272,1);
insert into fleur_nb_petale (fleur_fk, nb_petale_fk) values (272,1);
insert into fleur_type_feuille (fleur_fk, type_feuille_fk) values (272,2);
insert into fleur_disposition_feuille (fleur_fk, disposition_feuille_fk) values (272,0);
insert into fleur_pilosite_tige (fleur_fk, pilosite_tige_fk) values (272,1);
insert into fleur_pilosite_feuille (fleur_fk, pilosite_feuille_fk) values (272,1);
insert into fleur (id,directory_name,scientific_family_fk) values (273,"matricaria_recutita",1);
insert into taxonomy (lang, taxon, searched_taxon, fleur_fk) values ("fr","Matricaire camomille","matricaire camomille",273);
insert into taxonomy (lang, taxon, searched_taxon, fleur_fk) values ("fr","Camomille sauvage","camomille sauvage",273);
insert into taxonomy (lang, taxon, searched_taxon, fleur_fk) values ("la","Matricaria recutita","matricaria recutita",273);
insert into taxonomy (lang, taxon, searched_taxon, fleur_fk) values ("en","chamomile","chamomile",273);
insert into fleur_inflorescence (fleur_fk, inflorescence_fk) values (273,0);
insert into fleur_couleur (fleur_fk, couleur_fk) values (273,0);
insert into fleur_aspect (fleur_fk, aspect_fk) values (273,1);
insert into fleur_nb_petale (fleur_fk, nb_petale_fk) values (273,1);
insert into fleur_type_feuille (fleur_fk, type_feuille_fk) values (273,1);
insert into fleur_disposition_feuille (fleur_fk, disposition_feuille_fk) values (273,0);
insert into fleur_pilosite_tige (fleur_fk, pilosite_tige_fk) values (273,1);
insert into fleur_pilosite_tige (fleur_fk, pilosite_tige_fk) values (273,0);
insert into fleur_pilosite_feuille (fleur_fk, pilosite_feuille_fk) values (273,0);
insert into fleur_pilosite_feuille (fleur_fk, pilosite_feuille_fk) values (273,1);
insert into fleur (id,directory_name,scientific_family_fk) values (274,"matricaria_discoidea",1);
insert into taxonomy (lang, taxon, searched_taxon, fleur_fk) values ("fr","Matricaire discoïde","matricaire discoide",274);
insert into taxonomy (lang, taxon, searched_taxon, fleur_fk) values ("fr","Matricaire sans ligules","matricaire sans ligules",274);
insert into taxonomy (lang, taxon, searched_taxon, fleur_fk) values ("fr","Matricaire odorante","matricaire odorante",274);
insert into taxonomy (lang, taxon, searched_taxon, fleur_fk) values ("la","Matricaria discoidea","matricaria discoidea",274);
insert into taxonomy (lang, taxon, searched_taxon, fleur_fk) values ("en","pineappleweed","pineappleweed",274);
insert into fleur_inflorescence (fleur_fk, inflorescence_fk) values (274,0);
insert into fleur_couleur (fleur_fk, couleur_fk) values (274,6);
insert into fleur_aspect (fleur_fk, aspect_fk) values (274,6);
insert into fleur_nb_petale (fleur_fk, nb_petale_fk) values (274,1);
insert into fleur_type_feuille (fleur_fk, type_feuille_fk) values (274,1);
insert into fleur_disposition_feuille (fleur_fk, disposition_feuille_fk) values (274,0);
insert into fleur_pilosite_tige (fleur_fk, pilosite_tige_fk) values (274,0);
insert into fleur_pilosite_feuille (fleur_fk, pilosite_feuille_fk) values (274,0);
insert into fleur (id,directory_name,scientific_family_fk) values (275,"matricaria_perforata",1);
insert into taxonomy (lang, taxon, searched_taxon, fleur_fk) values ("fr","Matricaire inodore","matricaire inodore",275);
insert into taxonomy (lang, taxon, searched_taxon, fleur_fk) values ("fr","Camomille inodore","camomille inodore",275);
insert into taxonomy (lang, taxon, searched_taxon, fleur_fk) values ("fr"," Matricaire perforée"," matricaire perforee",275);
insert into taxonomy (lang, taxon, searched_taxon, fleur_fk) values ("la","Matricaria perforata","matricaria perforata",275);
insert into taxonomy (lang, taxon, searched_taxon, fleur_fk) values ("en","scentless mayweed","scentless mayweed",275);
insert into fleur_inflorescence (fleur_fk, inflorescence_fk) values (275,0);
insert into fleur_couleur (fleur_fk, couleur_fk) values (275,0);
insert into fleur_aspect (fleur_fk, aspect_fk) values (275,1);
insert into fleur_nb_petale (fleur_fk, nb_petale_fk) values (275,1);
insert into fleur_type_feuille (fleur_fk, type_feuille_fk) values (275,1);
insert into fleur_disposition_feuille (fleur_fk, disposition_feuille_fk) values (275,0);
insert into fleur_pilosite_tige (fleur_fk, pilosite_tige_fk) values (275,0);
insert into fleur_pilosite_feuille (fleur_fk, pilosite_feuille_fk) values (275,1);
insert into fleur (id,directory_name,scientific_family_fk) values (276,"malva_neglecta",33);
insert into taxonomy (lang, taxon, searched_taxon, fleur_fk) values ("fr","Mauve à feuilles rondes","mauve a feuilles rondes",276);
insert into taxonomy (lang, taxon, searched_taxon, fleur_fk) values ("fr","Petite mauve","petite mauve",276);
insert into taxonomy (lang, taxon, searched_taxon, fleur_fk) values ("fr","Mauve commune","mauve commune",276);
insert into taxonomy (lang, taxon, searched_taxon, fleur_fk) values ("la","Malva neglecta","malva neglecta",276);
insert into taxonomy (lang, taxon, searched_taxon, fleur_fk) values ("en","Common mallow","common mallow",276);
insert into fleur_inflorescence (fleur_fk, inflorescence_fk) values (276,0);
insert into fleur_couleur (fleur_fk, couleur_fk) values (276,0);
insert into fleur_couleur (fleur_fk, couleur_fk) values (276,3);
insert into fleur_aspect (fleur_fk, aspect_fk) values (276,5);
insert into fleur_aspect (fleur_fk, aspect_fk) values (276,0);
insert into fleur_nb_petale (fleur_fk, nb_petale_fk) values (276,0);
insert into fleur_type_feuille (fleur_fk, type_feuille_fk) values (276,2);
insert into fleur_disposition_feuille (fleur_fk, disposition_feuille_fk) values (276,0);
insert into fleur_pilosite_tige (fleur_fk, pilosite_tige_fk) values (276,1);
insert into fleur_pilosite_feuille (fleur_fk, pilosite_feuille_fk) values (276,1);
insert into fleur (id,directory_name,scientific_family_fk) values (277,"malva_moschata",33);
insert into taxonomy (lang, taxon, searched_taxon, fleur_fk) values ("fr","Mauve musquée","mauve musquee",277);
insert into taxonomy (lang, taxon, searched_taxon, fleur_fk) values ("la","Malva moschata","malva moschata",277);
insert into taxonomy (lang, taxon, searched_taxon, fleur_fk) values ("en","musk-mallow","musk-mallow",277);
insert into fleur_inflorescence (fleur_fk, inflorescence_fk) values (277,0);
insert into fleur_couleur (fleur_fk, couleur_fk) values (277,1);
insert into fleur_aspect (fleur_fk, aspect_fk) values (277,5);
insert into fleur_aspect (fleur_fk, aspect_fk) values (277,0);
insert into fleur_nb_petale (fleur_fk, nb_petale_fk) values (277,0);
insert into fleur_type_feuille (fleur_fk, type_feuille_fk) values (277,1);
insert into fleur_disposition_feuille (fleur_fk, disposition_feuille_fk) values (277,0);
insert into fleur_pilosite_tige (fleur_fk, pilosite_tige_fk) values (277,1);
insert into fleur_pilosite_feuille (fleur_fk, pilosite_feuille_fk) values (277,2);
insert into fleur (id,directory_name,scientific_family_fk) values (278,"malva_sylvestris",33);
insert into taxonomy (lang, taxon, searched_taxon, fleur_fk) values ("fr","Mauve sylvestre","mauve sylvestre",278);
insert into taxonomy (lang, taxon, searched_taxon, fleur_fk) values ("fr","Mauve des bois","mauve des bois",278);
insert into taxonomy (lang, taxon, searched_taxon, fleur_fk) values ("fr","Grande mauve","grande mauve",278);
insert into taxonomy (lang, taxon, searched_taxon, fleur_fk) values ("la","Malva sylvestris","malva sylvestris",278);
insert into taxonomy (lang, taxon, searched_taxon, fleur_fk) values ("en","High Mallow","high mallow",278);
insert into fleur_inflorescence (fleur_fk, inflorescence_fk) values (278,0);
insert into fleur_couleur (fleur_fk, couleur_fk) values (278,1);
insert into fleur_aspect (fleur_fk, aspect_fk) values (278,5);
insert into fleur_aspect (fleur_fk, aspect_fk) values (278,0);
insert into fleur_nb_petale (fleur_fk, nb_petale_fk) values (278,0);
insert into fleur_type_feuille (fleur_fk, type_feuille_fk) values (278,2);
insert into fleur_disposition_feuille (fleur_fk, disposition_feuille_fk) values (278,0);
insert into fleur_pilosite_tige (fleur_fk, pilosite_tige_fk) values (278,1);
insert into fleur_pilosite_feuille (fleur_fk, pilosite_feuille_fk) values (278,0);
insert into fleur (id,directory_name,scientific_family_fk) values (279,"melampyrum_cristatum",26);
insert into taxonomy (lang, taxon, searched_taxon, fleur_fk) values ("fr","Mélampyre à crêtes","melampyre a cretes",279);
insert into taxonomy (lang, taxon, searched_taxon, fleur_fk) values ("la","Melampyrum cristatum","melampyrum cristatum",279);
insert into taxonomy (lang, taxon, searched_taxon, fleur_fk) values ("en","Crested Cow-wheat","crested cow-wheat",279);
insert into fleur_inflorescence (fleur_fk, inflorescence_fk) values (279,0);
insert into fleur_couleur (fleur_fk, couleur_fk) values (279,0);
insert into fleur_aspect (fleur_fk, aspect_fk) values (279,3);
insert into fleur_nb_petale (fleur_fk, nb_petale_fk) values (279,5);
insert into fleur_nb_petale (fleur_fk, nb_petale_fk) values (279,2);
insert into fleur_type_feuille (fleur_fk, type_feuille_fk) values (279,3);
insert into fleur_disposition_feuille (fleur_fk, disposition_feuille_fk) values (279,1);
insert into fleur_pilosite_tige (fleur_fk, pilosite_tige_fk) values (279,1);
insert into fleur_pilosite_feuille (fleur_fk, pilosite_feuille_fk) values (279,1);
insert into fleur (id,directory_name,scientific_family_fk) values (280,"melampyrum_arvense",26);
insert into taxonomy (lang, taxon, searched_taxon, fleur_fk) values ("fr","Mélampyre des champs","melampyre des champs",280);
insert into taxonomy (lang, taxon, searched_taxon, fleur_fk) values ("fr","Rougeotte","rougeotte",280);
insert into taxonomy (lang, taxon, searched_taxon, fleur_fk) values ("la","Melampyrum arvense","melampyrum arvense",280);
insert into taxonomy (lang, taxon, searched_taxon, fleur_fk) values ("en","field cow-wheat","field cow-wheat",280);
insert into fleur_inflorescence (fleur_fk, inflorescence_fk) values (280,0);
insert into fleur_couleur (fleur_fk, couleur_fk) values (280,1);
insert into fleur_aspect (fleur_fk, aspect_fk) values (280,3);
insert into fleur_nb_petale (fleur_fk, nb_petale_fk) values (280,5);
insert into fleur_nb_petale (fleur_fk, nb_petale_fk) values (280,2);
insert into fleur_type_feuille (fleur_fk, type_feuille_fk) values (280,3);
insert into fleur_type_feuille (fleur_fk, type_feuille_fk) values (280,1);
insert into fleur_disposition_feuille (fleur_fk, disposition_feuille_fk) values (280,1);
insert into fleur_pilosite_tige (fleur_fk, pilosite_tige_fk) values (280,1);
insert into fleur_pilosite_feuille (fleur_fk, pilosite_feuille_fk) values (280,1);
insert into fleur (id,directory_name,scientific_family_fk) values (281,"melampyrum_pratense",26);
insert into taxonomy (lang, taxon, searched_taxon, fleur_fk) values ("fr","Mélampyre des prés","melampyre des pres",281);
insert into taxonomy (lang, taxon, searched_taxon, fleur_fk) values ("la","Melampyrum pratense","melampyrum pratense",281);
insert into taxonomy (lang, taxon, searched_taxon, fleur_fk) values ("en","common cow-wheat","common cow-wheat",281);
insert into fleur_inflorescence (fleur_fk, inflorescence_fk) values (281,0);
insert into fleur_couleur (fleur_fk, couleur_fk) values (281,0);
insert into fleur_couleur (fleur_fk, couleur_fk) values (281,4);
insert into fleur_aspect (fleur_fk, aspect_fk) values (281,3);
insert into fleur_nb_petale (fleur_fk, nb_petale_fk) values (281,5);
insert into fleur_nb_petale (fleur_fk, nb_petale_fk) values (281,2);
insert into fleur_type_feuille (fleur_fk, type_feuille_fk) values (281,3);
insert into fleur_disposition_feuille (fleur_fk, disposition_feuille_fk) values (281,1);
insert into fleur_pilosite_tige (fleur_fk, pilosite_tige_fk) values (281,1);
insert into fleur_pilosite_tige (fleur_fk, pilosite_tige_fk) values (281,0);
insert into fleur_pilosite_feuille (fleur_fk, pilosite_feuille_fk) values (281,1);
insert into fleur (id,directory_name,scientific_family_fk) values (282,"melilotus_albus",11);
insert into taxonomy (lang, taxon, searched_taxon, fleur_fk) values ("fr","Mélilot blanc","melilot blanc",282);
insert into taxonomy (lang, taxon, searched_taxon, fleur_fk) values ("la","Melilotus albus","melilotus albus",282);
insert into taxonomy (lang, taxon, searched_taxon, fleur_fk) values ("en","sweet clover","sweet clover",282);
insert into fleur_inflorescence (fleur_fk, inflorescence_fk) values (282,0);
insert into fleur_couleur (fleur_fk, couleur_fk) values (282,0);
insert into fleur_aspect (fleur_fk, aspect_fk) values (282,2);
insert into fleur_nb_petale (fleur_fk, nb_petale_fk) values (282,0);
insert into fleur_type_feuille (fleur_fk, type_feuille_fk) values (282,0);
insert into fleur_disposition_feuille (fleur_fk, disposition_feuille_fk) values (282,0);
insert into fleur_pilosite_tige (fleur_fk, pilosite_tige_fk) values (282,1);
insert into fleur_pilosite_tige (fleur_fk, pilosite_tige_fk) values (282,0);
insert into fleur_pilosite_feuille (fleur_fk, pilosite_feuille_fk) values (282,2);
insert into fleur (id,directory_name,scientific_family_fk) values (283,"melilotus_officinalis",11);
insert into taxonomy (lang, taxon, searched_taxon, fleur_fk) values ("fr","Mélilot officinal","melilot officinal",283);
insert into taxonomy (lang, taxon, searched_taxon, fleur_fk) values ("fr","Mélilot des prés","melilot des pres",283);
insert into taxonomy (lang, taxon, searched_taxon, fleur_fk) values ("la","Melilotus officinalis","melilotus officinalis",283);
insert into taxonomy (lang, taxon, searched_taxon, fleur_fk) values ("en","yellow sweet clover","yellow sweet clover",283);
insert into fleur_inflorescence (fleur_fk, inflorescence_fk) values (283,0);
insert into fleur_couleur (fleur_fk, couleur_fk) values (283,4);
insert into fleur_aspect (fleur_fk, aspect_fk) values (283,2);
insert into fleur_nb_petale (fleur_fk, nb_petale_fk) values (283,0);
insert into fleur_type_feuille (fleur_fk, type_feuille_fk) values (283,0);
insert into fleur_disposition_feuille (fleur_fk, disposition_feuille_fk) values (283,0);
insert into fleur_pilosite_tige (fleur_fk, pilosite_tige_fk) values (283,1);
insert into fleur_pilosite_feuille (fleur_fk, pilosite_feuille_fk) values (283,2);
insert into fleur (id,directory_name,scientific_family_fk) values (284,"mentha_aquatica_",3);
insert into taxonomy (lang, taxon, searched_taxon, fleur_fk) values ("fr","Menthe aquatique","menthe aquatique",284);
insert into taxonomy (lang, taxon, searched_taxon, fleur_fk) values ("la","Mentha aquatica ","mentha aquatica ",284);
insert into taxonomy (lang, taxon, searched_taxon, fleur_fk) values ("en","water mint","water mint",284);
insert into fleur_inflorescence (fleur_fk, inflorescence_fk) values (284,0);
insert into fleur_couleur (fleur_fk, couleur_fk) values (284,0);
insert into fleur_couleur (fleur_fk, couleur_fk) values (284,3);
insert into fleur_aspect (fleur_fk, aspect_fk) values (284,3);
insert into fleur_nb_petale (fleur_fk, nb_petale_fk) values (284,2);
insert into fleur_type_feuille (fleur_fk, type_feuille_fk) values (284,2);
insert into fleur_disposition_feuille (fleur_fk, disposition_feuille_fk) values (284,1);
insert into fleur_pilosite_tige (fleur_fk, pilosite_tige_fk) values (284,1);
insert into fleur_pilosite_feuille (fleur_fk, pilosite_feuille_fk) values (284,2);
insert into fleur (id,directory_name,scientific_family_fk) values (285,"hypericum_perforatum",44);
insert into taxonomy (lang, taxon, searched_taxon, fleur_fk) values ("fr","Millepertuis perforé","millepertuis perfore",285);
insert into taxonomy (lang, taxon, searched_taxon, fleur_fk) values ("fr","Herbe à mille trous","herbe a mille trous",285);
insert into taxonomy (lang, taxon, searched_taxon, fleur_fk) values ("fr","Millepertuis commun","millepertuis commun",285);
insert into taxonomy (lang, taxon, searched_taxon, fleur_fk) values ("la","Hypericum perforatum","hypericum perforatum",285);
insert into taxonomy (lang, taxon, searched_taxon, fleur_fk) values ("en","St John's wort","st john's wort",285);
insert into fleur_inflorescence (fleur_fk, inflorescence_fk) values (285,0);
insert into fleur_couleur (fleur_fk, couleur_fk) values (285,4);
insert into fleur_aspect (fleur_fk, aspect_fk) values (285,0);
insert into fleur_nb_petale (fleur_fk, nb_petale_fk) values (285,0);
insert into fleur_type_feuille (fleur_fk, type_feuille_fk) values (285,3);
insert into fleur_disposition_feuille (fleur_fk, disposition_feuille_fk) values (285,0);
insert into fleur_pilosite_tige (fleur_fk, pilosite_tige_fk) values (285,0);
insert into fleur_pilosite_feuille (fleur_fk, pilosite_feuille_fk) values (285,0);
insert into fleur (id,directory_name,scientific_family_fk) values (286,"verbascum_densiflorum",26);
insert into taxonomy (lang, taxon, searched_taxon, fleur_fk) values ("fr","Molène à fleurs denses","molene a fleurs denses",286);
insert into taxonomy (lang, taxon, searched_taxon, fleur_fk) values ("la","Verbascum densiflorum","verbascum densiflorum",286);
insert into taxonomy (lang, taxon, searched_taxon, fleur_fk) values ("en","dense-flowered mullein","dense-flowered mullein",286);
insert into fleur_inflorescence (fleur_fk, inflorescence_fk) values (286,0);
insert into fleur_couleur (fleur_fk, couleur_fk) values (286,4);
insert into fleur_aspect (fleur_fk, aspect_fk) values (286,3);
insert into fleur_nb_petale (fleur_fk, nb_petale_fk) values (286,0);
insert into fleur_type_feuille (fleur_fk, type_feuille_fk) values (286,3);
insert into fleur_type_feuille (fleur_fk, type_feuille_fk) values (286,2);
insert into fleur_disposition_feuille (fleur_fk, disposition_feuille_fk) values (286,0);
insert into fleur_pilosite_tige (fleur_fk, pilosite_tige_fk) values (286,1);
insert into fleur_pilosite_feuille (fleur_fk, pilosite_feuille_fk) values (286,1);
insert into fleur (id,directory_name,scientific_family_fk) values (287,"verbascum_blattaria",26);
insert into taxonomy (lang, taxon, searched_taxon, fleur_fk) values ("fr","Molène blattaire","molene blattaire",287);
insert into taxonomy (lang, taxon, searched_taxon, fleur_fk) values ("la","Verbascum blattaria","verbascum blattaria",287);
insert into taxonomy (lang, taxon, searched_taxon, fleur_fk) values ("en","Moth mullein","moth mullein",287);
insert into fleur_inflorescence (fleur_fk, inflorescence_fk) values (287,0);
insert into fleur_couleur (fleur_fk, couleur_fk) values (287,4);
insert into fleur_aspect (fleur_fk, aspect_fk) values (287,3);
insert into fleur_nb_petale (fleur_fk, nb_petale_fk) values (287,0);
insert into fleur_type_feuille (fleur_fk, type_feuille_fk) values (287,2);
insert into fleur_disposition_feuille (fleur_fk, disposition_feuille_fk) values (287,0);
insert into fleur_pilosite_tige (fleur_fk, pilosite_tige_fk) values (287,1);
insert into fleur_pilosite_tige (fleur_fk, pilosite_tige_fk) values (287,0);
insert into fleur_pilosite_feuille (fleur_fk, pilosite_feuille_fk) values (287,0);
insert into fleur (id,directory_name,scientific_family_fk) values (288,"verbascum_thapsus",26);
insert into taxonomy (lang, taxon, searched_taxon, fleur_fk) values ("fr","Molène bouillon-blanc","molene bouillon-blanc",288);
insert into taxonomy (lang, taxon, searched_taxon, fleur_fk) values ("fr","Bouillon blanc","bouillon blanc",288);
insert into taxonomy (lang, taxon, searched_taxon, fleur_fk) values ("la","Verbascum thapsus","verbascum thapsus",288);
insert into taxonomy (lang, taxon, searched_taxon, fleur_fk) values ("en","Common mullein","common mullein",288);
insert into fleur_inflorescence (fleur_fk, inflorescence_fk) values (288,0);
insert into fleur_couleur (fleur_fk, couleur_fk) values (288,4);
insert into fleur_aspect (fleur_fk, aspect_fk) values (288,3);
insert into fleur_nb_petale (fleur_fk, nb_petale_fk) values (288,0);
insert into fleur_type_feuille (fleur_fk, type_feuille_fk) values (288,3);
insert into fleur_type_feuille (fleur_fk, type_feuille_fk) values (288,2);
insert into fleur_disposition_feuille (fleur_fk, disposition_feuille_fk) values (288,0);
insert into fleur_pilosite_tige (fleur_fk, pilosite_tige_fk) values (288,1);
insert into fleur_pilosite_feuille (fleur_fk, pilosite_feuille_fk) values (288,1);
insert into fleur (id,directory_name,scientific_family_fk) values (289,"verbascum_virgatum",26);
insert into taxonomy (lang, taxon, searched_taxon, fleur_fk) values ("fr","Molène en baguette","molene en baguette",289);
insert into taxonomy (lang, taxon, searched_taxon, fleur_fk) values ("fr","Molène effilée","molene effilee",289);
insert into taxonomy (lang, taxon, searched_taxon, fleur_fk) values ("fr","Molène stricte","molene stricte",289);
insert into taxonomy (lang, taxon, searched_taxon, fleur_fk) values ("la","Verbascum virgatum","verbascum virgatum",289);
insert into taxonomy (lang, taxon, searched_taxon, fleur_fk) values ("en","Twiggy mullein","twiggy mullein",289);
insert into fleur_inflorescence (fleur_fk, inflorescence_fk) values (289,0);
insert into fleur_couleur (fleur_fk, couleur_fk) values (289,4);
insert into fleur_aspect (fleur_fk, aspect_fk) values (289,3);
insert into fleur_nb_petale (fleur_fk, nb_petale_fk) values (289,0);
insert into fleur_type_feuille (fleur_fk, type_feuille_fk) values (289,2);
insert into fleur_disposition_feuille (fleur_fk, disposition_feuille_fk) values (289,0);
insert into fleur_pilosite_tige (fleur_fk, pilosite_tige_fk) values (289,1);
insert into fleur_pilosite_tige (fleur_fk, pilosite_tige_fk) values (289,0);
insert into fleur_pilosite_feuille (fleur_fk, pilosite_feuille_fk) values (289,1);
insert into fleur (id,directory_name,scientific_family_fk) values (290,"verbascum_pulverulentum",26);
insert into taxonomy (lang, taxon, searched_taxon, fleur_fk) values ("fr","Molène floconneuse","molene floconneuse",290);
insert into taxonomy (lang, taxon, searched_taxon, fleur_fk) values ("la","Verbascum pulverulentum","verbascum pulverulentum",290);
insert into taxonomy (lang, taxon, searched_taxon, fleur_fk) values ("en","Hoary mullein","hoary mullein",290);
insert into fleur_inflorescence (fleur_fk, inflorescence_fk) values (290,0);
insert into fleur_couleur (fleur_fk, couleur_fk) values (290,4);
insert into fleur_aspect (fleur_fk, aspect_fk) values (290,3);
insert into fleur_nb_petale (fleur_fk, nb_petale_fk) values (290,0);
insert into fleur_type_feuille (fleur_fk, type_feuille_fk) values (290,3);
insert into fleur_disposition_feuille (fleur_fk, disposition_feuille_fk) values (290,0);
insert into fleur_pilosite_tige (fleur_fk, pilosite_tige_fk) values (290,1);
insert into fleur_pilosite_feuille (fleur_fk, pilosite_feuille_fk) values (290,1);
insert into fleur (id,directory_name,scientific_family_fk) values (291,"solanum_dulcamara",25);
insert into taxonomy (lang, taxon, searched_taxon, fleur_fk) values ("fr","Morelle douce-amère","morelle douce-amere",291);
insert into taxonomy (lang, taxon, searched_taxon, fleur_fk) values ("fr","Vigne de Judée","vigne de judee",291);
insert into taxonomy (lang, taxon, searched_taxon, fleur_fk) values ("fr","Douce-amère","douce-amere",291);
insert into taxonomy (lang, taxon, searched_taxon, fleur_fk) values ("la","Solanum dulcamara","solanum dulcamara",291);
insert into taxonomy (lang, taxon, searched_taxon, fleur_fk) values ("en","bittersweet nightshade","bittersweet nightshade",291);
insert into fleur_inflorescence (fleur_fk, inflorescence_fk) values (291,0);
insert into fleur_couleur (fleur_fk, couleur_fk) values (291,2);
insert into fleur_aspect (fleur_fk, aspect_fk) values (291,5);
insert into fleur_nb_petale (fleur_fk, nb_petale_fk) values (291,0);
insert into fleur_type_feuille (fleur_fk, type_feuille_fk) values (291,3);
insert into fleur_disposition_feuille (fleur_fk, disposition_feuille_fk) values (291,0);
insert into fleur_pilosite_tige (fleur_fk, pilosite_tige_fk) values (291,1);
insert into fleur_pilosite_feuille (fleur_fk, pilosite_feuille_fk) values (291,1);
insert into fleur_pilosite_feuille (fleur_fk, pilosite_feuille_fk) values (291,0);
insert into fleur (id,directory_name,scientific_family_fk) values (292,"solanum_nigrum",25);
insert into taxonomy (lang, taxon, searched_taxon, fleur_fk) values ("fr","Morelle noire","morelle noire",292);
insert into taxonomy (lang, taxon, searched_taxon, fleur_fk) values ("la","Solanum nigrum","solanum nigrum",292);
insert into taxonomy (lang, taxon, searched_taxon, fleur_fk) values ("en","European black nightshade","european black nightshade",292);
insert into fleur_inflorescence (fleur_fk, inflorescence_fk) values (292,0);
insert into fleur_couleur (fleur_fk, couleur_fk) values (292,0);
insert into fleur_aspect (fleur_fk, aspect_fk) values (292,5);
insert into fleur_nb_petale (fleur_fk, nb_petale_fk) values (292,0);
insert into fleur_type_feuille (fleur_fk, type_feuille_fk) values (292,3);
insert into fleur_type_feuille (fleur_fk, type_feuille_fk) values (292,2);
insert into fleur_disposition_feuille (fleur_fk, disposition_feuille_fk) values (292,0);
insert into fleur_pilosite_tige (fleur_fk, pilosite_tige_fk) values (292,1);
insert into fleur_pilosite_tige (fleur_fk, pilosite_tige_fk) values (292,0);
insert into fleur_pilosite_feuille (fleur_fk, pilosite_feuille_fk) values (292,1);
insert into fleur (id,directory_name,scientific_family_fk) values (293,"lysimachia_foemina",41);
insert into taxonomy (lang, taxon, searched_taxon, fleur_fk) values ("fr","Mouron bleu","mouron bleu",293);
insert into taxonomy (lang, taxon, searched_taxon, fleur_fk) values ("fr","Mouron femelle","mouron femelle",293);
insert into taxonomy (lang, taxon, searched_taxon, fleur_fk) values ("la","Lysimachia foemina","lysimachia foemina",293);
insert into taxonomy (lang, taxon, searched_taxon, fleur_fk) values ("la","Anagallis foemina","anagallis foemina",293);
insert into taxonomy (lang, taxon, searched_taxon, fleur_fk) values ("en","Poorman's Weatherglass","poorman's weatherglass",293);
insert into fleur_inflorescence (fleur_fk, inflorescence_fk) values (293,0);
insert into fleur_couleur (fleur_fk, couleur_fk) values (293,9);
insert into fleur_aspect (fleur_fk, aspect_fk) values (293,5);
insert into fleur_nb_petale (fleur_fk, nb_petale_fk) values (293,0);
insert into fleur_type_feuille (fleur_fk, type_feuille_fk) values (293,3);
insert into fleur_disposition_feuille (fleur_fk, disposition_feuille_fk) values (293,1);
insert into fleur_pilosite_tige (fleur_fk, pilosite_tige_fk) values (293,0);
insert into fleur_pilosite_feuille (fleur_fk, pilosite_feuille_fk) values (293,0);
insert into fleur (id,directory_name,scientific_family_fk) values (294,"lysimachia_arvensis",41);
insert into taxonomy (lang, taxon, searched_taxon, fleur_fk) values ("fr","Mouron rouge","mouron rouge",294);
insert into taxonomy (lang, taxon, searched_taxon, fleur_fk) values ("fr","Morgeline","morgeline",294);
insert into taxonomy (lang, taxon, searched_taxon, fleur_fk) values ("fr","Mouron des champs","mouron des champs",294);
insert into taxonomy (lang, taxon, searched_taxon, fleur_fk) values ("la","Lysimachia arvensis","lysimachia arvensis",294);
insert into taxonomy (lang, taxon, searched_taxon, fleur_fk) values ("la","Anagallis arvensis","anagallis arvensis",294);
insert into taxonomy (lang, taxon, searched_taxon, fleur_fk) values ("en","Scarlet pimpernel","scarlet pimpernel",294);
insert into fleur_inflorescence (fleur_fk, inflorescence_fk) values (294,0);
insert into fleur_couleur (fleur_fk, couleur_fk) values (294,8);
insert into fleur_aspect (fleur_fk, aspect_fk) values (294,5);
insert into fleur_nb_petale (fleur_fk, nb_petale_fk) values (294,0);
insert into fleur_type_feuille (fleur_fk, type_feuille_fk) values (294,3);
insert into fleur_disposition_feuille (fleur_fk, disposition_feuille_fk) values (294,1);
insert into fleur_pilosite_tige (fleur_fk, pilosite_tige_fk) values (294,0);
insert into fleur_pilosite_feuille (fleur_fk, pilosite_feuille_fk) values (294,0);
insert into fleur (id,directory_name,scientific_family_fk) values (295,"sinapis_alba",6);
insert into taxonomy (lang, taxon, searched_taxon, fleur_fk) values ("fr","Moutarde blanche","moutarde blanche",295);
insert into taxonomy (lang, taxon, searched_taxon, fleur_fk) values ("la","Sinapis alba","sinapis alba",295);
insert into taxonomy (lang, taxon, searched_taxon, fleur_fk) values ("en","White mustard","white mustard",295);
insert into fleur_inflorescence (fleur_fk, inflorescence_fk) values (295,0);
insert into fleur_couleur (fleur_fk, couleur_fk) values (295,4);
insert into fleur_aspect (fleur_fk, aspect_fk) values (295,0);
insert into fleur_nb_petale (fleur_fk, nb_petale_fk) values (295,2);
insert into fleur_type_feuille (fleur_fk, type_feuille_fk) values (295,1);
insert into fleur_disposition_feuille (fleur_fk, disposition_feuille_fk) values (295,0);
insert into fleur_pilosite_tige (fleur_fk, pilosite_tige_fk) values (295,1);
insert into fleur_pilosite_feuille (fleur_fk, pilosite_feuille_fk) values (295,1);
insert into fleur (id,directory_name,scientific_family_fk) values (296,"sinapis_arvensis",6);
insert into taxonomy (lang, taxon, searched_taxon, fleur_fk) values ("fr","Moutarde des champs","moutarde des champs",296);
insert into taxonomy (lang, taxon, searched_taxon, fleur_fk) values ("la","Sinapis arvensis","sinapis arvensis",296);
insert into taxonomy (lang, taxon, searched_taxon, fleur_fk) values ("en","Field mustard","field mustard",296);
insert into fleur_inflorescence (fleur_fk, inflorescence_fk) values (296,0);
insert into fleur_couleur (fleur_fk, couleur_fk) values (296,4);
insert into fleur_aspect (fleur_fk, aspect_fk) values (296,0);
insert into fleur_nb_petale (fleur_fk, nb_petale_fk) values (296,2);
insert into fleur_type_feuille (fleur_fk, type_feuille_fk) values (296,1);
insert into fleur_disposition_feuille (fleur_fk, disposition_feuille_fk) values (296,0);
insert into fleur_pilosite_tige (fleur_fk, pilosite_tige_fk) values (296,1);
insert into fleur_pilosite_feuille (fleur_fk, pilosite_feuille_fk) values (296,1);
insert into fleur (id,directory_name,scientific_family_fk) values (297,"sinapis_nigra",6);
insert into taxonomy (lang, taxon, searched_taxon, fleur_fk) values ("fr","Moutarde noire","moutarde noire",297);
insert into taxonomy (lang, taxon, searched_taxon, fleur_fk) values ("la","Sinapis nigra","sinapis nigra",297);
insert into taxonomy (lang, taxon, searched_taxon, fleur_fk) values ("la","Brassica nigra","brassica nigra",297);
insert into taxonomy (lang, taxon, searched_taxon, fleur_fk) values ("en","black mustard","black mustard",297);
insert into fleur_inflorescence (fleur_fk, inflorescence_fk) values (297,0);
insert into fleur_couleur (fleur_fk, couleur_fk) values (297,4);
insert into fleur_aspect (fleur_fk, aspect_fk) values (297,0);
insert into fleur_nb_petale (fleur_fk, nb_petale_fk) values (297,2);
insert into fleur_type_feuille (fleur_fk, type_feuille_fk) values (297,1);
insert into fleur_disposition_feuille (fleur_fk, disposition_feuille_fk) values (297,0);
insert into fleur_pilosite_tige (fleur_fk, pilosite_tige_fk) values (297,1);
insert into fleur_pilosite_feuille (fleur_fk, pilosite_feuille_fk) values (297,1);
insert into fleur (id,directory_name,scientific_family_fk) values (298,"convallaria_majalis",45);
insert into taxonomy (lang, taxon, searched_taxon, fleur_fk) values ("fr","Muguet","muguet",298);
insert into taxonomy (lang, taxon, searched_taxon, fleur_fk) values ("la","Convallaria majalis","convallaria majalis",298);
insert into taxonomy (lang, taxon, searched_taxon, fleur_fk) values ("en","Lily of the valley","lily of the valley",298);
insert into fleur_inflorescence (fleur_fk, inflorescence_fk) values (298,0);
insert into fleur_couleur (fleur_fk, couleur_fk) values (298,0);
insert into fleur_aspect (fleur_fk, aspect_fk) values (298,5);
insert into fleur_nb_petale (fleur_fk, nb_petale_fk) values (298,3);
insert into fleur_type_feuille (fleur_fk, type_feuille_fk) values (298,3);
insert into fleur_disposition_feuille (fleur_fk, disposition_feuille_fk) values (298,3);
insert into fleur_pilosite_tige (fleur_fk, pilosite_tige_fk) values (298,0);
insert into fleur_pilosite_feuille (fleur_fk, pilosite_feuille_fk) values (298,0);
insert into fleur (id,directory_name,scientific_family_fk) values (299,"muscari_comosum",10);
insert into taxonomy (lang, taxon, searched_taxon, fleur_fk) values ("fr","Muscari à toupet","muscari a toupet",299);
insert into taxonomy (lang, taxon, searched_taxon, fleur_fk) values ("la","Muscari comosum","muscari comosum",299);
insert into taxonomy (lang, taxon, searched_taxon, fleur_fk) values ("en","Tassel Hyacinth","tassel hyacinth",299);
insert into fleur_inflorescence (fleur_fk, inflorescence_fk) values (299,0);
insert into fleur_couleur (fleur_fk, couleur_fk) values (299,2);
insert into fleur_couleur (fleur_fk, couleur_fk) values (299,5);
insert into fleur_aspect (fleur_fk, aspect_fk) values (299,5);
insert into fleur_nb_petale (fleur_fk, nb_petale_fk) values (299,3);
insert into fleur_type_feuille (fleur_fk, type_feuille_fk) values (299,3);
insert into fleur_disposition_feuille (fleur_fk, disposition_feuille_fk) values (299,3);
insert into fleur_pilosite_tige (fleur_fk, pilosite_tige_fk) values (299,0);
insert into fleur_pilosite_feuille (fleur_fk, pilosite_feuille_fk) values (299,0);
insert into fleur (id,directory_name,scientific_family_fk) values (300,"muscari_neglectum",10);
insert into taxonomy (lang, taxon, searched_taxon, fleur_fk) values ("fr","Muscari négligé","muscari neglige",300);
insert into taxonomy (lang, taxon, searched_taxon, fleur_fk) values ("fr","Muscari oublié","muscari oublie",300);
insert into taxonomy (lang, taxon, searched_taxon, fleur_fk) values ("fr","Muscari en grappe","muscari en grappe",300);
insert into taxonomy (lang, taxon, searched_taxon, fleur_fk) values ("la","Muscari neglectum","muscari neglectum",300);
insert into taxonomy (lang, taxon, searched_taxon, fleur_fk) values ("en","Grape Hyacinth","grape hyacinth",300);
insert into fleur_inflorescence (fleur_fk, inflorescence_fk) values (300,0);
insert into fleur_couleur (fleur_fk, couleur_fk) values (300,2);
insert into fleur_aspect (fleur_fk, aspect_fk) values (300,5);
insert into fleur_nb_petale (fleur_fk, nb_petale_fk) values (300,3);
insert into fleur_type_feuille (fleur_fk, type_feuille_fk) values (300,3);
insert into fleur_disposition_feuille (fleur_fk, disposition_feuille_fk) values (300,3);
insert into fleur_pilosite_tige (fleur_fk, pilosite_tige_fk) values (300,0);
insert into fleur_pilosite_feuille (fleur_fk, pilosite_feuille_fk) values (300,0);
insert into fleur (id,directory_name,scientific_family_fk) values (301,"myosotis_discolor",13);
insert into taxonomy (lang, taxon, searched_taxon, fleur_fk) values ("fr","Myosotis bicolore","myosotis bicolore",301);
insert into taxonomy (lang, taxon, searched_taxon, fleur_fk) values ("fr","Myosotis changeant","myosotis changeant",301);
insert into taxonomy (lang, taxon, searched_taxon, fleur_fk) values ("la","Myosotis discolor","myosotis discolor",301);
insert into taxonomy (lang, taxon, searched_taxon, fleur_fk) values ("en","changing forget-me-not","changing forget-me-not",301);
insert into fleur_inflorescence (fleur_fk, inflorescence_fk) values (301,0);
insert into fleur_couleur (fleur_fk, couleur_fk) values (301,9);
insert into fleur_couleur (fleur_fk, couleur_fk) values (301,0);
insert into fleur_aspect (fleur_fk, aspect_fk) values (301,5);
insert into fleur_nb_petale (fleur_fk, nb_petale_fk) values (301,0);
insert into fleur_type_feuille (fleur_fk, type_feuille_fk) values (301,3);
insert into fleur_disposition_feuille (fleur_fk, disposition_feuille_fk) values (301,0);
insert into fleur_pilosite_tige (fleur_fk, pilosite_tige_fk) values (301,1);
insert into fleur_pilosite_feuille (fleur_fk, pilosite_feuille_fk) values (301,1);
insert into fleur (id,directory_name,scientific_family_fk) values (302,"myosotis_arvensis",13);
insert into taxonomy (lang, taxon, searched_taxon, fleur_fk) values ("fr","Myosotis des champs","myosotis des champs",302);
insert into taxonomy (lang, taxon, searched_taxon, fleur_fk) values ("fr","Myosotis intermédiaire","myosotis intermediaire",302);
insert into taxonomy (lang, taxon, searched_taxon, fleur_fk) values ("la","Myosotis arvensis","myosotis arvensis",302);
insert into taxonomy (lang, taxon, searched_taxon, fleur_fk) values ("en","Field Forget-me-not","field forget-me-not",302);
insert into fleur_inflorescence (fleur_fk, inflorescence_fk) values (302,0);
insert into fleur_couleur (fleur_fk, couleur_fk) values (302,9);
insert into fleur_aspect (fleur_fk, aspect_fk) values (302,5);
insert into fleur_nb_petale (fleur_fk, nb_petale_fk) values (302,0);
insert into fleur_type_feuille (fleur_fk, type_feuille_fk) values (302,3);
insert into fleur_disposition_feuille (fleur_fk, disposition_feuille_fk) values (302,0);
insert into fleur_pilosite_tige (fleur_fk, pilosite_tige_fk) values (302,1);
insert into fleur_pilosite_feuille (fleur_fk, pilosite_feuille_fk) values (302,1);
insert into fleur (id,directory_name,scientific_family_fk) values (303,"myosotis_scorpioides",13);
insert into taxonomy (lang, taxon, searched_taxon, fleur_fk) values ("fr","Myosotis des marais","myosotis des marais",303);
insert into taxonomy (lang, taxon, searched_taxon, fleur_fk) values ("fr","Myosotis queue de scorpion","myosotis queue de scorpion",303);
insert into taxonomy (lang, taxon, searched_taxon, fleur_fk) values ("la","Myosotis scorpioides","myosotis scorpioides",303);
insert into taxonomy (lang, taxon, searched_taxon, fleur_fk) values ("en","Water Forget-me-not","water forget-me-not",303);
insert into fleur_inflorescence (fleur_fk, inflorescence_fk) values (303,0);
insert into fleur_couleur (fleur_fk, couleur_fk) values (303,9);
insert into fleur_aspect (fleur_fk, aspect_fk) values (303,5);
insert into fleur_nb_petale (fleur_fk, nb_petale_fk) values (303,0);
insert into fleur_type_feuille (fleur_fk, type_feuille_fk) values (303,3);
insert into fleur_disposition_feuille (fleur_fk, disposition_feuille_fk) values (303,0);
insert into fleur_pilosite_tige (fleur_fk, pilosite_tige_fk) values (303,1);
insert into fleur_pilosite_feuille (fleur_fk, pilosite_feuille_fk) values (303,1);
insert into fleur (id,directory_name,scientific_family_fk) values (304,"myosotis_ramosissima",13);
insert into taxonomy (lang, taxon, searched_taxon, fleur_fk) values ("fr","Myosotis hérissé","myosotis herisse",304);
insert into taxonomy (lang, taxon, searched_taxon, fleur_fk) values ("fr","Myosotis très rameux","myosotis tres rameux",304);
insert into taxonomy (lang, taxon, searched_taxon, fleur_fk) values ("la","Myosotis ramosissima","myosotis ramosissima",304);
insert into taxonomy (lang, taxon, searched_taxon, fleur_fk) values ("en","Early Forget-me-not","early forget-me-not",304);
insert into fleur_inflorescence (fleur_fk, inflorescence_fk) values (304,0);
insert into fleur_couleur (fleur_fk, couleur_fk) values (304,9);
insert into fleur_aspect (fleur_fk, aspect_fk) values (304,5);
insert into fleur_nb_petale (fleur_fk, nb_petale_fk) values (304,0);
insert into fleur_type_feuille (fleur_fk, type_feuille_fk) values (304,3);
insert into fleur_disposition_feuille (fleur_fk, disposition_feuille_fk) values (304,0);
insert into fleur_pilosite_tige (fleur_fk, pilosite_tige_fk) values (304,1);
insert into fleur_pilosite_feuille (fleur_fk, pilosite_feuille_fk) values (304,1);
insert into fleur (id,directory_name,scientific_family_fk) values (305,"neottia_nidus-avis",19);
insert into taxonomy (lang, taxon, searched_taxon, fleur_fk) values ("fr","Néottie nid d'oiseau","neottie nid d'oiseau",305);
insert into taxonomy (lang, taxon, searched_taxon, fleur_fk) values ("la","Neottia nidus-avis","neottia nidus-avis",305);
insert into taxonomy (lang, taxon, searched_taxon, fleur_fk) values ("en","Bird's-nest Orchid","bird's-nest orchid",305);
insert into fleur_inflorescence (fleur_fk, inflorescence_fk) values (305,0);
insert into fleur_couleur (fleur_fk, couleur_fk) values (305,5);
insert into fleur_aspect (fleur_fk, aspect_fk) values (305,2);
insert into fleur_nb_petale (fleur_fk, nb_petale_fk) values (305,3);
insert into fleur_type_feuille (fleur_fk, type_feuille_fk) values (305,4);
insert into fleur_disposition_feuille (fleur_fk, disposition_feuille_fk) values (305,4);
insert into fleur_pilosite_tige (fleur_fk, pilosite_tige_fk) values (305,1);
insert into fleur_pilosite_feuille (fleur_fk, pilosite_feuille_fk) values (305,0);
insert into fleur (id,directory_name,scientific_family_fk) values (306,"odontites_vernus",26);
insert into taxonomy (lang, taxon, searched_taxon, fleur_fk) values ("fr","Odontite tardif","odontite tardif",306);
insert into taxonomy (lang, taxon, searched_taxon, fleur_fk) values ("fr","Euphraise tardive","euphraise tardive",306);
insert into taxonomy (lang, taxon, searched_taxon, fleur_fk) values ("la","Odontites vernus","odontites vernus",306);
insert into taxonomy (lang, taxon, searched_taxon, fleur_fk) values ("en","red bartsia","red bartsia",306);
insert into fleur_inflorescence (fleur_fk, inflorescence_fk) values (306,0);
insert into fleur_couleur (fleur_fk, couleur_fk) values (306,1);
insert into fleur_aspect (fleur_fk, aspect_fk) values (306,3);
insert into fleur_nb_petale (fleur_fk, nb_petale_fk) values (306,2);
insert into fleur_nb_petale (fleur_fk, nb_petale_fk) values (306,0);
insert into fleur_type_feuille (fleur_fk, type_feuille_fk) values (306,2);
insert into fleur_disposition_feuille (fleur_fk, disposition_feuille_fk) values (306,1);
insert into fleur_pilosite_tige (fleur_fk, pilosite_tige_fk) values (306,1);
insert into fleur_pilosite_feuille (fleur_fk, pilosite_feuille_fk) values (306,1);
insert into fleur (id,directory_name,scientific_family_fk) values (307,"dianthus_armeria",20);
insert into taxonomy (lang, taxon, searched_taxon, fleur_fk) values ("fr","Oeillet arméria","oeillet armeria",307);
insert into taxonomy (lang, taxon, searched_taxon, fleur_fk) values ("fr","Oeillet velu","oeillet velu",307);
insert into taxonomy (lang, taxon, searched_taxon, fleur_fk) values ("la","Dianthus armeria","dianthus armeria",307);
insert into taxonomy (lang, taxon, searched_taxon, fleur_fk) values ("en","Deptford Pink","deptford pink",307);
insert into fleur_inflorescence (fleur_fk, inflorescence_fk) values (307,0);
insert into fleur_couleur (fleur_fk, couleur_fk) values (307,1);
insert into fleur_aspect (fleur_fk, aspect_fk) values (307,0);
insert into fleur_nb_petale (fleur_fk, nb_petale_fk) values (307,0);
insert into fleur_type_feuille (fleur_fk, type_feuille_fk) values (307,3);
insert into fleur_disposition_feuille (fleur_fk, disposition_feuille_fk) values (307,1);
insert into fleur_pilosite_tige (fleur_fk, pilosite_tige_fk) values (307,1);
insert into fleur_pilosite_feuille (fleur_fk, pilosite_feuille_fk) values (307,1);
insert into fleur (id,directory_name,scientific_family_fk) values (308,"dianthus_carthusianorum",20);
insert into taxonomy (lang, taxon, searched_taxon, fleur_fk) values ("fr","Oeillet des Chartreux","oeillet des chartreux",308);
insert into taxonomy (lang, taxon, searched_taxon, fleur_fk) values ("la","Dianthus carthusianorum","dianthus carthusianorum",308);
insert into taxonomy (lang, taxon, searched_taxon, fleur_fk) values ("en","Carthusian Pink","carthusian pink",308);
insert into fleur_inflorescence (fleur_fk, inflorescence_fk) values (308,0);
insert into fleur_couleur (fleur_fk, couleur_fk) values (308,1);
insert into fleur_aspect (fleur_fk, aspect_fk) values (308,0);
insert into fleur_nb_petale (fleur_fk, nb_petale_fk) values (308,0);
insert into fleur_type_feuille (fleur_fk, type_feuille_fk) values (308,3);
insert into fleur_disposition_feuille (fleur_fk, disposition_feuille_fk) values (308,1);
insert into fleur_pilosite_tige (fleur_fk, pilosite_tige_fk) values (308,0);
insert into fleur_pilosite_feuille (fleur_fk, pilosite_feuille_fk) values (308,0);
insert into fleur (id,directory_name,scientific_family_fk) values (309,"petrorhagia_prolifera",20);
insert into taxonomy (lang, taxon, searched_taxon, fleur_fk) values ("fr","Oeillet prolifère","oeillet prolifere",309);
insert into taxonomy (lang, taxon, searched_taxon, fleur_fk) values ("fr","Petrorhagie prolifère","petrorhagie prolifere",309);
insert into taxonomy (lang, taxon, searched_taxon, fleur_fk) values ("fr","Tunique prolifère","tunique prolifere",309);
insert into taxonomy (lang, taxon, searched_taxon, fleur_fk) values ("la","Petrorhagia prolifera","petrorhagia prolifera",309);
insert into taxonomy (lang, taxon, searched_taxon, fleur_fk) values ("en","childing pink","childing pink",309);
insert into fleur_inflorescence (fleur_fk, inflorescence_fk) values (309,0);
insert into fleur_couleur (fleur_fk, couleur_fk) values (309,1);
insert into fleur_aspect (fleur_fk, aspect_fk) values (309,0);
insert into fleur_nb_petale (fleur_fk, nb_petale_fk) values (309,0);
insert into fleur_type_feuille (fleur_fk, type_feuille_fk) values (309,3);
insert into fleur_disposition_feuille (fleur_fk, disposition_feuille_fk) values (309,1);
insert into fleur_pilosite_tige (fleur_fk, pilosite_tige_fk) values (309,0);
insert into fleur_pilosite_feuille (fleur_fk, pilosite_feuille_fk) values (309,0);
insert into fleur (id,directory_name,scientific_family_fk) values (310,"oenothera_parviflora",27);
insert into taxonomy (lang, taxon, searched_taxon, fleur_fk) values ("fr","Onagre à petites fleurs","onagre a petites fleurs",310);
insert into taxonomy (lang, taxon, searched_taxon, fleur_fk) values ("fr","Onagre muriquée","onagre muriquee",310);
insert into taxonomy (lang, taxon, searched_taxon, fleur_fk) values ("la","Oenothera parviflora","oenothera parviflora",310);
insert into taxonomy (lang, taxon, searched_taxon, fleur_fk) values ("en","northern evening primrose","northern evening primrose",310);
insert into fleur_inflorescence (fleur_fk, inflorescence_fk) values (310,0);
insert into fleur_couleur (fleur_fk, couleur_fk) values (310,4);
insert into fleur_aspect (fleur_fk, aspect_fk) values (310,0);
insert into fleur_nb_petale (fleur_fk, nb_petale_fk) values (310,2);
insert into fleur_type_feuille (fleur_fk, type_feuille_fk) values (310,2);
insert into fleur_disposition_feuille (fleur_fk, disposition_feuille_fk) values (310,0);
insert into fleur_pilosite_tige (fleur_fk, pilosite_tige_fk) values (310,1);
insert into fleur_pilosite_feuille (fleur_fk, pilosite_feuille_fk) values (310,0);
insert into fleur_pilosite_feuille (fleur_fk, pilosite_feuille_fk) values (310,2);
insert into fleur (id,directory_name,scientific_family_fk) values (311,"oenothera_biennis",27);
insert into taxonomy (lang, taxon, searched_taxon, fleur_fk) values ("fr","Onagre bisannuelle","onagre bisannuelle",311);
insert into taxonomy (lang, taxon, searched_taxon, fleur_fk) values ("fr","Herbe aux ânes","herbe aux anes",311);
insert into taxonomy (lang, taxon, searched_taxon, fleur_fk) values ("la","Oenothera biennis","oenothera biennis",311);
insert into taxonomy (lang, taxon, searched_taxon, fleur_fk) values ("en","common evening-primrose","common evening-primrose",311);
insert into fleur_inflorescence (fleur_fk, inflorescence_fk) values (311,0);
insert into fleur_couleur (fleur_fk, couleur_fk) values (311,4);
insert into fleur_aspect (fleur_fk, aspect_fk) values (311,0);
insert into fleur_nb_petale (fleur_fk, nb_petale_fk) values (311,2);
insert into fleur_type_feuille (fleur_fk, type_feuille_fk) values (311,2);
insert into fleur_disposition_feuille (fleur_fk, disposition_feuille_fk) values (311,0);
insert into fleur_pilosite_tige (fleur_fk, pilosite_tige_fk) values (311,1);
insert into fleur_pilosite_feuille (fleur_fk, pilosite_feuille_fk) values (311,0);
insert into fleur_pilosite_feuille (fleur_fk, pilosite_feuille_fk) values (311,2);
insert into fleur (id,directory_name,scientific_family_fk) values (312,"oenothera_glazioviana",27);
insert into taxonomy (lang, taxon, searched_taxon, fleur_fk) values ("fr","Onagre de Glaziou","onagre de glaziou",312);
insert into taxonomy (lang, taxon, searched_taxon, fleur_fk) values ("fr","Onagre à grandes fleurs","onagre a grandes fleurs",312);
insert into taxonomy (lang, taxon, searched_taxon, fleur_fk) values ("la","Oenothera glazioviana","oenothera glazioviana",312);
insert into taxonomy (lang, taxon, searched_taxon, fleur_fk) values ("en","large-flowered evening primrose","large-flowered evening primrose",312);
insert into fleur_inflorescence (fleur_fk, inflorescence_fk) values (312,0);
insert into fleur_couleur (fleur_fk, couleur_fk) values (312,4);
insert into fleur_aspect (fleur_fk, aspect_fk) values (312,0);
insert into fleur_nb_petale (fleur_fk, nb_petale_fk) values (312,2);
insert into fleur_type_feuille (fleur_fk, type_feuille_fk) values (312,2);
insert into fleur_disposition_feuille (fleur_fk, disposition_feuille_fk) values (312,0);
insert into fleur_pilosite_tige (fleur_fk, pilosite_tige_fk) values (312,1);
insert into fleur_pilosite_feuille (fleur_fk, pilosite_feuille_fk) values (312,0);
insert into fleur_pilosite_feuille (fleur_fk, pilosite_feuille_fk) values (312,2);
insert into fleur (id,directory_name,scientific_family_fk) values (313,"ophrys_apifera",19);
insert into taxonomy (lang, taxon, searched_taxon, fleur_fk) values ("fr","Ophrys abeille","ophrys abeille",313);
insert into taxonomy (lang, taxon, searched_taxon, fleur_fk) values ("la","Ophrys apifera","ophrys apifera",313);
insert into taxonomy (lang, taxon, searched_taxon, fleur_fk) values ("en","bee orchid","bee orchid",313);
insert into fleur_inflorescence (fleur_fk, inflorescence_fk) values (313,0);
insert into fleur_couleur (fleur_fk, couleur_fk) values (313,1);
insert into fleur_aspect (fleur_fk, aspect_fk) values (313,2);
insert into fleur_nb_petale (fleur_fk, nb_petale_fk) values (313,3);
insert into fleur_type_feuille (fleur_fk, type_feuille_fk) values (313,3);
insert into fleur_disposition_feuille (fleur_fk, disposition_feuille_fk) values (313,0);
insert into fleur_pilosite_tige (fleur_fk, pilosite_tige_fk) values (313,0);
insert into fleur_pilosite_feuille (fleur_fk, pilosite_feuille_fk) values (313,0);
insert into fleur (id,directory_name,scientific_family_fk) values (314,"ophrys_aranifera",19);
insert into taxonomy (lang, taxon, searched_taxon, fleur_fk) values ("fr","Ophrys araignée","ophrys araignee",314);
insert into taxonomy (lang, taxon, searched_taxon, fleur_fk) values ("la","Ophrys aranifera","ophrys aranifera",314);
insert into taxonomy (lang, taxon, searched_taxon, fleur_fk) values ("en","Early Spider-orchid","early spider-orchid",314);
insert into fleur_inflorescence (fleur_fk, inflorescence_fk) values (314,0);
insert into fleur_couleur (fleur_fk, couleur_fk) values (314,6);
insert into fleur_aspect (fleur_fk, aspect_fk) values (314,2);
insert into fleur_nb_petale (fleur_fk, nb_petale_fk) values (314,3);
insert into fleur_type_feuille (fleur_fk, type_feuille_fk) values (314,3);
insert into fleur_disposition_feuille (fleur_fk, disposition_feuille_fk) values (314,0);
insert into fleur_pilosite_tige (fleur_fk, pilosite_tige_fk) values (314,0);
insert into fleur_pilosite_feuille (fleur_fk, pilosite_feuille_fk) values (314,0);
insert into fleur (id,directory_name,scientific_family_fk) values (315,"ophrys_insectifera",19);
insert into taxonomy (lang, taxon, searched_taxon, fleur_fk) values ("fr","Ophrys mouche","ophrys mouche",315);
insert into taxonomy (lang, taxon, searched_taxon, fleur_fk) values ("la","Ophrys insectifera","ophrys insectifera",315);
insert into taxonomy (lang, taxon, searched_taxon, fleur_fk) values ("en","Fly Orchid","fly orchid",315);
insert into fleur_inflorescence (fleur_fk, inflorescence_fk) values (315,0);
insert into fleur_couleur (fleur_fk, couleur_fk) values (315,6);
insert into fleur_couleur (fleur_fk, couleur_fk) values (315,5);
insert into fleur_aspect (fleur_fk, aspect_fk) values (315,2);
insert into fleur_nb_petale (fleur_fk, nb_petale_fk) values (315,3);
insert into fleur_type_feuille (fleur_fk, type_feuille_fk) values (315,3);
insert into fleur_disposition_feuille (fleur_fk, disposition_feuille_fk) values (315,3);
insert into fleur_pilosite_tige (fleur_fk, pilosite_tige_fk) values (315,0);
insert into fleur_pilosite_feuille (fleur_fk, pilosite_feuille_fk) values (315,0);
insert into fleur (id,directory_name,scientific_family_fk) values (316,"himantoglossum_hircinum",19);
insert into taxonomy (lang, taxon, searched_taxon, fleur_fk) values ("fr","Orchis bouc","orchis bouc",316);
insert into taxonomy (lang, taxon, searched_taxon, fleur_fk) values ("fr","Orchis à odeur de bouc","orchis a odeur de bouc",316);
insert into taxonomy (lang, taxon, searched_taxon, fleur_fk) values ("fr","Loroglosse à odeur de bouc","loroglosse a odeur de bouc",316);
insert into taxonomy (lang, taxon, searched_taxon, fleur_fk) values ("la","Himantoglossum hircinum","himantoglossum hircinum",316);
insert into taxonomy (lang, taxon, searched_taxon, fleur_fk) values ("en","lizard orchid","lizard orchid",316);
insert into fleur_inflorescence (fleur_fk, inflorescence_fk) values (316,0);
insert into fleur_couleur (fleur_fk, couleur_fk) values (316,6);
insert into fleur_aspect (fleur_fk, aspect_fk) values (316,2);
insert into fleur_nb_petale (fleur_fk, nb_petale_fk) values (316,3);
insert into fleur_type_feuille (fleur_fk, type_feuille_fk) values (316,3);
insert into fleur_disposition_feuille (fleur_fk, disposition_feuille_fk) values (316,0);
insert into fleur_pilosite_tige (fleur_fk, pilosite_tige_fk) values (316,0);
insert into fleur_pilosite_feuille (fleur_fk, pilosite_feuille_fk) values (316,0);
insert into fleur (id,directory_name,scientific_family_fk) values (317,"anacamptis_morio",19);
insert into taxonomy (lang, taxon, searched_taxon, fleur_fk) values ("fr","Orchis bouffon","orchis bouffon",317);
insert into taxonomy (lang, taxon, searched_taxon, fleur_fk) values ("fr","Morion","morion",317);
insert into taxonomy (lang, taxon, searched_taxon, fleur_fk) values ("la","Anacamptis morio","anacamptis morio",317);
insert into taxonomy (lang, taxon, searched_taxon, fleur_fk) values ("en","green-winged orchid","green-winged orchid",317);
insert into fleur_inflorescence (fleur_fk, inflorescence_fk) values (317,0);
insert into fleur_couleur (fleur_fk, couleur_fk) values (317,3);
insert into fleur_aspect (fleur_fk, aspect_fk) values (317,2);
insert into fleur_nb_petale (fleur_fk, nb_petale_fk) values (317,3);
insert into fleur_type_feuille (fleur_fk, type_feuille_fk) values (317,3);
insert into fleur_disposition_feuille (fleur_fk, disposition_feuille_fk) values (317,0);
insert into fleur_pilosite_tige (fleur_fk, pilosite_tige_fk) values (317,0);
insert into fleur_pilosite_feuille (fleur_fk, pilosite_feuille_fk) values (317,0);
insert into fleur (id,directory_name,scientific_family_fk) values (318,"neotina_ustulata",19);
insert into taxonomy (lang, taxon, searched_taxon, fleur_fk) values ("fr","Orchis brûlé","orchis brule",318);
insert into taxonomy (lang, taxon, searched_taxon, fleur_fk) values ("la","Neotina ustulata","neotina ustulata",318);
insert into taxonomy (lang, taxon, searched_taxon, fleur_fk) values ("la","Neotinea ustulata","neotinea ustulata",318);
insert into taxonomy (lang, taxon, searched_taxon, fleur_fk) values ("en","burnt orchid","burnt orchid",318);
insert into fleur_inflorescence (fleur_fk, inflorescence_fk) values (318,0);
insert into fleur_couleur (fleur_fk, couleur_fk) values (318,0);
insert into fleur_couleur (fleur_fk, couleur_fk) values (318,2);
insert into fleur_aspect (fleur_fk, aspect_fk) values (318,2);
insert into fleur_nb_petale (fleur_fk, nb_petale_fk) values (318,3);
insert into fleur_type_feuille (fleur_fk, type_feuille_fk) values (318,3);
insert into fleur_disposition_feuille (fleur_fk, disposition_feuille_fk) values (318,0);
insert into fleur_pilosite_tige (fleur_fk, pilosite_tige_fk) values (318,0);
insert into fleur_pilosite_feuille (fleur_fk, pilosite_feuille_fk) values (318,0);
insert into fleur (id,directory_name,scientific_family_fk) values (319,"dactylorhiza_fuchsii",19);
insert into taxonomy (lang, taxon, searched_taxon, fleur_fk) values ("fr","Orchis de Fuchs","orchis de fuchs",319);
insert into taxonomy (lang, taxon, searched_taxon, fleur_fk) values ("la","Dactylorhiza fuchsii","dactylorhiza fuchsii",319);
insert into taxonomy (lang, taxon, searched_taxon, fleur_fk) values ("en","common spotted orchid","common spotted orchid",319);
insert into fleur_inflorescence (fleur_fk, inflorescence_fk) values (319,0);
insert into fleur_couleur (fleur_fk, couleur_fk) values (319,1);
insert into fleur_couleur (fleur_fk, couleur_fk) values (319,0);
insert into fleur_aspect (fleur_fk, aspect_fk) values (319,2);
insert into fleur_nb_petale (fleur_fk, nb_petale_fk) values (319,3);
insert into fleur_type_feuille (fleur_fk, type_feuille_fk) values (319,3);
insert into fleur_disposition_feuille (fleur_fk, disposition_feuille_fk) values (319,0);
insert into fleur_pilosite_tige (fleur_fk, pilosite_tige_fk) values (319,0);
insert into fleur_pilosite_feuille (fleur_fk, pilosite_feuille_fk) values (319,0);
insert into fleur (id,directory_name,scientific_family_fk) values (320,"orchis_anthropophora",19);
insert into taxonomy (lang, taxon, searched_taxon, fleur_fk) values ("fr","Orchis homme pendu","orchis homme pendu",320);
insert into taxonomy (lang, taxon, searched_taxon, fleur_fk) values ("la","Orchis anthropophora","orchis anthropophora",320);
insert into taxonomy (lang, taxon, searched_taxon, fleur_fk) values ("en","Man Orchid","man orchid",320);
insert into fleur_inflorescence (fleur_fk, inflorescence_fk) values (320,0);
insert into fleur_couleur (fleur_fk, couleur_fk) values (320,6);
insert into fleur_couleur (fleur_fk, couleur_fk) values (320,4);
insert into fleur_aspect (fleur_fk, aspect_fk) values (320,2);
insert into fleur_nb_petale (fleur_fk, nb_petale_fk) values (320,3);
insert into fleur_type_feuille (fleur_fk, type_feuille_fk) values (320,3);
insert into fleur_disposition_feuille (fleur_fk, disposition_feuille_fk) values (320,0);
insert into fleur_pilosite_tige (fleur_fk, pilosite_tige_fk) values (320,0);
insert into fleur_pilosite_feuille (fleur_fk, pilosite_feuille_fk) values (320,0);
insert into fleur (id,directory_name,scientific_family_fk) values (321,"orchis_mascula",19);
insert into taxonomy (lang, taxon, searched_taxon, fleur_fk) values ("fr","Orchis mâle","orchis male",321);
insert into taxonomy (lang, taxon, searched_taxon, fleur_fk) values ("la","Orchis mascula","orchis mascula",321);
insert into taxonomy (lang, taxon, searched_taxon, fleur_fk) values ("en","early-purple orchid","early-purple orchid",321);
insert into fleur_inflorescence (fleur_fk, inflorescence_fk) values (321,0);
insert into fleur_couleur (fleur_fk, couleur_fk) values (321,1);
insert into fleur_aspect (fleur_fk, aspect_fk) values (321,2);
insert into fleur_nb_petale (fleur_fk, nb_petale_fk) values (321,3);
insert into fleur_type_feuille (fleur_fk, type_feuille_fk) values (321,3);
insert into fleur_disposition_feuille (fleur_fk, disposition_feuille_fk) values (321,0);
insert into fleur_pilosite_tige (fleur_fk, pilosite_tige_fk) values (321,0);
insert into fleur_pilosite_feuille (fleur_fk, pilosite_feuille_fk) values (321,0);
insert into fleur (id,directory_name,scientific_family_fk) values (322,"orchis_militaris",19);
insert into taxonomy (lang, taxon, searched_taxon, fleur_fk) values ("fr","Orchis militaire","orchis militaire",322);
insert into taxonomy (lang, taxon, searched_taxon, fleur_fk) values ("fr","Orchis casqué","orchis casque",322);
insert into taxonomy (lang, taxon, searched_taxon, fleur_fk) values ("la","Orchis militaris","orchis militaris",322);
insert into taxonomy (lang, taxon, searched_taxon, fleur_fk) values ("en","military orchid","military orchid",322);
insert into fleur_inflorescence (fleur_fk, inflorescence_fk) values (322,0);
insert into fleur_couleur (fleur_fk, couleur_fk) values (322,1);
insert into fleur_aspect (fleur_fk, aspect_fk) values (322,2);
insert into fleur_nb_petale (fleur_fk, nb_petale_fk) values (322,3);
insert into fleur_type_feuille (fleur_fk, type_feuille_fk) values (322,3);
insert into fleur_disposition_feuille (fleur_fk, disposition_feuille_fk) values (322,0);
insert into fleur_pilosite_tige (fleur_fk, pilosite_tige_fk) values (322,0);
insert into fleur_pilosite_feuille (fleur_fk, pilosite_feuille_fk) values (322,0);
insert into fleur (id,directory_name,scientific_family_fk) values (323,"gymnadenia_conopsea",19);
insert into taxonomy (lang, taxon, searched_taxon, fleur_fk) values ("fr","Orchis moucheron","orchis moucheron",323);
insert into taxonomy (lang, taxon, searched_taxon, fleur_fk) values ("la","Gymnadenia conopsea","gymnadenia conopsea",323);
insert into taxonomy (lang, taxon, searched_taxon, fleur_fk) values ("en","fragrant orchid","fragrant orchid",323);
insert into fleur_inflorescence (fleur_fk, inflorescence_fk) values (323,0);
insert into fleur_couleur (fleur_fk, couleur_fk) values (323,1);
insert into fleur_aspect (fleur_fk, aspect_fk) values (323,2);
insert into fleur_nb_petale (fleur_fk, nb_petale_fk) values (323,3);
insert into fleur_type_feuille (fleur_fk, type_feuille_fk) values (323,3);
insert into fleur_disposition_feuille (fleur_fk, disposition_feuille_fk) values (323,0);
insert into fleur_pilosite_tige (fleur_fk, pilosite_tige_fk) values (323,0);
insert into fleur_pilosite_feuille (fleur_fk, pilosite_feuille_fk) values (323,0);
insert into fleur (id,directory_name,scientific_family_fk) values (324,"orchis_purpurea",19);
insert into taxonomy (lang, taxon, searched_taxon, fleur_fk) values ("fr","Orchis pourpre","orchis pourpre",324);
insert into taxonomy (lang, taxon, searched_taxon, fleur_fk) values ("la","Orchis purpurea","orchis purpurea",324);
insert into taxonomy (lang, taxon, searched_taxon, fleur_fk) values ("en","lady orchid","lady orchid",324);
insert into fleur_inflorescence (fleur_fk, inflorescence_fk) values (324,0);
insert into fleur_couleur (fleur_fk, couleur_fk) values (324,2);
insert into fleur_couleur (fleur_fk, couleur_fk) values (324,0);
insert into fleur_aspect (fleur_fk, aspect_fk) values (324,2);
insert into fleur_nb_petale (fleur_fk, nb_petale_fk) values (324,3);
insert into fleur_type_feuille (fleur_fk, type_feuille_fk) values (324,3);
insert into fleur_disposition_feuille (fleur_fk, disposition_feuille_fk) values (324,3);
insert into fleur_pilosite_tige (fleur_fk, pilosite_tige_fk) values (324,0);
insert into fleur_pilosite_feuille (fleur_fk, pilosite_feuille_fk) values (324,0);
insert into fleur (id,directory_name,scientific_family_fk) values (325,"anacamptis_pyramidalis",19);
insert into taxonomy (lang, taxon, searched_taxon, fleur_fk) values ("fr","Orchis pyramidal","orchis pyramidal",325);
insert into taxonomy (lang, taxon, searched_taxon, fleur_fk) values ("fr","Anacamptis pyramidal","anacamptis pyramidal",325);
insert into taxonomy (lang, taxon, searched_taxon, fleur_fk) values ("la","Anacamptis pyramidalis","anacamptis pyramidalis",325);
insert into taxonomy (lang, taxon, searched_taxon, fleur_fk) values ("en","pyramidal orchid","pyramidal orchid",325);
insert into fleur_inflorescence (fleur_fk, inflorescence_fk) values (325,0);
insert into fleur_couleur (fleur_fk, couleur_fk) values (325,1);
insert into fleur_aspect (fleur_fk, aspect_fk) values (325,2);
insert into fleur_nb_petale (fleur_fk, nb_petale_fk) values (325,3);
insert into fleur_type_feuille (fleur_fk, type_feuille_fk) values (325,3);
insert into fleur_disposition_feuille (fleur_fk, disposition_feuille_fk) values (325,0);
insert into fleur_disposition_feuille (fleur_fk, disposition_feuille_fk) values (325,3);
insert into fleur_pilosite_tige (fleur_fk, pilosite_tige_fk) values (325,0);
insert into fleur_pilosite_feuille (fleur_fk, pilosite_feuille_fk) values (325,0);
insert into fleur (id,directory_name,scientific_family_fk) values (326,"orchis_simia",19);
insert into taxonomy (lang, taxon, searched_taxon, fleur_fk) values ("fr","Orchis singe","orchis singe",326);
insert into taxonomy (lang, taxon, searched_taxon, fleur_fk) values ("la","Orchis simia","orchis simia",326);
insert into taxonomy (lang, taxon, searched_taxon, fleur_fk) values ("en","monkey orchid","monkey orchid",326);
insert into fleur_inflorescence (fleur_fk, inflorescence_fk) values (326,0);
insert into fleur_couleur (fleur_fk, couleur_fk) values (326,0);
insert into fleur_couleur (fleur_fk, couleur_fk) values (326,1);
insert into fleur_aspect (fleur_fk, aspect_fk) values (326,2);
insert into fleur_nb_petale (fleur_fk, nb_petale_fk) values (326,3);
insert into fleur_type_feuille (fleur_fk, type_feuille_fk) values (326,3);
insert into fleur_disposition_feuille (fleur_fk, disposition_feuille_fk) values (326,0);
insert into fleur_disposition_feuille (fleur_fk, disposition_feuille_fk) values (326,3);
insert into fleur_pilosite_tige (fleur_fk, pilosite_tige_fk) values (326,0);
insert into fleur_pilosite_feuille (fleur_fk, pilosite_feuille_fk) values (326,0);
insert into fleur (id,directory_name,scientific_family_fk) values (327,"dactylorhiza_maculata",19);
insert into taxonomy (lang, taxon, searched_taxon, fleur_fk) values ("fr","Orchis tacheté","orchis tachete",327);
insert into taxonomy (lang, taxon, searched_taxon, fleur_fk) values ("la","Dactylorhiza maculata","dactylorhiza maculata",327);
insert into taxonomy (lang, taxon, searched_taxon, fleur_fk) values ("en","heath spotted-orchid","heath spotted-orchid",327);
insert into fleur_inflorescence (fleur_fk, inflorescence_fk) values (327,0);
insert into fleur_couleur (fleur_fk, couleur_fk) values (327,1);
insert into fleur_aspect (fleur_fk, aspect_fk) values (327,2);
insert into fleur_nb_petale (fleur_fk, nb_petale_fk) values (327,3);
insert into fleur_type_feuille (fleur_fk, type_feuille_fk) values (327,3);
insert into fleur_disposition_feuille (fleur_fk, disposition_feuille_fk) values (327,0);
insert into fleur_pilosite_tige (fleur_fk, pilosite_tige_fk) values (327,0);
insert into fleur_pilosite_feuille (fleur_fk, pilosite_feuille_fk) values (327,0);
insert into fleur (id,directory_name,scientific_family_fk) values (328,"dactylorhiza_viridis",19);
insert into taxonomy (lang, taxon, searched_taxon, fleur_fk) values ("fr","Orchis vert","orchis vert",328);
insert into taxonomy (lang, taxon, searched_taxon, fleur_fk) values ("fr","Orchis grenouille","orchis grenouille",328);
insert into taxonomy (lang, taxon, searched_taxon, fleur_fk) values ("la","Dactylorhiza viridis","dactylorhiza viridis",328);
insert into taxonomy (lang, taxon, searched_taxon, fleur_fk) values ("en","frog orchid","frog orchid",328);
insert into fleur_inflorescence (fleur_fk, inflorescence_fk) values (328,0);
insert into fleur_couleur (fleur_fk, couleur_fk) values (328,6);
insert into fleur_couleur (fleur_fk, couleur_fk) values (328,5);
insert into fleur_aspect (fleur_fk, aspect_fk) values (328,2);
insert into fleur_nb_petale (fleur_fk, nb_petale_fk) values (328,3);
insert into fleur_type_feuille (fleur_fk, type_feuille_fk) values (328,3);
insert into fleur_disposition_feuille (fleur_fk, disposition_feuille_fk) values (328,0);
insert into fleur_pilosite_tige (fleur_fk, pilosite_tige_fk) values (328,0);
insert into fleur_pilosite_feuille (fleur_fk, pilosite_feuille_fk) values (328,0);
insert into fleur (id,directory_name,scientific_family_fk) values (329,"ornithogalum_umbellatum",36);
insert into taxonomy (lang, taxon, searched_taxon, fleur_fk) values ("fr","Ornithogale en ombelle","ornithogale en ombelle",329);
insert into taxonomy (lang, taxon, searched_taxon, fleur_fk) values ("fr","Belle d'onze heures","belle d'onze heures",329);
insert into taxonomy (lang, taxon, searched_taxon, fleur_fk) values ("fr","Dame d'onze heures","dame d'onze heures",329);
insert into taxonomy (lang, taxon, searched_taxon, fleur_fk) values ("la","Ornithogalum umbellatum","ornithogalum umbellatum",329);
insert into taxonomy (lang, taxon, searched_taxon, fleur_fk) values ("en","Star-of-Bethlehem","star-of-bethlehem",329);
insert into fleur_inflorescence (fleur_fk, inflorescence_fk) values (329,0);
insert into fleur_couleur (fleur_fk, couleur_fk) values (329,0);
insert into fleur_aspect (fleur_fk, aspect_fk) values (329,0);
insert into fleur_nb_petale (fleur_fk, nb_petale_fk) values (329,3);
insert into fleur_type_feuille (fleur_fk, type_feuille_fk) values (329,3);
insert into fleur_type_feuille (fleur_fk, type_feuille_fk) values (329,4);
insert into fleur_disposition_feuille (fleur_fk, disposition_feuille_fk) values (329,3);
insert into fleur_pilosite_tige (fleur_fk, pilosite_tige_fk) values (329,0);
insert into fleur_pilosite_feuille (fleur_fk, pilosite_feuille_fk) values (329,0);
insert into fleur (id,directory_name,scientific_family_fk) values (330,"orobanche_hederae",46);
insert into taxonomy (lang, taxon, searched_taxon, fleur_fk) values ("fr","Orobanche du lierre","orobanche du lierre",330);
insert into taxonomy (lang, taxon, searched_taxon, fleur_fk) values ("la","Orobanche hederae","orobanche hederae",330);
insert into taxonomy (lang, taxon, searched_taxon, fleur_fk) values ("en","Ivy Broomrape","ivy broomrape",330);
insert into fleur_inflorescence (fleur_fk, inflorescence_fk) values (330,0);
insert into fleur_couleur (fleur_fk, couleur_fk) values (330,4);
insert into fleur_couleur (fleur_fk, couleur_fk) values (330,0);
insert into fleur_aspect (fleur_fk, aspect_fk) values (330,3);
insert into fleur_nb_petale (fleur_fk, nb_petale_fk) values (330,2);
insert into fleur_nb_petale (fleur_fk, nb_petale_fk) values (330,0);
insert into fleur_type_feuille (fleur_fk, type_feuille_fk) values (330,4);
insert into fleur_disposition_feuille (fleur_fk, disposition_feuille_fk) values (330,4);
insert into fleur_pilosite_tige (fleur_fk, pilosite_tige_fk) values (330,1);
insert into fleur_pilosite_feuille (fleur_fk, pilosite_feuille_fk) values (330,0);
insert into fleur (id,directory_name,scientific_family_fk) values (331,"sedum_acre",47);
insert into taxonomy (lang, taxon, searched_taxon, fleur_fk) values ("fr","Orpin âcre","orpin acre",331);
insert into taxonomy (lang, taxon, searched_taxon, fleur_fk) values ("fr","Vermiculaire","vermiculaire",331);
insert into taxonomy (lang, taxon, searched_taxon, fleur_fk) values ("fr","Poivre des murailles","poivre des murailles",331);
insert into taxonomy (lang, taxon, searched_taxon, fleur_fk) values ("la","Sedum acre","sedum acre",331);
insert into taxonomy (lang, taxon, searched_taxon, fleur_fk) values ("en","goldmoss stonecrop","goldmoss stonecrop",331);
insert into fleur_inflorescence (fleur_fk, inflorescence_fk) values (331,0);
insert into fleur_couleur (fleur_fk, couleur_fk) values (331,4);
insert into fleur_aspect (fleur_fk, aspect_fk) values (331,0);
insert into fleur_nb_petale (fleur_fk, nb_petale_fk) values (331,0);
insert into fleur_type_feuille (fleur_fk, type_feuille_fk) values (331,3);
insert into fleur_disposition_feuille (fleur_fk, disposition_feuille_fk) values (331,0);
insert into fleur_pilosite_tige (fleur_fk, pilosite_tige_fk) values (331,0);
insert into fleur_pilosite_feuille (fleur_fk, pilosite_feuille_fk) values (331,0);
insert into fleur (id,directory_name,scientific_family_fk) values (332,"sedum_album",47);
insert into taxonomy (lang, taxon, searched_taxon, fleur_fk) values ("fr","Orpin blanc","orpin blanc",332);
insert into taxonomy (lang, taxon, searched_taxon, fleur_fk) values ("fr","Sédum blanc","sedum blanc",332);
insert into taxonomy (lang, taxon, searched_taxon, fleur_fk) values ("la","Sedum album","sedum album",332);
insert into taxonomy (lang, taxon, searched_taxon, fleur_fk) values ("en","white stonecrop","white stonecrop",332);
insert into fleur_inflorescence (fleur_fk, inflorescence_fk) values (332,0);
insert into fleur_couleur (fleur_fk, couleur_fk) values (332,0);
insert into fleur_aspect (fleur_fk, aspect_fk) values (332,0);
insert into fleur_nb_petale (fleur_fk, nb_petale_fk) values (332,0);
insert into fleur_type_feuille (fleur_fk, type_feuille_fk) values (332,3);
insert into fleur_disposition_feuille (fleur_fk, disposition_feuille_fk) values (332,0);
insert into fleur_pilosite_tige (fleur_fk, pilosite_tige_fk) values (332,0);
insert into fleur_pilosite_feuille (fleur_fk, pilosite_feuille_fk) values (332,0);
insert into fleur (id,directory_name,scientific_family_fk) values (333,"sedum_rupestre",47);
insert into taxonomy (lang, taxon, searched_taxon, fleur_fk) values ("fr","Orpin rupestre","orpin rupestre",333);
insert into taxonomy (lang, taxon, searched_taxon, fleur_fk) values ("fr","Orpin réfléchi","orpin reflechi",333);
insert into taxonomy (lang, taxon, searched_taxon, fleur_fk) values ("fr","Orpin des rochers","orpin des rochers",333);
insert into taxonomy (lang, taxon, searched_taxon, fleur_fk) values ("la","Sedum rupestre","sedum rupestre",333);
insert into taxonomy (lang, taxon, searched_taxon, fleur_fk) values ("en","reflexed stonecrop","reflexed stonecrop",333);
insert into fleur_inflorescence (fleur_fk, inflorescence_fk) values (333,0);
insert into fleur_couleur (fleur_fk, couleur_fk) values (333,4);
insert into fleur_aspect (fleur_fk, aspect_fk) values (333,0);
insert into fleur_nb_petale (fleur_fk, nb_petale_fk) values (333,0);
insert into fleur_nb_petale (fleur_fk, nb_petale_fk) values (333,3);
insert into fleur_nb_petale (fleur_fk, nb_petale_fk) values (333,4);
insert into fleur_type_feuille (fleur_fk, type_feuille_fk) values (333,3);
insert into fleur_disposition_feuille (fleur_fk, disposition_feuille_fk) values (333,0);
insert into fleur_pilosite_tige (fleur_fk, pilosite_tige_fk) values (333,0);
insert into fleur_pilosite_feuille (fleur_fk, pilosite_feuille_fk) values (333,0);
insert into fleur (id,directory_name,scientific_family_fk) values (334,"rumex_acetosa",48);
insert into taxonomy (lang, taxon, searched_taxon, fleur_fk) values ("fr","Oseille commune","oseille commune",334);
insert into taxonomy (lang, taxon, searched_taxon, fleur_fk) values ("fr","Oseille des prés","oseille des pres",334);
insert into taxonomy (lang, taxon, searched_taxon, fleur_fk) values ("fr","Grande oseille","grande oseille",334);
insert into taxonomy (lang, taxon, searched_taxon, fleur_fk) values ("la","Rumex acetosa","rumex acetosa",334);
insert into taxonomy (lang, taxon, searched_taxon, fleur_fk) values ("en","common sorrel","common sorrel",334);
insert into fleur_inflorescence (fleur_fk, inflorescence_fk) values (334,0);
insert into fleur_couleur (fleur_fk, couleur_fk) values (334,1);
insert into fleur_couleur (fleur_fk, couleur_fk) values (334,6);
insert into fleur_aspect (fleur_fk, aspect_fk) values (334,0);
insert into fleur_nb_petale (fleur_fk, nb_petale_fk) values (334,3);
insert into fleur_type_feuille (fleur_fk, type_feuille_fk) values (334,3);
insert into fleur_type_feuille (fleur_fk, type_feuille_fk) values (334,2);
insert into fleur_disposition_feuille (fleur_fk, disposition_feuille_fk) values (334,0);
insert into fleur_pilosite_tige (fleur_fk, pilosite_tige_fk) values (334,0);
insert into fleur_pilosite_feuille (fleur_fk, pilosite_feuille_fk) values (334,0);
insert into fleur (id,directory_name,scientific_family_fk) values (335,"oxalis_corniculata",49);
insert into taxonomy (lang, taxon, searched_taxon, fleur_fk) values ("fr","Oxalis corniculée","oxalis corniculee",335);
insert into taxonomy (lang, taxon, searched_taxon, fleur_fk) values ("la","Oxalis corniculata","oxalis corniculata",335);
insert into taxonomy (lang, taxon, searched_taxon, fleur_fk) values ("en","creeping woodsorrel","creeping woodsorrel",335);
insert into fleur_inflorescence (fleur_fk, inflorescence_fk) values (335,2);
insert into fleur_inflorescence (fleur_fk, inflorescence_fk) values (335,0);
insert into fleur_couleur (fleur_fk, couleur_fk) values (335,4);
insert into fleur_aspect (fleur_fk, aspect_fk) values (335,0);
insert into fleur_nb_petale (fleur_fk, nb_petale_fk) values (335,0);
insert into fleur_type_feuille (fleur_fk, type_feuille_fk) values (335,0);
insert into fleur_disposition_feuille (fleur_fk, disposition_feuille_fk) values (335,0);
insert into fleur_pilosite_tige (fleur_fk, pilosite_tige_fk) values (335,1);
insert into fleur_pilosite_feuille (fleur_fk, pilosite_feuille_fk) values (335,1);
insert into fleur_pilosite_feuille (fleur_fk, pilosite_feuille_fk) values (335,0);
insert into fleur (id,directory_name,scientific_family_fk) values (336,"oxalis_fontana",49);
insert into taxonomy (lang, taxon, searched_taxon, fleur_fk) values ("fr","Oxalis droite","oxalis droite",336);
insert into taxonomy (lang, taxon, searched_taxon, fleur_fk) values ("fr","Oxalis d'Europe","oxalis d'europe",336);
insert into taxonomy (lang, taxon, searched_taxon, fleur_fk) values ("fr","Oxalis des fontaines","oxalis des fontaines",336);
insert into taxonomy (lang, taxon, searched_taxon, fleur_fk) values ("la","Oxalis fontana","oxalis fontana",336);
insert into taxonomy (lang, taxon, searched_taxon, fleur_fk) values ("la","Oxalis stricta","oxalis stricta",336);
insert into taxonomy (lang, taxon, searched_taxon, fleur_fk) values ("en","common yellow woodsorrel","common yellow woodsorrel",336);
insert into fleur_inflorescence (fleur_fk, inflorescence_fk) values (336,2);
insert into fleur_inflorescence (fleur_fk, inflorescence_fk) values (336,0);
insert into fleur_couleur (fleur_fk, couleur_fk) values (336,4);
insert into fleur_aspect (fleur_fk, aspect_fk) values (336,0);
insert into fleur_aspect (fleur_fk, aspect_fk) values (336,5);
insert into fleur_nb_petale (fleur_fk, nb_petale_fk) values (336,0);
insert into fleur_type_feuille (fleur_fk, type_feuille_fk) values (336,0);
insert into fleur_disposition_feuille (fleur_fk, disposition_feuille_fk) values (336,0);
insert into fleur_pilosite_tige (fleur_fk, pilosite_tige_fk) values (336,1);
insert into fleur_pilosite_tige (fleur_fk, pilosite_tige_fk) values (336,0);
insert into fleur_pilosite_feuille (fleur_fk, pilosite_feuille_fk) values (336,0);
insert into fleur (id,directory_name,scientific_family_fk) values (337,"pastinaca_sativa",0);
insert into taxonomy (lang, taxon, searched_taxon, fleur_fk) values ("fr","Panais","panais",337);
insert into taxonomy (lang, taxon, searched_taxon, fleur_fk) values ("la","Pastinaca sativa","pastinaca sativa",337);
insert into taxonomy (lang, taxon, searched_taxon, fleur_fk) values ("en","parsnip","parsnip",337);
insert into fleur_inflorescence (fleur_fk, inflorescence_fk) values (337,0);
insert into fleur_couleur (fleur_fk, couleur_fk) values (337,4);
insert into fleur_aspect (fleur_fk, aspect_fk) values (337,0);
insert into fleur_nb_petale (fleur_fk, nb_petale_fk) values (337,0);
insert into fleur_type_feuille (fleur_fk, type_feuille_fk) values (337,0);
insert into fleur_disposition_feuille (fleur_fk, disposition_feuille_fk) values (337,0);
insert into fleur_pilosite_tige (fleur_fk, pilosite_tige_fk) values (337,1);
insert into fleur_pilosite_feuille (fleur_fk, pilosite_feuille_fk) values (337,1);
insert into fleur (id,directory_name,scientific_family_fk) values (338,"eryngium_campestre",0);
insert into taxonomy (lang, taxon, searched_taxon, fleur_fk) values ("fr","Panicaut champêtre","panicaut champetre",338);
insert into taxonomy (lang, taxon, searched_taxon, fleur_fk) values ("fr","Chardon roulant","chardon roulant",338);
insert into taxonomy (lang, taxon, searched_taxon, fleur_fk) values ("la","Eryngium campestre","eryngium campestre",338);
insert into taxonomy (lang, taxon, searched_taxon, fleur_fk) values ("en","field eryngo","field eryngo",338);
insert into fleur_inflorescence (fleur_fk, inflorescence_fk) values (338,0);
insert into fleur_couleur (fleur_fk, couleur_fk) values (338,0);
insert into fleur_couleur (fleur_fk, couleur_fk) values (338,6);
insert into fleur_aspect (fleur_fk, aspect_fk) values (338,0);
insert into fleur_nb_petale (fleur_fk, nb_petale_fk) values (338,0);
insert into fleur_type_feuille (fleur_fk, type_feuille_fk) values (338,1);
insert into fleur_disposition_feuille (fleur_fk, disposition_feuille_fk) values (338,1);
insert into fleur_pilosite_tige (fleur_fk, pilosite_tige_fk) values (338,0);
insert into fleur_pilosite_feuille (fleur_fk, pilosite_feuille_fk) values (338,0);
