insert into fleur (id,directory_name,scientific_name,scientific_family_fk,doc_url) values (52,"Ache_faux_cresson","Helosciadium nodiflorum",0,"http://abiris.snv.jussieu.fr/flore/descriptions/Ache_faux_cresson.html");
insert into taxonomy (lang, taxon, searched_taxon, fleur_fk) values ("fr","Ache faux cresson","ache faux cresson",52);
insert into taxonomy (lang, taxon, searched_taxon, fleur_fk) values ("fr","Ache nodiflore","ache nodiflore",52);
insert into taxonomy (lang, taxon, searched_taxon, fleur_fk) values ("la","Helosciadium nodiflorum","helosciadium nodiflorum",52);
insert into taxonomy (lang, taxon, searched_taxon, fleur_fk) values ("en","Fool's-water-cress","fool's-water-cress",52);
insert into fleur_inflorescence (fleur_fk, inflorescence_fk) values (52,0);
insert into fleur_couleur (fleur_fk, couleur_fk) values (52,0);
insert into fleur_aspect (fleur_fk, aspect_fk) values (52,0);
insert into fleur_nb_petale (fleur_fk, nb_petale_fk) values (52,0);
insert into fleur_type_feuille (fleur_fk, type_feuille_fk) values (52,0);
insert into fleur_disposition_feuille (fleur_fk, disposition_feuille_fk) values (52,0);
insert into fleur_pilosite_tige (fleur_fk, pilosite_tige_fk) values (52,0);
insert into fleur_pilosite_feuille (fleur_fk, pilosite_feuille_fk) values (52,0);
insert into fleur (id,directory_name,scientific_name,scientific_family_fk,doc_url) values (53,"Achillee_millefeuille","Achillea millefolium",1,"http://abiris.snv.jussieu.fr/flore/descriptions/Achillee_millefeuille.html");
insert into taxonomy (lang, taxon, searched_taxon, fleur_fk) values ("fr","Achillée millefeuille","achillee millefeuille",53);
insert into taxonomy (lang, taxon, searched_taxon, fleur_fk) values ("la","Achillea millefolium","achillea millefolium",53);
insert into taxonomy (lang, taxon, searched_taxon, fleur_fk) values ("en","common yarrow","common yarrow",53);
insert into fleur_inflorescence (fleur_fk, inflorescence_fk) values (53,0);
insert into fleur_couleur (fleur_fk, couleur_fk) values (53,0);
insert into fleur_couleur (fleur_fk, couleur_fk) values (53,1);
insert into fleur_aspect (fleur_fk, aspect_fk) values (53,1);
insert into fleur_nb_petale (fleur_fk, nb_petale_fk) values (53,1);
insert into fleur_type_feuille (fleur_fk, type_feuille_fk) values (53,1);
insert into fleur_disposition_feuille (fleur_fk, disposition_feuille_fk) values (53,0);
insert into fleur_pilosite_tige (fleur_fk, pilosite_tige_fk) values (53,1);
insert into fleur_pilosite_feuille (fleur_fk, pilosite_feuille_fk) values (53,1);
insert into fleur (id,directory_name,scientific_name,scientific_family_fk,doc_url) values (54,"Achillee_sternutatoire","Achillea ptarmica",1,"http://abiris.snv.jussieu.fr/flore/descriptions/Achillee_sternutatoire.html");
insert into taxonomy (lang, taxon, searched_taxon, fleur_fk) values ("fr","Achillée sternutatoire","achillee sternutatoire",54);
insert into taxonomy (lang, taxon, searched_taxon, fleur_fk) values ("fr","Herbe à éternuer","herbe a eternuer",54);
insert into taxonomy (lang, taxon, searched_taxon, fleur_fk) values ("la","Achillea ptarmica","achillea ptarmica",54);
insert into taxonomy (lang, taxon, searched_taxon, fleur_fk) values ("en","sneezewort","sneezewort",54);
insert into fleur_inflorescence (fleur_fk, inflorescence_fk) values (54,0);
insert into fleur_couleur (fleur_fk, couleur_fk) values (54,0);
insert into fleur_aspect (fleur_fk, aspect_fk) values (54,1);
insert into fleur_nb_petale (fleur_fk, nb_petale_fk) values (54,1);
insert into fleur_type_feuille (fleur_fk, type_feuille_fk) values (54,2);
insert into fleur_disposition_feuille (fleur_fk, disposition_feuille_fk) values (54,0);
insert into fleur_pilosite_tige (fleur_fk, pilosite_tige_fk) values (54,0);
insert into fleur_pilosite_tige (fleur_fk, pilosite_tige_fk) values (54,1);
insert into fleur_pilosite_feuille (fleur_fk, pilosite_feuille_fk) values (54,0);
insert into fleur (id,directory_name,scientific_name,scientific_family_fk,doc_url) values (55,"Aconit_napel","Aconitum napellus",2,"http://abiris.snv.jussieu.fr/flore/descriptions/Aconit_napel.html");
insert into taxonomy (lang, taxon, searched_taxon, fleur_fk) values ("fr","Aconit napel","aconit napel",55);
insert into taxonomy (lang, taxon, searched_taxon, fleur_fk) values ("fr","Casque de Jupiter","casque de jupiter",55);
insert into taxonomy (lang, taxon, searched_taxon, fleur_fk) values ("fr","Napel","napel",55);
insert into taxonomy (lang, taxon, searched_taxon, fleur_fk) values ("la","Aconitum napellus","aconitum napellus",55);
insert into taxonomy (lang, taxon, searched_taxon, fleur_fk) values ("en","monkshood","monkshood",55);
insert into fleur_inflorescence (fleur_fk, inflorescence_fk) values (55,0);
insert into fleur_couleur (fleur_fk, couleur_fk) values (55,2);
insert into fleur_aspect (fleur_fk, aspect_fk) values (55,2);
insert into fleur_nb_petale (fleur_fk, nb_petale_fk) values (55,0);
insert into fleur_type_feuille (fleur_fk, type_feuille_fk) values (55,1);
insert into fleur_disposition_feuille (fleur_fk, disposition_feuille_fk) values (55,0);
insert into fleur_pilosite_tige (fleur_fk, pilosite_tige_fk) values (55,0);
insert into fleur_pilosite_tige (fleur_fk, pilosite_tige_fk) values (55,1);
insert into fleur_pilosite_feuille (fleur_fk, pilosite_feuille_fk) values (55,0);
insert into fleur (id,directory_name,scientific_name,scientific_family_fk,doc_url) values (56,"Agripaume_faux_marrube","Leonorus marrubiastrum",3,"http://abiris.snv.jussieu.fr/flore/descriptions/Agripaume_faux_Marrube.html");
insert into taxonomy (lang, taxon, searched_taxon, fleur_fk) values ("fr","Agripaume faux Marrube","agripaume faux marrube",56);
insert into taxonomy (lang, taxon, searched_taxon, fleur_fk) values ("la","Leonorus marrubiastrum","leonorus marrubiastrum",56);
insert into taxonomy (lang, taxon, searched_taxon, fleur_fk) values ("en","False Motherwort","false motherwort",56);
insert into fleur_inflorescence (fleur_fk, inflorescence_fk) values (56,0);
insert into fleur_couleur (fleur_fk, couleur_fk) values (56,1);
insert into fleur_aspect (fleur_fk, aspect_fk) values (56,3);
insert into fleur_nb_petale (fleur_fk, nb_petale_fk) values (56,2);
insert into fleur_type_feuille (fleur_fk, type_feuille_fk) values (56,2);
insert into fleur_disposition_feuille (fleur_fk, disposition_feuille_fk) values (56,1);
insert into fleur_pilosite_tige (fleur_fk, pilosite_tige_fk) values (56,1);
insert into fleur_pilosite_feuille (fleur_fk, pilosite_feuille_fk) values (56,1);
insert into fleur (id,directory_name,scientific_name,scientific_family_fk,doc_url) values (57,"Aigremoine_eupatoire","Agrimonia eupatoria",4,"http://abiris.snv.jussieu.fr/flore/descriptions/Aigremoine_eupatoire.html");
insert into taxonomy (lang, taxon, searched_taxon, fleur_fk) values ("fr","Aigremoine eupatoire","aigremoine eupatoire",57);
insert into taxonomy (lang, taxon, searched_taxon, fleur_fk) values ("la","Agrimonia eupatoria","agrimonia eupatoria",57);
insert into taxonomy (lang, taxon, searched_taxon, fleur_fk) values ("en","common agrimony","common agrimony",57);
insert into fleur_inflorescence (fleur_fk, inflorescence_fk) values (57,0);
insert into fleur_couleur (fleur_fk, couleur_fk) values (57,3);
insert into fleur_aspect (fleur_fk, aspect_fk) values (57,0);
insert into fleur_nb_petale (fleur_fk, nb_petale_fk) values (57,0);
insert into fleur_type_feuille (fleur_fk, type_feuille_fk) values (57,0);
insert into fleur_disposition_feuille (fleur_fk, disposition_feuille_fk) values (57,0);
insert into fleur_pilosite_tige (fleur_fk, pilosite_tige_fk) values (57,1);
insert into fleur_pilosite_feuille (fleur_fk, pilosite_feuille_fk) values (57,2);
insert into fleur (id,directory_name,scientific_name,scientific_family_fk,doc_url) values (58,"Ail_tete_ronde","Allium sphaerocephalon",5,"http://abiris.snv.jussieu.fr/flore/descriptions/Ail_a_tete_ronde.html");
insert into taxonomy (lang, taxon, searched_taxon, fleur_fk) values ("fr","Ail à tête ronde","ail a tete ronde",58);
insert into taxonomy (lang, taxon, searched_taxon, fleur_fk) values ("la","Allium sphaerocephalon","allium sphaerocephalon",58);
insert into taxonomy (lang, taxon, searched_taxon, fleur_fk) values ("en","round-headed garlic","round-headed garlic",58);
insert into fleur_inflorescence (fleur_fk, inflorescence_fk) values (58,0);
insert into fleur_couleur (fleur_fk, couleur_fk) values (58,1);
insert into fleur_aspect (fleur_fk, aspect_fk) values (58,0);
insert into fleur_nb_petale (fleur_fk, nb_petale_fk) values (58,3);
insert into fleur_type_feuille (fleur_fk, type_feuille_fk) values (58,3);
insert into fleur_type_feuille (fleur_fk, type_feuille_fk) values (58,4);
insert into fleur_disposition_feuille (fleur_fk, disposition_feuille_fk) values (58,0);
insert into fleur_pilosite_tige (fleur_fk, pilosite_tige_fk) values (58,0);
insert into fleur_pilosite_feuille (fleur_fk, pilosite_feuille_fk) values (58,0);
insert into fleur (id,directory_name,scientific_name,scientific_family_fk,doc_url) values (59,"Ail_des_champs","Allium oleraceum",5,"http://abiris.snv.jussieu.fr/flore/descriptions/Ail_des_champs.html");
insert into taxonomy (lang, taxon, searched_taxon, fleur_fk) values ("fr","Ail des champs","ail des champs",59);
insert into taxonomy (lang, taxon, searched_taxon, fleur_fk) values ("fr","Ail potager","ail potager",59);
insert into taxonomy (lang, taxon, searched_taxon, fleur_fk) values ("fr","Ail des jardins","ail des jardins",59);
insert into taxonomy (lang, taxon, searched_taxon, fleur_fk) values ("la","Allium oleraceum","allium oleraceum",59);
insert into taxonomy (lang, taxon, searched_taxon, fleur_fk) values ("en","field garlic","field garlic",59);
insert into fleur_inflorescence (fleur_fk, inflorescence_fk) values (59,0);
insert into fleur_couleur (fleur_fk, couleur_fk) values (59,1);
insert into fleur_couleur (fleur_fk, couleur_fk) values (59,4);
insert into fleur_aspect (fleur_fk, aspect_fk) values (59,0);
insert into fleur_nb_petale (fleur_fk, nb_petale_fk) values (59,3);
insert into fleur_type_feuille (fleur_fk, type_feuille_fk) values (59,3);
insert into fleur_type_feuille (fleur_fk, type_feuille_fk) values (59,4);
insert into fleur_disposition_feuille (fleur_fk, disposition_feuille_fk) values (59,0);
insert into fleur_pilosite_tige (fleur_fk, pilosite_tige_fk) values (59,0);
insert into fleur_pilosite_feuille (fleur_fk, pilosite_feuille_fk) values (59,0);
insert into fleur (id,directory_name,scientific_name,scientific_family_fk,doc_url) values (60,"Ail_des_ours","Allium ursinum",5,"http://abiris.snv.jussieu.fr/flore/descriptions/Ail_des_ours.html");
insert into taxonomy (lang, taxon, searched_taxon, fleur_fk) values ("fr","Ail des ours","ail des ours",60);
insert into taxonomy (lang, taxon, searched_taxon, fleur_fk) values ("fr","Ail des bois","ail des bois",60);
insert into taxonomy (lang, taxon, searched_taxon, fleur_fk) values ("la","Allium ursinum","allium ursinum",60);
insert into taxonomy (lang, taxon, searched_taxon, fleur_fk) values ("en","wild garlic","wild garlic",60);
insert into fleur_inflorescence (fleur_fk, inflorescence_fk) values (60,0);
insert into fleur_couleur (fleur_fk, couleur_fk) values (60,0);
insert into fleur_aspect (fleur_fk, aspect_fk) values (60,0);
insert into fleur_nb_petale (fleur_fk, nb_petale_fk) values (60,3);
insert into fleur_type_feuille (fleur_fk, type_feuille_fk) values (60,3);
insert into fleur_type_feuille (fleur_fk, type_feuille_fk) values (60,4);
insert into fleur_disposition_feuille (fleur_fk, disposition_feuille_fk) values (60,0);
insert into fleur_pilosite_tige (fleur_fk, pilosite_tige_fk) values (60,0);
insert into fleur_pilosite_feuille (fleur_fk, pilosite_feuille_fk) values (60,0);
insert into fleur (id,directory_name,scientific_name,scientific_family_fk,doc_url) values (61,"Ail_des_vignes","Allium vineale",5,"http://abiris.snv.jussieu.fr/flore/descriptions/Ail_des_vignes.html");
insert into taxonomy (lang, taxon, searched_taxon, fleur_fk) values ("fr","Ail des vignes","ail des vignes",61);
insert into taxonomy (lang, taxon, searched_taxon, fleur_fk) values ("la","Allium vineale","allium vineale",61);
insert into taxonomy (lang, taxon, searched_taxon, fleur_fk) values ("en","crow Garlic","crow garlic",61);
insert into fleur_inflorescence (fleur_fk, inflorescence_fk) values (61,0);
insert into fleur_couleur (fleur_fk, couleur_fk) values (61,1);
insert into fleur_couleur (fleur_fk, couleur_fk) values (61,0);
insert into fleur_particularite (fleur_fk, particularite_fk) values (61,0);
insert into fleur_aspect (fleur_fk, aspect_fk) values (61,0);
insert into fleur_nb_petale (fleur_fk, nb_petale_fk) values (61,3);
insert into fleur_type_feuille (fleur_fk, type_feuille_fk) values (61,3);
insert into fleur_type_feuille (fleur_fk, type_feuille_fk) values (61,4);
insert into fleur_disposition_feuille (fleur_fk, disposition_feuille_fk) values (61,0);
insert into fleur_pilosite_tige (fleur_fk, pilosite_tige_fk) values (61,0);
insert into fleur_pilosite_feuille (fleur_fk, pilosite_feuille_fk) values (61,0);
insert into fleur (id,directory_name,scientific_name,scientific_family_fk,doc_url) values (62,"Alliaire","Alliaria petiolata",7,"http://abiris.snv.jussieu.fr/flore/descriptions/Alliaire.html");
insert into taxonomy (lang, taxon, searched_taxon, fleur_fk) values ("fr","Alliaire","alliaire",62);
insert into taxonomy (lang, taxon, searched_taxon, fleur_fk) values ("fr","Herbe à ail","herbe a ail",62);
insert into taxonomy (lang, taxon, searched_taxon, fleur_fk) values ("fr","Alliaire officinale","alliaire officinale",62);
insert into taxonomy (lang, taxon, searched_taxon, fleur_fk) values ("la","Alliaria petiolata","alliaria petiolata",62);
insert into taxonomy (lang, taxon, searched_taxon, fleur_fk) values ("en","Garlic mustard","garlic mustard",62);
insert into fleur_inflorescence (fleur_fk, inflorescence_fk) values (62,0);
insert into fleur_couleur (fleur_fk, couleur_fk) values (62,0);
insert into fleur_aspect (fleur_fk, aspect_fk) values (62,0);
insert into fleur_nb_petale (fleur_fk, nb_petale_fk) values (62,2);
insert into fleur_type_feuille (fleur_fk, type_feuille_fk) values (62,2);
insert into fleur_disposition_feuille (fleur_fk, disposition_feuille_fk) values (62,0);
insert into fleur_pilosite_tige (fleur_fk, pilosite_tige_fk) values (62,0);
insert into fleur_pilosite_tige (fleur_fk, pilosite_tige_fk) values (62,1);
insert into fleur_pilosite_feuille (fleur_fk, pilosite_feuille_fk) values (62,0);
insert into fleur (id,directory_name,scientific_name,scientific_family_fk,doc_url) values (63,"Alysson_calycinal","Alyssum alyssoides",7,"http://abiris.snv.jussieu.fr/flore/descriptions/Alysson_a_calice_persistant.html");
insert into taxonomy (lang, taxon, searched_taxon, fleur_fk) values ("fr","Alysson à calice persistant","alysson a calice persistant",63);
insert into taxonomy (lang, taxon, searched_taxon, fleur_fk) values ("fr","Passerage à calices persistants","passerage a calices persistants",63);
insert into taxonomy (lang, taxon, searched_taxon, fleur_fk) values ("fr","Passerage faux alysson","passerage faux alysson",63);
insert into taxonomy (lang, taxon, searched_taxon, fleur_fk) values ("la","Alyssum alyssoides","alyssum alyssoides",63);
insert into taxonomy (lang, taxon, searched_taxon, fleur_fk) values ("en","pale madwort","pale madwort",63);
insert into fleur_inflorescence (fleur_fk, inflorescence_fk) values (63,0);
insert into fleur_couleur (fleur_fk, couleur_fk) values (63,3);
insert into fleur_aspect (fleur_fk, aspect_fk) values (63,0);
insert into fleur_nb_petale (fleur_fk, nb_petale_fk) values (63,2);
insert into fleur_type_feuille (fleur_fk, type_feuille_fk) values (63,3);
insert into fleur_disposition_feuille (fleur_fk, disposition_feuille_fk) values (63,0);
insert into fleur_pilosite_tige (fleur_fk, pilosite_tige_fk) values (63,1);
insert into fleur_pilosite_feuille (fleur_fk, pilosite_feuille_fk) values (63,1);
insert into fleur (id,directory_name,scientific_name,scientific_family_fk,doc_url) values (64,"Berteroa_blanchatre","Berteroa incana",7,"http://abiris.snv.jussieu.fr/flore/descriptions/Berteroa_blanchatre.html");
insert into taxonomy (lang, taxon, searched_taxon, fleur_fk) values ("fr","Alysson blanc","alysson blanc",64);
insert into taxonomy (lang, taxon, searched_taxon, fleur_fk) values ("fr","Bertéroa blanchâtre","berteroa blanchatre",64);
insert into taxonomy (lang, taxon, searched_taxon, fleur_fk) values ("la","Berteroa incana","berteroa incana",64);
insert into taxonomy (lang, taxon, searched_taxon, fleur_fk) values ("en","hoary alyssum","hoary alyssum",64);
insert into fleur_inflorescence (fleur_fk, inflorescence_fk) values (64,0);
insert into fleur_couleur (fleur_fk, couleur_fk) values (64,0);
insert into fleur_particularite (fleur_fk, particularite_fk) values (64,1);
insert into fleur_aspect (fleur_fk, aspect_fk) values (64,0);
insert into fleur_nb_petale (fleur_fk, nb_petale_fk) values (64,2);
insert into fleur_type_feuille (fleur_fk, type_feuille_fk) values (64,3);
insert into fleur_disposition_feuille (fleur_fk, disposition_feuille_fk) values (64,0);
insert into fleur_pilosite_tige (fleur_fk, pilosite_tige_fk) values (64,1);
insert into fleur_pilosite_feuille (fleur_fk, pilosite_feuille_fk) values (64,1);
insert into fleur (id,directory_name,scientific_name,scientific_family_fk,doc_url) values (65,"Ambroisie_feuilles_armoise","Ambrosia artemisiifolia",1,"http://abiris.snv.jussieu.fr/flore/descriptions/Ambroisie_a_feuilles_d_Armoise.html");
insert into taxonomy (lang, taxon, searched_taxon, fleur_fk) values ("fr","Ambroisie à feuilles d'Armoise","ambroisie a feuilles d'armoise",65);
insert into taxonomy (lang, taxon, searched_taxon, fleur_fk) values ("fr","Ambroisie élevée","ambroisie elevee",65);
insert into taxonomy (lang, taxon, searched_taxon, fleur_fk) values ("la","Ambrosia artemisiifolia","ambrosia artemisiifolia",65);
insert into taxonomy (lang, taxon, searched_taxon, fleur_fk) values ("en","Common Ragweed","common ragweed",65);
insert into fleur_inflorescence (fleur_fk, inflorescence_fk) values (65,0);
insert into fleur_couleur (fleur_fk, couleur_fk) values (65,5);
insert into fleur_couleur (fleur_fk, couleur_fk) values (65,3);
insert into fleur_aspect (fleur_fk, aspect_fk) values (65,4);
insert into fleur_aspect (fleur_fk, aspect_fk) values (65,5);
insert into fleur_nb_petale (fleur_fk, nb_petale_fk) values (65,1);
insert into fleur_type_feuille (fleur_fk, type_feuille_fk) values (65,1);
insert into fleur_disposition_feuille (fleur_fk, disposition_feuille_fk) values (65,0);
insert into fleur_pilosite_tige (fleur_fk, pilosite_tige_fk) values (65,1);
insert into fleur_pilosite_feuille (fleur_fk, pilosite_feuille_fk) values (65,1);
insert into fleur (id,directory_name,scientific_name,scientific_family_fk,doc_url) values (66,"Ancolie_commune","Aquilegia vulgaris",2,"http://abiris.snv.jussieu.fr/flore/descriptions/Ancolie_commune.html");
insert into taxonomy (lang, taxon, searched_taxon, fleur_fk) values ("fr","Ancolie commune","ancolie commune",66);
insert into taxonomy (lang, taxon, searched_taxon, fleur_fk) values ("la","Aquilegia vulgaris","aquilegia vulgaris",66);
insert into taxonomy (lang, taxon, searched_taxon, fleur_fk) values ("en","Common columbine","common columbine",66);
insert into fleur_inflorescence (fleur_fk, inflorescence_fk) values (66,1);
insert into fleur_couleur (fleur_fk, couleur_fk) values (66,2);
insert into fleur_couleur (fleur_fk, couleur_fk) values (66,1);
insert into fleur_particularite (fleur_fk, particularite_fk) values (66,2);
insert into fleur_aspect (fleur_fk, aspect_fk) values (66,0);
insert into fleur_nb_petale (fleur_fk, nb_petale_fk) values (66,0);
insert into fleur_type_feuille (fleur_fk, type_feuille_fk) values (66,0);
insert into fleur_disposition_feuille (fleur_fk, disposition_feuille_fk) values (66,0);
insert into fleur_pilosite_tige (fleur_fk, pilosite_tige_fk) values (66,1);
insert into fleur_pilosite_feuille (fleur_fk, pilosite_feuille_fk) values (66,2);
insert into fleur (id,directory_name,scientific_name,scientific_family_fk,doc_url) values (67,"Andryale_feuilles_entieres","Andryala integrifolia",1,"http://abiris.snv.jussieu.fr/flore/descriptions/Andryale_a_feuilles_entieres.html");
insert into taxonomy (lang, taxon, searched_taxon, fleur_fk) values ("fr","Andryale à feuilles entières","andryale a feuilles entieres",67);
insert into taxonomy (lang, taxon, searched_taxon, fleur_fk) values ("fr","Andryale sinueuse","andryale sinueuse",67);
insert into taxonomy (lang, taxon, searched_taxon, fleur_fk) values ("la","Andryala integrifolia","andryala integrifolia",67);
insert into taxonomy (lang, taxon, searched_taxon, fleur_fk) values ("en","Common Andryala","common andryala",67);
insert into fleur_inflorescence (fleur_fk, inflorescence_fk) values (67,0);
insert into fleur_couleur (fleur_fk, couleur_fk) values (67,3);
insert into fleur_aspect (fleur_fk, aspect_fk) values (67,4);
insert into fleur_nb_petale (fleur_fk, nb_petale_fk) values (67,1);
insert into fleur_type_feuille (fleur_fk, type_feuille_fk) values (67,2);
insert into fleur_disposition_feuille (fleur_fk, disposition_feuille_fk) values (67,0);
insert into fleur_pilosite_tige (fleur_fk, pilosite_tige_fk) values (67,1);
insert into fleur_pilosite_feuille (fleur_fk, pilosite_feuille_fk) values (67,1);
insert into fleur (id,directory_name,scientific_name,scientific_family_fk,doc_url) values (68,"Anemone_sylvie","Anemone nemorosa",2,"http://abiris.snv.jussieu.fr/flore/descriptions/Anemone_des_bois.html");
insert into taxonomy (lang, taxon, searched_taxon, fleur_fk) values ("fr","Anémone des bois","anemone des bois",68);
insert into taxonomy (lang, taxon, searched_taxon, fleur_fk) values ("fr","Anémone sylvie","anemone sylvie",68);
insert into taxonomy (lang, taxon, searched_taxon, fleur_fk) values ("la","Anemone nemorosa","anemone nemorosa",68);
insert into taxonomy (lang, taxon, searched_taxon, fleur_fk) values ("en","Wood anemone","wood anemone",68);
insert into fleur_inflorescence (fleur_fk, inflorescence_fk) values (68,1);
insert into fleur_couleur (fleur_fk, couleur_fk) values (68,0);
insert into fleur_aspect (fleur_fk, aspect_fk) values (68,0);
insert into fleur_nb_petale (fleur_fk, nb_petale_fk) values (68,0);
insert into fleur_nb_petale (fleur_fk, nb_petale_fk) values (68,3);
insert into fleur_nb_petale (fleur_fk, nb_petale_fk) values (68,4);
insert into fleur_type_feuille (fleur_fk, type_feuille_fk) values (68,0);
insert into fleur_disposition_feuille (fleur_fk, disposition_feuille_fk) values (68,2);
insert into fleur_pilosite_tige (fleur_fk, pilosite_tige_fk) values (68,1);
insert into fleur_pilosite_feuille (fleur_fk, pilosite_feuille_fk) values (68,1);
insert into fleur (id,directory_name,scientific_name,scientific_family_fk,doc_url) values (69,"Angelique_sylvestre","Angelica sylvestris",0,"http://abiris.snv.jussieu.fr/flore/descriptions/Angelique_des_bois.html");
insert into taxonomy (lang, taxon, searched_taxon, fleur_fk) values ("fr","Angélique des bois","angelique des bois",69);
insert into taxonomy (lang, taxon, searched_taxon, fleur_fk) values ("fr","Angélique sauvage","angelique sauvage",69);
insert into taxonomy (lang, taxon, searched_taxon, fleur_fk) values ("la","Angelica sylvestris","angelica sylvestris",69);
insert into taxonomy (lang, taxon, searched_taxon, fleur_fk) values ("en","wild angelica","wild angelica",69);
insert into fleur_inflorescence (fleur_fk, inflorescence_fk) values (69,0);
insert into fleur_couleur (fleur_fk, couleur_fk) values (69,0);
insert into fleur_aspect (fleur_fk, aspect_fk) values (69,0);
insert into fleur_nb_petale (fleur_fk, nb_petale_fk) values (69,0);
insert into fleur_type_feuille (fleur_fk, type_feuille_fk) values (69,0);
insert into fleur_disposition_feuille (fleur_fk, disposition_feuille_fk) values (69,0);
insert into fleur_pilosite_tige (fleur_fk, pilosite_tige_fk) values (69,0);
insert into fleur_pilosite_feuille (fleur_fk, pilosite_feuille_fk) values (69,2);
insert into fleur (id,directory_name,scientific_name,scientific_family_fk,doc_url) values (70,"Anthemis_bicolore","Anthemis mixta",1,"http://abiris.snv.jussieu.fr/flore/descriptions/Anthemis_bicolore.html");
insert into taxonomy (lang, taxon, searched_taxon, fleur_fk) values ("fr","Anthémis bicolore","anthemis bicolore",70);
insert into taxonomy (lang, taxon, searched_taxon, fleur_fk) values ("fr","Camomille mixte","camomille mixte",70);
insert into taxonomy (lang, taxon, searched_taxon, fleur_fk) values ("fr","Anthémis panaché","anthemis panache",70);
insert into taxonomy (lang, taxon, searched_taxon, fleur_fk) values ("la","Anthemis mixta","anthemis mixta",70);
insert into taxonomy (lang, taxon, searched_taxon, fleur_fk) values ("en"," simple-leaved chamomile"," simple-leaved chamomile",70);
insert into fleur_inflorescence (fleur_fk, inflorescence_fk) values (70,1);
insert into fleur_couleur (fleur_fk, couleur_fk) values (70,0);
insert into fleur_couleur (fleur_fk, couleur_fk) values (70,3);
insert into fleur_aspect (fleur_fk, aspect_fk) values (70,1);
insert into fleur_nb_petale (fleur_fk, nb_petale_fk) values (70,1);
insert into fleur_type_feuille (fleur_fk, type_feuille_fk) values (70,1);
insert into fleur_disposition_feuille (fleur_fk, disposition_feuille_fk) values (70,0);
insert into fleur_pilosite_tige (fleur_fk, pilosite_tige_fk) values (70,1);
insert into fleur_pilosite_feuille (fleur_fk, pilosite_feuille_fk) values (70,1);
insert into fleur (id,directory_name,scientific_name,scientific_family_fk,doc_url) values (71,"Anthemis_des_champs","Anthemis arvensis",1,"http://abiris.snv.jussieu.fr/flore/descriptions/Anthemis_des_champs.html");
insert into taxonomy (lang, taxon, searched_taxon, fleur_fk) values ("fr","Anthémis des champs","anthemis des champs",71);
insert into taxonomy (lang, taxon, searched_taxon, fleur_fk) values ("fr","Fausse Camomille","fausse camomille",71);
insert into taxonomy (lang, taxon, searched_taxon, fleur_fk) values ("fr","Camomille sauvage","camomille sauvage",71);
insert into taxonomy (lang, taxon, searched_taxon, fleur_fk) values ("la","Anthemis arvensis","anthemis arvensis",71);
insert into taxonomy (lang, taxon, searched_taxon, fleur_fk) values ("en","corn chamomile","corn chamomile",71);
insert into fleur_inflorescence (fleur_fk, inflorescence_fk) values (71,1);
insert into fleur_couleur (fleur_fk, couleur_fk) values (71,0);
insert into fleur_couleur (fleur_fk, couleur_fk) values (71,3);
insert into fleur_aspect (fleur_fk, aspect_fk) values (71,1);
insert into fleur_nb_petale (fleur_fk, nb_petale_fk) values (71,1);
insert into fleur_type_feuille (fleur_fk, type_feuille_fk) values (71,1);
insert into fleur_disposition_feuille (fleur_fk, disposition_feuille_fk) values (71,0);
insert into fleur_pilosite_tige (fleur_fk, pilosite_tige_fk) values (71,1);
insert into fleur_pilosite_feuille (fleur_fk, pilosite_feuille_fk) values (71,1);
insert into fleur (id,directory_name,scientific_name,scientific_family_fk,doc_url) values (72,"Arabette_Thalius","Arabidopsis thaliana",7,"http://abiris.snv.jussieu.fr/flore/descriptions/Arabette_de_Thalius.html");
insert into taxonomy (lang, taxon, searched_taxon, fleur_fk) values ("fr","Arabette de Thalius","arabette de thalius",72);
insert into taxonomy (lang, taxon, searched_taxon, fleur_fk) values ("fr","Arabette des dames","arabette des dames",72);
insert into taxonomy (lang, taxon, searched_taxon, fleur_fk) values ("la","Arabidopsis thaliana","arabidopsis thaliana",72);
insert into taxonomy (lang, taxon, searched_taxon, fleur_fk) values ("en","thale cress","thale cress",72);
insert into fleur_inflorescence (fleur_fk, inflorescence_fk) values (72,0);
insert into fleur_couleur (fleur_fk, couleur_fk) values (72,0);
insert into fleur_aspect (fleur_fk, aspect_fk) values (72,0);
insert into fleur_nb_petale (fleur_fk, nb_petale_fk) values (72,2);
insert into fleur_type_feuille (fleur_fk, type_feuille_fk) values (72,2);
insert into fleur_disposition_feuille (fleur_fk, disposition_feuille_fk) values (72,0);
insert into fleur_pilosite_tige (fleur_fk, pilosite_tige_fk) values (72,0);
insert into fleur_pilosite_tige (fleur_fk, pilosite_tige_fk) values (72,1);
insert into fleur_pilosite_feuille (fleur_fk, pilosite_feuille_fk) values (72,1);
insert into fleur (id,directory_name,scientific_name,scientific_family_fk,doc_url) values (73,"Arabette_glabre","Arabis glabra",7,"http://abiris.snv.jussieu.fr/flore/descriptions/Arabette_glabre.html");
insert into taxonomy (lang, taxon, searched_taxon, fleur_fk) values ("fr","Arabette glabre","arabette glabre",73);
insert into taxonomy (lang, taxon, searched_taxon, fleur_fk) values ("fr","Tourette glabre","tourette glabre",73);
insert into taxonomy (lang, taxon, searched_taxon, fleur_fk) values ("fr","Tourelle","tourelle",73);
insert into taxonomy (lang, taxon, searched_taxon, fleur_fk) values ("la","Arabis glabra","arabis glabra",73);
insert into taxonomy (lang, taxon, searched_taxon, fleur_fk) values ("en","tower mustard","tower mustard",73);
insert into fleur_inflorescence (fleur_fk, inflorescence_fk) values (73,0);
insert into fleur_couleur (fleur_fk, couleur_fk) values (73,0);
insert into fleur_aspect (fleur_fk, aspect_fk) values (73,0);
insert into fleur_nb_petale (fleur_fk, nb_petale_fk) values (73,2);
insert into fleur_type_feuille (fleur_fk, type_feuille_fk) values (73,3);
insert into fleur_disposition_feuille (fleur_fk, disposition_feuille_fk) values (73,0);
insert into fleur_pilosite_tige (fleur_fk, pilosite_tige_fk) values (73,0);
insert into fleur_pilosite_feuille (fleur_fk, pilosite_feuille_fk) values (73,0);
insert into fleur_pilosite_feuille (fleur_fk, pilosite_feuille_fk) values (73,1);
insert into fleur (id,directory_name,scientific_name,scientific_family_fk,doc_url) values (74,"Arabette_hirsute","Arabis hirsuta",7,"http://abiris.snv.jussieu.fr/flore/descriptions/Arabette_hirsute.html");
insert into taxonomy (lang, taxon, searched_taxon, fleur_fk) values ("fr","Arabette hirsute","arabette hirsute",74);
insert into taxonomy (lang, taxon, searched_taxon, fleur_fk) values ("fr","Arabette poilue","arabette poilue",74);
insert into taxonomy (lang, taxon, searched_taxon, fleur_fk) values ("fr","Arabette hérissée","arabette herissee",74);
insert into taxonomy (lang, taxon, searched_taxon, fleur_fk) values ("la","Arabis hirsuta","arabis hirsuta",74);
insert into taxonomy (lang, taxon, searched_taxon, fleur_fk) values ("en","hairy rockcress ","hairy rockcress ",74);
insert into fleur_inflorescence (fleur_fk, inflorescence_fk) values (74,0);
insert into fleur_couleur (fleur_fk, couleur_fk) values (74,0);
insert into fleur_aspect (fleur_fk, aspect_fk) values (74,0);
insert into fleur_nb_petale (fleur_fk, nb_petale_fk) values (74,2);
insert into fleur_type_feuille (fleur_fk, type_feuille_fk) values (74,2);
insert into fleur_disposition_feuille (fleur_fk, disposition_feuille_fk) values (74,0);
insert into fleur_pilosite_tige (fleur_fk, pilosite_tige_fk) values (74,1);
insert into fleur_pilosite_feuille (fleur_fk, pilosite_feuille_fk) values (74,1);
insert into fleur (id,directory_name,scientific_name,scientific_family_fk,doc_url) values (75,"Aristoloche_clematite","Aristolochia clematitis",8,"http://abiris.snv.jussieu.fr/flore/descriptions/Aristoloche_clematite.html");
insert into taxonomy (lang, taxon, searched_taxon, fleur_fk) values ("fr","Aristoloche clématite","aristoloche clematite",75);
insert into taxonomy (lang, taxon, searched_taxon, fleur_fk) values ("la","Aristolochia clematitis","aristolochia clematitis",75);
insert into taxonomy (lang, taxon, searched_taxon, fleur_fk) values ("en","birthwort ","birthwort ",75);
insert into fleur_inflorescence (fleur_fk, inflorescence_fk) values (75,0);
insert into fleur_couleur (fleur_fk, couleur_fk) values (75,3);
insert into fleur_aspect (fleur_fk, aspect_fk) values (75,3);
insert into fleur_nb_petale (fleur_fk, nb_petale_fk) values (75,5);
insert into fleur_type_feuille (fleur_fk, type_feuille_fk) values (75,3);
insert into fleur_disposition_feuille (fleur_fk, disposition_feuille_fk) values (75,0);
insert into fleur_pilosite_tige (fleur_fk, pilosite_tige_fk) values (75,0);
insert into fleur_pilosite_feuille (fleur_fk, pilosite_feuille_fk) values (75,0);
insert into fleur (id,directory_name,scientific_name,scientific_family_fk,doc_url) values (76,"Armerie_des_sables","Armeria arenaria",9,"http://abiris.snv.jussieu.fr/flore/descriptions/Armerie_des_sables.html");
insert into taxonomy (lang, taxon, searched_taxon, fleur_fk) values ("fr","Armérie des sables","armerie des sables",76);
insert into taxonomy (lang, taxon, searched_taxon, fleur_fk) values ("fr","Armérie faux plantain","armerie faux plantain",76);
insert into taxonomy (lang, taxon, searched_taxon, fleur_fk) values ("la","Armeria arenaria","armeria arenaria",76);
insert into taxonomy (lang, taxon, searched_taxon, fleur_fk) values ("en","Armeria arenaria","armeria arenaria",76);
insert into fleur_inflorescence (fleur_fk, inflorescence_fk) values (76,0);
insert into fleur_couleur (fleur_fk, couleur_fk) values (76,1);
insert into fleur_aspect (fleur_fk, aspect_fk) values (76,6);
insert into fleur_nb_petale (fleur_fk, nb_petale_fk) values (76,0);
insert into fleur_type_feuille (fleur_fk, type_feuille_fk) values (76,3);
insert into fleur_disposition_feuille (fleur_fk, disposition_feuille_fk) values (76,3);
insert into fleur_pilosite_tige (fleur_fk, pilosite_tige_fk) values (76,0);
insert into fleur_pilosite_feuille (fleur_fk, pilosite_feuille_fk) values (76,0);
insert into fleur (id,directory_name,scientific_name,scientific_family_fk,doc_url) values (77,"Armoise_commune","Artemisia vulgaris",1,"http://abiris.snv.jussieu.fr/flore/descriptions/Armoise_commune.html");
insert into taxonomy (lang, taxon, searched_taxon, fleur_fk) values ("fr","Armoise commune","armoise commune",77);
insert into taxonomy (lang, taxon, searched_taxon, fleur_fk) values ("fr","Artémise","artemise",77);
insert into taxonomy (lang, taxon, searched_taxon, fleur_fk) values ("fr","Armoise citronnelle","armoise citronnelle",77);
insert into taxonomy (lang, taxon, searched_taxon, fleur_fk) values ("la","Artemisia vulgaris","artemisia vulgaris",77);
insert into taxonomy (lang, taxon, searched_taxon, fleur_fk) values ("en","mugwort","mugwort",77);
insert into fleur_inflorescence (fleur_fk, inflorescence_fk) values (77,0);
insert into fleur_couleur (fleur_fk, couleur_fk) values (77,3);
insert into fleur_couleur (fleur_fk, couleur_fk) values (77,5);
insert into fleur_aspect (fleur_fk, aspect_fk) values (77,1);
insert into fleur_aspect (fleur_fk, aspect_fk) values (77,4);
insert into fleur_nb_petale (fleur_fk, nb_petale_fk) values (77,1);
insert into fleur_type_feuille (fleur_fk, type_feuille_fk) values (77,1);
insert into fleur_type_feuille (fleur_fk, type_feuille_fk) values (77,0);
insert into fleur_disposition_feuille (fleur_fk, disposition_feuille_fk) values (77,0);
insert into fleur_pilosite_tige (fleur_fk, pilosite_tige_fk) values (77,0);
insert into fleur_pilosite_feuille (fleur_fk, pilosite_feuille_fk) values (77,2);
insert into fleur (id,directory_name,scientific_name,scientific_family_fk,doc_url) values (78,"Arum_Italie","Arum italicum",10,"http://abiris.snv.jussieu.fr/flore/descriptions/Arum_d_Italie.html");
insert into taxonomy (lang, taxon, searched_taxon, fleur_fk) values ("fr","Arum d'Italie","arum d'italie",78);
insert into taxonomy (lang, taxon, searched_taxon, fleur_fk) values ("fr","Gouet d'Italie","gouet d'italie",78);
insert into taxonomy (lang, taxon, searched_taxon, fleur_fk) values ("la","Arum italicum","arum italicum",78);
insert into taxonomy (lang, taxon, searched_taxon, fleur_fk) values ("en"," Italian arum"," italian arum",78);
insert into fleur_inflorescence (fleur_fk, inflorescence_fk) values (78,1);
insert into fleur_couleur (fleur_fk, couleur_fk) values (78,3);
insert into fleur_couleur (fleur_fk, couleur_fk) values (78,0);
insert into fleur_particularite (fleur_fk, particularite_fk) values (78,3);
insert into fleur_aspect (fleur_fk, aspect_fk) values (78,5);
insert into fleur_nb_petale (fleur_fk, nb_petale_fk) values (78,6);
insert into fleur_type_feuille (fleur_fk, type_feuille_fk) values (78,3);
insert into fleur_disposition_feuille (fleur_fk, disposition_feuille_fk) values (78,3);
insert into fleur_pilosite_tige (fleur_fk, pilosite_tige_fk) values (78,0);
insert into fleur_pilosite_feuille (fleur_fk, pilosite_feuille_fk) values (78,0);
insert into fleur (id,directory_name,scientific_name,scientific_family_fk,doc_url) values (79,"Arum_tachete","Arum maculatum",10,"http://abiris.snv.jussieu.fr/flore/descriptions/Arum_tachete.html");
insert into taxonomy (lang, taxon, searched_taxon, fleur_fk) values ("fr","Arum tacheté","arum tachete",79);
insert into taxonomy (lang, taxon, searched_taxon, fleur_fk) values ("fr","Gouet tacheté","gouet tachete",79);
insert into taxonomy (lang, taxon, searched_taxon, fleur_fk) values ("la","Arum maculatum","arum maculatum",79);
insert into taxonomy (lang, taxon, searched_taxon, fleur_fk) values ("en","wild arum","wild arum",79);
insert into fleur_inflorescence (fleur_fk, inflorescence_fk) values (79,1);
insert into fleur_couleur (fleur_fk, couleur_fk) values (79,4);
insert into fleur_couleur (fleur_fk, couleur_fk) values (79,1);
insert into fleur_particularite (fleur_fk, particularite_fk) values (79,3);
insert into fleur_aspect (fleur_fk, aspect_fk) values (79,5);
insert into fleur_nb_petale (fleur_fk, nb_petale_fk) values (79,6);
insert into fleur_type_feuille (fleur_fk, type_feuille_fk) values (79,3);
insert into fleur_disposition_feuille (fleur_fk, disposition_feuille_fk) values (79,3);
insert into fleur_pilosite_tige (fleur_fk, pilosite_tige_fk) values (79,0);
insert into fleur_pilosite_feuille (fleur_fk, pilosite_feuille_fk) values (79,0);
insert into fleur (id,directory_name,scientific_name,scientific_family_fk,doc_url) values (80,"Asperge","Asparagus officinalis",11,"http://abiris.snv.jussieu.fr/flore/descriptions/Asperge.html");
insert into taxonomy (lang, taxon, searched_taxon, fleur_fk) values ("fr","Asperge","asperge",80);
insert into taxonomy (lang, taxon, searched_taxon, fleur_fk) values ("fr","Asperge officinale","asperge officinale",80);
insert into taxonomy (lang, taxon, searched_taxon, fleur_fk) values ("la","Asparagus officinalis","asparagus officinalis",80);
insert into taxonomy (lang, taxon, searched_taxon, fleur_fk) values ("en","asparagus","asparagus",80);
insert into fleur_inflorescence (fleur_fk, inflorescence_fk) values (80,1);
insert into fleur_couleur (fleur_fk, couleur_fk) values (80,5);
insert into fleur_couleur (fleur_fk, couleur_fk) values (80,3);
insert into fleur_aspect (fleur_fk, aspect_fk) values (80,0);
insert into fleur_nb_petale (fleur_fk, nb_petale_fk) values (80,3);
insert into fleur_type_feuille (fleur_fk, type_feuille_fk) values (80,3);
insert into fleur_disposition_feuille (fleur_fk, disposition_feuille_fk) values (80,4);
insert into fleur_pilosite_tige (fleur_fk, pilosite_tige_fk) values (80,0);
insert into fleur_pilosite_feuille (fleur_fk, pilosite_feuille_fk) values (80,0);
insert into fleur (id,directory_name,scientific_name,scientific_family_fk,doc_url) values (81,"Aster_lanceole","Aster lanceolatus",1,"http://abiris.snv.jussieu.fr/flore/descriptions/Aster_lanceole.html");
insert into taxonomy (lang, taxon, searched_taxon, fleur_fk) values ("fr","Aster lancéolé","aster lanceole",81);
insert into taxonomy (lang, taxon, searched_taxon, fleur_fk) values ("fr","Aster à feuilles lancéolées","aster a feuilles lanceolees",81);
insert into taxonomy (lang, taxon, searched_taxon, fleur_fk) values ("la","Aster lanceolatus","aster lanceolatus",81);
insert into taxonomy (lang, taxon, searched_taxon, fleur_fk) values ("en","panicled aster","panicled aster",81);
insert into fleur_inflorescence (fleur_fk, inflorescence_fk) values (81,0);
insert into fleur_couleur (fleur_fk, couleur_fk) values (81,0);
insert into fleur_couleur (fleur_fk, couleur_fk) values (81,3);
insert into fleur_aspect (fleur_fk, aspect_fk) values (81,1);
insert into fleur_nb_petale (fleur_fk, nb_petale_fk) values (81,1);
insert into fleur_type_feuille (fleur_fk, type_feuille_fk) values (81,2);
insert into fleur_disposition_feuille (fleur_fk, disposition_feuille_fk) values (81,0);
insert into fleur_pilosite_tige (fleur_fk, pilosite_tige_fk) values (81,0);
insert into fleur_pilosite_feuille (fleur_fk, pilosite_feuille_fk) values (81,0);
insert into fleur (id,directory_name,scientific_name,scientific_family_fk,doc_url) values (82,"Astragale_reglisse","Astragalus glycyphyllos",12,"http://abiris.snv.jussieu.fr/flore/descriptions/Astragale_a_feuilles_de_reglisse.html");
insert into taxonomy (lang, taxon, searched_taxon, fleur_fk) values ("fr","Astragale à feuilles de réglisse","astragale a feuilles de reglisse",82);
insert into taxonomy (lang, taxon, searched_taxon, fleur_fk) values ("fr","Astragale réglisse","astragale reglisse",82);
insert into taxonomy (lang, taxon, searched_taxon, fleur_fk) values ("fr","Réglisse sauvage","reglisse sauvage",82);
insert into taxonomy (lang, taxon, searched_taxon, fleur_fk) values ("la","Astragalus glycyphyllos","astragalus glycyphyllos",82);
insert into taxonomy (lang, taxon, searched_taxon, fleur_fk) values ("en","Liquorice milkvetch","liquorice milkvetch",82);
insert into fleur_inflorescence (fleur_fk, inflorescence_fk) values (82,0);
insert into fleur_couleur (fleur_fk, couleur_fk) values (82,0);
insert into fleur_couleur (fleur_fk, couleur_fk) values (82,5);
insert into fleur_particularite (fleur_fk, particularite_fk) values (82,4);
insert into fleur_aspect (fleur_fk, aspect_fk) values (82,2);
insert into fleur_nb_petale (fleur_fk, nb_petale_fk) values (82,0);
insert into fleur_type_feuille (fleur_fk, type_feuille_fk) values (82,0);
insert into fleur_disposition_feuille (fleur_fk, disposition_feuille_fk) values (82,0);
insert into fleur_pilosite_tige (fleur_fk, pilosite_tige_fk) values (82,0);
insert into fleur_pilosite_feuille (fleur_fk, pilosite_feuille_fk) values (82,2);
insert into fleur (id,directory_name,scientific_name,scientific_family_fk,doc_url) values (83,"Ballote_noire","Ballota nigra",3,"http://abiris.snv.jussieu.fr/flore/descriptions/Ballote_noire.html");
insert into taxonomy (lang, taxon, searched_taxon, fleur_fk) values ("fr","Ballote noire","ballote noire",83);
insert into taxonomy (lang, taxon, searched_taxon, fleur_fk) values ("fr","Ballote fétide","ballote fetide",83);
insert into taxonomy (lang, taxon, searched_taxon, fleur_fk) values ("fr","Marrube noire","marrube noire",83);
insert into taxonomy (lang, taxon, searched_taxon, fleur_fk) values ("la","Ballota nigra","ballota nigra",83);
insert into taxonomy (lang, taxon, searched_taxon, fleur_fk) values ("en","black horehound","black horehound",83);
insert into fleur_inflorescence (fleur_fk, inflorescence_fk) values (83,0);
insert into fleur_couleur (fleur_fk, couleur_fk) values (83,1);
insert into fleur_couleur (fleur_fk, couleur_fk) values (83,0);
insert into fleur_particularite (fleur_fk, particularite_fk) values (83,5);
insert into fleur_aspect (fleur_fk, aspect_fk) values (83,3);
insert into fleur_nb_petale (fleur_fk, nb_petale_fk) values (83,0);
insert into fleur_type_feuille (fleur_fk, type_feuille_fk) values (83,2);
insert into fleur_disposition_feuille (fleur_fk, disposition_feuille_fk) values (83,1);
insert into fleur_pilosite_tige (fleur_fk, pilosite_tige_fk) values (83,1);
insert into fleur_pilosite_feuille (fleur_fk, pilosite_feuille_fk) values (83,1);
insert into fleur (id,directory_name,scientific_name,scientific_family_fk,doc_url) values (84,"Barbaree_commune","Barbarea vulgaris",7,"http://abiris.snv.jussieu.fr/flore/descriptions/Barbaree_commune.html");
insert into taxonomy (lang, taxon, searched_taxon, fleur_fk) values ("fr","Barbarée commune","barbaree commune",84);
insert into taxonomy (lang, taxon, searched_taxon, fleur_fk) values ("fr","Herbe de Sainte Barbe","herbe de sainte barbe",84);
insert into taxonomy (lang, taxon, searched_taxon, fleur_fk) values ("la","Barbarea vulgaris","barbarea vulgaris",84);
insert into taxonomy (lang, taxon, searched_taxon, fleur_fk) values ("en","bittercress","bittercress",84);
insert into fleur_inflorescence (fleur_fk, inflorescence_fk) values (84,0);
insert into fleur_couleur (fleur_fk, couleur_fk) values (84,3);
insert into fleur_aspect (fleur_fk, aspect_fk) values (84,0);
insert into fleur_nb_petale (fleur_fk, nb_petale_fk) values (84,2);
insert into fleur_type_feuille (fleur_fk, type_feuille_fk) values (84,1);
insert into fleur_disposition_feuille (fleur_fk, disposition_feuille_fk) values (84,0);
insert into fleur_pilosite_tige (fleur_fk, pilosite_tige_fk) values (84,0);
insert into fleur_pilosite_feuille (fleur_fk, pilosite_feuille_fk) values (84,0);
insert into fleur (id,directory_name,scientific_name,scientific_family_fk,doc_url) values (85,"Barbaree_intermediaire","Barbarea intermedia",7,"http://abiris.snv.jussieu.fr/flore/descriptions/Barbaree_intermediaire.html");
insert into taxonomy (lang, taxon, searched_taxon, fleur_fk) values ("fr","Barbarée intermédiaire","barbaree intermediaire",85);
insert into taxonomy (lang, taxon, searched_taxon, fleur_fk) values ("fr","Barbarée précoce","barbaree precoce",85);
insert into taxonomy (lang, taxon, searched_taxon, fleur_fk) values ("la","Barbarea intermedia","barbarea intermedia",85);
insert into taxonomy (lang, taxon, searched_taxon, fleur_fk) values ("en","Medium-flowered Winter-cress","medium-flowered winter-cress",85);
insert into fleur_inflorescence (fleur_fk, inflorescence_fk) values (85,0);
insert into fleur_couleur (fleur_fk, couleur_fk) values (85,3);
insert into fleur_aspect (fleur_fk, aspect_fk) values (85,0);
insert into fleur_nb_petale (fleur_fk, nb_petale_fk) values (85,2);
insert into fleur_type_feuille (fleur_fk, type_feuille_fk) values (85,1);
insert into fleur_disposition_feuille (fleur_fk, disposition_feuille_fk) values (85,0);
insert into fleur_pilosite_tige (fleur_fk, pilosite_tige_fk) values (85,0);
insert into fleur_pilosite_feuille (fleur_fk, pilosite_feuille_fk) values (85,0);
insert into fleur (id,directory_name,scientific_name,scientific_family_fk,doc_url) values (86,"Barbaree_printaniere","Barbarea verna",7,"http://abiris.snv.jussieu.fr/flore/descriptions/Barbaree_printaniere.html");
insert into taxonomy (lang, taxon, searched_taxon, fleur_fk) values ("fr","Barbarée printanière","barbaree printaniere",86);
insert into taxonomy (lang, taxon, searched_taxon, fleur_fk) values ("la","Barbarea verna","barbarea verna",86);
insert into taxonomy (lang, taxon, searched_taxon, fleur_fk) values ("en","American Winter-cress","american winter-cress",86);
insert into fleur_inflorescence (fleur_fk, inflorescence_fk) values (86,0);
insert into fleur_couleur (fleur_fk, couleur_fk) values (86,3);
insert into fleur_aspect (fleur_fk, aspect_fk) values (86,0);
insert into fleur_nb_petale (fleur_fk, nb_petale_fk) values (86,2);
insert into fleur_type_feuille (fleur_fk, type_feuille_fk) values (86,1);
insert into fleur_disposition_feuille (fleur_fk, disposition_feuille_fk) values (86,0);
insert into fleur_pilosite_tige (fleur_fk, pilosite_tige_fk) values (86,0);
insert into fleur_pilosite_feuille (fleur_fk, pilosite_feuille_fk) values (86,0);
insert into fleur (id,directory_name,scientific_name,scientific_family_fk,doc_url) values (87,"Bardane_petite","Arctium minus",1,"http://abiris.snv.jussieu.fr/flore/descriptions/Bardane_a_petites_tetes.html");
insert into taxonomy (lang, taxon, searched_taxon, fleur_fk) values ("fr","Bardane à petites têtes","bardane a petites tetes",87);
insert into taxonomy (lang, taxon, searched_taxon, fleur_fk) values ("fr","Petite bardane","petite bardane",87);
insert into taxonomy (lang, taxon, searched_taxon, fleur_fk) values ("la","Arctium minus","arctium minus",87);
insert into taxonomy (lang, taxon, searched_taxon, fleur_fk) values ("en","lesser burdock","lesser burdock",87);
insert into fleur_inflorescence (fleur_fk, inflorescence_fk) values (87,0);
insert into fleur_couleur (fleur_fk, couleur_fk) values (87,1);
insert into fleur_aspect (fleur_fk, aspect_fk) values (87,4);
insert into fleur_nb_petale (fleur_fk, nb_petale_fk) values (87,1);
insert into fleur_type_feuille (fleur_fk, type_feuille_fk) values (87,3);
insert into fleur_disposition_feuille (fleur_fk, disposition_feuille_fk) values (87,0);
insert into fleur_pilosite_tige (fleur_fk, pilosite_tige_fk) values (87,1);
insert into fleur_pilosite_feuille (fleur_fk, pilosite_feuille_fk) values (87,2);
insert into fleur (id,directory_name,scientific_name,scientific_family_fk,doc_url) values (88,"Bardane_officinale","Arctium lappa",1,"http://abiris.snv.jussieu.fr/flore/descriptions/Bardane_commune.html");
insert into taxonomy (lang, taxon, searched_taxon, fleur_fk) values ("fr","Bardane commune","bardane commune",88);
insert into taxonomy (lang, taxon, searched_taxon, fleur_fk) values ("fr","Bardane officinale","bardane officinale",88);
insert into taxonomy (lang, taxon, searched_taxon, fleur_fk) values ("fr","Grande bardane","grande bardane",88);
insert into taxonomy (lang, taxon, searched_taxon, fleur_fk) values ("la","Arctium lappa","arctium lappa",88);
insert into taxonomy (lang, taxon, searched_taxon, fleur_fk) values ("en","greater burdock","greater burdock",88);
insert into fleur_inflorescence (fleur_fk, inflorescence_fk) values (88,0);
insert into fleur_couleur (fleur_fk, couleur_fk) values (88,1);
insert into fleur_aspect (fleur_fk, aspect_fk) values (88,4);
insert into fleur_nb_petale (fleur_fk, nb_petale_fk) values (88,1);
insert into fleur_type_feuille (fleur_fk, type_feuille_fk) values (88,3);
insert into fleur_disposition_feuille (fleur_fk, disposition_feuille_fk) values (88,0);
insert into fleur_pilosite_tige (fleur_fk, pilosite_tige_fk) values (88,1);
insert into fleur_pilosite_feuille (fleur_fk, pilosite_feuille_fk) values (88,2);
insert into fleur (id,directory_name,scientific_name,scientific_family_fk,doc_url) values (90,"","Geum urbanum",4,"http://abiris.snv.jussieu.fr/flore/descriptions/Benoite_urbaine.html");
insert into taxonomy (lang, taxon, searched_taxon, fleur_fk) values ("fr","Benoîte urbaine","benoite urbaine",90);
insert into taxonomy (lang, taxon, searched_taxon, fleur_fk) values ("fr","Herbe de Saint Benoît","herbe de saint benoit",90);
insert into taxonomy (lang, taxon, searched_taxon, fleur_fk) values ("fr","Benoîte commune","benoite commune",90);
insert into taxonomy (lang, taxon, searched_taxon, fleur_fk) values ("la","Geum urbanum","geum urbanum",90);
insert into taxonomy (lang, taxon, searched_taxon, fleur_fk) values ("en","wood avens","wood avens",90);
insert into fleur_inflorescence (fleur_fk, inflorescence_fk) values (90,1);
insert into fleur_couleur (fleur_fk, couleur_fk) values (90,3);
insert into fleur_aspect (fleur_fk, aspect_fk) values (90,0);
insert into fleur_nb_petale (fleur_fk, nb_petale_fk) values (90,0);
insert into fleur_type_feuille (fleur_fk, type_feuille_fk) values (90,0);
insert into fleur_disposition_feuille (fleur_fk, disposition_feuille_fk) values (90,0);
insert into fleur_pilosite_tige (fleur_fk, pilosite_tige_fk) values (90,1);
insert into fleur_pilosite_feuille (fleur_fk, pilosite_feuille_fk) values (90,2);
insert into fleur (id,directory_name,scientific_name,scientific_family_fk,doc_url) values (91,"Berce_pres","Heracleum sphondylium",0,"http://abiris.snv.jussieu.fr/flore/descriptions/Berce_des_pres.html");
insert into taxonomy (lang, taxon, searched_taxon, fleur_fk) values ("fr","Berce des prés","berce des pres",91);
insert into taxonomy (lang, taxon, searched_taxon, fleur_fk) values ("fr","Grande berce","grande berce",91);
insert into taxonomy (lang, taxon, searched_taxon, fleur_fk) values ("fr","Berce commune","berce commune",91);
insert into taxonomy (lang, taxon, searched_taxon, fleur_fk) values ("la","Heracleum sphondylium","heracleum sphondylium",91);
insert into taxonomy (lang, taxon, searched_taxon, fleur_fk) values ("en","hogweed","hogweed",91);
insert into fleur_inflorescence (fleur_fk, inflorescence_fk) values (91,0);
insert into fleur_couleur (fleur_fk, couleur_fk) values (91,0);
insert into fleur_aspect (fleur_fk, aspect_fk) values (91,0);
insert into fleur_aspect (fleur_fk, aspect_fk) values (91,2);
insert into fleur_nb_petale (fleur_fk, nb_petale_fk) values (91,0);
insert into fleur_type_feuille (fleur_fk, type_feuille_fk) values (91,0);
insert into fleur_disposition_feuille (fleur_fk, disposition_feuille_fk) values (91,0);
insert into fleur_pilosite_tige (fleur_fk, pilosite_tige_fk) values (91,1);
insert into fleur_pilosite_feuille (fleur_fk, pilosite_feuille_fk) values (91,1);
insert into fleur (id,directory_name,scientific_name,scientific_family_fk,doc_url) values (92,"Bident_feuille","Bidens frondosa",1,"http://abiris.snv.jussieu.fr/flore/descriptions/Bident_feuille.html");
insert into taxonomy (lang, taxon, searched_taxon, fleur_fk) values ("fr","Bident feuillé","bident feuille",92);
insert into taxonomy (lang, taxon, searched_taxon, fleur_fk) values ("fr","Bident à fruits noirs","bident a fruits noirs",92);
insert into taxonomy (lang, taxon, searched_taxon, fleur_fk) values ("la","Bidens frondosa","bidens frondosa",92);
insert into taxonomy (lang, taxon, searched_taxon, fleur_fk) values ("en","devil's beggarticks","devil's beggarticks",92);
insert into fleur_inflorescence (fleur_fk, inflorescence_fk) values (92,0);
insert into fleur_couleur (fleur_fk, couleur_fk) values (92,3);
insert into fleur_aspect (fleur_fk, aspect_fk) values (92,4);
insert into fleur_nb_petale (fleur_fk, nb_petale_fk) values (92,1);
insert into fleur_type_feuille (fleur_fk, type_feuille_fk) values (92,0);
insert into fleur_disposition_feuille (fleur_fk, disposition_feuille_fk) values (92,1);
insert into fleur_pilosite_tige (fleur_fk, pilosite_tige_fk) values (92,1);
insert into fleur_pilosite_feuille (fleur_fk, pilosite_feuille_fk) values (92,0);
insert into fleur (id,directory_name,scientific_name,scientific_family_fk,doc_url) values (93,"Bident_penche","Bidens cernua",1,"http://abiris.snv.jussieu.fr/flore/descriptions/Bident_penche.html");
insert into taxonomy (lang, taxon, searched_taxon, fleur_fk) values ("fr","Bident penché","bident penche",93);
insert into taxonomy (lang, taxon, searched_taxon, fleur_fk) values ("la","Bidens cernua","bidens cernua",93);
insert into taxonomy (lang, taxon, searched_taxon, fleur_fk) values ("en","Nodding Bur-marigold","nodding bur-marigold",93);
insert into fleur_inflorescence (fleur_fk, inflorescence_fk) values (93,0);
insert into fleur_couleur (fleur_fk, couleur_fk) values (93,3);
insert into fleur_aspect (fleur_fk, aspect_fk) values (93,4);
insert into fleur_nb_petale (fleur_fk, nb_petale_fk) values (93,1);
insert into fleur_type_feuille (fleur_fk, type_feuille_fk) values (93,2);
insert into fleur_disposition_feuille (fleur_fk, disposition_feuille_fk) values (93,1);
insert into fleur_pilosite_tige (fleur_fk, pilosite_tige_fk) values (93,1);
insert into fleur_pilosite_feuille (fleur_fk, pilosite_feuille_fk) values (93,0);
insert into fleur_pilosite_feuille (fleur_fk, pilosite_feuille_fk) values (93,1);
insert into fleur (id,directory_name,scientific_name,scientific_family_fk,doc_url) values (94,"Bident_rayonnant","Bidens radiata",1,"http://abiris.snv.jussieu.fr/flore/descriptions/Bident_rayonnant.html");
insert into taxonomy (lang, taxon, searched_taxon, fleur_fk) values ("fr","Bident rayonnant","bident rayonnant",94);
insert into taxonomy (lang, taxon, searched_taxon, fleur_fk) values ("la","Bidens radiata","bidens radiata",94);
insert into taxonomy (lang, taxon, searched_taxon, fleur_fk) values ("en","Bidens radiata","bidens radiata",94);
insert into fleur_inflorescence (fleur_fk, inflorescence_fk) values (94,0);
insert into fleur_couleur (fleur_fk, couleur_fk) values (94,3);
insert into fleur_aspect (fleur_fk, aspect_fk) values (94,4);
insert into fleur_nb_petale (fleur_fk, nb_petale_fk) values (94,1);
insert into fleur_type_feuille (fleur_fk, type_feuille_fk) values (94,1);
insert into fleur_disposition_feuille (fleur_fk, disposition_feuille_fk) values (94,1);
insert into fleur_pilosite_tige (fleur_fk, pilosite_tige_fk) values (94,0);
insert into fleur_pilosite_tige (fleur_fk, pilosite_tige_fk) values (94,1);
insert into fleur_pilosite_feuille (fleur_fk, pilosite_feuille_fk) values (94,0);
insert into fleur_pilosite_feuille (fleur_fk, pilosite_feuille_fk) values (94,1);
insert into fleur (id,directory_name,scientific_name,scientific_family_fk,doc_url) values (95,"Bident_trifoliole","Bidens tripartita",1,"http://abiris.snv.jussieu.fr/flore/descriptions/Bident_trifoliole.html");
insert into taxonomy (lang, taxon, searched_taxon, fleur_fk) values ("fr","Bident trifoliolé","bident trifoliole",95);
insert into taxonomy (lang, taxon, searched_taxon, fleur_fk) values ("fr","Bident à feuilles tripartites","bident a feuilles tripartites",95);
insert into taxonomy (lang, taxon, searched_taxon, fleur_fk) values ("fr","Bident tripartite","bident tripartite",95);
insert into taxonomy (lang, taxon, searched_taxon, fleur_fk) values ("la","Bidens tripartita","bidens tripartita",95);
insert into taxonomy (lang, taxon, searched_taxon, fleur_fk) values ("en","Trifid Bur-marigold","trifid bur-marigold",95);
insert into fleur_inflorescence (fleur_fk, inflorescence_fk) values (95,0);
insert into fleur_couleur (fleur_fk, couleur_fk) values (95,3);
insert into fleur_aspect (fleur_fk, aspect_fk) values (95,4);
insert into fleur_nb_petale (fleur_fk, nb_petale_fk) values (95,1);
insert into fleur_type_feuille (fleur_fk, type_feuille_fk) values (95,1);
insert into fleur_disposition_feuille (fleur_fk, disposition_feuille_fk) values (95,1);
insert into fleur_pilosite_tige (fleur_fk, pilosite_tige_fk) values (95,0);
insert into fleur_pilosite_tige (fleur_fk, pilosite_tige_fk) values (95,1);
insert into fleur_pilosite_feuille (fleur_fk, pilosite_feuille_fk) values (95,1);
insert into fleur_pilosite_feuille (fleur_fk, pilosite_feuille_fk) values (95,2);
insert into fleur (id,directory_name,scientific_name,scientific_family_fk,doc_url) values (96,"Blackstonie_perfoliee","Blackstonia perfoliata",13,"http://abiris.snv.jussieu.fr/flore/descriptions/Blackstonie_perfoliee.html");
insert into taxonomy (lang, taxon, searched_taxon, fleur_fk) values ("fr","Blackstonie perfoliée","blackstonie perfoliee",96);
insert into taxonomy (lang, taxon, searched_taxon, fleur_fk) values ("fr","Chlorette","chlorette",96);
insert into taxonomy (lang, taxon, searched_taxon, fleur_fk) values ("fr","Chlore perfoliée","chlore perfoliee",96);
insert into taxonomy (lang, taxon, searched_taxon, fleur_fk) values ("la","Blackstonia perfoliata","blackstonia perfoliata",96);
insert into taxonomy (lang, taxon, searched_taxon, fleur_fk) values ("en","yellow-wort","yellow-wort",96);
insert into fleur_inflorescence (fleur_fk, inflorescence_fk) values (96,0);
insert into fleur_couleur (fleur_fk, couleur_fk) values (96,3);
insert into fleur_aspect (fleur_fk, aspect_fk) values (96,6);
insert into fleur_nb_petale (fleur_fk, nb_petale_fk) values (96,4);
insert into fleur_type_feuille (fleur_fk, type_feuille_fk) values (96,3);
insert into fleur_disposition_feuille (fleur_fk, disposition_feuille_fk) values (96,1);
insert into fleur_pilosite_tige (fleur_fk, pilosite_tige_fk) values (96,0);
insert into fleur_pilosite_feuille (fleur_fk, pilosite_feuille_fk) values (96,0);
insert into fleur (id,directory_name,scientific_name,scientific_family_fk,doc_url) values (97,"Bleuet","Centaurea cyanus",1,"http://abiris.snv.jussieu.fr/flore/descriptions/Bleuet.html");
insert into taxonomy (lang, taxon, searched_taxon, fleur_fk) values ("fr","Bleuet","bleuet",97);
insert into taxonomy (lang, taxon, searched_taxon, fleur_fk) values ("la","Centaurea cyanus","centaurea cyanus",97);
insert into taxonomy (lang, taxon, searched_taxon, fleur_fk) values ("en","cornflower","cornflower",97);
insert into fleur_inflorescence (fleur_fk, inflorescence_fk) values (97,1);
insert into fleur_couleur (fleur_fk, couleur_fk) values (97,2);
insert into fleur_aspect (fleur_fk, aspect_fk) values (97,4);
insert into fleur_nb_petale (fleur_fk, nb_petale_fk) values (97,1);
insert into fleur_type_feuille (fleur_fk, type_feuille_fk) values (97,1);
insert into fleur_disposition_feuille (fleur_fk, disposition_feuille_fk) values (97,0);
insert into fleur_pilosite_tige (fleur_fk, pilosite_tige_fk) values (97,1);
insert into fleur_pilosite_feuille (fleur_fk, pilosite_feuille_fk) values (97,1);
insert into fleur (id,directory_name,scientific_name,scientific_family_fk,doc_url) values (98,"Boucage_saxifrage","Pimpinella saxifraga",0,"http://abiris.snv.jussieu.fr/flore/descriptions/Boucage_saxifrage.html");
insert into taxonomy (lang, taxon, searched_taxon, fleur_fk) values ("fr","Boucage saxifrage","boucage saxifrage",98);
insert into taxonomy (lang, taxon, searched_taxon, fleur_fk) values ("la","Pimpinella saxifraga","pimpinella saxifraga",98);
insert into taxonomy (lang, taxon, searched_taxon, fleur_fk) values ("en","burnet-saxifrage","burnet-saxifrage",98);
insert into fleur_inflorescence (fleur_fk, inflorescence_fk) values (98,0);
insert into fleur_couleur (fleur_fk, couleur_fk) values (98,0);
insert into fleur_aspect (fleur_fk, aspect_fk) values (98,0);
insert into fleur_nb_petale (fleur_fk, nb_petale_fk) values (98,0);
insert into fleur_type_feuille (fleur_fk, type_feuille_fk) values (98,0);
insert into fleur_disposition_feuille (fleur_fk, disposition_feuille_fk) values (98,0);
insert into fleur_pilosite_tige (fleur_fk, pilosite_tige_fk) values (98,1);
insert into fleur_pilosite_feuille (fleur_fk, pilosite_feuille_fk) values (98,0);
insert into fleur (id,directory_name,scientific_name,scientific_family_fk,doc_url) values (99,"Bourrache_officinale","Borago officinalis",14,"http://abiris.snv.jussieu.fr/flore/descriptions/Bourrache_officinale.html");
insert into taxonomy (lang, taxon, searched_taxon, fleur_fk) values ("fr","Bourrache officinale","bourrache officinale",99);
insert into taxonomy (lang, taxon, searched_taxon, fleur_fk) values ("la","Borago officinalis","borago officinalis",99);
insert into taxonomy (lang, taxon, searched_taxon, fleur_fk) values ("en","starflower","starflower",99);
insert into fleur_inflorescence (fleur_fk, inflorescence_fk) values (99,0);
insert into fleur_couleur (fleur_fk, couleur_fk) values (99,2);
insert into fleur_aspect (fleur_fk, aspect_fk) values (99,6);
insert into fleur_nb_petale (fleur_fk, nb_petale_fk) values (99,0);
insert into fleur_type_feuille (fleur_fk, type_feuille_fk) values (99,2);
insert into fleur_disposition_feuille (fleur_fk, disposition_feuille_fk) values (99,0);
insert into fleur_pilosite_tige (fleur_fk, pilosite_tige_fk) values (99,1);
insert into fleur_pilosite_feuille (fleur_fk, pilosite_feuille_fk) values (99,1);
insert into fleur (id,directory_name,scientific_name,scientific_family_fk,doc_url) values (101,"","Prunella laciniata",3,"http://abiris.snv.jussieu.fr/flore/descriptions/Brunelle_blanche.html");
insert into taxonomy (lang, taxon, searched_taxon, fleur_fk) values ("fr","Brunelle blanche","brunelle blanche",101);
insert into taxonomy (lang, taxon, searched_taxon, fleur_fk) values ("la","Prunella laciniata","prunella laciniata",101);
insert into taxonomy (lang, taxon, searched_taxon, fleur_fk) values ("en","Cut-leaf Self-heal","cut-leaf self-heal",101);
insert into fleur_inflorescence (fleur_fk, inflorescence_fk) values (101,0);
insert into fleur_couleur (fleur_fk, couleur_fk) values (101,0);
insert into fleur_aspect (fleur_fk, aspect_fk) values (101,3);
insert into fleur_nb_petale (fleur_fk, nb_petale_fk) values (101,2);
insert into fleur_type_feuille (fleur_fk, type_feuille_fk) values (101,3);
insert into fleur_disposition_feuille (fleur_fk, disposition_feuille_fk) values (101,1);
insert into fleur_pilosite_tige (fleur_fk, pilosite_tige_fk) values (101,1);
insert into fleur_pilosite_feuille (fleur_fk, pilosite_feuille_fk) values (101,1);
insert into fleur (id,directory_name,scientific_name,scientific_family_fk,doc_url) values (103,"","Prunella vulgaris",3,"http://abiris.snv.jussieu.fr/flore/descriptions/Brunelle_commune.html");
insert into taxonomy (lang, taxon, searched_taxon, fleur_fk) values ("fr","Brunelle commune","brunelle commune",103);
insert into taxonomy (lang, taxon, searched_taxon, fleur_fk) values ("la","Prunella vulgaris","prunella vulgaris",103);
insert into taxonomy (lang, taxon, searched_taxon, fleur_fk) values ("en"," common self-heal"," common self-heal",103);
insert into fleur_inflorescence (fleur_fk, inflorescence_fk) values (103,0);
insert into fleur_couleur (fleur_fk, couleur_fk) values (103,2);
insert into fleur_couleur (fleur_fk, couleur_fk) values (103,1);
insert into fleur_aspect (fleur_fk, aspect_fk) values (103,3);
insert into fleur_nb_petale (fleur_fk, nb_petale_fk) values (103,2);
insert into fleur_type_feuille (fleur_fk, type_feuille_fk) values (103,2);
insert into fleur_disposition_feuille (fleur_fk, disposition_feuille_fk) values (103,1);
insert into fleur_pilosite_tige (fleur_fk, pilosite_tige_fk) values (103,0);
insert into fleur_pilosite_tige (fleur_fk, pilosite_tige_fk) values (103,1);
insert into fleur_pilosite_feuille (fleur_fk, pilosite_feuille_fk) values (103,1);
insert into fleur (id,directory_name,scientific_name,scientific_family_fk,doc_url) values (104,"Brunelle_grandes_fleurs","Prunella grandiflora",3,"http://abiris.snv.jussieu.fr/flore/descriptions/Brunelle_a_grandes_fleurs.html");
insert into taxonomy (lang, taxon, searched_taxon, fleur_fk) values ("fr","Brunelle à grandes fleurs","brunelle a grandes fleurs",104);
insert into taxonomy (lang, taxon, searched_taxon, fleur_fk) values ("la","Prunella grandiflora","prunella grandiflora",104);
insert into taxonomy (lang, taxon, searched_taxon, fleur_fk) values ("en","Large Self-heal","large self-heal",104);
insert into fleur_inflorescence (fleur_fk, inflorescence_fk) values (104,0);
insert into fleur_couleur (fleur_fk, couleur_fk) values (104,2);
insert into fleur_couleur (fleur_fk, couleur_fk) values (104,1);
insert into fleur_aspect (fleur_fk, aspect_fk) values (104,3);
insert into fleur_nb_petale (fleur_fk, nb_petale_fk) values (104,2);
insert into fleur_type_feuille (fleur_fk, type_feuille_fk) values (104,2);
insert into fleur_disposition_feuille (fleur_fk, disposition_feuille_fk) values (104,1);
insert into fleur_pilosite_tige (fleur_fk, pilosite_tige_fk) values (104,1);
insert into fleur_pilosite_feuille (fleur_fk, pilosite_feuille_fk) values (104,1);
insert into fleur (id,directory_name,scientific_name,scientific_family_fk,doc_url) values (105,"Bruyere_cendree","Erica cinerea",15,"http://abiris.snv.jussieu.fr/flore/descriptions/Bruyere_cendree.html");
insert into taxonomy (lang, taxon, searched_taxon, fleur_fk) values ("fr","Bruyère cendrée","bruyere cendree",105);
insert into taxonomy (lang, taxon, searched_taxon, fleur_fk) values ("la","Erica cinerea","erica cinerea",105);
insert into taxonomy (lang, taxon, searched_taxon, fleur_fk) values ("en","bell heather","bell heather",105);
insert into fleur_inflorescence (fleur_fk, inflorescence_fk) values (105,0);
insert into fleur_couleur (fleur_fk, couleur_fk) values (105,1);
insert into fleur_particularite (fleur_fk, particularite_fk) values (105,0);
insert into fleur_aspect (fleur_fk, aspect_fk) values (105,6);
insert into fleur_nb_petale (fleur_fk, nb_petale_fk) values (105,2);
insert into fleur_type_feuille (fleur_fk, type_feuille_fk) values (105,3);
insert into fleur_disposition_feuille (fleur_fk, disposition_feuille_fk) values (105,2);
insert into fleur_pilosite_tige (fleur_fk, pilosite_tige_fk) values (105,1);
insert into fleur_pilosite_feuille (fleur_fk, pilosite_feuille_fk) values (105,0);
insert into fleur (id,directory_name,scientific_name,scientific_family_fk,doc_url) values (106,"Bryone_dioique","Bryonia dioica",16,"http://abiris.snv.jussieu.fr/flore/descriptions/Bryone_dioique.html");
insert into taxonomy (lang, taxon, searched_taxon, fleur_fk) values ("fr","Bryone dioïque","bryone dioique",106);
insert into taxonomy (lang, taxon, searched_taxon, fleur_fk) values ("la","Bryonia dioica","bryonia dioica",106);
insert into taxonomy (lang, taxon, searched_taxon, fleur_fk) values ("en","red bryony","red bryony",106);
insert into fleur_inflorescence (fleur_fk, inflorescence_fk) values (106,0);
insert into fleur_couleur (fleur_fk, couleur_fk) values (106,0);
insert into fleur_couleur (fleur_fk, couleur_fk) values (106,5);
insert into fleur_aspect (fleur_fk, aspect_fk) values (106,6);
insert into fleur_nb_petale (fleur_fk, nb_petale_fk) values (106,0);
insert into fleur_type_feuille (fleur_fk, type_feuille_fk) values (106,2);
insert into fleur_disposition_feuille (fleur_fk, disposition_feuille_fk) values (106,0);
insert into fleur_pilosite_tige (fleur_fk, pilosite_tige_fk) values (106,1);
insert into fleur_pilosite_feuille (fleur_fk, pilosite_feuille_fk) values (106,1);
insert into fleur (id,directory_name,scientific_name,scientific_family_fk,doc_url) values (107,"Bugle_Geneve","Ajuga genevensis",3,"http://abiris.snv.jussieu.fr/flore/descriptions/Bugle_de_Geneve.html");
insert into taxonomy (lang, taxon, searched_taxon, fleur_fk) values ("fr","Bugle de Genève","bugle de geneve",107);
insert into taxonomy (lang, taxon, searched_taxon, fleur_fk) values ("la","Ajuga genevensis","ajuga genevensis",107);
insert into taxonomy (lang, taxon, searched_taxon, fleur_fk) values ("en","blue bugle","blue bugle",107);
insert into fleur_inflorescence (fleur_fk, inflorescence_fk) values (107,0);
insert into fleur_couleur (fleur_fk, couleur_fk) values (107,2);
insert into fleur_aspect (fleur_fk, aspect_fk) values (107,3);
insert into fleur_nb_petale (fleur_fk, nb_petale_fk) values (107,0);
insert into fleur_type_feuille (fleur_fk, type_feuille_fk) values (107,2);
insert into fleur_disposition_feuille (fleur_fk, disposition_feuille_fk) values (107,1);
insert into fleur_pilosite_tige (fleur_fk, pilosite_tige_fk) values (107,1);
insert into fleur_pilosite_feuille (fleur_fk, pilosite_feuille_fk) values (107,1);
insert into fleur (id,directory_name,scientific_name,scientific_family_fk,doc_url) values (108,"Bugle_petit_pin","Ajuga chamaepitys",3,"http://abiris.snv.jussieu.fr/flore/descriptions/Bugle_petit_pin.html");
insert into taxonomy (lang, taxon, searched_taxon, fleur_fk) values ("fr","Bugle petit pin","bugle petit pin",108);
insert into taxonomy (lang, taxon, searched_taxon, fleur_fk) values ("fr","Ivette","ivette",108);
insert into taxonomy (lang, taxon, searched_taxon, fleur_fk) values ("la","Ajuga chamaepitys","ajuga chamaepitys",108);
insert into taxonomy (lang, taxon, searched_taxon, fleur_fk) values ("en","Yellow bugle","yellow bugle",108);
insert into fleur_inflorescence (fleur_fk, inflorescence_fk) values (108,1);
insert into fleur_couleur (fleur_fk, couleur_fk) values (108,3);
insert into fleur_aspect (fleur_fk, aspect_fk) values (108,3);
insert into fleur_nb_petale (fleur_fk, nb_petale_fk) values (108,0);
insert into fleur_type_feuille (fleur_fk, type_feuille_fk) values (108,1);
insert into fleur_disposition_feuille (fleur_fk, disposition_feuille_fk) values (108,1);
insert into fleur_pilosite_tige (fleur_fk, pilosite_tige_fk) values (108,1);
insert into fleur_pilosite_feuille (fleur_fk, pilosite_feuille_fk) values (108,1);
insert into fleur (id,directory_name,scientific_name,scientific_family_fk,doc_url) values (109,"Bugle_rampante","Ajuga reptans",3,"http://abiris.snv.jussieu.fr/flore/descriptions/Bugle_rampante.html");
insert into taxonomy (lang, taxon, searched_taxon, fleur_fk) values ("fr","Bugle rampante","bugle rampante",109);
insert into taxonomy (lang, taxon, searched_taxon, fleur_fk) values ("la","Ajuga reptans","ajuga reptans",109);
insert into taxonomy (lang, taxon, searched_taxon, fleur_fk) values ("en","common bugle","common bugle",109);
insert into fleur_inflorescence (fleur_fk, inflorescence_fk) values (109,0);
insert into fleur_couleur (fleur_fk, couleur_fk) values (109,2);
insert into fleur_particularite (fleur_fk, particularite_fk) values (109,5);
insert into fleur_aspect (fleur_fk, aspect_fk) values (109,3);
insert into fleur_nb_petale (fleur_fk, nb_petale_fk) values (109,0);
insert into fleur_type_feuille (fleur_fk, type_feuille_fk) values (109,2);
insert into fleur_disposition_feuille (fleur_fk, disposition_feuille_fk) values (109,1);
insert into fleur_pilosite_tige (fleur_fk, pilosite_tige_fk) values (109,1);
insert into fleur_pilosite_feuille (fleur_fk, pilosite_feuille_fk) values (109,1);
insert into fleur (id,directory_name,scientific_name,scientific_family_fk,doc_url) values (110,"Buglosse_champs","Anchusa arvensis",14,"http://abiris.snv.jussieu.fr/flore/descriptions/Buglosse_des_champs.html");
insert into taxonomy (lang, taxon, searched_taxon, fleur_fk) values ("fr","Buglosse des champs","buglosse des champs",110);
insert into taxonomy (lang, taxon, searched_taxon, fleur_fk) values ("fr","Petit buglosse","petit buglosse",110);
insert into taxonomy (lang, taxon, searched_taxon, fleur_fk) values ("la","Anchusa arvensis","anchusa arvensis",110);
insert into taxonomy (lang, taxon, searched_taxon, fleur_fk) values ("en","small bugloss","small bugloss",110);
insert into fleur_inflorescence (fleur_fk, inflorescence_fk) values (110,0);
insert into fleur_couleur (fleur_fk, couleur_fk) values (110,2);
insert into fleur_aspect (fleur_fk, aspect_fk) values (110,6);
insert into fleur_nb_petale (fleur_fk, nb_petale_fk) values (110,0);
insert into fleur_type_feuille (fleur_fk, type_feuille_fk) values (110,2);
insert into fleur_disposition_feuille (fleur_fk, disposition_feuille_fk) values (110,0);
insert into fleur_pilosite_tige (fleur_fk, pilosite_tige_fk) values (110,1);
insert into fleur_pilosite_feuille (fleur_fk, pilosite_feuille_fk) values (110,1);
insert into fleur (id,directory_name,scientific_name,scientific_family_fk,doc_url) values (111,"Bugrane_rampante","Ononis spinosa var. procurrens",12,"http://abiris.snv.jussieu.fr/flore/descriptions/Bugrane_rampante.html");
insert into taxonomy (lang, taxon, searched_taxon, fleur_fk) values ("fr","Bugrane rampante","bugrane rampante",111);
insert into taxonomy (lang, taxon, searched_taxon, fleur_fk) values ("fr","Arrête-boeuf","arrete-boeuf",111);
insert into taxonomy (lang, taxon, searched_taxon, fleur_fk) values ("la","Ononis spinosa var. procurrens","ononis spinosa var. procurrens",111);
insert into taxonomy (lang, taxon, searched_taxon, fleur_fk) values ("en","common rest-harrow","common rest-harrow",111);
insert into fleur_inflorescence (fleur_fk, inflorescence_fk) values (111,1);
insert into fleur_couleur (fleur_fk, couleur_fk) values (111,1);
insert into fleur_particularite (fleur_fk, particularite_fk) values (111,4);
insert into fleur_aspect (fleur_fk, aspect_fk) values (111,2);
insert into fleur_nb_petale (fleur_fk, nb_petale_fk) values (111,0);
insert into fleur_type_feuille (fleur_fk, type_feuille_fk) values (111,0);
insert into fleur_disposition_feuille (fleur_fk, disposition_feuille_fk) values (111,0);
insert into fleur_pilosite_tige (fleur_fk, pilosite_tige_fk) values (111,1);
insert into fleur_pilosite_feuille (fleur_fk, pilosite_feuille_fk) values (111,1);
insert into fleur (id,directory_name,scientific_name,scientific_family_fk,doc_url) values (112,"Buplevre_en_faux","Bupleurum falcatum",0,"http://abiris.snv.jussieu.fr/flore/descriptions/Buplevre_en_faux.html");
insert into taxonomy (lang, taxon, searched_taxon, fleur_fk) values ("fr","Buplèvre en faux","buplevre en faux",112);
insert into taxonomy (lang, taxon, searched_taxon, fleur_fk) values ("la","Bupleurum falcatum","bupleurum falcatum",112);
insert into taxonomy (lang, taxon, searched_taxon, fleur_fk) values ("en","Chinese Thoroughwax","chinese thoroughwax",112);
insert into fleur_inflorescence (fleur_fk, inflorescence_fk) values (112,0);
insert into fleur_couleur (fleur_fk, couleur_fk) values (112,3);
insert into fleur_aspect (fleur_fk, aspect_fk) values (112,0);
insert into fleur_nb_petale (fleur_fk, nb_petale_fk) values (112,0);
insert into fleur_type_feuille (fleur_fk, type_feuille_fk) values (112,3);
insert into fleur_disposition_feuille (fleur_fk, disposition_feuille_fk) values (112,0);
insert into fleur_pilosite_tige (fleur_fk, pilosite_tige_fk) values (112,0);
insert into fleur_pilosite_feuille (fleur_fk, pilosite_feuille_fk) values (112,0);
insert into fleur (id,directory_name,scientific_name,scientific_family_fk,doc_url) values (113,"Butome_ombelle","Butomus umbellatus",17,"http://abiris.snv.jussieu.fr/flore/descriptions/Butome_en_ombelle.html");
insert into taxonomy (lang, taxon, searched_taxon, fleur_fk) values ("fr","Butome en ombelle","butome en ombelle",113);
insert into taxonomy (lang, taxon, searched_taxon, fleur_fk) values ("fr","Jonc fleuri","jonc fleuri",113);
insert into taxonomy (lang, taxon, searched_taxon, fleur_fk) values ("la","Butomus umbellatus","butomus umbellatus",113);
insert into taxonomy (lang, taxon, searched_taxon, fleur_fk) values ("en","flowering rush","flowering rush",113);
insert into fleur_inflorescence (fleur_fk, inflorescence_fk) values (113,0);
insert into fleur_couleur (fleur_fk, couleur_fk) values (113,1);
insert into fleur_aspect (fleur_fk, aspect_fk) values (113,2);
insert into fleur_nb_petale (fleur_fk, nb_petale_fk) values (113,3);
insert into fleur_type_feuille (fleur_fk, type_feuille_fk) values (113,3);
insert into fleur_disposition_feuille (fleur_fk, disposition_feuille_fk) values (113,3);
insert into fleur_pilosite_tige (fleur_fk, pilosite_tige_fk) values (113,0);
insert into fleur_pilosite_feuille (fleur_fk, pilosite_feuille_fk) values (113,0);
insert into fleur (id,directory_name,scientific_name,scientific_family_fk,doc_url) values (114,"Calament_des_bois","Calamintha menthifolia",3,"http://abiris.snv.jussieu.fr/flore/descriptions/Calament_des_bois.html");
insert into taxonomy (lang, taxon, searched_taxon, fleur_fk) values ("fr","Calament des bois","calament des bois",114);
insert into taxonomy (lang, taxon, searched_taxon, fleur_fk) values ("fr","Sarriette à feuilles de menthe","sarriette a feuilles de menthe",114);
insert into taxonomy (lang, taxon, searched_taxon, fleur_fk) values ("fr","Calament à feuilles de menthe","calament a feuilles de menthe",114);
insert into taxonomy (lang, taxon, searched_taxon, fleur_fk) values ("la","Calamintha menthifolia","calamintha menthifolia",114);
insert into taxonomy (lang, taxon, searched_taxon, fleur_fk) values ("la","Calamintha officinalis subsp. sylvatica","calamintha officinalis subsp. sylvatica",114);
insert into taxonomy (lang, taxon, searched_taxon, fleur_fk) values ("en","Wood calamint","wood calamint",114);
insert into fleur_inflorescence (fleur_fk, inflorescence_fk) values (114,0);
insert into fleur_couleur (fleur_fk, couleur_fk) values (114,1);
insert into fleur_aspect (fleur_fk, aspect_fk) values (114,3);
insert into fleur_nb_petale (fleur_fk, nb_petale_fk) values (114,0);
insert into fleur_type_feuille (fleur_fk, type_feuille_fk) values (114,2);
insert into fleur_disposition_feuille (fleur_fk, disposition_feuille_fk) values (114,1);
insert into fleur_pilosite_tige (fleur_fk, pilosite_tige_fk) values (114,1);
insert into fleur_pilosite_feuille (fleur_fk, pilosite_feuille_fk) values (114,1);
insert into fleur (id,directory_name,scientific_name,scientific_family_fk,doc_url) values (115,"Callune","Calluna vulgaris",15,"http://www.tela-botanica.org/bdtfx-nn-12262-synthese");
insert into taxonomy (lang, taxon, searched_taxon, fleur_fk) values ("fr","Callune","callune",115);
insert into taxonomy (lang, taxon, searched_taxon, fleur_fk) values ("fr","Bruyère commune","bruyere commune",115);
insert into taxonomy (lang, taxon, searched_taxon, fleur_fk) values ("la","Calluna vulgaris","calluna vulgaris",115);
insert into taxonomy (lang, taxon, searched_taxon, fleur_fk) values ("en","common heather","common heather",115);
insert into fleur_inflorescence (fleur_fk, inflorescence_fk) values (115,0);
insert into fleur_couleur (fleur_fk, couleur_fk) values (115,1);
insert into fleur_aspect (fleur_fk, aspect_fk) values (115,0);
insert into fleur_nb_petale (fleur_fk, nb_petale_fk) values (115,2);
insert into fleur_type_feuille (fleur_fk, type_feuille_fk) values (115,3);
insert into fleur_disposition_feuille (fleur_fk, disposition_feuille_fk) values (115,1);
insert into fleur_pilosite_tige (fleur_fk, pilosite_tige_fk) values (115,1);
insert into fleur_pilosite_feuille (fleur_fk, pilosite_feuille_fk) values (115,0);
insert into fleur (id,directory_name,scientific_name,scientific_family_fk,doc_url) values (116,"Campanule_feuilles_pecher","Campanula persicifolia",18,"http://abiris.snv.jussieu.fr/flore/descriptions/Campanule_a_feuilles_de_pecher.html");
insert into taxonomy (lang, taxon, searched_taxon, fleur_fk) values ("fr","Campanule à feuilles de pêcher","campanule a feuilles de pecher",116);
insert into taxonomy (lang, taxon, searched_taxon, fleur_fk) values ("la","Campanula persicifolia","campanula persicifolia",116);
insert into taxonomy (lang, taxon, searched_taxon, fleur_fk) values ("en","Peach-leaved bellflower","peach-leaved bellflower",116);
insert into fleur_inflorescence (fleur_fk, inflorescence_fk) values (116,0);
insert into fleur_couleur (fleur_fk, couleur_fk) values (116,2);
insert into fleur_particularite (fleur_fk, particularite_fk) values (116,0);
insert into fleur_aspect (fleur_fk, aspect_fk) values (116,6);
insert into fleur_nb_petale (fleur_fk, nb_petale_fk) values (116,0);
insert into fleur_type_feuille (fleur_fk, type_feuille_fk) values (116,2);
insert into fleur_disposition_feuille (fleur_fk, disposition_feuille_fk) values (116,0);
insert into fleur_pilosite_tige (fleur_fk, pilosite_tige_fk) values (116,0);
insert into fleur_pilosite_feuille (fleur_fk, pilosite_feuille_fk) values (116,0);
insert into fleur (id,directory_name,scientific_name,scientific_family_fk,doc_url) values (117,"Campanule_agglomeree","Campanula glomerata",18,"http://abiris.snv.jussieu.fr/flore/descriptions/Campanule_agglomeree.html");
insert into taxonomy (lang, taxon, searched_taxon, fleur_fk) values ("fr","Campanule agglomérée","campanule agglomeree",117);
insert into taxonomy (lang, taxon, searched_taxon, fleur_fk) values ("fr","Ganteline ","ganteline ",117);
insert into taxonomy (lang, taxon, searched_taxon, fleur_fk) values ("la","Campanula glomerata","campanula glomerata",117);
insert into taxonomy (lang, taxon, searched_taxon, fleur_fk) values ("en","Clustered bellflower","clustered bellflower",117);
insert into fleur_couleur (fleur_fk, couleur_fk) values (117,2);
insert into fleur_particularite (fleur_fk, particularite_fk) values (117,0);
insert into fleur_aspect (fleur_fk, aspect_fk) values (117,6);
insert into fleur_nb_petale (fleur_fk, nb_petale_fk) values (117,0);
insert into fleur_type_feuille (fleur_fk, type_feuille_fk) values (117,2);
insert into fleur_disposition_feuille (fleur_fk, disposition_feuille_fk) values (117,0);
insert into fleur_pilosite_tige (fleur_fk, pilosite_tige_fk) values (117,1);
insert into fleur_pilosite_feuille (fleur_fk, pilosite_feuille_fk) values (117,1);
insert into fleur (id,directory_name,scientific_name,scientific_family_fk,doc_url) values (118,"Campanule_gantelee","Campanula trachelium",18,"http://abiris.snv.jussieu.fr/flore/descriptions/Campanule_gantelee.html");
insert into taxonomy (lang, taxon, searched_taxon, fleur_fk) values ("fr","Campanule gantelée","campanule gantelee",118);
insert into taxonomy (lang, taxon, searched_taxon, fleur_fk) values ("fr","Campanule à feuilles d'ortie","campanule a feuilles d'ortie",118);
insert into taxonomy (lang, taxon, searched_taxon, fleur_fk) values ("la","Campanula trachelium","campanula trachelium",118);
insert into taxonomy (lang, taxon, searched_taxon, fleur_fk) values ("en","nettle-leaved bellflower","nettle-leaved bellflower",118);
insert into fleur_inflorescence (fleur_fk, inflorescence_fk) values (118,0);
insert into fleur_couleur (fleur_fk, couleur_fk) values (118,2);
insert into fleur_particularite (fleur_fk, particularite_fk) values (118,0);
insert into fleur_aspect (fleur_fk, aspect_fk) values (118,6);
insert into fleur_nb_petale (fleur_fk, nb_petale_fk) values (118,0);
insert into fleur_type_feuille (fleur_fk, type_feuille_fk) values (118,2);
insert into fleur_disposition_feuille (fleur_fk, disposition_feuille_fk) values (118,0);
insert into fleur_pilosite_tige (fleur_fk, pilosite_tige_fk) values (118,1);
insert into fleur_pilosite_feuille (fleur_fk, pilosite_feuille_fk) values (118,1);
insert into fleur (id,directory_name,scientific_name,scientific_family_fk,doc_url) values (119,"Campanule_raiponce","Campanula rapunculus",18,"http://abiris.snv.jussieu.fr/flore/descriptions/Campanule_raiponce.html");
insert into taxonomy (lang, taxon, searched_taxon, fleur_fk) values ("fr","Campanule raiponce","campanule raiponce",119);
insert into taxonomy (lang, taxon, searched_taxon, fleur_fk) values ("la","Campanula rapunculus","campanula rapunculus",119);
insert into taxonomy (lang, taxon, searched_taxon, fleur_fk) values ("en","rampion bellflower","rampion bellflower",119);
insert into fleur_inflorescence (fleur_fk, inflorescence_fk) values (119,0);
insert into fleur_couleur (fleur_fk, couleur_fk) values (119,2);
insert into fleur_particularite (fleur_fk, particularite_fk) values (119,0);
insert into fleur_aspect (fleur_fk, aspect_fk) values (119,6);
insert into fleur_nb_petale (fleur_fk, nb_petale_fk) values (119,0);
insert into fleur_type_feuille (fleur_fk, type_feuille_fk) values (119,3);
insert into fleur_disposition_feuille (fleur_fk, disposition_feuille_fk) values (119,0);
insert into fleur_pilosite_tige (fleur_fk, pilosite_tige_fk) values (119,1);
insert into fleur_pilosite_feuille (fleur_fk, pilosite_feuille_fk) values (119,1);
insert into fleur_pilosite_feuille (fleur_fk, pilosite_feuille_fk) values (119,2);
insert into fleur (id,directory_name,scientific_name,scientific_family_fk,doc_url) values (120,"Campanule_fausse_raiponce","Campanula rapunculoides",18,"http://abiris.snv.jussieu.fr/flore/descriptions/Campanule_fausse_raiponce.html");
insert into taxonomy (lang, taxon, searched_taxon, fleur_fk) values ("fr","Campanule fausse raiponce","campanule fausse raiponce",120);
insert into taxonomy (lang, taxon, searched_taxon, fleur_fk) values ("la","Campanula rapunculoides","campanula rapunculoides",120);
insert into fleur_inflorescence (fleur_fk, inflorescence_fk) values (120,0);
insert into fleur_couleur (fleur_fk, couleur_fk) values (120,2);
insert into fleur_particularite (fleur_fk, particularite_fk) values (120,0);
insert into fleur_aspect (fleur_fk, aspect_fk) values (120,6);
insert into fleur_nb_petale (fleur_fk, nb_petale_fk) values (120,0);
insert into fleur_type_feuille (fleur_fk, type_feuille_fk) values (120,2);
insert into fleur_disposition_feuille (fleur_fk, disposition_feuille_fk) values (120,0);
insert into fleur_pilosite_tige (fleur_fk, pilosite_tige_fk) values (120,1);
insert into fleur_pilosite_feuille (fleur_fk, pilosite_feuille_fk) values (120,1);
insert into fleur (id,directory_name,scientific_name,scientific_family_fk,doc_url) values (121,"Capselle","Capsella bursa-pastoris",7,"http://abiris.snv.jussieu.fr/flore/descriptions/Capselle_bourse_a_pasteur.html");
insert into taxonomy (lang, taxon, searched_taxon, fleur_fk) values ("fr","Capselle bourse à pasteur","capselle bourse a pasteur",121);
insert into taxonomy (lang, taxon, searched_taxon, fleur_fk) values ("fr","Bourse à pasteur","bourse a pasteur",121);
insert into taxonomy (lang, taxon, searched_taxon, fleur_fk) values ("la","Capsella bursa-pastoris","capsella bursa-pastoris",121);
insert into taxonomy (lang, taxon, searched_taxon, fleur_fk) values ("en","shepherd's-purse","shepherd's-purse",121);
insert into fleur_inflorescence (fleur_fk, inflorescence_fk) values (121,0);
insert into fleur_couleur (fleur_fk, couleur_fk) values (121,0);
insert into fleur_particularite (fleur_fk, particularite_fk) values (121,0);
insert into fleur_aspect (fleur_fk, aspect_fk) values (121,0);
insert into fleur_nb_petale (fleur_fk, nb_petale_fk) values (121,2);
insert into fleur_type_feuille (fleur_fk, type_feuille_fk) values (121,1);
insert into fleur_type_feuille (fleur_fk, type_feuille_fk) values (121,2);
insert into fleur_disposition_feuille (fleur_fk, disposition_feuille_fk) values (121,0);
insert into fleur_pilosite_tige (fleur_fk, pilosite_tige_fk) values (121,0);
insert into fleur_pilosite_feuille (fleur_fk, pilosite_feuille_fk) values (121,1);
insert into fleur (id,directory_name,scientific_name,scientific_family_fk,doc_url) values (122,"Cardamine_pres","Cardamine pratensis",7,"http://abiris.snv.jussieu.fr/flore/descriptions/Cardamine_des_pres.html");
insert into taxonomy (lang, taxon, searched_taxon, fleur_fk) values ("fr","Cardamine des prés","cardamine des pres",122);
insert into taxonomy (lang, taxon, searched_taxon, fleur_fk) values ("fr","Cressonnette","cressonnette",122);
insert into taxonomy (lang, taxon, searched_taxon, fleur_fk) values ("la","Cardamine pratensis","cardamine pratensis",122);
insert into taxonomy (lang, taxon, searched_taxon, fleur_fk) values ("en","cuckoo flower","cuckoo flower",122);
insert into fleur_inflorescence (fleur_fk, inflorescence_fk) values (122,0);
insert into fleur_couleur (fleur_fk, couleur_fk) values (122,1);
insert into fleur_aspect (fleur_fk, aspect_fk) values (122,0);
insert into fleur_nb_petale (fleur_fk, nb_petale_fk) values (122,2);
insert into fleur_type_feuille (fleur_fk, type_feuille_fk) values (122,1);
insert into fleur_disposition_feuille (fleur_fk, disposition_feuille_fk) values (122,0);
insert into fleur_pilosite_tige (fleur_fk, pilosite_tige_fk) values (122,0);
insert into fleur_pilosite_feuille (fleur_fk, pilosite_feuille_fk) values (122,0);
insert into fleur (id,directory_name,scientific_name,scientific_family_fk,doc_url) values (123,"Cardamine_hirsute","Cardamine hirsuta",7,"http://abiris.snv.jussieu.fr/flore/descriptions/Cardamine_hirsute.html");
insert into taxonomy (lang, taxon, searched_taxon, fleur_fk) values ("fr","Cardamine hirsute","cardamine hirsute",123);
insert into taxonomy (lang, taxon, searched_taxon, fleur_fk) values ("fr","Cardamine hérissée","cardamine herissee",123);
insert into taxonomy (lang, taxon, searched_taxon, fleur_fk) values ("la","Cardamine hirsuta","cardamine hirsuta",123);
insert into taxonomy (lang, taxon, searched_taxon, fleur_fk) values ("en","Hairy bittercress","hairy bittercress",123);
insert into fleur_inflorescence (fleur_fk, inflorescence_fk) values (123,0);
insert into fleur_couleur (fleur_fk, couleur_fk) values (123,0);
insert into fleur_aspect (fleur_fk, aspect_fk) values (123,0);
insert into fleur_nb_petale (fleur_fk, nb_petale_fk) values (123,2);
insert into fleur_type_feuille (fleur_fk, type_feuille_fk) values (123,1);
insert into fleur_disposition_feuille (fleur_fk, disposition_feuille_fk) values (123,0);
insert into fleur_pilosite_tige (fleur_fk, pilosite_tige_fk) values (123,0);
insert into fleur_pilosite_feuille (fleur_fk, pilosite_feuille_fk) values (123,0);
insert into fleur (id,directory_name,scientific_name,scientific_family_fk,doc_url) values (124,"Cardamine_impatiente","Cardamine impatiens",7,"http://abiris.snv.jussieu.fr/flore/descriptions/Cardamine_impatiente.html");
insert into taxonomy (lang, taxon, searched_taxon, fleur_fk) values ("fr","Cardamine impatiente","cardamine impatiente",124);
insert into taxonomy (lang, taxon, searched_taxon, fleur_fk) values ("fr","Herbe au Diable","herbe au diable",124);
insert into taxonomy (lang, taxon, searched_taxon, fleur_fk) values ("fr","Cardamine irritable","cardamine irritable",124);
insert into taxonomy (lang, taxon, searched_taxon, fleur_fk) values ("la","Cardamine impatiens","cardamine impatiens",124);
insert into taxonomy (lang, taxon, searched_taxon, fleur_fk) values ("en","narrow-leaved bittercress","narrow-leaved bittercress",124);
insert into fleur_inflorescence (fleur_fk, inflorescence_fk) values (124,0);
insert into fleur_couleur (fleur_fk, couleur_fk) values (124,0);
insert into fleur_couleur (fleur_fk, couleur_fk) values (124,5);
insert into fleur_aspect (fleur_fk, aspect_fk) values (124,0);
insert into fleur_nb_petale (fleur_fk, nb_petale_fk) values (124,2);
insert into fleur_type_feuille (fleur_fk, type_feuille_fk) values (124,0);
insert into fleur_disposition_feuille (fleur_fk, disposition_feuille_fk) values (124,0);
insert into fleur_pilosite_tige (fleur_fk, pilosite_tige_fk) values (124,0);
insert into fleur_pilosite_feuille (fleur_fk, pilosite_feuille_fk) values (124,0);
insert into fleur (id,directory_name,scientific_name,scientific_family_fk,doc_url) values (125,"Cardere_sauvage","Dipsacus fullonum",19,"http://abiris.snv.jussieu.fr/flore/descriptions/Cardere_sauvage.html");
insert into taxonomy (lang, taxon, searched_taxon, fleur_fk) values ("fr","Cardère sauvage","cardere sauvage",125);
insert into taxonomy (lang, taxon, searched_taxon, fleur_fk) values ("fr","Cabaret des oiseaux","cabaret des oiseaux",125);
insert into taxonomy (lang, taxon, searched_taxon, fleur_fk) values ("la","Dipsacus fullonum","dipsacus fullonum",125);
insert into taxonomy (lang, taxon, searched_taxon, fleur_fk) values ("en","Fuller's teasel","fuller's teasel",125);
insert into fleur_inflorescence (fleur_fk, inflorescence_fk) values (125,1);
insert into fleur_couleur (fleur_fk, couleur_fk) values (125,1);
insert into fleur_aspect (fleur_fk, aspect_fk) values (125,4);
insert into fleur_nb_petale (fleur_fk, nb_petale_fk) values (125,1);
insert into fleur_type_feuille (fleur_fk, type_feuille_fk) values (125,2);
insert into fleur_disposition_feuille (fleur_fk, disposition_feuille_fk) values (125,1);
insert into fleur_pilosite_tige (fleur_fk, pilosite_tige_fk) values (125,2);
insert into fleur_pilosite_feuille (fleur_fk, pilosite_feuille_fk) values (125,0);
insert into fleur (id,directory_name,scientific_name,scientific_family_fk,doc_url) values (126,"Carotte_sauvage","Daucus carota",0,"http://abiris.snv.jussieu.fr/flore/descriptions/Carotte_sauvage.html");
insert into taxonomy (lang, taxon, searched_taxon, fleur_fk) values ("fr","Carotte sauvage","carotte sauvage",126);
insert into taxonomy (lang, taxon, searched_taxon, fleur_fk) values ("la","Daucus carota","daucus carota",126);
insert into taxonomy (lang, taxon, searched_taxon, fleur_fk) values ("en","wild carrot","wild carrot",126);
insert into fleur_inflorescence (fleur_fk, inflorescence_fk) values (126,0);
insert into fleur_couleur (fleur_fk, couleur_fk) values (126,0);
insert into fleur_aspect (fleur_fk, aspect_fk) values (126,0);
insert into fleur_aspect (fleur_fk, aspect_fk) values (126,2);
insert into fleur_nb_petale (fleur_fk, nb_petale_fk) values (126,0);
insert into fleur_type_feuille (fleur_fk, type_feuille_fk) values (126,0);
insert into fleur_disposition_feuille (fleur_fk, disposition_feuille_fk) values (126,0);
insert into fleur_pilosite_tige (fleur_fk, pilosite_tige_fk) values (126,1);
insert into fleur_pilosite_feuille (fleur_fk, pilosite_feuille_fk) values (126,2);
insert into fleur (id,directory_name,scientific_name,scientific_family_fk,doc_url) values (127,"Centauree_jacee","Centaurea jacea",1,"http://abiris.snv.jussieu.fr/flore/descriptions/Centauree_jacee.html");
insert into taxonomy (lang, taxon, searched_taxon, fleur_fk) values ("fr","Centaurée jacée","centauree jacee",127);
insert into taxonomy (lang, taxon, searched_taxon, fleur_fk) values ("fr","Tête de moineau","tete de moineau",127);
insert into taxonomy (lang, taxon, searched_taxon, fleur_fk) values ("la","Centaurea jacea","centaurea jacea",127);
insert into taxonomy (lang, taxon, searched_taxon, fleur_fk) values ("en","Brown Knapweed","brown knapweed",127);
insert into fleur_inflorescence (fleur_fk, inflorescence_fk) values (127,1);
insert into fleur_couleur (fleur_fk, couleur_fk) values (127,1);
insert into fleur_aspect (fleur_fk, aspect_fk) values (127,4);
insert into fleur_nb_petale (fleur_fk, nb_petale_fk) values (127,1);
insert into fleur_type_feuille (fleur_fk, type_feuille_fk) values (127,2);
insert into fleur_disposition_feuille (fleur_fk, disposition_feuille_fk) values (127,0);
insert into fleur_pilosite_tige (fleur_fk, pilosite_tige_fk) values (127,1);
insert into fleur_pilosite_feuille (fleur_fk, pilosite_feuille_fk) values (127,1);
insert into fleur (id,directory_name,scientific_name,scientific_family_fk,doc_url) values (128,"Cephalantere_blanche","Cephalanthera damasonium",20,"http://abiris.snv.jussieu.fr/flore/descriptions/Cephalanthere_blanche.html");
insert into taxonomy (lang, taxon, searched_taxon, fleur_fk) values ("fr","Céphalanthère blanche","cephalanthere blanche",128);
insert into taxonomy (lang, taxon, searched_taxon, fleur_fk) values ("fr","Céphalanthère à grandes fleurs","cephalanthere a grandes fleurs",128);
insert into taxonomy (lang, taxon, searched_taxon, fleur_fk) values ("fr","Céphalanthère de Damas","cephalanthere de damas",128);
insert into taxonomy (lang, taxon, searched_taxon, fleur_fk) values ("la","Cephalanthera damasonium","cephalanthera damasonium",128);
insert into taxonomy (lang, taxon, searched_taxon, fleur_fk) values ("en","White Helleborine","white helleborine",128);
insert into fleur_inflorescence (fleur_fk, inflorescence_fk) values (128,0);
insert into fleur_couleur (fleur_fk, couleur_fk) values (128,0);
insert into fleur_particularite (fleur_fk, particularite_fk) values (128,6);
insert into fleur_aspect (fleur_fk, aspect_fk) values (128,2);
insert into fleur_nb_petale (fleur_fk, nb_petale_fk) values (128,3);
insert into fleur_type_feuille (fleur_fk, type_feuille_fk) values (128,3);
insert into fleur_disposition_feuille (fleur_fk, disposition_feuille_fk) values (128,0);
insert into fleur_pilosite_tige (fleur_fk, pilosite_tige_fk) values (128,0);
insert into fleur_pilosite_feuille (fleur_fk, pilosite_feuille_fk) values (128,0);
insert into fleur (id,directory_name,scientific_name,scientific_family_fk,doc_url) values (129,"Cephalantere_rouge","Cephalanthera rubra",20,"http://abiris.snv.jussieu.fr/flore/descriptions/Cephalanthere_rouge.html");
insert into taxonomy (lang, taxon, searched_taxon, fleur_fk) values ("fr","Céphalanthère rouge","cephalanthere rouge",129);
insert into taxonomy (lang, taxon, searched_taxon, fleur_fk) values ("la","Cephalanthera rubra","cephalanthera rubra",129);
insert into taxonomy (lang, taxon, searched_taxon, fleur_fk) values ("en","Red Helleborine","red helleborine",129);
insert into fleur_inflorescence (fleur_fk, inflorescence_fk) values (129,0);
insert into fleur_couleur (fleur_fk, couleur_fk) values (129,1);
insert into fleur_particularite (fleur_fk, particularite_fk) values (129,6);
insert into fleur_aspect (fleur_fk, aspect_fk) values (129,2);
insert into fleur_nb_petale (fleur_fk, nb_petale_fk) values (129,3);
insert into fleur_type_feuille (fleur_fk, type_feuille_fk) values (129,3);
insert into fleur_disposition_feuille (fleur_fk, disposition_feuille_fk) values (129,0);
insert into fleur_pilosite_tige (fleur_fk, pilosite_tige_fk) values (129,1);
insert into fleur_pilosite_feuille (fleur_fk, pilosite_feuille_fk) values (129,0);
insert into fleur (id,directory_name,scientific_name,scientific_family_fk,doc_url) values (130,"Ceraiste_agglomere","Cerastium glomeratum",21,"http://abiris.snv.jussieu.fr/flore/descriptions/Ceraiste_agglomere.html");
insert into taxonomy (lang, taxon, searched_taxon, fleur_fk) values ("fr","Ceraiste aggloméré","ceraiste agglomere",130);
insert into taxonomy (lang, taxon, searched_taxon, fleur_fk) values ("la","Cerastium glomeratum","cerastium glomeratum",130);
insert into taxonomy (lang, taxon, searched_taxon, fleur_fk) values ("en","sticky mouse-ear chickweed","sticky mouse-ear chickweed",130);
insert into fleur_inflorescence (fleur_fk, inflorescence_fk) values (130,0);
insert into fleur_couleur (fleur_fk, couleur_fk) values (130,0);
insert into fleur_particularite (fleur_fk, particularite_fk) values (130,1);
insert into fleur_aspect (fleur_fk, aspect_fk) values (130,0);
insert into fleur_nb_petale (fleur_fk, nb_petale_fk) values (130,0);
insert into fleur_type_feuille (fleur_fk, type_feuille_fk) values (130,3);
insert into fleur_disposition_feuille (fleur_fk, disposition_feuille_fk) values (130,1);
insert into fleur_pilosite_tige (fleur_fk, pilosite_tige_fk) values (130,1);
insert into fleur_pilosite_feuille (fleur_fk, pilosite_feuille_fk) values (130,1);
insert into fleur (id,directory_name,scientific_name,scientific_family_fk,doc_url) values (131,"Ceraiste_commun","Cerastium fontanum",21,"http://abiris.snv.jussieu.fr/flore/descriptions/Ceraiste_commun.html");
insert into taxonomy (lang, taxon, searched_taxon, fleur_fk) values ("fr","Céraiste commun","ceraiste commun",131);
insert into taxonomy (lang, taxon, searched_taxon, fleur_fk) values ("fr","céraiste des fontaines","ceraiste des fontaines",131);
insert into taxonomy (lang, taxon, searched_taxon, fleur_fk) values ("la","Cerastium fontanum","cerastium fontanum",131);
insert into taxonomy (lang, taxon, searched_taxon, fleur_fk) values ("en","Mouse-ear chickweed","mouse-ear chickweed",131);
insert into fleur_inflorescence (fleur_fk, inflorescence_fk) values (131,0);
insert into fleur_couleur (fleur_fk, couleur_fk) values (131,0);
insert into fleur_particularite (fleur_fk, particularite_fk) values (131,1);
insert into fleur_aspect (fleur_fk, aspect_fk) values (131,0);
insert into fleur_nb_petale (fleur_fk, nb_petale_fk) values (131,0);
insert into fleur_type_feuille (fleur_fk, type_feuille_fk) values (131,3);
insert into fleur_disposition_feuille (fleur_fk, disposition_feuille_fk) values (131,1);
insert into fleur_pilosite_tige (fleur_fk, pilosite_tige_fk) values (131,1);
insert into fleur_pilosite_feuille (fleur_fk, pilosite_feuille_fk) values (131,1);
insert into fleur (id,directory_name,scientific_name,scientific_family_fk,doc_url) values (132,"Ceraiste_des_champs","Cerastium arvense",21,"http://abiris.snv.jussieu.fr/flore/descriptions/Ceraiste_des_champs.html");
insert into taxonomy (lang, taxon, searched_taxon, fleur_fk) values ("fr","Céraiste des champs","ceraiste des champs",132);
insert into taxonomy (lang, taxon, searched_taxon, fleur_fk) values ("la","Cerastium arvense","cerastium arvense",132);
insert into taxonomy (lang, taxon, searched_taxon, fleur_fk) values ("en","field chickweed","field chickweed",132);
insert into fleur_inflorescence (fleur_fk, inflorescence_fk) values (132,0);
insert into fleur_couleur (fleur_fk, couleur_fk) values (132,0);
insert into fleur_particularite (fleur_fk, particularite_fk) values (132,1);
insert into fleur_aspect (fleur_fk, aspect_fk) values (132,0);
insert into fleur_nb_petale (fleur_fk, nb_petale_fk) values (132,0);
insert into fleur_type_feuille (fleur_fk, type_feuille_fk) values (132,3);
insert into fleur_disposition_feuille (fleur_fk, disposition_feuille_fk) values (132,1);
insert into fleur_pilosite_tige (fleur_fk, pilosite_tige_fk) values (132,1);
insert into fleur_pilosite_feuille (fleur_fk, pilosite_feuille_fk) values (132,1);
insert into fleur (id,directory_name,scientific_name,scientific_family_fk,doc_url) values (133,"Cerfeuil_des_bois","Anthriscus sylvestris",0,"http://abiris.snv.jussieu.fr/flore/descriptions/Cerfeuil_des_bois.html");
insert into taxonomy (lang, taxon, searched_taxon, fleur_fk) values ("fr","Cerfeuil des bois","cerfeuil des bois",133);
insert into taxonomy (lang, taxon, searched_taxon, fleur_fk) values ("fr","Cerfeuil des prés","cerfeuil des pres",133);
insert into taxonomy (lang, taxon, searched_taxon, fleur_fk) values ("fr","Cerfeuil sauvage","cerfeuil sauvage",133);
insert into taxonomy (lang, taxon, searched_taxon, fleur_fk) values ("la","Anthriscus sylvestris","anthriscus sylvestris",133);
insert into taxonomy (lang, taxon, searched_taxon, fleur_fk) values ("en","cow parsley","cow parsley",133);
insert into fleur_inflorescence (fleur_fk, inflorescence_fk) values (133,0);
insert into fleur_couleur (fleur_fk, couleur_fk) values (133,0);
insert into fleur_aspect (fleur_fk, aspect_fk) values (133,0);
insert into fleur_aspect (fleur_fk, aspect_fk) values (133,2);
insert into fleur_nb_petale (fleur_fk, nb_petale_fk) values (133,0);
insert into fleur_type_feuille (fleur_fk, type_feuille_fk) values (133,0);
insert into fleur_disposition_feuille (fleur_fk, disposition_feuille_fk) values (133,0);
insert into fleur_pilosite_tige (fleur_fk, pilosite_tige_fk) values (133,1);
insert into fleur_pilosite_feuille (fleur_fk, pilosite_feuille_fk) values (133,1);
insert into fleur (id,directory_name,scientific_name,scientific_family_fk,doc_url) values (134,"Cherophylle_penche","Chaerophyllum temulum",0,"http://abiris.snv.jussieu.fr/flore/descriptions/Cerfeuil_penche.html");
insert into taxonomy (lang, taxon, searched_taxon, fleur_fk) values ("fr","Cerfeuil penché","cerfeuil penche",134);
insert into taxonomy (lang, taxon, searched_taxon, fleur_fk) values ("fr","Cerfeuil enivrant","cerfeuil enivrant",134);
insert into taxonomy (lang, taxon, searched_taxon, fleur_fk) values ("la","Chaerophyllum temulum","chaerophyllum temulum",134);
insert into taxonomy (lang, taxon, searched_taxon, fleur_fk) values ("en","rough chervil","rough chervil",134);
insert into fleur_inflorescence (fleur_fk, inflorescence_fk) values (134,0);
insert into fleur_couleur (fleur_fk, couleur_fk) values (134,0);
insert into fleur_particularite (fleur_fk, particularite_fk) values (134,1);
insert into fleur_aspect (fleur_fk, aspect_fk) values (134,0);
insert into fleur_aspect (fleur_fk, aspect_fk) values (134,2);
insert into fleur_nb_petale (fleur_fk, nb_petale_fk) values (134,0);
insert into fleur_type_feuille (fleur_fk, type_feuille_fk) values (134,0);
insert into fleur_disposition_feuille (fleur_fk, disposition_feuille_fk) values (134,0);
insert into fleur_pilosite_tige (fleur_fk, pilosite_tige_fk) values (134,1);
insert into fleur_pilosite_feuille (fleur_fk, pilosite_feuille_fk) values (134,1);
insert into fleur (id,directory_name,scientific_name,scientific_family_fk,doc_url) values (135,"Chanvre_cultive","Cannabis sativa",22,"http://abiris.snv.jussieu.fr/flore/descriptions/Chanvre_cultive.html");
insert into taxonomy (lang, taxon, searched_taxon, fleur_fk) values ("fr","Chanvre cultivé","chanvre cultive",135);
insert into taxonomy (lang, taxon, searched_taxon, fleur_fk) values ("fr","Cannabis","cannabis",135);
insert into taxonomy (lang, taxon, searched_taxon, fleur_fk) values ("la","Cannabis sativa","cannabis sativa",135);
insert into taxonomy (lang, taxon, searched_taxon, fleur_fk) values ("en","marijuana","marijuana",135);
insert into fleur_inflorescence (fleur_fk, inflorescence_fk) values (135,0);
insert into fleur_couleur (fleur_fk, couleur_fk) values (135,5);
insert into fleur_aspect (fleur_fk, aspect_fk) values (135,5);
insert into fleur_nb_petale (fleur_fk, nb_petale_fk) values (135,6);
insert into fleur_type_feuille (fleur_fk, type_feuille_fk) values (135,0);
insert into fleur_disposition_feuille (fleur_fk, disposition_feuille_fk) values (135,1);
insert into fleur_pilosite_tige (fleur_fk, pilosite_tige_fk) values (135,1);
insert into fleur_pilosite_feuille (fleur_fk, pilosite_feuille_fk) values (135,1);
insert into fleur (id,directory_name,scientific_name,scientific_family_fk,doc_url) values (136,"Chardon_crepu","Carduus crispus",1,"http://abiris.snv.jussieu.fr/flore/descriptions/Chardon_crepu.html");
insert into taxonomy (lang, taxon, searched_taxon, fleur_fk) values ("fr","Chardon crépu","chardon crepu",136);
insert into taxonomy (lang, taxon, searched_taxon, fleur_fk) values ("la","Carduus crispus","carduus crispus",136);
insert into taxonomy (lang, taxon, searched_taxon, fleur_fk) values ("en"," Welted thistle"," welted thistle",136);
insert into fleur_inflorescence (fleur_fk, inflorescence_fk) values (136,0);
insert into fleur_couleur (fleur_fk, couleur_fk) values (136,1);
insert into fleur_aspect (fleur_fk, aspect_fk) values (136,4);
insert into fleur_nb_petale (fleur_fk, nb_petale_fk) values (136,1);
insert into fleur_type_feuille (fleur_fk, type_feuille_fk) values (136,1);
insert into fleur_disposition_feuille (fleur_fk, disposition_feuille_fk) values (136,0);
insert into fleur_pilosite_tige (fleur_fk, pilosite_tige_fk) values (136,2);
insert into fleur_pilosite_feuille (fleur_fk, pilosite_feuille_fk) values (136,1);
insert into fleur (id,directory_name,scientific_name,scientific_family_fk,doc_url) values (137,"Chardon_penche","Carduus nutans",1,"http://abiris.snv.jussieu.fr/flore/descriptions/Chardon_penche.html");
insert into taxonomy (lang, taxon, searched_taxon, fleur_fk) values ("fr","Chardon penché","chardon penche",137);
insert into taxonomy (lang, taxon, searched_taxon, fleur_fk) values ("la","Carduus nutans","carduus nutans",137);
insert into taxonomy (lang, taxon, searched_taxon, fleur_fk) values ("en","Musk thistle","musk thistle",137);
insert into fleur_inflorescence (fleur_fk, inflorescence_fk) values (137,1);
insert into fleur_couleur (fleur_fk, couleur_fk) values (137,1);
insert into fleur_aspect (fleur_fk, aspect_fk) values (137,4);
insert into fleur_nb_petale (fleur_fk, nb_petale_fk) values (137,1);
insert into fleur_type_feuille (fleur_fk, type_feuille_fk) values (137,1);
insert into fleur_disposition_feuille (fleur_fk, disposition_feuille_fk) values (137,0);
insert into fleur_pilosite_tige (fleur_fk, pilosite_tige_fk) values (137,2);
insert into fleur_pilosite_tige (fleur_fk, pilosite_tige_fk) values (137,1);
insert into fleur_pilosite_feuille (fleur_fk, pilosite_feuille_fk) values (137,2);
insert into fleur (id,directory_name,scientific_name,scientific_family_fk,doc_url) values (138,"Chelidoine","Chelidonium majus",23,"http://abiris.snv.jussieu.fr/flore/descriptions/Chelidoine.html");
insert into taxonomy (lang, taxon, searched_taxon, fleur_fk) values ("fr","Chélidoine","chelidoine",138);
insert into taxonomy (lang, taxon, searched_taxon, fleur_fk) values ("fr","Grande Éclaire","grande eclaire",138);
insert into taxonomy (lang, taxon, searched_taxon, fleur_fk) values ("fr","Herbe aux verrues","herbe aux verrues",138);
insert into taxonomy (lang, taxon, searched_taxon, fleur_fk) values ("la","Chelidonium majus","chelidonium majus",138);
insert into taxonomy (lang, taxon, searched_taxon, fleur_fk) values ("en","greater celandine","greater celandine",138);
insert into fleur_inflorescence (fleur_fk, inflorescence_fk) values (138,1);
insert into fleur_couleur (fleur_fk, couleur_fk) values (138,3);
insert into fleur_aspect (fleur_fk, aspect_fk) values (138,0);
insert into fleur_nb_petale (fleur_fk, nb_petale_fk) values (138,2);
insert into fleur_type_feuille (fleur_fk, type_feuille_fk) values (138,1);
insert into fleur_disposition_feuille (fleur_fk, disposition_feuille_fk) values (138,0);
insert into fleur_pilosite_tige (fleur_fk, pilosite_tige_fk) values (138,1);
insert into fleur_pilosite_feuille (fleur_fk, pilosite_feuille_fk) values (138,0);
insert into fleur (id,directory_name,scientific_name,scientific_family_fk,doc_url) values (139,"Chenopode_blanc","Chenopodium album",24,"http://abiris.snv.jussieu.fr/flore/descriptions/Chenopode_blanc.html");
insert into taxonomy (lang, taxon, searched_taxon, fleur_fk) values ("fr","Chénopode blanc","chenopode blanc",139);
insert into taxonomy (lang, taxon, searched_taxon, fleur_fk) values ("fr","Ansérine blanche","anserine blanche",139);
insert into taxonomy (lang, taxon, searched_taxon, fleur_fk) values ("la","Chenopodium album","chenopodium album",139);
insert into taxonomy (lang, taxon, searched_taxon, fleur_fk) values ("en"," lamb's quarters"," lamb's quarters",139);
insert into fleur_inflorescence (fleur_fk, inflorescence_fk) values (139,0);
insert into fleur_couleur (fleur_fk, couleur_fk) values (139,5);
insert into fleur_aspect (fleur_fk, aspect_fk) values (139,5);
insert into fleur_nb_petale (fleur_fk, nb_petale_fk) values (139,6);
insert into fleur_type_feuille (fleur_fk, type_feuille_fk) values (139,2);
insert into fleur_disposition_feuille (fleur_fk, disposition_feuille_fk) values (139,0);
insert into fleur_pilosite_tige (fleur_fk, pilosite_tige_fk) values (139,0);
insert into fleur_pilosite_feuille (fleur_fk, pilosite_feuille_fk) values (139,0);
insert into fleur (id,directory_name,scientific_name,scientific_family_fk,doc_url) values (140,"Chevrefeuille_des_bois","Lonicera periclymenum",25,"http://www.tela-botanica.org/bdtfx-nn-39905-synthese");
insert into taxonomy (lang, taxon, searched_taxon, fleur_fk) values ("fr","Chèvrefeuille des bois","chevrefeuille des bois",140);
insert into taxonomy (lang, taxon, searched_taxon, fleur_fk) values ("la","Lonicera periclymenum","lonicera periclymenum",140);
insert into taxonomy (lang, taxon, searched_taxon, fleur_fk) values ("en","honeysuckle","honeysuckle",140);
insert into fleur_inflorescence (fleur_fk, inflorescence_fk) values (140,0);
insert into fleur_couleur (fleur_fk, couleur_fk) values (140,0);
insert into fleur_couleur (fleur_fk, couleur_fk) values (140,1);
insert into fleur_aspect (fleur_fk, aspect_fk) values (140,3);
insert into fleur_nb_petale (fleur_fk, nb_petale_fk) values (140,0);
insert into fleur_type_feuille (fleur_fk, type_feuille_fk) values (140,3);
insert into fleur_disposition_feuille (fleur_fk, disposition_feuille_fk) values (140,1);
insert into fleur_pilosite_tige (fleur_fk, pilosite_tige_fk) values (140,0);
insert into fleur_pilosite_feuille (fleur_fk, pilosite_feuille_fk) values (140,0);
insert into fleur (id,directory_name,scientific_name,scientific_family_fk,doc_url) values (141,"Chicoree_sauvage","Cichorium intybus",1,"http://abiris.snv.jussieu.fr/flore/descriptions/Chicoree_sauvage.html");
insert into taxonomy (lang, taxon, searched_taxon, fleur_fk) values ("fr","Chicorée sauvage","chicoree sauvage",141);
insert into taxonomy (lang, taxon, searched_taxon, fleur_fk) values ("la","Cichorium intybus","cichorium intybus",141);
insert into taxonomy (lang, taxon, searched_taxon, fleur_fk) values ("en","Common chicory","common chicory",141);
insert into fleur_inflorescence (fleur_fk, inflorescence_fk) values (141,1);
insert into fleur_couleur (fleur_fk, couleur_fk) values (141,2);
insert into fleur_aspect (fleur_fk, aspect_fk) values (141,4);
insert into fleur_nb_petale (fleur_fk, nb_petale_fk) values (141,1);
insert into fleur_type_feuille (fleur_fk, type_feuille_fk) values (141,2);
insert into fleur_disposition_feuille (fleur_fk, disposition_feuille_fk) values (141,0);
insert into fleur_pilosite_tige (fleur_fk, pilosite_tige_fk) values (141,1);
insert into fleur_pilosite_feuille (fleur_fk, pilosite_feuille_fk) values (141,0);
insert into fleur (id,directory_name,scientific_name,scientific_family_fk,doc_url) values (142,"Chondrille_tige_de_jonc","Chondrilla juncea",1,"http://abiris.snv.jussieu.fr/flore/descriptions/Chondrille_a_tiges_de_jonc.html");
insert into taxonomy (lang, taxon, searched_taxon, fleur_fk) values ("fr","Chondrille à tiges de jonc","chondrille a tiges de jonc",142);
insert into taxonomy (lang, taxon, searched_taxon, fleur_fk) values ("fr","Chondrille effilée","chondrille effilee",142);
insert into taxonomy (lang, taxon, searched_taxon, fleur_fk) values ("la","Chondrilla juncea","chondrilla juncea",142);
insert into taxonomy (lang, taxon, searched_taxon, fleur_fk) values ("en","rush skeletonweed","rush skeletonweed",142);
insert into fleur_inflorescence (fleur_fk, inflorescence_fk) values (142,0);
insert into fleur_couleur (fleur_fk, couleur_fk) values (142,3);
insert into fleur_aspect (fleur_fk, aspect_fk) values (142,4);
insert into fleur_nb_petale (fleur_fk, nb_petale_fk) values (142,1);
insert into fleur_type_feuille (fleur_fk, type_feuille_fk) values (142,1);
insert into fleur_disposition_feuille (fleur_fk, disposition_feuille_fk) values (142,0);
insert into fleur_pilosite_tige (fleur_fk, pilosite_tige_fk) values (142,0);
insert into fleur_pilosite_tige (fleur_fk, pilosite_tige_fk) values (142,1);
insert into fleur_pilosite_feuille (fleur_fk, pilosite_feuille_fk) values (142,0);
insert into fleur (id,directory_name,scientific_name,scientific_family_fk,doc_url) values (143,"Cicendie_naine","Exaculum pusillum",13,"http://abiris.snv.jussieu.fr/flore/descriptions/Cicendie_naine.html");
insert into taxonomy (lang, taxon, searched_taxon, fleur_fk) values ("fr","Cicendie naine","cicendie naine",143);
insert into taxonomy (lang, taxon, searched_taxon, fleur_fk) values ("fr","Cicendie fluette","cicendie fluette",143);
insert into taxonomy (lang, taxon, searched_taxon, fleur_fk) values ("fr","Gentiane fluette","gentiane fluette",143);
insert into taxonomy (lang, taxon, searched_taxon, fleur_fk) values ("la","Exaculum pusillum","exaculum pusillum",143);
insert into taxonomy (lang, taxon, searched_taxon, fleur_fk) values ("en","Guernsey Centaury","guernsey centaury",143);
insert into fleur_inflorescence (fleur_fk, inflorescence_fk) values (143,0);
insert into fleur_couleur (fleur_fk, couleur_fk) values (143,0);
insert into fleur_couleur (fleur_fk, couleur_fk) values (143,1);
insert into fleur_aspect (fleur_fk, aspect_fk) values (143,6);
insert into fleur_nb_petale (fleur_fk, nb_petale_fk) values (143,2);
insert into fleur_type_feuille (fleur_fk, type_feuille_fk) values (143,3);
insert into fleur_disposition_feuille (fleur_fk, disposition_feuille_fk) values (143,1);
insert into fleur_pilosite_tige (fleur_fk, pilosite_tige_fk) values (143,0);
insert into fleur_pilosite_feuille (fleur_fk, pilosite_feuille_fk) values (143,0);
insert into fleur (id,directory_name,scientific_name,scientific_family_fk,doc_url) values (144,"Cigue_tachee","Conium maculatum",0,"http://abiris.snv.jussieu.fr/flore/descriptions/Cigue_tachetee.html");
insert into taxonomy (lang, taxon, searched_taxon, fleur_fk) values ("fr","Ciguë tachetée","cigue tachetee",144);
insert into taxonomy (lang, taxon, searched_taxon, fleur_fk) values ("fr","Grande ciguë","grande cigue",144);
insert into taxonomy (lang, taxon, searched_taxon, fleur_fk) values ("la","Conium maculatum","conium maculatum",144);
insert into taxonomy (lang, taxon, searched_taxon, fleur_fk) values ("en","Hemlock","hemlock",144);
insert into fleur_inflorescence (fleur_fk, inflorescence_fk) values (144,0);
insert into fleur_couleur (fleur_fk, couleur_fk) values (144,0);
insert into fleur_aspect (fleur_fk, aspect_fk) values (144,0);
insert into fleur_aspect (fleur_fk, aspect_fk) values (144,2);
insert into fleur_nb_petale (fleur_fk, nb_petale_fk) values (144,0);
insert into fleur_type_feuille (fleur_fk, type_feuille_fk) values (144,0);
insert into fleur_disposition_feuille (fleur_fk, disposition_feuille_fk) values (144,0);
insert into fleur_pilosite_tige (fleur_fk, pilosite_tige_fk) values (144,0);
insert into fleur_pilosite_feuille (fleur_fk, pilosite_feuille_fk) values (144,0);
insert into fleur (id,directory_name,scientific_name,scientific_family_fk,doc_url) values (145,"Cirse_commun","Cirsium vulgare",1,"http://abiris.snv.jussieu.fr/flore/descriptions/Cirse_commun.html");
insert into taxonomy (lang, taxon, searched_taxon, fleur_fk) values ("fr","Cirse commun","cirse commun",145);
insert into taxonomy (lang, taxon, searched_taxon, fleur_fk) values ("fr","Chardon vulgaire","chardon vulgaire",145);
insert into taxonomy (lang, taxon, searched_taxon, fleur_fk) values ("fr"," Cirse lancéolé"," cirse lanceole",145);
insert into taxonomy (lang, taxon, searched_taxon, fleur_fk) values ("la","Cirsium vulgare","cirsium vulgare",145);
insert into taxonomy (lang, taxon, searched_taxon, fleur_fk) values ("en","Spear Thistle","spear thistle",145);
insert into fleur_inflorescence (fleur_fk, inflorescence_fk) values (145,0);
insert into fleur_couleur (fleur_fk, couleur_fk) values (145,1);
insert into fleur_aspect (fleur_fk, aspect_fk) values (145,4);
insert into fleur_nb_petale (fleur_fk, nb_petale_fk) values (145,1);
insert into fleur_type_feuille (fleur_fk, type_feuille_fk) values (145,1);
insert into fleur_disposition_feuille (fleur_fk, disposition_feuille_fk) values (145,0);
insert into fleur_pilosite_tige (fleur_fk, pilosite_tige_fk) values (145,2);
insert into fleur_pilosite_tige (fleur_fk, pilosite_tige_fk) values (145,1);
insert into fleur_pilosite_feuille (fleur_fk, pilosite_feuille_fk) values (145,1);
insert into fleur (id,directory_name,scientific_name,scientific_family_fk,doc_url) values (146,"Cirse_decoupe","Cirsium dissectum",1,"http://abiris.snv.jussieu.fr/flore/descriptions/Cirse_decoupe.html");
insert into taxonomy (lang, taxon, searched_taxon, fleur_fk) values ("fr","Cirse découpé","cirse decoupe",146);
insert into taxonomy (lang, taxon, searched_taxon, fleur_fk) values ("fr","Cirse anglais","cirse anglais",146);
insert into taxonomy (lang, taxon, searched_taxon, fleur_fk) values ("la","Cirsium dissectum","cirsium dissectum",146);
insert into taxonomy (lang, taxon, searched_taxon, fleur_fk) values ("en","Meadow Thistle","meadow thistle",146);
insert into fleur_inflorescence (fleur_fk, inflorescence_fk) values (146,1);
insert into fleur_couleur (fleur_fk, couleur_fk) values (146,1);
insert into fleur_aspect (fleur_fk, aspect_fk) values (146,4);
insert into fleur_nb_petale (fleur_fk, nb_petale_fk) values (146,1);
insert into fleur_type_feuille (fleur_fk, type_feuille_fk) values (146,1);
insert into fleur_type_feuille (fleur_fk, type_feuille_fk) values (146,2);
insert into fleur_disposition_feuille (fleur_fk, disposition_feuille_fk) values (146,0);
insert into fleur_pilosite_tige (fleur_fk, pilosite_tige_fk) values (146,1);
insert into fleur_pilosite_feuille (fleur_fk, pilosite_feuille_fk) values (146,1);
insert into fleur (id,directory_name,scientific_name,scientific_family_fk,doc_url) values (147,"Cirse_champs","Cirsium arvense",1,"http://abiris.snv.jussieu.fr/flore/descriptions/Cirse_des_champs.html");
insert into taxonomy (lang, taxon, searched_taxon, fleur_fk) values ("fr","Cirse des champs","cirse des champs",147);
insert into taxonomy (lang, taxon, searched_taxon, fleur_fk) values ("fr","Chardon des champs","chardon des champs",147);
insert into taxonomy (lang, taxon, searched_taxon, fleur_fk) values ("la","Cirsium arvense","cirsium arvense",147);
insert into taxonomy (lang, taxon, searched_taxon, fleur_fk) values ("en","Creeping Thistle","creeping thistle",147);
insert into fleur_inflorescence (fleur_fk, inflorescence_fk) values (147,0);
insert into fleur_couleur (fleur_fk, couleur_fk) values (147,1);
insert into fleur_aspect (fleur_fk, aspect_fk) values (147,4);
insert into fleur_nb_petale (fleur_fk, nb_petale_fk) values (147,1);
insert into fleur_type_feuille (fleur_fk, type_feuille_fk) values (147,2);
insert into fleur_disposition_feuille (fleur_fk, disposition_feuille_fk) values (147,0);
insert into fleur_pilosite_tige (fleur_fk, pilosite_tige_fk) values (147,0);
insert into fleur_pilosite_feuille (fleur_fk, pilosite_feuille_fk) values (147,0);
insert into fleur (id,directory_name,scientific_name,scientific_family_fk,doc_url) values (148,"Chardon_maraicher","Cirsium oleraceum",1,"http://abiris.snv.jussieu.fr/flore/descriptions/Cirse_maraicher.html");
insert into taxonomy (lang, taxon, searched_taxon, fleur_fk) values ("fr","Cirse maraîcher","cirse maraicher",148);
insert into taxonomy (lang, taxon, searched_taxon, fleur_fk) values ("fr","Cirse faux-épinard","cirse faux-epinard",148);
insert into taxonomy (lang, taxon, searched_taxon, fleur_fk) values ("la","Cirsium oleraceum","cirsium oleraceum",148);
insert into taxonomy (lang, taxon, searched_taxon, fleur_fk) values ("en","Cabbage thistle","cabbage thistle",148);
insert into fleur_inflorescence (fleur_fk, inflorescence_fk) values (148,0);
insert into fleur_couleur (fleur_fk, couleur_fk) values (148,0);
insert into fleur_aspect (fleur_fk, aspect_fk) values (148,4);
insert into fleur_nb_petale (fleur_fk, nb_petale_fk) values (148,1);
insert into fleur_type_feuille (fleur_fk, type_feuille_fk) values (148,1);
insert into fleur_disposition_feuille (fleur_fk, disposition_feuille_fk) values (148,0);
insert into fleur_pilosite_tige (fleur_fk, pilosite_tige_fk) values (148,0);
insert into fleur_pilosite_feuille (fleur_fk, pilosite_feuille_fk) values (148,1);
insert into fleur (id,directory_name,scientific_name,scientific_family_fk,doc_url) values (149,"Cirse_tubereux","Cirsium tuberosum",1,"http://abiris.snv.jussieu.fr/flore/descriptions/Cirse_tubereux.html");
insert into taxonomy (lang, taxon, searched_taxon, fleur_fk) values ("fr","Cirse tubéreux","cirse tubereux",149);
insert into taxonomy (lang, taxon, searched_taxon, fleur_fk) values ("la","Cirsium tuberosum","cirsium tuberosum",149);
insert into taxonomy (lang, taxon, searched_taxon, fleur_fk) values ("en","Tuberous Thistle","tuberous thistle",149);
insert into fleur_inflorescence (fleur_fk, inflorescence_fk) values (149,1);
insert into fleur_couleur (fleur_fk, couleur_fk) values (149,1);
insert into fleur_aspect (fleur_fk, aspect_fk) values (149,4);
insert into fleur_nb_petale (fleur_fk, nb_petale_fk) values (149,1);
insert into fleur_type_feuille (fleur_fk, type_feuille_fk) values (149,1);
insert into fleur_disposition_feuille (fleur_fk, disposition_feuille_fk) values (149,0);
insert into fleur_pilosite_tige (fleur_fk, pilosite_tige_fk) values (149,1);
insert into fleur_pilosite_feuille (fleur_fk, pilosite_feuille_fk) values (149,1);
insert into fleur (id,directory_name,scientific_name,scientific_family_fk,doc_url) values (150,"Clematite_vigne_blanche","Clematis vitalba",2,"http://abiris.snv.jussieu.fr/flore/descriptions/Clematite_vigne_blanche.html");
insert into taxonomy (lang, taxon, searched_taxon, fleur_fk) values ("fr","Clématite vigne-blanche","clematite vigne-blanche",150);
insert into taxonomy (lang, taxon, searched_taxon, fleur_fk) values ("fr","Clématite des haies","clematite des haies",150);
insert into taxonomy (lang, taxon, searched_taxon, fleur_fk) values ("la","Clematis vitalba","clematis vitalba",150);
insert into taxonomy (lang, taxon, searched_taxon, fleur_fk) values ("en","Old man's beard","old man's beard",150);
insert into fleur_inflorescence (fleur_fk, inflorescence_fk) values (150,0);
insert into fleur_couleur (fleur_fk, couleur_fk) values (150,0);
insert into fleur_aspect (fleur_fk, aspect_fk) values (150,0);
insert into fleur_nb_petale (fleur_fk, nb_petale_fk) values (150,2);
insert into fleur_nb_petale (fleur_fk, nb_petale_fk) values (150,0);
insert into fleur_type_feuille (fleur_fk, type_feuille_fk) values (150,0);
insert into fleur_disposition_feuille (fleur_fk, disposition_feuille_fk) values (150,1);
insert into fleur_pilosite_tige (fleur_fk, pilosite_tige_fk) values (150,1);
insert into fleur_pilosite_feuille (fleur_fk, pilosite_feuille_fk) values (150,0);
insert into fleur (id,directory_name,scientific_name,scientific_family_fk,doc_url) values (151,"Clinopode_commun","Clinopodium vulgare",3,"http://abiris.snv.jussieu.fr/flore/descriptions/Clinopode_commun.html");
insert into taxonomy (lang, taxon, searched_taxon, fleur_fk) values ("fr","Clinopode commun","clinopode commun",151);
insert into taxonomy (lang, taxon, searched_taxon, fleur_fk) values ("fr","Calament clinopode","calament clinopode",151);
insert into taxonomy (lang, taxon, searched_taxon, fleur_fk) values ("fr","Grand basilic","grand basilic",151);
insert into taxonomy (lang, taxon, searched_taxon, fleur_fk) values ("la","Clinopodium vulgare","clinopodium vulgare",151);
insert into taxonomy (lang, taxon, searched_taxon, fleur_fk) values ("en","Wild Basil","wild basil",151);
insert into fleur_inflorescence (fleur_fk, inflorescence_fk) values (151,0);
insert into fleur_couleur (fleur_fk, couleur_fk) values (151,1);
insert into fleur_particularite (fleur_fk, particularite_fk) values (151,5);
insert into fleur_aspect (fleur_fk, aspect_fk) values (151,3);
insert into fleur_nb_petale (fleur_fk, nb_petale_fk) values (151,0);
insert into fleur_type_feuille (fleur_fk, type_feuille_fk) values (151,3);
insert into fleur_disposition_feuille (fleur_fk, disposition_feuille_fk) values (151,1);
insert into fleur_pilosite_tige (fleur_fk, pilosite_tige_fk) values (151,1);
insert into fleur_pilosite_feuille (fleur_fk, pilosite_feuille_fk) values (151,1);
insert into fleur (id,directory_name,scientific_name,scientific_family_fk,doc_url) values (152,"Colza","Brassica napus",7,"http://abiris.snv.jussieu.fr/flore/descriptions/Colza.html");
insert into taxonomy (lang, taxon, searched_taxon, fleur_fk) values ("fr","Colza","colza",152);
insert into taxonomy (lang, taxon, searched_taxon, fleur_fk) values ("la","Brassica napus","brassica napus",152);
insert into taxonomy (lang, taxon, searched_taxon, fleur_fk) values ("en","Rapeseed","rapeseed",152);
insert into fleur_inflorescence (fleur_fk, inflorescence_fk) values (152,0);
insert into fleur_couleur (fleur_fk, couleur_fk) values (152,3);
insert into fleur_aspect (fleur_fk, aspect_fk) values (152,0);
insert into fleur_nb_petale (fleur_fk, nb_petale_fk) values (152,2);
insert into fleur_type_feuille (fleur_fk, type_feuille_fk) values (152,2);
insert into fleur_disposition_feuille (fleur_fk, disposition_feuille_fk) values (152,0);
insert into fleur_pilosite_tige (fleur_fk, pilosite_tige_fk) values (152,0);
insert into fleur_pilosite_feuille (fleur_fk, pilosite_feuille_fk) values (152,0);
insert into fleur (id,directory_name,scientific_name,scientific_family_fk,doc_url) values (153,"Consoude_officinale","Symphytum officinale",14,"http://abiris.snv.jussieu.fr/flore/descriptions/Consoude_officinale.html");
insert into taxonomy (lang, taxon, searched_taxon, fleur_fk) values ("fr","Consoude officinale","consoude officinale",153);
insert into taxonomy (lang, taxon, searched_taxon, fleur_fk) values ("fr","Grande consoude","grande consoude",153);
insert into taxonomy (lang, taxon, searched_taxon, fleur_fk) values ("la","Symphytum officinale","symphytum officinale",153);
insert into taxonomy (lang, taxon, searched_taxon, fleur_fk) values ("en","Common comfrey","common comfrey",153);
insert into fleur_inflorescence (fleur_fk, inflorescence_fk) values (153,0);
insert into fleur_couleur (fleur_fk, couleur_fk) values (153,0);
insert into fleur_couleur (fleur_fk, couleur_fk) values (153,1);
insert into fleur_aspect (fleur_fk, aspect_fk) values (153,6);
insert into fleur_nb_petale (fleur_fk, nb_petale_fk) values (153,0);
insert into fleur_type_feuille (fleur_fk, type_feuille_fk) values (153,3);
insert into fleur_disposition_feuille (fleur_fk, disposition_feuille_fk) values (153,0);
insert into fleur_pilosite_tige (fleur_fk, pilosite_tige_fk) values (153,1);
insert into fleur_pilosite_feuille (fleur_fk, pilosite_feuille_fk) values (153,1);
insert into fleur (id,directory_name,scientific_name,scientific_family_fk,doc_url) values (154,"Coquelicot","Papaver rhoeas",23,"http://abiris.snv.jussieu.fr/flore/descriptions/Coquelicot.html");
insert into taxonomy (lang, taxon, searched_taxon, fleur_fk) values ("fr","Coquelicot","coquelicot",154);
insert into taxonomy (lang, taxon, searched_taxon, fleur_fk) values ("la","Papaver rhoeas","papaver rhoeas",154);
insert into taxonomy (lang, taxon, searched_taxon, fleur_fk) values ("en","Red poppy","red poppy",154);
insert into fleur_inflorescence (fleur_fk, inflorescence_fk) values (154,1);
insert into fleur_couleur (fleur_fk, couleur_fk) values (154,1);
insert into fleur_aspect (fleur_fk, aspect_fk) values (154,0);
insert into fleur_nb_petale (fleur_fk, nb_petale_fk) values (154,2);
insert into fleur_type_feuille (fleur_fk, type_feuille_fk) values (154,1);
insert into fleur_disposition_feuille (fleur_fk, disposition_feuille_fk) values (154,0);
insert into fleur_pilosite_tige (fleur_fk, pilosite_tige_fk) values (154,1);
insert into fleur_pilosite_feuille (fleur_fk, pilosite_feuille_fk) values (154,1);
insert into fleur (id,directory_name,scientific_name,scientific_family_fk,doc_url) values (155,"Coquelicot_douteux","Papaver dubium",23,"http://abiris.snv.jussieu.fr/flore/descriptions/Coquelicot_douteux.html");
insert into taxonomy (lang, taxon, searched_taxon, fleur_fk) values ("fr","Coquelicot douteux","coquelicot douteux",155);
insert into taxonomy (lang, taxon, searched_taxon, fleur_fk) values ("fr","Petit Coquelicot","petit coquelicot",155);
insert into taxonomy (lang, taxon, searched_taxon, fleur_fk) values ("la","Papaver dubium","papaver dubium",155);
insert into taxonomy (lang, taxon, searched_taxon, fleur_fk) values ("en"," Long-headed Poppy"," long-headed poppy",155);
insert into fleur_inflorescence (fleur_fk, inflorescence_fk) values (155,1);
insert into fleur_couleur (fleur_fk, couleur_fk) values (155,1);
insert into fleur_aspect (fleur_fk, aspect_fk) values (155,0);
insert into fleur_nb_petale (fleur_fk, nb_petale_fk) values (155,2);
insert into fleur_type_feuille (fleur_fk, type_feuille_fk) values (155,1);
insert into fleur_disposition_feuille (fleur_fk, disposition_feuille_fk) values (155,0);
insert into fleur_pilosite_tige (fleur_fk, pilosite_tige_fk) values (155,1);
insert into fleur_pilosite_feuille (fleur_fk, pilosite_feuille_fk) values (155,1);
insert into fleur (id,directory_name,scientific_name,scientific_family_fk,doc_url) values (156,"Coronille_bigarée","Securigera varia",12,"http://abiris.snv.jussieu.fr/flore/descriptions/Coronille_bigarree.html");
insert into taxonomy (lang, taxon, searched_taxon, fleur_fk) values ("fr","Coronille bigarrée","coronille bigarree",156);
insert into taxonomy (lang, taxon, searched_taxon, fleur_fk) values ("fr","Coronille changeante","coronille changeante",156);
insert into taxonomy (lang, taxon, searched_taxon, fleur_fk) values ("fr","Coronille variée","coronille variee",156);
insert into taxonomy (lang, taxon, searched_taxon, fleur_fk) values ("la","Securigera varia","securigera varia",156);
insert into taxonomy (lang, taxon, searched_taxon, fleur_fk) values ("en","crown vetch","crown vetch",156);
insert into fleur_inflorescence (fleur_fk, inflorescence_fk) values (156,0);
insert into fleur_couleur (fleur_fk, couleur_fk) values (156,1);
insert into fleur_couleur (fleur_fk, couleur_fk) values (156,0);
insert into fleur_particularite (fleur_fk, particularite_fk) values (156,4);
insert into fleur_aspect (fleur_fk, aspect_fk) values (156,2);
insert into fleur_nb_petale (fleur_fk, nb_petale_fk) values (156,0);
insert into fleur_type_feuille (fleur_fk, type_feuille_fk) values (156,0);
insert into fleur_disposition_feuille (fleur_fk, disposition_feuille_fk) values (156,0);
insert into fleur_pilosite_tige (fleur_fk, pilosite_tige_fk) values (156,0);
insert into fleur_pilosite_feuille (fleur_fk, pilosite_feuille_fk) values (156,0);
insert into fleur (id,directory_name,scientific_name,scientific_family_fk,doc_url) values (157,"Crepis_bisannuel","Crepis biennis",1,"http://abiris.snv.jussieu.fr/flore/descriptions/Crepis_bisannuel.html");
insert into taxonomy (lang, taxon, searched_taxon, fleur_fk) values ("fr","Crépis bisannuel","crepis bisannuel",157);
insert into taxonomy (lang, taxon, searched_taxon, fleur_fk) values ("fr","Crépide des prés","crepide des pres",157);
insert into taxonomy (lang, taxon, searched_taxon, fleur_fk) values ("fr","Crépis des prés","crepis des pres",157);
insert into taxonomy (lang, taxon, searched_taxon, fleur_fk) values ("la","Crepis biennis","crepis biennis",157);
insert into taxonomy (lang, taxon, searched_taxon, fleur_fk) values ("en","rough hawksbeard","rough hawksbeard",157);
insert into fleur_inflorescence (fleur_fk, inflorescence_fk) values (157,0);
insert into fleur_couleur (fleur_fk, couleur_fk) values (157,3);
insert into fleur_aspect (fleur_fk, aspect_fk) values (157,4);
insert into fleur_nb_petale (fleur_fk, nb_petale_fk) values (157,1);
insert into fleur_type_feuille (fleur_fk, type_feuille_fk) values (157,1);
insert into fleur_disposition_feuille (fleur_fk, disposition_feuille_fk) values (157,0);
insert into fleur_pilosite_tige (fleur_fk, pilosite_tige_fk) values (157,1);
insert into fleur_pilosite_feuille (fleur_fk, pilosite_feuille_fk) values (157,1);
insert into fleur (id,directory_name,scientific_name,scientific_family_fk,doc_url) values (158,"Crepis_capillaire","Crepis capillaris",1,"http://abiris.snv.jussieu.fr/flore/descriptions/Crepis_capillaire.html");
insert into taxonomy (lang, taxon, searched_taxon, fleur_fk) values ("fr","Crépis capillaire","crepis capillaire",158);
insert into taxonomy (lang, taxon, searched_taxon, fleur_fk) values ("fr","Crépide capillaire","crepide capillaire",158);
insert into taxonomy (lang, taxon, searched_taxon, fleur_fk) values ("fr","Crépis verdâtre","crepis verdatre",158);
insert into taxonomy (lang, taxon, searched_taxon, fleur_fk) values ("la","Crepis capillaris","crepis capillaris",158);
insert into taxonomy (lang, taxon, searched_taxon, fleur_fk) values ("en","smooth hawksbeard","smooth hawksbeard",158);
insert into fleur_inflorescence (fleur_fk, inflorescence_fk) values (158,0);
insert into fleur_couleur (fleur_fk, couleur_fk) values (158,3);
insert into fleur_aspect (fleur_fk, aspect_fk) values (158,4);
insert into fleur_nb_petale (fleur_fk, nb_petale_fk) values (158,1);
insert into fleur_type_feuille (fleur_fk, type_feuille_fk) values (158,2);
insert into fleur_disposition_feuille (fleur_fk, disposition_feuille_fk) values (158,0);
insert into fleur_pilosite_tige (fleur_fk, pilosite_tige_fk) values (158,1);
insert into fleur_pilosite_feuille (fleur_fk, pilosite_feuille_fk) values (158,0);
insert into fleur (id,directory_name,scientific_name,scientific_family_fk,doc_url) values (159,"Crepis_Nimes","Crepis sancta subsp. nemausensis",1,"http://abiris.snv.jussieu.fr/flore/descriptions/Crepis_de_Nimes.html");
insert into taxonomy (lang, taxon, searched_taxon, fleur_fk) values ("fr","Crépis de Nîmes","crepis de nimes",159);
insert into taxonomy (lang, taxon, searched_taxon, fleur_fk) values ("la","Crepis sancta subsp. nemausensis","crepis sancta subsp. nemausensis",159);
insert into taxonomy (lang, taxon, searched_taxon, fleur_fk) values ("en","french hawksbeard","french hawksbeard",159);
insert into fleur_inflorescence (fleur_fk, inflorescence_fk) values (159,0);
insert into fleur_couleur (fleur_fk, couleur_fk) values (159,3);
insert into fleur_aspect (fleur_fk, aspect_fk) values (159,4);
insert into fleur_nb_petale (fleur_fk, nb_petale_fk) values (159,1);
insert into fleur_type_feuille (fleur_fk, type_feuille_fk) values (159,1);
insert into fleur_disposition_feuille (fleur_fk, disposition_feuille_fk) values (159,3);
insert into fleur_pilosite_tige (fleur_fk, pilosite_tige_fk) values (159,1);
insert into fleur_pilosite_feuille (fleur_fk, pilosite_feuille_fk) values (159,1);
insert into fleur (id,directory_name,scientific_name,scientific_family_fk,doc_url) values (160,"Crepis_fetide","Crepis foetida",1,"http://abiris.snv.jussieu.fr/flore/descriptions/Crepis_fetide.html");
insert into taxonomy (lang, taxon, searched_taxon, fleur_fk) values ("fr","Crépis fétide","crepis fetide",160);
insert into taxonomy (lang, taxon, searched_taxon, fleur_fk) values ("fr","Crépide fétide","crepide fetide",160);
insert into taxonomy (lang, taxon, searched_taxon, fleur_fk) values ("la","Crepis foetida","crepis foetida",160);
insert into taxonomy (lang, taxon, searched_taxon, fleur_fk) values ("en","stinking hawksbeard","stinking hawksbeard",160);
insert into fleur_inflorescence (fleur_fk, inflorescence_fk) values (160,0);
insert into fleur_couleur (fleur_fk, couleur_fk) values (160,3);
insert into fleur_aspect (fleur_fk, aspect_fk) values (160,4);
insert into fleur_nb_petale (fleur_fk, nb_petale_fk) values (160,1);
insert into fleur_type_feuille (fleur_fk, type_feuille_fk) values (160,1);
insert into fleur_disposition_feuille (fleur_fk, disposition_feuille_fk) values (160,0);
insert into fleur_pilosite_tige (fleur_fk, pilosite_tige_fk) values (160,1);
insert into fleur_pilosite_feuille (fleur_fk, pilosite_feuille_fk) values (160,1);
insert into fleur (id,directory_name,scientific_name,scientific_family_fk,doc_url) values (161,"Crepis_herisse","Crepis setosa",1,"http://abiris.snv.jussieu.fr/flore/descriptions/Crepis_herisse.html");
insert into taxonomy (lang, taxon, searched_taxon, fleur_fk) values ("fr","Crépis hérissé","crepis herisse",161);
insert into taxonomy (lang, taxon, searched_taxon, fleur_fk) values ("fr","Crépide hérissée","crepide herissee",161);
insert into taxonomy (lang, taxon, searched_taxon, fleur_fk) values ("la","Crepis setosa","crepis setosa",161);
insert into taxonomy (lang, taxon, searched_taxon, fleur_fk) values ("en","bristly hawksbeard","bristly hawksbeard",161);
insert into fleur_inflorescence (fleur_fk, inflorescence_fk) values (161,0);
insert into fleur_couleur (fleur_fk, couleur_fk) values (161,3);
insert into fleur_aspect (fleur_fk, aspect_fk) values (161,4);
insert into fleur_nb_petale (fleur_fk, nb_petale_fk) values (161,1);
insert into fleur_type_feuille (fleur_fk, type_feuille_fk) values (161,1);
insert into fleur_disposition_feuille (fleur_fk, disposition_feuille_fk) values (161,0);
insert into fleur_pilosite_tige (fleur_fk, pilosite_tige_fk) values (161,1);
insert into fleur_pilosite_feuille (fleur_fk, pilosite_feuille_fk) values (161,1);
insert into fleur (id,directory_name,scientific_name,scientific_family_fk,doc_url) values (162,"Cucubale","Cucubalus baccifer",21,"http://abiris.snv.jussieu.fr/flore/descriptions/Cucubale_a_baies.html");
insert into taxonomy (lang, taxon, searched_taxon, fleur_fk) values ("fr","Cucubale à baies","cucubale a baies",162);
insert into taxonomy (lang, taxon, searched_taxon, fleur_fk) values ("fr","Coulichon","coulichon",162);
insert into taxonomy (lang, taxon, searched_taxon, fleur_fk) values ("fr","Cucubale couchée","cucubale couchee",162);
insert into taxonomy (lang, taxon, searched_taxon, fleur_fk) values ("la","Cucubalus baccifer","cucubalus baccifer",162);
insert into taxonomy (lang, taxon, searched_taxon, fleur_fk) values ("en","Berry Catchfly","berry catchfly",162);
insert into fleur_inflorescence (fleur_fk, inflorescence_fk) values (162,0);
insert into fleur_couleur (fleur_fk, couleur_fk) values (162,0);
insert into fleur_particularite (fleur_fk, particularite_fk) values (162,1);
insert into fleur_aspect (fleur_fk, aspect_fk) values (162,0);
insert into fleur_nb_petale (fleur_fk, nb_petale_fk) values (162,0);
insert into fleur_type_feuille (fleur_fk, type_feuille_fk) values (162,3);
insert into fleur_disposition_feuille (fleur_fk, disposition_feuille_fk) values (162,1);
insert into fleur_pilosite_tige (fleur_fk, pilosite_tige_fk) values (162,1);
insert into fleur_pilosite_feuille (fleur_fk, pilosite_feuille_fk) values (162,1);
insert into fleur (id,directory_name,scientific_name,scientific_family_fk,doc_url) values (163,"Datura","Datura stramonium",26,"http://abiris.snv.jussieu.fr/flore/descriptions/Datura_officinal.html");
insert into taxonomy (lang, taxon, searched_taxon, fleur_fk) values ("fr","Datura officinal","datura officinal",163);
insert into taxonomy (lang, taxon, searched_taxon, fleur_fk) values ("fr","Herbe aux taupes","herbe aux taupes",163);
insert into taxonomy (lang, taxon, searched_taxon, fleur_fk) values ("fr","Stramoine commune","stramoine commune",163);
insert into taxonomy (lang, taxon, searched_taxon, fleur_fk) values ("la","Datura stramonium","datura stramonium",163);
insert into taxonomy (lang, taxon, searched_taxon, fleur_fk) values ("en","Jimson weed","jimson weed",163);
insert into fleur_inflorescence (fleur_fk, inflorescence_fk) values (163,1);
insert into fleur_couleur (fleur_fk, couleur_fk) values (163,0);
insert into fleur_couleur (fleur_fk, couleur_fk) values (163,1);
insert into fleur_aspect (fleur_fk, aspect_fk) values (163,6);
insert into fleur_nb_petale (fleur_fk, nb_petale_fk) values (163,0);
insert into fleur_type_feuille (fleur_fk, type_feuille_fk) values (163,2);
insert into fleur_disposition_feuille (fleur_fk, disposition_feuille_fk) values (163,0);
insert into fleur_pilosite_tige (fleur_fk, pilosite_tige_fk) values (163,0);
insert into fleur_pilosite_tige (fleur_fk, pilosite_tige_fk) values (163,1);
insert into fleur_pilosite_feuille (fleur_fk, pilosite_feuille_fk) values (163,0);
insert into fleur (id,directory_name,scientific_name,scientific_family_fk,doc_url) values (164,"Dauphinelle_jardins","Consolida ajacis",2,"http://abiris.snv.jussieu.fr/flore/descriptions/Dauphinelle_des_jardins.html");
insert into taxonomy (lang, taxon, searched_taxon, fleur_fk) values ("fr","Dauphinelle des jardins","dauphinelle des jardins",164);
insert into taxonomy (lang, taxon, searched_taxon, fleur_fk) values ("fr","Pied d'alouette des jardins","pied d'alouette des jardins",164);
insert into taxonomy (lang, taxon, searched_taxon, fleur_fk) values ("fr","Dauphinelle cultivée","dauphinelle cultivee",164);
insert into taxonomy (lang, taxon, searched_taxon, fleur_fk) values ("la","Consolida ajacis","consolida ajacis",164);
insert into taxonomy (lang, taxon, searched_taxon, fleur_fk) values ("en","doubtful knight's spur","doubtful knight's spur",164);
insert into fleur_inflorescence (fleur_fk, inflorescence_fk) values (164,0);
insert into fleur_couleur (fleur_fk, couleur_fk) values (164,2);
insert into fleur_particularite (fleur_fk, particularite_fk) values (164,2);
insert into fleur_aspect (fleur_fk, aspect_fk) values (164,2);
insert into fleur_nb_petale (fleur_fk, nb_petale_fk) values (164,0);
insert into fleur_type_feuille (fleur_fk, type_feuille_fk) values (164,1);
insert into fleur_disposition_feuille (fleur_fk, disposition_feuille_fk) values (164,0);
insert into fleur_pilosite_tige (fleur_fk, pilosite_tige_fk) values (164,0);
insert into fleur_pilosite_feuille (fleur_fk, pilosite_feuille_fk) values (164,1);
insert into fleur (id,directory_name,scientific_name,scientific_family_fk,doc_url) values (165,"Digitale_jaune","Digitalis lutea",27,"http://abiris.snv.jussieu.fr/flore/descriptions/Digitale_jaune.html");
insert into taxonomy (lang, taxon, searched_taxon, fleur_fk) values ("fr","Digitale jaune","digitale jaune",165);
insert into taxonomy (lang, taxon, searched_taxon, fleur_fk) values ("la","Digitalis lutea","digitalis lutea",165);
insert into taxonomy (lang, taxon, searched_taxon, fleur_fk) values ("en","yellow foxglove","yellow foxglove",165);
insert into fleur_inflorescence (fleur_fk, inflorescence_fk) values (165,0);
insert into fleur_couleur (fleur_fk, couleur_fk) values (165,3);
insert into fleur_couleur (fleur_fk, couleur_fk) values (165,0);
insert into fleur_aspect (fleur_fk, aspect_fk) values (165,3);
insert into fleur_nb_petale (fleur_fk, nb_petale_fk) values (165,0);
insert into fleur_type_feuille (fleur_fk, type_feuille_fk) values (165,3);
insert into fleur_disposition_feuille (fleur_fk, disposition_feuille_fk) values (165,0);
insert into fleur_pilosite_tige (fleur_fk, pilosite_tige_fk) values (165,0);
insert into fleur_pilosite_feuille (fleur_fk, pilosite_feuille_fk) values (165,0);
insert into fleur (id,directory_name,scientific_name,scientific_family_fk,doc_url) values (166,"Digitale_poupre","Digitalis purpurea",27,"http://abiris.snv.jussieu.fr/flore/descriptions/Digitale_pourpre.html");
insert into taxonomy (lang, taxon, searched_taxon, fleur_fk) values ("fr","Digitale pourpre","digitale pourpre",166);
insert into taxonomy (lang, taxon, searched_taxon, fleur_fk) values ("la","Digitalis purpurea","digitalis purpurea",166);
insert into taxonomy (lang, taxon, searched_taxon, fleur_fk) values ("en","common foxglove","common foxglove",166);
insert into fleur_inflorescence (fleur_fk, inflorescence_fk) values (166,0);
insert into fleur_couleur (fleur_fk, couleur_fk) values (166,1);
insert into fleur_aspect (fleur_fk, aspect_fk) values (166,3);
insert into fleur_nb_petale (fleur_fk, nb_petale_fk) values (166,2);
insert into fleur_type_feuille (fleur_fk, type_feuille_fk) values (166,2);
insert into fleur_disposition_feuille (fleur_fk, disposition_feuille_fk) values (166,0);
insert into fleur_pilosite_tige (fleur_fk, pilosite_tige_fk) values (166,1);
insert into fleur_pilosite_feuille (fleur_fk, pilosite_feuille_fk) values (166,1);
insert into fleur (id,directory_name,scientific_name,scientific_family_fk,doc_url) values (167,"Drave_printaniere","Erophila verna",7,"http://abiris.snv.jussieu.fr/flore/descriptions/Drave_printaniere.html");
insert into taxonomy (lang, taxon, searched_taxon, fleur_fk) values ("fr","Drave printanière","drave printaniere",167);
insert into taxonomy (lang, taxon, searched_taxon, fleur_fk) values ("la","Erophila verna","erophila verna",167);
insert into taxonomy (lang, taxon, searched_taxon, fleur_fk) values ("en","common whitlowgrass","common whitlowgrass",167);
insert into fleur_inflorescence (fleur_fk, inflorescence_fk) values (167,0);
insert into fleur_couleur (fleur_fk, couleur_fk) values (167,0);
insert into fleur_particularite (fleur_fk, particularite_fk) values (167,1);
insert into fleur_aspect (fleur_fk, aspect_fk) values (167,0);
insert into fleur_nb_petale (fleur_fk, nb_petale_fk) values (167,2);
insert into fleur_type_feuille (fleur_fk, type_feuille_fk) values (167,3);
insert into fleur_disposition_feuille (fleur_fk, disposition_feuille_fk) values (167,3);
insert into fleur_pilosite_tige (fleur_fk, pilosite_tige_fk) values (167,1);
insert into fleur_pilosite_feuille (fleur_fk, pilosite_feuille_fk) values (167,1);
insert into fleur (id,directory_name,scientific_name,scientific_family_fk,doc_url) values (168,"Eperviere_piloselle","Hieracium pilosella",1,"http://abiris.snv.jussieu.fr/flore/descriptions/Eperviere_piloselle.html");
insert into taxonomy (lang, taxon, searched_taxon, fleur_fk) values ("fr","Epervière piloselle","eperviere piloselle",168);
insert into taxonomy (lang, taxon, searched_taxon, fleur_fk) values ("fr","Piloselle","piloselle",168);
insert into taxonomy (lang, taxon, searched_taxon, fleur_fk) values ("la","Hieracium pilosella","hieracium pilosella",168);
insert into taxonomy (lang, taxon, searched_taxon, fleur_fk) values ("en"," mouse-ear hawkweed"," mouse-ear hawkweed",168);
insert into fleur_inflorescence (fleur_fk, inflorescence_fk) values (168,0);
insert into fleur_couleur (fleur_fk, couleur_fk) values (168,3);
insert into fleur_aspect (fleur_fk, aspect_fk) values (168,4);
insert into fleur_nb_petale (fleur_fk, nb_petale_fk) values (168,1);
insert into fleur_type_feuille (fleur_fk, type_feuille_fk) values (168,3);
insert into fleur_disposition_feuille (fleur_fk, disposition_feuille_fk) values (168,3);
insert into fleur_pilosite_tige (fleur_fk, pilosite_tige_fk) values (168,1);
insert into fleur_pilosite_feuille (fleur_fk, pilosite_feuille_fk) values (168,1);
insert into fleur (id,directory_name,scientific_name,scientific_family_fk,doc_url) values (169,"Epiaire_annuelle","Stachys annua",3,"http://abiris.snv.jussieu.fr/flore/descriptions/Epiaire_annuelle.html");
insert into taxonomy (lang, taxon, searched_taxon, fleur_fk) values ("fr","Epiaire annuelle","epiaire annuelle",169);
insert into taxonomy (lang, taxon, searched_taxon, fleur_fk) values ("la","Stachys annua","stachys annua",169);
insert into taxonomy (lang, taxon, searched_taxon, fleur_fk) values ("en","annual woundwort","annual woundwort",169);
insert into fleur_inflorescence (fleur_fk, inflorescence_fk) values (169,0);
insert into fleur_couleur (fleur_fk, couleur_fk) values (169,0);
insert into fleur_particularite (fleur_fk, particularite_fk) values (169,5);
insert into fleur_aspect (fleur_fk, aspect_fk) values (169,3);
insert into fleur_nb_petale (fleur_fk, nb_petale_fk) values (169,2);
insert into fleur_nb_petale (fleur_fk, nb_petale_fk) values (169,0);
insert into fleur_type_feuille (fleur_fk, type_feuille_fk) values (169,2);
insert into fleur_disposition_feuille (fleur_fk, disposition_feuille_fk) values (169,1);
insert into fleur_pilosite_tige (fleur_fk, pilosite_tige_fk) values (169,1);
insert into fleur_pilosite_feuille (fleur_fk, pilosite_feuille_fk) values (169,0);
insert into fleur (id,directory_name,scientific_name,scientific_family_fk,doc_url) values (170,"Epiaire_marais","Stachys palustris",3,"http://abiris.snv.jussieu.fr/flore/descriptions/Epiaire_des_marais.html");
insert into taxonomy (lang, taxon, searched_taxon, fleur_fk) values ("fr","Epiaire des marais","epiaire des marais",170);
insert into taxonomy (lang, taxon, searched_taxon, fleur_fk) values ("la","Stachys palustris","stachys palustris",170);
insert into taxonomy (lang, taxon, searched_taxon, fleur_fk) values ("en","Marsh woundwort","marsh woundwort",170);
insert into fleur_inflorescence (fleur_fk, inflorescence_fk) values (170,0);
insert into fleur_couleur (fleur_fk, couleur_fk) values (170,1);
insert into fleur_particularite (fleur_fk, particularite_fk) values (170,5);
insert into fleur_aspect (fleur_fk, aspect_fk) values (170,3);
insert into fleur_nb_petale (fleur_fk, nb_petale_fk) values (170,2);
insert into fleur_nb_petale (fleur_fk, nb_petale_fk) values (170,0);
insert into fleur_type_feuille (fleur_fk, type_feuille_fk) values (170,2);
insert into fleur_disposition_feuille (fleur_fk, disposition_feuille_fk) values (170,1);
insert into fleur_pilosite_tige (fleur_fk, pilosite_tige_fk) values (170,1);
insert into fleur_pilosite_feuille (fleur_fk, pilosite_feuille_fk) values (170,1);
insert into fleur (id,directory_name,scientific_name,scientific_family_fk,doc_url) values (171,"Epiaire_des_forets","Stachys sylvatica",3,"http://abiris.snv.jussieu.fr/flore/descriptions/Epiaire_des_forets.html");
insert into taxonomy (lang, taxon, searched_taxon, fleur_fk) values ("fr","Epiaire des forêts","epiaire des forets",171);
insert into taxonomy (lang, taxon, searched_taxon, fleur_fk) values ("fr","Ortie puante","ortie puante",171);
insert into taxonomy (lang, taxon, searched_taxon, fleur_fk) values ("fr","Epiaire des bois","epiaire des bois",171);
insert into taxonomy (lang, taxon, searched_taxon, fleur_fk) values ("la","Stachys sylvatica","stachys sylvatica",171);
insert into taxonomy (lang, taxon, searched_taxon, fleur_fk) values ("en","Hedge woundwort","hedge woundwort",171);
insert into fleur_inflorescence (fleur_fk, inflorescence_fk) values (171,0);
insert into fleur_couleur (fleur_fk, couleur_fk) values (171,1);
insert into fleur_particularite (fleur_fk, particularite_fk) values (171,5);
insert into fleur_aspect (fleur_fk, aspect_fk) values (171,3);
insert into fleur_nb_petale (fleur_fk, nb_petale_fk) values (171,2);
insert into fleur_nb_petale (fleur_fk, nb_petale_fk) values (171,0);
insert into fleur_type_feuille (fleur_fk, type_feuille_fk) values (171,2);
insert into fleur_disposition_feuille (fleur_fk, disposition_feuille_fk) values (171,1);
insert into fleur_pilosite_tige (fleur_fk, pilosite_tige_fk) values (171,1);
insert into fleur_pilosite_feuille (fleur_fk, pilosite_feuille_fk) values (171,1);
insert into fleur (id,directory_name,scientific_name,scientific_family_fk,doc_url) values (172,"Epiaire_droite","Stachys recta",3,"http://abiris.snv.jussieu.fr/flore/descriptions/Epiaire_droite.html");
insert into taxonomy (lang, taxon, searched_taxon, fleur_fk) values ("fr","Epiaire droite","epiaire droite",172);
insert into taxonomy (lang, taxon, searched_taxon, fleur_fk) values ("la","Stachys recta","stachys recta",172);
insert into taxonomy (lang, taxon, searched_taxon, fleur_fk) values ("en","yellow woundwort","yellow woundwort",172);
insert into fleur_inflorescence (fleur_fk, inflorescence_fk) values (172,0);
insert into fleur_couleur (fleur_fk, couleur_fk) values (172,0);
insert into fleur_particularite (fleur_fk, particularite_fk) values (172,5);
insert into fleur_aspect (fleur_fk, aspect_fk) values (172,3);
insert into fleur_nb_petale (fleur_fk, nb_petale_fk) values (172,2);
insert into fleur_nb_petale (fleur_fk, nb_petale_fk) values (172,0);
insert into fleur_type_feuille (fleur_fk, type_feuille_fk) values (172,2);
insert into fleur_disposition_feuille (fleur_fk, disposition_feuille_fk) values (172,1);
insert into fleur_pilosite_tige (fleur_fk, pilosite_tige_fk) values (172,1);
insert into fleur_pilosite_feuille (fleur_fk, pilosite_feuille_fk) values (172,1);
insert into fleur (id,directory_name,scientific_name,scientific_family_fk,doc_url) values (173,"Epiaire_officinale","Stachys officinalis",3,"http://abiris.snv.jussieu.fr/flore/descriptions/Epiaire_officinale.html");
insert into taxonomy (lang, taxon, searched_taxon, fleur_fk) values ("fr","Epiaire officinale","epiaire officinale",173);
insert into taxonomy (lang, taxon, searched_taxon, fleur_fk) values ("fr","Bétoine officinale","betoine officinale",173);
insert into taxonomy (lang, taxon, searched_taxon, fleur_fk) values ("fr","Epiaire bétoine","epiaire betoine",173);
insert into taxonomy (lang, taxon, searched_taxon, fleur_fk) values ("la","Stachys officinalis","stachys officinalis",173);
insert into taxonomy (lang, taxon, searched_taxon, fleur_fk) values ("en","Betony","betony",173);
insert into fleur_inflorescence (fleur_fk, inflorescence_fk) values (173,0);
insert into fleur_couleur (fleur_fk, couleur_fk) values (173,1);
insert into fleur_aspect (fleur_fk, aspect_fk) values (173,3);
insert into fleur_nb_petale (fleur_fk, nb_petale_fk) values (173,2);
insert into fleur_nb_petale (fleur_fk, nb_petale_fk) values (173,0);
insert into fleur_type_feuille (fleur_fk, type_feuille_fk) values (173,2);
insert into fleur_disposition_feuille (fleur_fk, disposition_feuille_fk) values (173,1);
insert into fleur_pilosite_tige (fleur_fk, pilosite_tige_fk) values (173,1);
insert into fleur_pilosite_feuille (fleur_fk, pilosite_feuille_fk) values (173,1);
insert into fleur (id,directory_name,scientific_name,scientific_family_fk,doc_url) values (174,"Epilobe_petites_fleurs","Epilobium parviflorum",28,"http://abiris.snv.jussieu.fr/flore/descriptions/Epilobe_a_petites_fleurs.html");
insert into taxonomy (lang, taxon, searched_taxon, fleur_fk) values ("fr","Epilobe à petites fleurs","epilobe a petites fleurs",174);
insert into taxonomy (lang, taxon, searched_taxon, fleur_fk) values ("fr","Epilobe mollet","epilobe mollet",174);
insert into taxonomy (lang, taxon, searched_taxon, fleur_fk) values ("la","Epilobium parviflorum","epilobium parviflorum",174);
insert into taxonomy (lang, taxon, searched_taxon, fleur_fk) values ("en","Smallflower Hairy Willowherb","smallflower hairy willowherb",174);
insert into fleur_inflorescence (fleur_fk, inflorescence_fk) values (174,0);
insert into fleur_couleur (fleur_fk, couleur_fk) values (174,1);
insert into fleur_particularite (fleur_fk, particularite_fk) values (174,1);
insert into fleur_aspect (fleur_fk, aspect_fk) values (174,0);
insert into fleur_nb_petale (fleur_fk, nb_petale_fk) values (174,2);
insert into fleur_type_feuille (fleur_fk, type_feuille_fk) values (174,3);
insert into fleur_disposition_feuille (fleur_fk, disposition_feuille_fk) values (174,0);
insert into fleur_pilosite_tige (fleur_fk, pilosite_tige_fk) values (174,1);
insert into fleur_pilosite_feuille (fleur_fk, pilosite_feuille_fk) values (174,1);
insert into fleur (id,directory_name,scientific_name,scientific_family_fk,doc_url) values (175,"Epilobe_a_quatre_angles","Epilobium tetragonum",28,"http://abiris.snv.jussieu.fr/flore/descriptions/Epilobe_a_quatre_angles.html");
insert into taxonomy (lang, taxon, searched_taxon, fleur_fk) values ("fr","Epilobe à quatre angles","epilobe a quatre angles",175);
insert into taxonomy (lang, taxon, searched_taxon, fleur_fk) values ("la","Epilobium tetragonum","epilobium tetragonum",175);
insert into taxonomy (lang, taxon, searched_taxon, fleur_fk) values ("en","square-stemmed willowherb","square-stemmed willowherb",175);
insert into fleur_inflorescence (fleur_fk, inflorescence_fk) values (175,0);
insert into fleur_couleur (fleur_fk, couleur_fk) values (175,1);
insert into fleur_particularite (fleur_fk, particularite_fk) values (175,1);
insert into fleur_aspect (fleur_fk, aspect_fk) values (175,0);
insert into fleur_nb_petale (fleur_fk, nb_petale_fk) values (175,2);
insert into fleur_type_feuille (fleur_fk, type_feuille_fk) values (175,2);
insert into fleur_disposition_feuille (fleur_fk, disposition_feuille_fk) values (175,0);
insert into fleur_pilosite_tige (fleur_fk, pilosite_tige_fk) values (175,0);
insert into fleur_pilosite_tige (fleur_fk, pilosite_tige_fk) values (175,1);
insert into fleur_pilosite_feuille (fleur_fk, pilosite_feuille_fk) values (175,0);
insert into fleur (id,directory_name,scientific_name,scientific_family_fk,doc_url) values (176,"Epilobe_cilie","Epilobium ciliatum",28,"http://abiris.snv.jussieu.fr/flore/descriptions/Epilobe_cilie.html");
insert into taxonomy (lang, taxon, searched_taxon, fleur_fk) values ("fr","Epilobe cilié","epilobe cilie",176);
insert into taxonomy (lang, taxon, searched_taxon, fleur_fk) values ("fr","Epilobe à tige glanduleuse","epilobe a tige glanduleuse",176);
insert into taxonomy (lang, taxon, searched_taxon, fleur_fk) values ("la","Epilobium ciliatum","epilobium ciliatum",176);
insert into taxonomy (lang, taxon, searched_taxon, fleur_fk) values ("en","fringed willowherb","fringed willowherb",176);
insert into fleur_inflorescence (fleur_fk, inflorescence_fk) values (176,0);
insert into fleur_couleur (fleur_fk, couleur_fk) values (176,1);
insert into fleur_particularite (fleur_fk, particularite_fk) values (176,1);
insert into fleur_aspect (fleur_fk, aspect_fk) values (176,0);
insert into fleur_nb_petale (fleur_fk, nb_petale_fk) values (176,2);
insert into fleur_type_feuille (fleur_fk, type_feuille_fk) values (176,2);
insert into fleur_disposition_feuille (fleur_fk, disposition_feuille_fk) values (176,1);
insert into fleur_pilosite_tige (fleur_fk, pilosite_tige_fk) values (176,0);
insert into fleur_pilosite_tige (fleur_fk, pilosite_tige_fk) values (176,1);
insert into fleur_pilosite_feuille (fleur_fk, pilosite_feuille_fk) values (176,0);
insert into fleur (id,directory_name,scientific_name,scientific_family_fk,doc_url) values (177,"Epilobe_automne","Epilobium brachycarpum",28,"http://abiris.snv.jussieu.fr/flore/descriptions/Epilobe_d_automne.html");
insert into taxonomy (lang, taxon, searched_taxon, fleur_fk) values ("fr","Epilobe d'automne","epilobe d'automne",177);
insert into taxonomy (lang, taxon, searched_taxon, fleur_fk) values ("fr","Epilobe à fruits courts","epilobe a fruits courts",177);
insert into taxonomy (lang, taxon, searched_taxon, fleur_fk) values ("la","Epilobium brachycarpum","epilobium brachycarpum",177);
insert into taxonomy (lang, taxon, searched_taxon, fleur_fk) values ("en","tall willowherb","tall willowherb",177);
insert into fleur_inflorescence (fleur_fk, inflorescence_fk) values (177,0);
insert into fleur_couleur (fleur_fk, couleur_fk) values (177,1);
insert into fleur_couleur (fleur_fk, couleur_fk) values (177,0);
insert into fleur_particularite (fleur_fk, particularite_fk) values (177,1);
insert into fleur_aspect (fleur_fk, aspect_fk) values (177,0);
insert into fleur_nb_petale (fleur_fk, nb_petale_fk) values (177,2);
insert into fleur_type_feuille (fleur_fk, type_feuille_fk) values (177,2);
insert into fleur_disposition_feuille (fleur_fk, disposition_feuille_fk) values (177,0);
insert into fleur_pilosite_tige (fleur_fk, pilosite_tige_fk) values (177,0);
insert into fleur_pilosite_feuille (fleur_fk, pilosite_feuille_fk) values (177,0);
insert into fleur (id,directory_name,scientific_name,scientific_family_fk,doc_url) values (178,"Epilobe_des_montagnes","Epilobium montanum",28,"http://abiris.snv.jussieu.fr/flore/descriptions/Epilobe_des_montagnes.html");
insert into taxonomy (lang, taxon, searched_taxon, fleur_fk) values ("fr","Epilobe des montagnes","epilobe des montagnes",178);
insert into taxonomy (lang, taxon, searched_taxon, fleur_fk) values ("la","Epilobium montanum","epilobium montanum",178);
insert into taxonomy (lang, taxon, searched_taxon, fleur_fk) values ("en","broad-leaved willowherb","broad-leaved willowherb",178);
insert into fleur_inflorescence (fleur_fk, inflorescence_fk) values (178,0);
insert into fleur_couleur (fleur_fk, couleur_fk) values (178,1);
insert into fleur_particularite (fleur_fk, particularite_fk) values (178,1);
insert into fleur_aspect (fleur_fk, aspect_fk) values (178,0);
insert into fleur_nb_petale (fleur_fk, nb_petale_fk) values (178,2);
insert into fleur_type_feuille (fleur_fk, type_feuille_fk) values (178,2);
insert into fleur_disposition_feuille (fleur_fk, disposition_feuille_fk) values (178,1);
insert into fleur_pilosite_tige (fleur_fk, pilosite_tige_fk) values (178,1);
insert into fleur_pilosite_feuille (fleur_fk, pilosite_feuille_fk) values (178,1);
insert into fleur (id,directory_name,scientific_name,scientific_family_fk,doc_url) values (179,"Epilobe_lanceole","Epilobium lanceolatum",28,"http://abiris.snv.jussieu.fr/flore/descriptions/Epilobe_lanceole.html");
insert into taxonomy (lang, taxon, searched_taxon, fleur_fk) values ("fr","Epilobe lancéolé","epilobe lanceole",179);
insert into taxonomy (lang, taxon, searched_taxon, fleur_fk) values ("la","Epilobium lanceolatum","epilobium lanceolatum",179);
insert into taxonomy (lang, taxon, searched_taxon, fleur_fk) values ("en","spear-leaved willowherb","spear-leaved willowherb",179);
insert into fleur_inflorescence (fleur_fk, inflorescence_fk) values (179,0);
insert into fleur_couleur (fleur_fk, couleur_fk) values (179,1);
insert into fleur_particularite (fleur_fk, particularite_fk) values (179,1);
insert into fleur_aspect (fleur_fk, aspect_fk) values (179,0);
insert into fleur_nb_petale (fleur_fk, nb_petale_fk) values (179,2);
insert into fleur_type_feuille (fleur_fk, type_feuille_fk) values (179,2);
insert into fleur_disposition_feuille (fleur_fk, disposition_feuille_fk) values (179,0);
insert into fleur_pilosite_tige (fleur_fk, pilosite_tige_fk) values (179,1);
insert into fleur_pilosite_feuille (fleur_fk, pilosite_feuille_fk) values (179,1);
insert into fleur (id,directory_name,scientific_name,scientific_family_fk,doc_url) values (180,"Epilobe_velu","Epilobium hirsutum",28,"http://abiris.snv.jussieu.fr/flore/descriptions/Epilobe_velu.html");
insert into taxonomy (lang, taxon, searched_taxon, fleur_fk) values ("fr","Epilobe velu","epilobe velu",180);
insert into taxonomy (lang, taxon, searched_taxon, fleur_fk) values ("fr","Epilobe à grandes fleurs","epilobe a grandes fleurs",180);
insert into taxonomy (lang, taxon, searched_taxon, fleur_fk) values ("fr","Epilobe hérissé","epilobe herisse",180);
insert into taxonomy (lang, taxon, searched_taxon, fleur_fk) values ("la","Epilobium hirsutum","epilobium hirsutum",180);
insert into taxonomy (lang, taxon, searched_taxon, fleur_fk) values ("en"," great willowherb "," great willowherb ",180);
insert into fleur_inflorescence (fleur_fk, inflorescence_fk) values (180,0);
insert into fleur_couleur (fleur_fk, couleur_fk) values (180,1);
insert into fleur_particularite (fleur_fk, particularite_fk) values (180,1);
insert into fleur_aspect (fleur_fk, aspect_fk) values (180,0);
insert into fleur_nb_petale (fleur_fk, nb_petale_fk) values (180,2);
insert into fleur_type_feuille (fleur_fk, type_feuille_fk) values (180,2);
insert into fleur_disposition_feuille (fleur_fk, disposition_feuille_fk) values (180,1);
insert into fleur_pilosite_tige (fleur_fk, pilosite_tige_fk) values (180,1);
insert into fleur_pilosite_feuille (fleur_fk, pilosite_feuille_fk) values (180,2);
insert into fleur (id,directory_name,scientific_name,scientific_family_fk,doc_url) values (181,"Epictatis_helleborine","Epipactis helleborine",20,"http://abiris.snv.jussieu.fr/flore/descriptions/Epipactis_helleborine.html");
insert into taxonomy (lang, taxon, searched_taxon, fleur_fk) values ("fr","Epipactis helléborine","epipactis helleborine",181);
insert into taxonomy (lang, taxon, searched_taxon, fleur_fk) values ("fr","Helléborine","helleborine",181);
insert into taxonomy (lang, taxon, searched_taxon, fleur_fk) values ("fr","Epipactis à larges feuilles","epipactis a larges feuilles",181);
insert into taxonomy (lang, taxon, searched_taxon, fleur_fk) values ("la","Epipactis helleborine","epipactis helleborine",181);
insert into taxonomy (lang, taxon, searched_taxon, fleur_fk) values ("en","Broad-leaved Helleborine","broad-leaved helleborine",181);
insert into fleur_inflorescence (fleur_fk, inflorescence_fk) values (181,0);
insert into fleur_couleur (fleur_fk, couleur_fk) values (181,5);
insert into fleur_aspect (fleur_fk, aspect_fk) values (181,2);
insert into fleur_nb_petale (fleur_fk, nb_petale_fk) values (181,3);
insert into fleur_type_feuille (fleur_fk, type_feuille_fk) values (181,3);
insert into fleur_disposition_feuille (fleur_fk, disposition_feuille_fk) values (181,0);
insert into fleur_pilosite_tige (fleur_fk, pilosite_tige_fk) values (181,0);
insert into fleur_pilosite_tige (fleur_fk, pilosite_tige_fk) values (181,1);
insert into fleur_pilosite_feuille (fleur_fk, pilosite_feuille_fk) values (181,0);
insert into fleur (id,directory_name,scientific_name,scientific_family_fk,doc_url) values (182,"","Erodium cicutarium",29,"http://abiris.snv.jussieu.fr/flore/descriptions/Erodium_a_feuilles_de_cigue.html");
insert into taxonomy (lang, taxon, searched_taxon, fleur_fk) values ("fr","Erodium à feuilles de ciguë","erodium a feuilles de cigue",182);
insert into taxonomy (lang, taxon, searched_taxon, fleur_fk) values ("fr","Érodium commun","erodium commun",182);
insert into taxonomy (lang, taxon, searched_taxon, fleur_fk) values ("fr","Bec-de-grue  à feuilles de ciguë","bec-de-grue  a feuilles de cigue",182);
insert into taxonomy (lang, taxon, searched_taxon, fleur_fk) values ("la","Erodium cicutarium","erodium cicutarium",182);
insert into taxonomy (lang, taxon, searched_taxon, fleur_fk) values ("en","redstem filaree","redstem filaree",182);
insert into fleur_inflorescence (fleur_fk, inflorescence_fk) values (182,0);
insert into fleur_couleur (fleur_fk, couleur_fk) values (182,1);
insert into fleur_aspect (fleur_fk, aspect_fk) values (182,0);
insert into fleur_aspect (fleur_fk, aspect_fk) values (182,2);
insert into fleur_nb_petale (fleur_fk, nb_petale_fk) values (182,0);
insert into fleur_type_feuille (fleur_fk, type_feuille_fk) values (182,0);
insert into fleur_disposition_feuille (fleur_fk, disposition_feuille_fk) values (182,0);
insert into fleur_disposition_feuille (fleur_fk, disposition_feuille_fk) values (182,1);
insert into fleur_pilosite_tige (fleur_fk, pilosite_tige_fk) values (182,1);
insert into fleur_pilosite_feuille (fleur_fk, pilosite_feuille_fk) values (182,1);
insert into fleur (id,directory_name,scientific_name,scientific_family_fk,doc_url) values (183,"","Eupatorium cannabinum",1,"http://abiris.snv.jussieu.fr/flore/descriptions/Eupatoire_chanvrine.html");
insert into taxonomy (lang, taxon, searched_taxon, fleur_fk) values ("fr","Eupatoire chanvrine","eupatoire chanvrine",183);
insert into taxonomy (lang, taxon, searched_taxon, fleur_fk) values ("la","Eupatorium cannabinum","eupatorium cannabinum",183);
insert into taxonomy (lang, taxon, searched_taxon, fleur_fk) values ("en","Hemp-agrimony","hemp-agrimony",183);
insert into fleur_inflorescence (fleur_fk, inflorescence_fk) values (183,0);
insert into fleur_couleur (fleur_fk, couleur_fk) values (183,1);
insert into fleur_aspect (fleur_fk, aspect_fk) values (183,4);
insert into fleur_nb_petale (fleur_fk, nb_petale_fk) values (183,1);
insert into fleur_type_feuille (fleur_fk, type_feuille_fk) values (183,0);
insert into fleur_disposition_feuille (fleur_fk, disposition_feuille_fk) values (183,1);
insert into fleur_pilosite_tige (fleur_fk, pilosite_tige_fk) values (183,1);
insert into fleur_pilosite_feuille (fleur_fk, pilosite_feuille_fk) values (183,1);
insert into fleur (id,directory_name,scientific_name,scientific_family_fk,doc_url) values (184,"","Euphorbia peplus",30,"http://abiris.snv.jussieu.fr/flore/descriptions/Euphorbe_peplus.html");
insert into taxonomy (lang, taxon, searched_taxon, fleur_fk) values ("fr","Euphorbe péplus","euphorbe peplus",184);
insert into taxonomy (lang, taxon, searched_taxon, fleur_fk) values ("fr","Ésule ronde","esule ronde",184);
insert into taxonomy (lang, taxon, searched_taxon, fleur_fk) values ("fr","Euphorbe des jardins","euphorbe des jardins",184);
insert into taxonomy (lang, taxon, searched_taxon, fleur_fk) values ("la","Euphorbia peplus","euphorbia peplus",184);
insert into taxonomy (lang, taxon, searched_taxon, fleur_fk) values ("en","petty spurge","petty spurge",184);
insert into fleur_inflorescence (fleur_fk, inflorescence_fk) values (184,0);
insert into fleur_couleur (fleur_fk, couleur_fk) values (184,5);
insert into fleur_aspect (fleur_fk, aspect_fk) values (184,5);
insert into fleur_nb_petale (fleur_fk, nb_petale_fk) values (184,6);
insert into fleur_type_feuille (fleur_fk, type_feuille_fk) values (184,3);
insert into fleur_disposition_feuille (fleur_fk, disposition_feuille_fk) values (184,0);
insert into fleur_pilosite_tige (fleur_fk, pilosite_tige_fk) values (184,0);
insert into fleur_pilosite_feuille (fleur_fk, pilosite_feuille_fk) values (184,0);
insert into fleur (id,directory_name,scientific_name,scientific_family_fk,doc_url) values (185,"","Euphorbia helioscopia",30,"http://abiris.snv.jussieu.fr/flore/descriptions/Euphorbe_reveil_matin.html");
insert into taxonomy (lang, taxon, searched_taxon, fleur_fk) values ("fr","Euphorbe réveil-matin","euphorbe reveil-matin",185);
insert into taxonomy (lang, taxon, searched_taxon, fleur_fk) values ("fr","Petite Éclaire","petite eclaire",185);
insert into taxonomy (lang, taxon, searched_taxon, fleur_fk) values ("la","Euphorbia helioscopia","euphorbia helioscopia",185);
insert into taxonomy (lang, taxon, searched_taxon, fleur_fk) values ("en","Sun Spurge","sun spurge",185);
insert into fleur_inflorescence (fleur_fk, inflorescence_fk) values (185,0);
insert into fleur_couleur (fleur_fk, couleur_fk) values (185,5);
insert into fleur_couleur (fleur_fk, couleur_fk) values (185,3);
insert into fleur_aspect (fleur_fk, aspect_fk) values (185,5);
insert into fleur_nb_petale (fleur_fk, nb_petale_fk) values (185,6);
insert into fleur_type_feuille (fleur_fk, type_feuille_fk) values (185,2);
insert into fleur_disposition_feuille (fleur_fk, disposition_feuille_fk) values (185,0);
insert into fleur_pilosite_tige (fleur_fk, pilosite_tige_fk) values (185,0);
insert into fleur_pilosite_tige (fleur_fk, pilosite_tige_fk) values (185,1);
insert into fleur_pilosite_feuille (fleur_fk, pilosite_feuille_fk) values (185,0);
insert into fleur (id,directory_name,scientific_name,scientific_family_fk,doc_url) values (186,"","Euphrasia stricta",27,"http://abiris.snv.jussieu.fr/flore/descriptions/Euphraise_raide.html");
insert into taxonomy (lang, taxon, searched_taxon, fleur_fk) values ("fr","Euphraise raide","euphraise raide",186);
insert into taxonomy (lang, taxon, searched_taxon, fleur_fk) values ("fr","Euphraise dressée","euphraise dressee",186);
insert into taxonomy (lang, taxon, searched_taxon, fleur_fk) values ("la","Euphrasia stricta","euphrasia stricta",186);
insert into taxonomy (lang, taxon, searched_taxon, fleur_fk) values ("en","drug eyebright","drug eyebright",186);
insert into fleur_inflorescence (fleur_fk, inflorescence_fk) values (186,0);
insert into fleur_couleur (fleur_fk, couleur_fk) values (186,1);
insert into fleur_couleur (fleur_fk, couleur_fk) values (186,0);
insert into fleur_particularite (fleur_fk, particularite_fk) values (186,5);
insert into fleur_aspect (fleur_fk, aspect_fk) values (186,3);
insert into fleur_nb_petale (fleur_fk, nb_petale_fk) values (186,0);
insert into fleur_type_feuille (fleur_fk, type_feuille_fk) values (186,2);
insert into fleur_disposition_feuille (fleur_fk, disposition_feuille_fk) values (186,0);
insert into fleur_pilosite_tige (fleur_fk, pilosite_tige_fk) values (186,1);
insert into fleur_pilosite_feuille (fleur_fk, pilosite_feuille_fk) values (186,0);
insert into fleur (id,directory_name,scientific_name,scientific_family_fk,doc_url) values (187,"","Falcaria vulgaris",0,"http://abiris.snv.jussieu.fr/flore/descriptions/Falcaire_commune.html");
insert into taxonomy (lang, taxon, searched_taxon, fleur_fk) values ("fr","Falcaire commune","falcaire commune",187);
insert into taxonomy (lang, taxon, searched_taxon, fleur_fk) values ("fr","Falcaire de Rivin","falcaire de rivin",187);
insert into taxonomy (lang, taxon, searched_taxon, fleur_fk) values ("la","Falcaria vulgaris","falcaria vulgaris",187);
insert into taxonomy (lang, taxon, searched_taxon, fleur_fk) values ("en","longleaf","longleaf",187);
insert into fleur_inflorescence (fleur_fk, inflorescence_fk) values (187,0);
insert into fleur_couleur (fleur_fk, couleur_fk) values (187,0);
insert into fleur_particularite (fleur_fk, particularite_fk) values (187,1);
insert into fleur_aspect (fleur_fk, aspect_fk) values (187,0);
insert into fleur_nb_petale (fleur_fk, nb_petale_fk) values (187,0);
insert into fleur_type_feuille (fleur_fk, type_feuille_fk) values (187,0);
insert into fleur_disposition_feuille (fleur_fk, disposition_feuille_fk) values (187,0);
insert into fleur_pilosite_tige (fleur_fk, pilosite_tige_fk) values (187,1);
insert into fleur_pilosite_feuille (fleur_fk, pilosite_feuille_fk) values (187,0);
insert into fleur (id,directory_name,scientific_name,scientific_family_fk,doc_url) values (188,"","Foeniculum vulgare",0,"http://abiris.snv.jussieu.fr/flore/descriptions/Fenouil_commun.html");
insert into taxonomy (lang, taxon, searched_taxon, fleur_fk) values ("fr","Fenouil commun","fenouil commun",188);
insert into taxonomy (lang, taxon, searched_taxon, fleur_fk) values ("la","Foeniculum vulgare","foeniculum vulgare",188);
insert into taxonomy (lang, taxon, searched_taxon, fleur_fk) values ("en","Fennel","fennel",188);
insert into fleur_inflorescence (fleur_fk, inflorescence_fk) values (188,0);
insert into fleur_couleur (fleur_fk, couleur_fk) values (188,3);
insert into fleur_aspect (fleur_fk, aspect_fk) values (188,0);
insert into fleur_nb_petale (fleur_fk, nb_petale_fk) values (188,0);
insert into fleur_type_feuille (fleur_fk, type_feuille_fk) values (188,0);
insert into fleur_disposition_feuille (fleur_fk, disposition_feuille_fk) values (188,0);
insert into fleur_pilosite_tige (fleur_fk, pilosite_tige_fk) values (188,0);
insert into fleur_pilosite_feuille (fleur_fk, pilosite_feuille_fk) values (188,0);
insert into fleur (id,directory_name,scientific_name,scientific_family_fk,doc_url) values (189,"","Ranunculus ficaria",2,"http://abiris.snv.jussieu.fr/flore/descriptions/Ficaire.html");
insert into taxonomy (lang, taxon, searched_taxon, fleur_fk) values ("fr","Ficaire","ficaire",189);
insert into taxonomy (lang, taxon, searched_taxon, fleur_fk) values ("fr","Renoncule ficaire","renoncule ficaire",189);
insert into taxonomy (lang, taxon, searched_taxon, fleur_fk) values ("fr","Ficaire fausse-renoncule","ficaire fausse-renoncule",189);
insert into taxonomy (lang, taxon, searched_taxon, fleur_fk) values ("la","Ranunculus ficaria","ranunculus ficaria",189);
insert into taxonomy (lang, taxon, searched_taxon, fleur_fk) values ("en","Lesser celandine","lesser celandine",189);
insert into fleur_inflorescence (fleur_fk, inflorescence_fk) values (189,1);
insert into fleur_couleur (fleur_fk, couleur_fk) values (189,3);
insert into fleur_aspect (fleur_fk, aspect_fk) values (189,0);
insert into fleur_nb_petale (fleur_fk, nb_petale_fk) values (189,3);
insert into fleur_nb_petale (fleur_fk, nb_petale_fk) values (189,4);
insert into fleur_nb_petale (fleur_fk, nb_petale_fk) values (189,1);
insert into fleur_type_feuille (fleur_fk, type_feuille_fk) values (189,3);
insert into fleur_disposition_feuille (fleur_fk, disposition_feuille_fk) values (189,0);
insert into fleur_disposition_feuille (fleur_fk, disposition_feuille_fk) values (189,1);
insert into fleur_pilosite_tige (fleur_fk, pilosite_tige_fk) values (189,0);
insert into fleur_pilosite_feuille (fleur_fk, pilosite_feuille_fk) values (189,0);
insert into fleur (id,directory_name,scientific_name,scientific_family_fk,doc_url) values (190,"","Filipendula ulmaria",4,"http://abiris.snv.jussieu.fr/flore/descriptions/Filipendule_ulmaire.html");
insert into taxonomy (lang, taxon, searched_taxon, fleur_fk) values ("fr","Filipendule ulmaire","filipendule ulmaire",190);
insert into taxonomy (lang, taxon, searched_taxon, fleur_fk) values ("fr","Fausse spirée","fausse spiree",190);
insert into taxonomy (lang, taxon, searched_taxon, fleur_fk) values ("fr","Reine des prés","reine des pres",190);
insert into taxonomy (lang, taxon, searched_taxon, fleur_fk) values ("la","Filipendula ulmaria","filipendula ulmaria",190);
insert into taxonomy (lang, taxon, searched_taxon, fleur_fk) values ("en","meadowsweet","meadowsweet",190);
insert into fleur_inflorescence (fleur_fk, inflorescence_fk) values (190,0);
insert into fleur_couleur (fleur_fk, couleur_fk) values (190,0);
insert into fleur_aspect (fleur_fk, aspect_fk) values (190,0);
insert into fleur_nb_petale (fleur_fk, nb_petale_fk) values (190,0);
insert into fleur_type_feuille (fleur_fk, type_feuille_fk) values (190,0);
insert into fleur_disposition_feuille (fleur_fk, disposition_feuille_fk) values (190,0);
insert into fleur_pilosite_tige (fleur_fk, pilosite_tige_fk) values (190,0);
insert into fleur_pilosite_feuille (fleur_fk, pilosite_feuille_fk) values (190,2);
insert into fleur (id,directory_name,scientific_name,scientific_family_fk,doc_url) values (191,"","Baldellia ranunculoides",31,"http://abiris.snv.jussieu.fr/flore/descriptions/Fluteau_fausse_renoncule.html");
insert into taxonomy (lang, taxon, searched_taxon, fleur_fk) values ("fr","Flûteau fausse renoncule","fluteau fausse renoncule",191);
insert into taxonomy (lang, taxon, searched_taxon, fleur_fk) values ("fr","Plantain d'eau fausse renoncule","plantain d'eau fausse renoncule",191);
insert into taxonomy (lang, taxon, searched_taxon, fleur_fk) values ("fr","Alisma fausse renoncule","alisma fausse renoncule",191);
insert into taxonomy (lang, taxon, searched_taxon, fleur_fk) values ("la","Baldellia ranunculoides","baldellia ranunculoides",191);
insert into taxonomy (lang, taxon, searched_taxon, fleur_fk) values ("en"," lesser water-plantain"," lesser water-plantain",191);
insert into fleur_inflorescence (fleur_fk, inflorescence_fk) values (191,0);
insert into fleur_couleur (fleur_fk, couleur_fk) values (191,0);
insert into fleur_couleur (fleur_fk, couleur_fk) values (191,1);
insert into fleur_particularite (fleur_fk, particularite_fk) values (191,5);
insert into fleur_aspect (fleur_fk, aspect_fk) values (191,0);
insert into fleur_nb_petale (fleur_fk, nb_petale_fk) values (191,5);
insert into fleur_type_feuille (fleur_fk, type_feuille_fk) values (191,3);
insert into fleur_disposition_feuille (fleur_fk, disposition_feuille_fk) values (191,3);
insert into fleur_pilosite_tige (fleur_fk, pilosite_tige_fk) values (191,0);
insert into fleur_pilosite_feuille (fleur_fk, pilosite_feuille_fk) values (191,0);
insert into fleur (id,directory_name,scientific_name,scientific_family_fk,doc_url) values (192,"","Fragaria vesca",4,"http://abiris.snv.jussieu.fr/flore/descriptions/Fraisier_des_bois.html");
insert into taxonomy (lang, taxon, searched_taxon, fleur_fk) values ("fr","Fraisier des bois","fraisier des bois",192);
insert into taxonomy (lang, taxon, searched_taxon, fleur_fk) values ("la","Fragaria vesca","fragaria vesca",192);
insert into taxonomy (lang, taxon, searched_taxon, fleur_fk) values ("en","wild strawberry","wild strawberry",192);
insert into fleur_inflorescence (fleur_fk, inflorescence_fk) values (192,0);
insert into fleur_couleur (fleur_fk, couleur_fk) values (192,0);
insert into fleur_aspect (fleur_fk, aspect_fk) values (192,0);
insert into fleur_nb_petale (fleur_fk, nb_petale_fk) values (192,0);
insert into fleur_type_feuille (fleur_fk, type_feuille_fk) values (192,0);
insert into fleur_disposition_feuille (fleur_fk, disposition_feuille_fk) values (192,3);
insert into fleur_pilosite_tige (fleur_fk, pilosite_tige_fk) values (192,1);
insert into fleur_pilosite_feuille (fleur_fk, pilosite_feuille_fk) values (192,1);
insert into fleur (id,directory_name,scientific_name,scientific_family_fk,doc_url) values (193,"","Fritillaria meleagris",5,"http://abiris.snv.jussieu.fr/flore/descriptions/Fritillaire_damier.html");
insert into taxonomy (lang, taxon, searched_taxon, fleur_fk) values ("fr","Fritillaire damier","fritillaire damier",193);
insert into taxonomy (lang, taxon, searched_taxon, fleur_fk) values ("fr","Fritillaire oeuf de pintade","fritillaire oeuf de pintade",193);
insert into taxonomy (lang, taxon, searched_taxon, fleur_fk) values ("la","Fritillaria meleagris","fritillaria meleagris",193);
insert into taxonomy (lang, taxon, searched_taxon, fleur_fk) values ("en","snake's head fritillary","snake's head fritillary",193);
insert into fleur_inflorescence (fleur_fk, inflorescence_fk) values (193,1);
insert into fleur_couleur (fleur_fk, couleur_fk) values (193,2);
insert into fleur_couleur (fleur_fk, couleur_fk) values (193,1);
insert into fleur_particularite (fleur_fk, particularite_fk) values (193,0);
insert into fleur_particularite (fleur_fk, particularite_fk) values (193,5);
insert into fleur_aspect (fleur_fk, aspect_fk) values (193,0);
insert into fleur_nb_petale (fleur_fk, nb_petale_fk) values (193,3);
insert into fleur_type_feuille (fleur_fk, type_feuille_fk) values (193,3);
insert into fleur_disposition_feuille (fleur_fk, disposition_feuille_fk) values (193,0);
insert into fleur_pilosite_tige (fleur_fk, pilosite_tige_fk) values (193,0);
insert into fleur_pilosite_feuille (fleur_fk, pilosite_feuille_fk) values (193,0);
insert into fleur (id,directory_name,scientific_name,scientific_family_fk,doc_url) values (194,"","Fumaria muralis",32,"http://abiris.snv.jussieu.fr/flore/descriptions/Fumeterre_des_murs.html");
insert into taxonomy (lang, taxon, searched_taxon, fleur_fk) values ("fr","Fumeterre des murs","fumeterre des murs",194);
insert into taxonomy (lang, taxon, searched_taxon, fleur_fk) values ("la","Fumaria muralis","fumaria muralis",194);
insert into taxonomy (lang, taxon, searched_taxon, fleur_fk) values ("en","common ramping-fumitory","common ramping-fumitory",194);
insert into fleur_inflorescence (fleur_fk, inflorescence_fk) values (194,0);
insert into fleur_couleur (fleur_fk, couleur_fk) values (194,1);
insert into fleur_particularite (fleur_fk, particularite_fk) values (194,2);
insert into fleur_aspect (fleur_fk, aspect_fk) values (194,2);
insert into fleur_nb_petale (fleur_fk, nb_petale_fk) values (194,2);
insert into fleur_type_feuille (fleur_fk, type_feuille_fk) values (194,0);
insert into fleur_disposition_feuille (fleur_fk, disposition_feuille_fk) values (194,0);
insert into fleur_pilosite_tige (fleur_fk, pilosite_tige_fk) values (194,0);
insert into fleur_pilosite_feuille (fleur_fk, pilosite_feuille_fk) values (194,0);
insert into fleur (id,directory_name,scientific_name,scientific_family_fk,doc_url) values (195,"","Fumaria capreolata",32,"http://abiris.snv.jussieu.fr/flore/descriptions/Fumeterre_grimpante.html");
insert into taxonomy (lang, taxon, searched_taxon, fleur_fk) values ("fr","Fumeterre grimpante","fumeterre grimpante",195);
insert into taxonomy (lang, taxon, searched_taxon, fleur_fk) values ("fr","Fumeterre blanche","fumeterre blanche",195);
insert into taxonomy (lang, taxon, searched_taxon, fleur_fk) values ("la","Fumaria capreolata","fumaria capreolata",195);
insert into taxonomy (lang, taxon, searched_taxon, fleur_fk) values ("en","white fumitory","white fumitory",195);
insert into fleur_inflorescence (fleur_fk, inflorescence_fk) values (195,0);
insert into fleur_couleur (fleur_fk, couleur_fk) values (195,0);
insert into fleur_couleur (fleur_fk, couleur_fk) values (195,1);
insert into fleur_particularite (fleur_fk, particularite_fk) values (195,2);
insert into fleur_aspect (fleur_fk, aspect_fk) values (195,2);
insert into fleur_nb_petale (fleur_fk, nb_petale_fk) values (195,2);
insert into fleur_type_feuille (fleur_fk, type_feuille_fk) values (195,0);
insert into fleur_disposition_feuille (fleur_fk, disposition_feuille_fk) values (195,0);
insert into fleur_pilosite_tige (fleur_fk, pilosite_tige_fk) values (195,0);
insert into fleur_pilosite_feuille (fleur_fk, pilosite_feuille_fk) values (195,0);
insert into fleur (id,directory_name,scientific_name,scientific_family_fk,doc_url) values (196,"","Fumaria officinalis",32,"http://abiris.snv.jussieu.fr/flore/descriptions/Fumeterre_officinale.html");
insert into taxonomy (lang, taxon, searched_taxon, fleur_fk) values ("fr","Fumeterre officinale","fumeterre officinale",196);
insert into taxonomy (lang, taxon, searched_taxon, fleur_fk) values ("fr","Pied de Céline","pied de celine",196);
insert into taxonomy (lang, taxon, searched_taxon, fleur_fk) values ("la","Fumaria officinalis","fumaria officinalis",196);
insert into taxonomy (lang, taxon, searched_taxon, fleur_fk) values ("en","common fumitory","common fumitory",196);
insert into fleur_inflorescence (fleur_fk, inflorescence_fk) values (196,0);
insert into fleur_couleur (fleur_fk, couleur_fk) values (196,1);
insert into fleur_particularite (fleur_fk, particularite_fk) values (196,2);
insert into fleur_aspect (fleur_fk, aspect_fk) values (196,2);
insert into fleur_nb_petale (fleur_fk, nb_petale_fk) values (196,2);
insert into fleur_type_feuille (fleur_fk, type_feuille_fk) values (196,0);
insert into fleur_disposition_feuille (fleur_fk, disposition_feuille_fk) values (196,0);
insert into fleur_pilosite_tige (fleur_fk, pilosite_tige_fk) values (196,0);
insert into fleur_pilosite_feuille (fleur_fk, pilosite_feuille_fk) values (196,0);
insert into fleur (id,directory_name,scientific_name,scientific_family_fk,doc_url) values (197,"","Cruciata laevipes",33,"http://abiris.snv.jussieu.fr/flore/descriptions/Gaillet_croisette.html");
insert into taxonomy (lang, taxon, searched_taxon, fleur_fk) values ("fr","Gaillet croisette","gaillet croisette",197);
insert into taxonomy (lang, taxon, searched_taxon, fleur_fk) values ("fr","Croisette commune","croisette commune",197);
insert into taxonomy (lang, taxon, searched_taxon, fleur_fk) values ("fr","Croisette velue","croisette velue",197);
insert into taxonomy (lang, taxon, searched_taxon, fleur_fk) values ("la","Cruciata laevipes","cruciata laevipes",197);
insert into taxonomy (lang, taxon, searched_taxon, fleur_fk) values ("en","crosswort","crosswort",197);
insert into fleur_inflorescence (fleur_fk, inflorescence_fk) values (197,0);
insert into fleur_couleur (fleur_fk, couleur_fk) values (197,3);
insert into fleur_aspect (fleur_fk, aspect_fk) values (197,6);
insert into fleur_nb_petale (fleur_fk, nb_petale_fk) values (197,2);
insert into fleur_type_feuille (fleur_fk, type_feuille_fk) values (197,3);
insert into fleur_disposition_feuille (fleur_fk, disposition_feuille_fk) values (197,2);
insert into fleur_pilosite_tige (fleur_fk, pilosite_tige_fk) values (197,1);
insert into fleur_pilosite_feuille (fleur_fk, pilosite_feuille_fk) values (197,1);
insert into fleur (id,directory_name,scientific_name,scientific_family_fk,doc_url) values (198,"","Galium aparine",33,"http://abiris.snv.jussieu.fr/flore/descriptions/Gaillet_gratteron.html");
insert into taxonomy (lang, taxon, searched_taxon, fleur_fk) values ("fr","Gaillet gratteron","gaillet gratteron",198);
insert into taxonomy (lang, taxon, searched_taxon, fleur_fk) values ("fr","Gratteron","gratteron",198);
insert into taxonomy (lang, taxon, searched_taxon, fleur_fk) values ("fr","Gaillet accrochant","gaillet accrochant",198);
insert into taxonomy (lang, taxon, searched_taxon, fleur_fk) values ("la","Galium aparine","galium aparine",198);
insert into taxonomy (lang, taxon, searched_taxon, fleur_fk) values ("en","Cleavers","cleavers",198);
insert into fleur_inflorescence (fleur_fk, inflorescence_fk) values (198,0);
insert into fleur_couleur (fleur_fk, couleur_fk) values (198,0);
insert into fleur_aspect (fleur_fk, aspect_fk) values (198,6);
insert into fleur_nb_petale (fleur_fk, nb_petale_fk) values (198,2);
insert into fleur_type_feuille (fleur_fk, type_feuille_fk) values (198,2);
insert into fleur_type_feuille (fleur_fk, type_feuille_fk) values (198,3);
insert into fleur_disposition_feuille (fleur_fk, disposition_feuille_fk) values (198,2);
insert into fleur_pilosite_tige (fleur_fk, pilosite_tige_fk) values (198,1);
insert into fleur_pilosite_feuille (fleur_fk, pilosite_feuille_fk) values (198,1);
insert into fleur (id,directory_name,scientific_name,scientific_family_fk,doc_url) values (199,"","Galium mollugo",33,"http://abiris.snv.jussieu.fr/flore/descriptions/Gaillet_mollugine.html");
insert into taxonomy (lang, taxon, searched_taxon, fleur_fk) values ("fr","Gaillet mollugine","gaillet mollugine",199);
insert into taxonomy (lang, taxon, searched_taxon, fleur_fk) values ("fr","Caille-lait blanc","caille-lait blanc",199);
insert into taxonomy (lang, taxon, searched_taxon, fleur_fk) values ("fr","Gaillet mou","gaillet mou",199);
insert into taxonomy (lang, taxon, searched_taxon, fleur_fk) values ("la","Galium mollugo","galium mollugo",199);
insert into taxonomy (lang, taxon, searched_taxon, fleur_fk) values ("en","white bedstraw","white bedstraw",199);
insert into fleur_inflorescence (fleur_fk, inflorescence_fk) values (199,0);
insert into fleur_couleur (fleur_fk, couleur_fk) values (199,0);
insert into fleur_aspect (fleur_fk, aspect_fk) values (199,6);
insert into fleur_nb_petale (fleur_fk, nb_petale_fk) values (199,2);
insert into fleur_type_feuille (fleur_fk, type_feuille_fk) values (199,2);
insert into fleur_type_feuille (fleur_fk, type_feuille_fk) values (199,3);
insert into fleur_disposition_feuille (fleur_fk, disposition_feuille_fk) values (199,2);
insert into fleur_pilosite_tige (fleur_fk, pilosite_tige_fk) values (199,1);
insert into fleur_pilosite_feuille (fleur_fk, pilosite_feuille_fk) values (199,0);
insert into fleur (id,directory_name,scientific_name,scientific_family_fk,doc_url) values (200,"","Galium odoratum",33,"http://abiris.snv.jussieu.fr/flore/descriptions/Gaillet_odorant.html");
insert into taxonomy (lang, taxon, searched_taxon, fleur_fk) values ("fr","Gaillet odorant","gaillet odorant",200);
insert into taxonomy (lang, taxon, searched_taxon, fleur_fk) values ("fr","Aspérule odorante","asperule odorante",200);
insert into taxonomy (lang, taxon, searched_taxon, fleur_fk) values ("fr","Petit Muguet","petit muguet",200);
insert into taxonomy (lang, taxon, searched_taxon, fleur_fk) values ("la","Galium odoratum","galium odoratum",200);
insert into taxonomy (lang, taxon, searched_taxon, fleur_fk) values ("en","Sweetscented Bedstraw","sweetscented bedstraw",200);
insert into fleur_inflorescence (fleur_fk, inflorescence_fk) values (200,0);
insert into fleur_couleur (fleur_fk, couleur_fk) values (200,0);
insert into fleur_aspect (fleur_fk, aspect_fk) values (200,6);
insert into fleur_nb_petale (fleur_fk, nb_petale_fk) values (200,2);
insert into fleur_type_feuille (fleur_fk, type_feuille_fk) values (200,2);
insert into fleur_type_feuille (fleur_fk, type_feuille_fk) values (200,3);
insert into fleur_disposition_feuille (fleur_fk, disposition_feuille_fk) values (200,2);
insert into fleur_pilosite_tige (fleur_fk, pilosite_tige_fk) values (200,0);
insert into fleur_pilosite_feuille (fleur_fk, pilosite_feuille_fk) values (200,0);
insert into fleur (id,directory_name,scientific_name,scientific_family_fk,doc_url) values (201,"","Galium verum",33,"http://abiris.snv.jussieu.fr/flore/descriptions/Gaillet_vrai.html");
insert into taxonomy (lang, taxon, searched_taxon, fleur_fk) values ("fr","Gaillet vrai","gaillet vrai",201);
insert into taxonomy (lang, taxon, searched_taxon, fleur_fk) values ("fr","Caille-lait jaune","caille-lait jaune",201);
insert into taxonomy (lang, taxon, searched_taxon, fleur_fk) values ("fr","Gaillet jaune","gaillet jaune",201);
insert into taxonomy (lang, taxon, searched_taxon, fleur_fk) values ("la","Galium verum","galium verum",201);
insert into taxonomy (lang, taxon, searched_taxon, fleur_fk) values ("en","Yellow Bedstraw","yellow bedstraw",201);
insert into fleur_inflorescence (fleur_fk, inflorescence_fk) values (201,0);
insert into fleur_couleur (fleur_fk, couleur_fk) values (201,3);
insert into fleur_aspect (fleur_fk, aspect_fk) values (201,6);
insert into fleur_nb_petale (fleur_fk, nb_petale_fk) values (201,2);
insert into fleur_type_feuille (fleur_fk, type_feuille_fk) values (201,2);
insert into fleur_type_feuille (fleur_fk, type_feuille_fk) values (201,3);
insert into fleur_disposition_feuille (fleur_fk, disposition_feuille_fk) values (201,2);
insert into fleur_pilosite_tige (fleur_fk, pilosite_tige_fk) values (201,1);
insert into fleur_pilosite_feuille (fleur_fk, pilosite_feuille_fk) values (201,1);
insert into fleur (id,directory_name,scientific_name,scientific_family_fk,doc_url) values (202,"","Galeopsis ladanum",3,"http://abiris.snv.jussieu.fr/flore/descriptions/Galeopsis_des_moissons.html");
insert into taxonomy (lang, taxon, searched_taxon, fleur_fk) values ("fr","Galéopsis des moissons","galeopsis des moissons",202);
insert into taxonomy (lang, taxon, searched_taxon, fleur_fk) values ("fr","Galéopsis des champs","galeopsis des champs",202);
insert into taxonomy (lang, taxon, searched_taxon, fleur_fk) values ("fr","Galéopsis douteux","galeopsis douteux",202);
insert into taxonomy (lang, taxon, searched_taxon, fleur_fk) values ("la","Galeopsis ladanum","galeopsis ladanum",202);
insert into taxonomy (lang, taxon, searched_taxon, fleur_fk) values ("en","red hempnettle ","red hempnettle ",202);
insert into fleur_inflorescence (fleur_fk, inflorescence_fk) values (202,0);
insert into fleur_couleur (fleur_fk, couleur_fk) values (202,0);
insert into fleur_particularite (fleur_fk, particularite_fk) values (202,5);
insert into fleur_aspect (fleur_fk, aspect_fk) values (202,3);
insert into fleur_nb_petale (fleur_fk, nb_petale_fk) values (202,2);
insert into fleur_nb_petale (fleur_fk, nb_petale_fk) values (202,0);
insert into fleur_type_feuille (fleur_fk, type_feuille_fk) values (202,2);
insert into fleur_disposition_feuille (fleur_fk, disposition_feuille_fk) values (202,1);
insert into fleur_pilosite_tige (fleur_fk, pilosite_tige_fk) values (202,1);
insert into fleur_pilosite_feuille (fleur_fk, pilosite_feuille_fk) values (202,1);
insert into fleur (id,directory_name,scientific_name,scientific_family_fk,doc_url) values (203,"","Galeopsis tetrahit ",3,"http://abiris.snv.jussieu.fr/flore/descriptions/Galeopsis_tetrahit.html");
insert into taxonomy (lang, taxon, searched_taxon, fleur_fk) values ("fr","Galéopsis tétrahit","galeopsis tetrahit",203);
insert into taxonomy (lang, taxon, searched_taxon, fleur_fk) values ("la","Galeopsis tetrahit ","galeopsis tetrahit ",203);
insert into taxonomy (lang, taxon, searched_taxon, fleur_fk) values ("en","brittlestem hempnettle ","brittlestem hempnettle ",203);
insert into fleur_inflorescence (fleur_fk, inflorescence_fk) values (203,0);
insert into fleur_couleur (fleur_fk, couleur_fk) values (203,1);
insert into fleur_couleur (fleur_fk, couleur_fk) values (203,0);
insert into fleur_particularite (fleur_fk, particularite_fk) values (203,5);
insert into fleur_aspect (fleur_fk, aspect_fk) values (203,3);
insert into fleur_nb_petale (fleur_fk, nb_petale_fk) values (203,2);
insert into fleur_nb_petale (fleur_fk, nb_petale_fk) values (203,0);
insert into fleur_type_feuille (fleur_fk, type_feuille_fk) values (203,2);
insert into fleur_disposition_feuille (fleur_fk, disposition_feuille_fk) values (203,1);
insert into fleur_pilosite_tige (fleur_fk, pilosite_tige_fk) values (203,1);
insert into fleur_pilosite_feuille (fleur_fk, pilosite_feuille_fk) values (203,1);
insert into fleur (id,directory_name,scientific_name,scientific_family_fk,doc_url) values (204,"","Galinsoga quadriradiata",1,"http://abiris.snv.jussieu.fr/flore/descriptions/Galinsoga_cilie.html");
insert into taxonomy (lang, taxon, searched_taxon, fleur_fk) values ("fr","Galinsoga cilié","galinsoga cilie",204);
insert into taxonomy (lang, taxon, searched_taxon, fleur_fk) values ("la","Galinsoga quadriradiata","galinsoga quadriradiata",204);
insert into taxonomy (lang, taxon, searched_taxon, fleur_fk) values ("en","shaggy soldier","shaggy soldier",204);
insert into fleur_inflorescence (fleur_fk, inflorescence_fk) values (204,0);
insert into fleur_couleur (fleur_fk, couleur_fk) values (204,0);
insert into fleur_couleur (fleur_fk, couleur_fk) values (204,3);
insert into fleur_aspect (fleur_fk, aspect_fk) values (204,1);
insert into fleur_nb_petale (fleur_fk, nb_petale_fk) values (204,1);
insert into fleur_type_feuille (fleur_fk, type_feuille_fk) values (204,2);
insert into fleur_disposition_feuille (fleur_fk, disposition_feuille_fk) values (204,1);
insert into fleur_pilosite_tige (fleur_fk, pilosite_tige_fk) values (204,1);
insert into fleur_pilosite_feuille (fleur_fk, pilosite_feuille_fk) values (204,0);
insert into fleur (id,directory_name,scientific_name,scientific_family_fk,doc_url) values (205,"","Geranium pusillum",29,"http://www.tela-botanica.org/bdtfx-nn-30036-synthese");
insert into taxonomy (lang, taxon, searched_taxon, fleur_fk) values ("fr","Géranium à tiges grêles","geranium a tiges greles",205);
insert into taxonomy (lang, taxon, searched_taxon, fleur_fk) values ("fr","Géranium fluet","geranium fluet",205);
insert into taxonomy (lang, taxon, searched_taxon, fleur_fk) values ("la","Geranium pusillum","geranium pusillum",205);
insert into taxonomy (lang, taxon, searched_taxon, fleur_fk) values ("en","Small-flowered crane's-bill","small-flowered crane's-bill",205);
insert into fleur_inflorescence (fleur_fk, inflorescence_fk) values (205,0);
insert into fleur_couleur (fleur_fk, couleur_fk) values (205,1);
insert into fleur_couleur (fleur_fk, couleur_fk) values (205,2);
insert into fleur_aspect (fleur_fk, aspect_fk) values (205,0);
insert into fleur_nb_petale (fleur_fk, nb_petale_fk) values (205,0);
insert into fleur_type_feuille (fleur_fk, type_feuille_fk) values (205,1);
insert into fleur_disposition_feuille (fleur_fk, disposition_feuille_fk) values (205,1);
insert into fleur_pilosite_tige (fleur_fk, pilosite_tige_fk) values (205,1);
insert into fleur_pilosite_feuille (fleur_fk, pilosite_feuille_fk) values (205,1);
insert into fleur (id,directory_name,scientific_name,scientific_family_fk,doc_url) values (206,"","Geranium pyrenaicum",29,"http://www.tela-botanica.org/bdtfx-nn-75152-synthese");
insert into taxonomy (lang, taxon, searched_taxon, fleur_fk) values ("fr","Géranium des Pyrénées","geranium des pyrenees",206);
insert into taxonomy (lang, taxon, searched_taxon, fleur_fk) values ("la","Geranium pyrenaicum","geranium pyrenaicum",206);
insert into taxonomy (lang, taxon, searched_taxon, fleur_fk) values ("en","Hedgerow crane's-bill","hedgerow crane's-bill",206);
insert into fleur_inflorescence (fleur_fk, inflorescence_fk) values (206,0);
insert into fleur_couleur (fleur_fk, couleur_fk) values (206,1);
insert into fleur_couleur (fleur_fk, couleur_fk) values (206,2);
insert into fleur_particularite (fleur_fk, particularite_fk) values (206,1);
insert into fleur_aspect (fleur_fk, aspect_fk) values (206,0);
insert into fleur_nb_petale (fleur_fk, nb_petale_fk) values (206,0);
insert into fleur_type_feuille (fleur_fk, type_feuille_fk) values (206,1);
insert into fleur_disposition_feuille (fleur_fk, disposition_feuille_fk) values (206,1);
insert into fleur_pilosite_tige (fleur_fk, pilosite_tige_fk) values (206,1);
insert into fleur_pilosite_feuille (fleur_fk, pilosite_feuille_fk) values (206,1);
insert into fleur (id,directory_name,scientific_name,scientific_family_fk,doc_url) values (207,"","Geranium sanguineum",29,"http://www.tela-botanica.org/bdtfx-nn-30061-synthese");
insert into taxonomy (lang, taxon, searched_taxon, fleur_fk) values ("fr","Géranium sanguin","geranium sanguin",207);
insert into taxonomy (lang, taxon, searched_taxon, fleur_fk) values ("la","Geranium sanguineum","geranium sanguineum",207);
insert into taxonomy (lang, taxon, searched_taxon, fleur_fk) values ("en","Bloody crane's-bill","bloody crane's-bill",207);
insert into fleur_inflorescence (fleur_fk, inflorescence_fk) values (207,0);
insert into fleur_couleur (fleur_fk, couleur_fk) values (207,1);
insert into fleur_particularite (fleur_fk, particularite_fk) values (207,1);
insert into fleur_aspect (fleur_fk, aspect_fk) values (207,0);
insert into fleur_nb_petale (fleur_fk, nb_petale_fk) values (207,0);
insert into fleur_type_feuille (fleur_fk, type_feuille_fk) values (207,1);
insert into fleur_disposition_feuille (fleur_fk, disposition_feuille_fk) values (207,1);
insert into fleur_pilosite_tige (fleur_fk, pilosite_tige_fk) values (207,1);
insert into fleur_pilosite_feuille (fleur_fk, pilosite_feuille_fk) values (207,1);
insert into fleur (id,directory_name,scientific_name,scientific_family_fk,doc_url) values (208,"","Geranium rotundifolium",29,"http://abiris.snv.jussieu.fr/flore/descriptions/Geranium_a_feuilles_rondes.html");
insert into taxonomy (lang, taxon, searched_taxon, fleur_fk) values ("fr","Géranium à feuilles rondes","geranium a feuilles rondes",208);
insert into taxonomy (lang, taxon, searched_taxon, fleur_fk) values ("la","Geranium rotundifolium","geranium rotundifolium",208);
insert into taxonomy (lang, taxon, searched_taxon, fleur_fk) values ("en","round-leave crane's-bill","round-leave crane's-bill",208);
insert into fleur_inflorescence (fleur_fk, inflorescence_fk) values (208,0);
insert into fleur_couleur (fleur_fk, couleur_fk) values (208,1);
insert into fleur_aspect (fleur_fk, aspect_fk) values (208,0);
insert into fleur_nb_petale (fleur_fk, nb_petale_fk) values (208,0);
insert into fleur_type_feuille (fleur_fk, type_feuille_fk) values (208,1);
insert into fleur_disposition_feuille (fleur_fk, disposition_feuille_fk) values (208,1);
insert into fleur_pilosite_tige (fleur_fk, pilosite_tige_fk) values (208,1);
insert into fleur_pilosite_feuille (fleur_fk, pilosite_feuille_fk) values (208,1);
insert into fleur (id,directory_name,scientific_name,scientific_family_fk,doc_url) values (209,"","Geranium columbinum",29,"http://abiris.snv.jussieu.fr/flore/descriptions/Geranium_colombin.html");
insert into taxonomy (lang, taxon, searched_taxon, fleur_fk) values ("fr","Géranium colombin","geranium colombin",209);
insert into taxonomy (lang, taxon, searched_taxon, fleur_fk) values ("la","Geranium columbinum","geranium columbinum",209);
insert into taxonomy (lang, taxon, searched_taxon, fleur_fk) values ("en","Long-stalked crane's-bill","long-stalked crane's-bill",209);
insert into fleur_inflorescence (fleur_fk, inflorescence_fk) values (209,0);
insert into fleur_couleur (fleur_fk, couleur_fk) values (209,1);
insert into fleur_aspect (fleur_fk, aspect_fk) values (209,0);
insert into fleur_nb_petale (fleur_fk, nb_petale_fk) values (209,0);
insert into fleur_type_feuille (fleur_fk, type_feuille_fk) values (209,1);
insert into fleur_disposition_feuille (fleur_fk, disposition_feuille_fk) values (209,1);
insert into fleur_pilosite_tige (fleur_fk, pilosite_tige_fk) values (209,1);
insert into fleur_pilosite_feuille (fleur_fk, pilosite_feuille_fk) values (209,1);
insert into fleur (id,directory_name,scientific_name,scientific_family_fk,doc_url) values (210,"","Geranium dissectum",29,"http://abiris.snv.jussieu.fr/flore/descriptions/Geranium_decoupe.html");
insert into taxonomy (lang, taxon, searched_taxon, fleur_fk) values ("fr","Géranium découpé","geranium decoupe",210);
insert into taxonomy (lang, taxon, searched_taxon, fleur_fk) values ("fr","Géranium disséqué","geranium disseque",210);
insert into taxonomy (lang, taxon, searched_taxon, fleur_fk) values ("fr","Géranium à feuilles découpées","geranium a feuilles decoupees",210);
insert into taxonomy (lang, taxon, searched_taxon, fleur_fk) values ("la","Geranium dissectum","geranium dissectum",210);
insert into taxonomy (lang, taxon, searched_taxon, fleur_fk) values ("en","Cut-leave crane's-bill","cut-leave crane's-bill",210);
insert into fleur_inflorescence (fleur_fk, inflorescence_fk) values (210,0);
insert into fleur_couleur (fleur_fk, couleur_fk) values (210,1);
insert into fleur_particularite (fleur_fk, particularite_fk) values (210,1);
insert into fleur_aspect (fleur_fk, aspect_fk) values (210,0);
insert into fleur_nb_petale (fleur_fk, nb_petale_fk) values (210,0);
insert into fleur_type_feuille (fleur_fk, type_feuille_fk) values (210,1);
insert into fleur_disposition_feuille (fleur_fk, disposition_feuille_fk) values (210,1);
insert into fleur_pilosite_tige (fleur_fk, pilosite_tige_fk) values (210,1);
insert into fleur_pilosite_feuille (fleur_fk, pilosite_feuille_fk) values (210,0);
insert into fleur_pilosite_feuille (fleur_fk, pilosite_feuille_fk) values (210,1);
insert into fleur (id,directory_name,scientific_name,scientific_family_fk,doc_url) values (211,"","Geranium robertianum",29,"http://abiris.snv.jussieu.fr/flore/descriptions/Geranium_herbe_a_Robert.html");
insert into taxonomy (lang, taxon, searched_taxon, fleur_fk) values ("fr","Géranium herbe à Robert","geranium herbe a robert",211);
insert into taxonomy (lang, taxon, searched_taxon, fleur_fk) values ("la","Geranium robertianum","geranium robertianum",211);
insert into taxonomy (lang, taxon, searched_taxon, fleur_fk) values ("en","Herb Robert","herb robert",211);
insert into fleur_inflorescence (fleur_fk, inflorescence_fk) values (211,0);
insert into fleur_couleur (fleur_fk, couleur_fk) values (211,1);
insert into fleur_aspect (fleur_fk, aspect_fk) values (211,0);
insert into fleur_nb_petale (fleur_fk, nb_petale_fk) values (211,0);
insert into fleur_type_feuille (fleur_fk, type_feuille_fk) values (211,1);
insert into fleur_disposition_feuille (fleur_fk, disposition_feuille_fk) values (211,1);
insert into fleur_pilosite_tige (fleur_fk, pilosite_tige_fk) values (211,1);
insert into fleur_pilosite_feuille (fleur_fk, pilosite_feuille_fk) values (211,0);
insert into fleur (id,directory_name,scientific_name,scientific_family_fk,doc_url) values (212,"","Geranium lucidum",29,"http://abiris.snv.jussieu.fr/flore/descriptions/Geranium_luisant.html");
insert into taxonomy (lang, taxon, searched_taxon, fleur_fk) values ("fr","Géranium luisant","geranium luisant",212);
insert into taxonomy (lang, taxon, searched_taxon, fleur_fk) values ("la","Geranium lucidum","geranium lucidum",212);
insert into taxonomy (lang, taxon, searched_taxon, fleur_fk) values ("en","Shiny crane's-bill","shiny crane's-bill",212);
insert into fleur_inflorescence (fleur_fk, inflorescence_fk) values (212,0);
insert into fleur_couleur (fleur_fk, couleur_fk) values (212,1);
insert into fleur_aspect (fleur_fk, aspect_fk) values (212,0);
insert into fleur_nb_petale (fleur_fk, nb_petale_fk) values (212,0);
insert into fleur_type_feuille (fleur_fk, type_feuille_fk) values (212,1);
insert into fleur_disposition_feuille (fleur_fk, disposition_feuille_fk) values (212,1);
insert into fleur_pilosite_tige (fleur_fk, pilosite_tige_fk) values (212,0);
insert into fleur_pilosite_feuille (fleur_fk, pilosite_feuille_fk) values (212,2);
insert into fleur (id,directory_name,scientific_name,scientific_family_fk,doc_url) values (213,"","Geranium molle",29,"http://abiris.snv.jussieu.fr/flore/descriptions/Geranium_mou.html");
insert into taxonomy (lang, taxon, searched_taxon, fleur_fk) values ("fr","Géranium mou","geranium mou",213);
insert into taxonomy (lang, taxon, searched_taxon, fleur_fk) values ("la","Geranium molle","geranium molle",213);
insert into taxonomy (lang, taxon, searched_taxon, fleur_fk) values ("en","dove's foot crane's-bill","dove's foot crane's-bill",213);
insert into fleur_inflorescence (fleur_fk, inflorescence_fk) values (213,0);
insert into fleur_couleur (fleur_fk, couleur_fk) values (213,1);
insert into fleur_particularite (fleur_fk, particularite_fk) values (213,1);
insert into fleur_aspect (fleur_fk, aspect_fk) values (213,0);
insert into fleur_nb_petale (fleur_fk, nb_petale_fk) values (213,0);
insert into fleur_type_feuille (fleur_fk, type_feuille_fk) values (213,1);
insert into fleur_disposition_feuille (fleur_fk, disposition_feuille_fk) values (213,1);
insert into fleur_pilosite_tige (fleur_fk, pilosite_tige_fk) values (213,1);
insert into fleur_pilosite_feuille (fleur_fk, pilosite_feuille_fk) values (213,1);
insert into fleur (id,directory_name,scientific_name,scientific_family_fk,doc_url) values (214,"","Teucrium scordium",3,"http://abiris.snv.jussieu.fr/flore/descriptions/Germandree_des_marais.html");
insert into taxonomy (lang, taxon, searched_taxon, fleur_fk) values ("fr","Germandrée des marais","germandree des marais",214);
insert into taxonomy (lang, taxon, searched_taxon, fleur_fk) values ("la","Teucrium scordium","teucrium scordium",214);
insert into taxonomy (lang, taxon, searched_taxon, fleur_fk) values ("en","Water Germander","water germander",214);
insert into fleur_inflorescence (fleur_fk, inflorescence_fk) values (214,0);
insert into fleur_couleur (fleur_fk, couleur_fk) values (214,1);
insert into fleur_aspect (fleur_fk, aspect_fk) values (214,3);
insert into fleur_nb_petale (fleur_fk, nb_petale_fk) values (214,0);
insert into fleur_type_feuille (fleur_fk, type_feuille_fk) values (214,2);
insert into fleur_disposition_feuille (fleur_fk, disposition_feuille_fk) values (214,1);
insert into fleur_pilosite_tige (fleur_fk, pilosite_tige_fk) values (214,1);
insert into fleur_pilosite_feuille (fleur_fk, pilosite_feuille_fk) values (214,1);
insert into fleur (id,directory_name,scientific_name,scientific_family_fk,doc_url) values (215,"","Teucrium scorodonia",3,"http://abiris.snv.jussieu.fr/flore/descriptions/Germandree_scorodoine.html");
insert into taxonomy (lang, taxon, searched_taxon, fleur_fk) values ("fr","Germandrée scorodoine","germandree scorodoine",215);
insert into taxonomy (lang, taxon, searched_taxon, fleur_fk) values ("fr","Germandrée des bois","germandree des bois",215);
insert into taxonomy (lang, taxon, searched_taxon, fleur_fk) values ("fr","Sauge des bois","sauge des bois",215);
insert into taxonomy (lang, taxon, searched_taxon, fleur_fk) values ("la","Teucrium scorodonia","teucrium scorodonia",215);
insert into taxonomy (lang, taxon, searched_taxon, fleur_fk) values ("en","wood sage","wood sage",215);
insert into fleur_inflorescence (fleur_fk, inflorescence_fk) values (215,0);
insert into fleur_couleur (fleur_fk, couleur_fk) values (215,0);
insert into fleur_aspect (fleur_fk, aspect_fk) values (215,3);
insert into fleur_nb_petale (fleur_fk, nb_petale_fk) values (215,0);
insert into fleur_type_feuille (fleur_fk, type_feuille_fk) values (215,2);
insert into fleur_disposition_feuille (fleur_fk, disposition_feuille_fk) values (215,1);
insert into fleur_pilosite_tige (fleur_fk, pilosite_tige_fk) values (215,1);
insert into fleur_pilosite_feuille (fleur_fk, pilosite_feuille_fk) values (215,2);
insert into fleur (id,directory_name,scientific_name,scientific_family_fk,doc_url) values (216,"","Lathyrus latifolius",12,"");
insert into taxonomy (lang, taxon, searched_taxon, fleur_fk) values ("fr","Gesse à larges feuilles","gesse a larges feuilles",216);
insert into taxonomy (lang, taxon, searched_taxon, fleur_fk) values ("fr","Pois vivace","pois vivace",216);
insert into taxonomy (lang, taxon, searched_taxon, fleur_fk) values ("la","Lathyrus latifolius","lathyrus latifolius",216);
insert into taxonomy (lang, taxon, searched_taxon, fleur_fk) values ("en","perennial peavine","perennial peavine",216);
insert into fleur_inflorescence (fleur_fk, inflorescence_fk) values (216,0);
insert into fleur_couleur (fleur_fk, couleur_fk) values (216,1);
insert into fleur_particularite (fleur_fk, particularite_fk) values (216,4);
insert into fleur_aspect (fleur_fk, aspect_fk) values (216,2);
insert into fleur_nb_petale (fleur_fk, nb_petale_fk) values (216,0);
insert into fleur_type_feuille (fleur_fk, type_feuille_fk) values (216,0);
insert into fleur_disposition_feuille (fleur_fk, disposition_feuille_fk) values (216,0);
insert into fleur_pilosite_tige (fleur_fk, pilosite_tige_fk) values (216,0);
insert into fleur_pilosite_tige (fleur_fk, pilosite_tige_fk) values (216,1);
insert into fleur_pilosite_feuille (fleur_fk, pilosite_feuille_fk) values (216,0);
insert into fleur (id,directory_name,scientific_name,scientific_family_fk,doc_url) values (217,"","Lathyrus linifolius",12,"");
insert into taxonomy (lang, taxon, searched_taxon, fleur_fk) values ("fr","Gesse à feuilles de lin","gesse a feuilles de lin",217);
insert into taxonomy (lang, taxon, searched_taxon, fleur_fk) values ("fr","Gesse des montagnes","gesse des montagnes",217);
insert into taxonomy (lang, taxon, searched_taxon, fleur_fk) values ("la","Lathyrus linifolius","lathyrus linifolius",217);
insert into taxonomy (lang, taxon, searched_taxon, fleur_fk) values ("en","bitter vetch","bitter vetch",217);
insert into fleur_inflorescence (fleur_fk, inflorescence_fk) values (217,0);
insert into fleur_couleur (fleur_fk, couleur_fk) values (217,1);
insert into fleur_particularite (fleur_fk, particularite_fk) values (217,4);
insert into fleur_aspect (fleur_fk, aspect_fk) values (217,2);
insert into fleur_nb_petale (fleur_fk, nb_petale_fk) values (217,0);
insert into fleur_type_feuille (fleur_fk, type_feuille_fk) values (217,0);
insert into fleur_disposition_feuille (fleur_fk, disposition_feuille_fk) values (217,0);
insert into fleur_pilosite_tige (fleur_fk, pilosite_tige_fk) values (217,0);
insert into fleur_pilosite_feuille (fleur_fk, pilosite_feuille_fk) values (217,0);
insert into fleur (id,directory_name,scientific_name,scientific_family_fk,doc_url) values (218,"","Lathyrus pratensis",12,"");
insert into taxonomy (lang, taxon, searched_taxon, fleur_fk) values ("fr","Gesse des prés","gesse des pres",218);
insert into taxonomy (lang, taxon, searched_taxon, fleur_fk) values ("la","Lathyrus pratensis","lathyrus pratensis",218);
insert into taxonomy (lang, taxon, searched_taxon, fleur_fk) values ("en","meadow vetchling","meadow vetchling",218);
insert into fleur_inflorescence (fleur_fk, inflorescence_fk) values (218,0);
insert into fleur_couleur (fleur_fk, couleur_fk) values (218,3);
insert into fleur_particularite (fleur_fk, particularite_fk) values (218,4);
insert into fleur_aspect (fleur_fk, aspect_fk) values (218,2);
insert into fleur_nb_petale (fleur_fk, nb_petale_fk) values (218,0);
insert into fleur_type_feuille (fleur_fk, type_feuille_fk) values (218,0);
insert into fleur_disposition_feuille (fleur_fk, disposition_feuille_fk) values (218,0);
insert into fleur_pilosite_tige (fleur_fk, pilosite_tige_fk) values (218,1);
insert into fleur_pilosite_feuille (fleur_fk, pilosite_feuille_fk) values (218,2);
insert into fleur (id,directory_name,scientific_name,scientific_family_fk,doc_url) values (219,"","Lathyrus hirsutus",12,"");
insert into taxonomy (lang, taxon, searched_taxon, fleur_fk) values ("fr","Gesse hérissée","gesse herissee",219);
insert into taxonomy (lang, taxon, searched_taxon, fleur_fk) values ("fr","Gesse velue","gesse velue",219);
insert into taxonomy (lang, taxon, searched_taxon, fleur_fk) values ("fr","Gesse hirsute","gesse hirsute",219);
insert into taxonomy (lang, taxon, searched_taxon, fleur_fk) values ("la","Lathyrus hirsutus","lathyrus hirsutus",219);
insert into taxonomy (lang, taxon, searched_taxon, fleur_fk) values ("en","hairy vetchling","hairy vetchling",219);
insert into fleur_inflorescence (fleur_fk, inflorescence_fk) values (219,0);
insert into fleur_couleur (fleur_fk, couleur_fk) values (219,2);
insert into fleur_couleur (fleur_fk, couleur_fk) values (219,1);
insert into fleur_particularite (fleur_fk, particularite_fk) values (219,4);
insert into fleur_particularite (fleur_fk, particularite_fk) values (219,5);
insert into fleur_aspect (fleur_fk, aspect_fk) values (219,2);
insert into fleur_nb_petale (fleur_fk, nb_petale_fk) values (219,0);
insert into fleur_type_feuille (fleur_fk, type_feuille_fk) values (219,0);
insert into fleur_disposition_feuille (fleur_fk, disposition_feuille_fk) values (219,0);
insert into fleur_pilosite_tige (fleur_fk, pilosite_tige_fk) values (219,1);
insert into fleur_pilosite_feuille (fleur_fk, pilosite_feuille_fk) values (219,0);
insert into fleur (id,directory_name,scientific_name,scientific_family_fk,doc_url) values (220,"","Lathyrus aphaca",12,"");
insert into taxonomy (lang, taxon, searched_taxon, fleur_fk) values ("fr","Gesse sans feuille","gesse sans feuille",220);
insert into taxonomy (lang, taxon, searched_taxon, fleur_fk) values ("la","Lathyrus aphaca","lathyrus aphaca",220);
insert into taxonomy (lang, taxon, searched_taxon, fleur_fk) values ("en","yellow pea","yellow pea",220);
insert into fleur_inflorescence (fleur_fk, inflorescence_fk) values (220,0);
insert into fleur_couleur (fleur_fk, couleur_fk) values (220,3);
insert into fleur_particularite (fleur_fk, particularite_fk) values (220,4);
insert into fleur_particularite (fleur_fk, particularite_fk) values (220,5);
insert into fleur_aspect (fleur_fk, aspect_fk) values (220,2);
insert into fleur_nb_petale (fleur_fk, nb_petale_fk) values (220,0);
insert into fleur_type_feuille (fleur_fk, type_feuille_fk) values (220,4);
insert into fleur_disposition_feuille (fleur_fk, disposition_feuille_fk) values (220,4);
insert into fleur_pilosite_tige (fleur_fk, pilosite_tige_fk) values (220,0);
insert into fleur_pilosite_feuille (fleur_fk, pilosite_feuille_fk) values (220,0);
insert into fleur (id,directory_name,scientific_name,scientific_family_fk,doc_url) values (221,"","Glechoma hederacea",3,"");
insert into taxonomy (lang, taxon, searched_taxon, fleur_fk) values ("fr","Gléchoma faux lierre","glechoma faux lierre",221);
insert into taxonomy (lang, taxon, searched_taxon, fleur_fk) values ("fr","Lierre terrestre","lierre terrestre",221);
insert into taxonomy (lang, taxon, searched_taxon, fleur_fk) values ("fr","Gléchome lierre terrestre","glechome lierre terrestre",221);
insert into taxonomy (lang, taxon, searched_taxon, fleur_fk) values ("la","Glechoma hederacea","glechoma hederacea",221);
insert into taxonomy (lang, taxon, searched_taxon, fleur_fk) values ("en","ground-ivy","ground-ivy",221);
insert into fleur_inflorescence (fleur_fk, inflorescence_fk) values (221,0);
insert into fleur_couleur (fleur_fk, couleur_fk) values (221,2);
insert into fleur_particularite (fleur_fk, particularite_fk) values (221,5);
insert into fleur_aspect (fleur_fk, aspect_fk) values (221,3);
insert into fleur_nb_petale (fleur_fk, nb_petale_fk) values (221,0);
insert into fleur_type_feuille (fleur_fk, type_feuille_fk) values (221,2);
insert into fleur_disposition_feuille (fleur_fk, disposition_feuille_fk) values (221,0);
insert into fleur_pilosite_tige (fleur_fk, pilosite_tige_fk) values (221,1);
insert into fleur_pilosite_feuille (fleur_fk, pilosite_feuille_fk) values (221,1);
insert into fleur (id,directory_name,scientific_name,scientific_family_fk,doc_url) values (222,"","Laphangium luteoalbum",1,"");
insert into taxonomy (lang, taxon, searched_taxon, fleur_fk) values ("fr","Gnaphale jaunâtre","gnaphale jaunatre",222);
insert into taxonomy (lang, taxon, searched_taxon, fleur_fk) values ("fr","Cotonnière blanc-jaunâtre","cotonniere blanc-jaunatre",222);
insert into taxonomy (lang, taxon, searched_taxon, fleur_fk) values ("fr","Immortelle des marais","immortelle des marais",222);
insert into taxonomy (lang, taxon, searched_taxon, fleur_fk) values ("la","Laphangium luteoalbum","laphangium luteoalbum",222);
insert into fleur_inflorescence (fleur_fk, inflorescence_fk) values (222,0);
insert into fleur_couleur (fleur_fk, couleur_fk) values (222,3);
insert into fleur_couleur (fleur_fk, couleur_fk) values (222,0);
insert into fleur_aspect (fleur_fk, aspect_fk) values (222,4);
insert into fleur_nb_petale (fleur_fk, nb_petale_fk) values (222,1);
insert into fleur_type_feuille (fleur_fk, type_feuille_fk) values (222,2);
insert into fleur_type_feuille (fleur_fk, type_feuille_fk) values (222,3);
insert into fleur_disposition_feuille (fleur_fk, disposition_feuille_fk) values (222,0);
insert into fleur_pilosite_tige (fleur_fk, pilosite_tige_fk) values (222,1);
insert into fleur_pilosite_feuille (fleur_fk, pilosite_feuille_fk) values (222,1);
insert into fleur (id,directory_name,scientific_name,scientific_family_fk,doc_url) values (223,"","Tanacetum parthenium",1,"");
insert into taxonomy (lang, taxon, searched_taxon, fleur_fk) values ("fr","Grande Camomille","grande camomille",223);
insert into taxonomy (lang, taxon, searched_taxon, fleur_fk) values ("la","Tanacetum parthenium","tanacetum parthenium",223);
insert into taxonomy (lang, taxon, searched_taxon, fleur_fk) values ("en","feverfew","feverfew",223);
insert into fleur_inflorescence (fleur_fk, inflorescence_fk) values (223,0);
insert into fleur_couleur (fleur_fk, couleur_fk) values (223,0);
insert into fleur_couleur (fleur_fk, couleur_fk) values (223,3);
insert into fleur_aspect (fleur_fk, aspect_fk) values (223,1);
insert into fleur_nb_petale (fleur_fk, nb_petale_fk) values (223,1);
insert into fleur_type_feuille (fleur_fk, type_feuille_fk) values (223,1);
insert into fleur_disposition_feuille (fleur_fk, disposition_feuille_fk) values (223,0);
insert into fleur_pilosite_tige (fleur_fk, pilosite_tige_fk) values (223,0);
insert into fleur_pilosite_feuille (fleur_fk, pilosite_feuille_fk) values (223,1);
insert into fleur (id,directory_name,scientific_name,scientific_family_fk,doc_url) values (224,"","Sanguisorba officinalis",4,"");
insert into taxonomy (lang, taxon, searched_taxon, fleur_fk) values ("fr","Grande Pimprenelle","grande pimprenelle",224);
insert into taxonomy (lang, taxon, searched_taxon, fleur_fk) values ("fr","Pimprenelle officinale","pimprenelle officinale",224);
insert into taxonomy (lang, taxon, searched_taxon, fleur_fk) values ("la","Sanguisorba officinalis","sanguisorba officinalis",224);
insert into taxonomy (lang, taxon, searched_taxon, fleur_fk) values ("en","great burnet","great burnet",224);
insert into fleur_inflorescence (fleur_fk, inflorescence_fk) values (224,0);
insert into fleur_couleur (fleur_fk, couleur_fk) values (224,1);
insert into fleur_aspect (fleur_fk, aspect_fk) values (224,0);
insert into fleur_nb_petale (fleur_fk, nb_petale_fk) values (224,2);
insert into fleur_type_feuille (fleur_fk, type_feuille_fk) values (224,0);
insert into fleur_disposition_feuille (fleur_fk, disposition_feuille_fk) values (224,0);
insert into fleur_pilosite_tige (fleur_fk, pilosite_tige_fk) values (224,0);
insert into fleur_pilosite_feuille (fleur_fk, pilosite_feuille_fk) values (224,0);
insert into fleur (id,directory_name,scientific_name,scientific_family_fk,doc_url) values (225,"","Lithospermum purpurocaeruleum",14,"");
insert into taxonomy (lang, taxon, searched_taxon, fleur_fk) values ("fr","Grémil bleu-pourpre","gremil bleu-pourpre",225);
insert into taxonomy (lang, taxon, searched_taxon, fleur_fk) values ("la","Lithospermum purpurocaeruleum","lithospermum purpurocaeruleum",225);
insert into taxonomy (lang, taxon, searched_taxon, fleur_fk) values ("en","Purple Gromwell","purple gromwell",225);
insert into fleur_inflorescence (fleur_fk, inflorescence_fk) values (225,0);
insert into fleur_couleur (fleur_fk, couleur_fk) values (225,2);
insert into fleur_aspect (fleur_fk, aspect_fk) values (225,6);
insert into fleur_nb_petale (fleur_fk, nb_petale_fk) values (225,0);
insert into fleur_type_feuille (fleur_fk, type_feuille_fk) values (225,3);
insert into fleur_disposition_feuille (fleur_fk, disposition_feuille_fk) values (225,0);
insert into fleur_pilosite_tige (fleur_fk, pilosite_tige_fk) values (225,1);
insert into fleur_pilosite_feuille (fleur_fk, pilosite_feuille_fk) values (225,1);
insert into fleur (id,directory_name,scientific_name,scientific_family_fk,doc_url) values (226,"","Althaea officinalisa",34,"");
insert into taxonomy (lang, taxon, searched_taxon, fleur_fk) values ("fr","Guimauve","guimauve",226);
insert into taxonomy (lang, taxon, searched_taxon, fleur_fk) values ("fr","Guimauve officinale","guimauve officinale",226);
insert into taxonomy (lang, taxon, searched_taxon, fleur_fk) values ("fr","Mauve blanche","mauve blanche",226);
insert into taxonomy (lang, taxon, searched_taxon, fleur_fk) values ("la","Althaea officinalisa","althaea officinalisa",226);
insert into taxonomy (lang, taxon, searched_taxon, fleur_fk) values ("en","marshmallow","marshmallow",226);
insert into fleur_inflorescence (fleur_fk, inflorescence_fk) values (226,0);
insert into fleur_couleur (fleur_fk, couleur_fk) values (226,0);
insert into fleur_aspect (fleur_fk, aspect_fk) values (226,0);
insert into fleur_nb_petale (fleur_fk, nb_petale_fk) values (226,0);
insert into fleur_type_feuille (fleur_fk, type_feuille_fk) values (226,2);
insert into fleur_disposition_feuille (fleur_fk, disposition_feuille_fk) values (226,0);
insert into fleur_pilosite_tige (fleur_fk, pilosite_tige_fk) values (226,1);
insert into fleur_pilosite_feuille (fleur_fk, pilosite_feuille_fk) values (226,1);
insert into fleur (id,directory_name,scientific_name,scientific_family_fk,doc_url) values (227,"","Helianthemum nummularium",35,"");
insert into taxonomy (lang, taxon, searched_taxon, fleur_fk) values ("fr","Hélianthème commun","heliantheme commun",227);
insert into taxonomy (lang, taxon, searched_taxon, fleur_fk) values ("fr","Hélianthème jaune","heliantheme jaune",227);
insert into taxonomy (lang, taxon, searched_taxon, fleur_fk) values ("fr","Hélianthème nummulaire","heliantheme nummulaire",227);
insert into taxonomy (lang, taxon, searched_taxon, fleur_fk) values ("la","Helianthemum nummularium","helianthemum nummularium",227);
insert into taxonomy (lang, taxon, searched_taxon, fleur_fk) values ("en","Common Rock-rose","common rock-rose",227);
insert into fleur_inflorescence (fleur_fk, inflorescence_fk) values (227,0);
insert into fleur_couleur (fleur_fk, couleur_fk) values (227,3);
insert into fleur_aspect (fleur_fk, aspect_fk) values (227,0);
insert into fleur_nb_petale (fleur_fk, nb_petale_fk) values (227,0);
insert into fleur_type_feuille (fleur_fk, type_feuille_fk) values (227,3);
insert into fleur_disposition_feuille (fleur_fk, disposition_feuille_fk) values (227,1);
insert into fleur_pilosite_tige (fleur_fk, pilosite_tige_fk) values (227,0);
insert into fleur_pilosite_feuille (fleur_fk, pilosite_feuille_fk) values (227,1);
insert into fleur (id,directory_name,scientific_name,scientific_family_fk,doc_url) values (228,"","Tuberaria guttata",35,"");
insert into taxonomy (lang, taxon, searched_taxon, fleur_fk) values ("fr","Hélianthème tacheté","heliantheme tachete",228);
insert into taxonomy (lang, taxon, searched_taxon, fleur_fk) values ("fr","Hélianthème à gouttes","heliantheme a gouttes",228);
insert into taxonomy (lang, taxon, searched_taxon, fleur_fk) values ("fr","Hélianthème taché","heliantheme tache",228);
insert into taxonomy (lang, taxon, searched_taxon, fleur_fk) values ("la","Tuberaria guttata","tuberaria guttata",228);
insert into taxonomy (lang, taxon, searched_taxon, fleur_fk) values ("en","spotted rockrose","spotted rockrose",228);
insert into fleur_inflorescence (fleur_fk, inflorescence_fk) values (228,0);
insert into fleur_couleur (fleur_fk, couleur_fk) values (228,3);
insert into fleur_particularite (fleur_fk, particularite_fk) values (228,5);
insert into fleur_aspect (fleur_fk, aspect_fk) values (228,0);
insert into fleur_nb_petale (fleur_fk, nb_petale_fk) values (228,0);
insert into fleur_type_feuille (fleur_fk, type_feuille_fk) values (228,3);
insert into fleur_disposition_feuille (fleur_fk, disposition_feuille_fk) values (228,0);
insert into fleur_disposition_feuille (fleur_fk, disposition_feuille_fk) values (228,1);
insert into fleur_pilosite_tige (fleur_fk, pilosite_tige_fk) values (228,1);
insert into fleur_pilosite_feuille (fleur_fk, pilosite_feuille_fk) values (228,1);
insert into fleur (id,directory_name,scientific_name,scientific_family_fk,doc_url) values (229,"","Heliotropium europaeum",14,"");
insert into taxonomy (lang, taxon, searched_taxon, fleur_fk) values ("fr","Héliotrope d'Europe","heliotrope d'europe",229);
insert into taxonomy (lang, taxon, searched_taxon, fleur_fk) values ("fr","Héliotrope commun","heliotrope commun",229);
insert into taxonomy (lang, taxon, searched_taxon, fleur_fk) values ("fr","Herbe de la Saint-Fiacre","herbe de la saint-fiacre",229);
insert into taxonomy (lang, taxon, searched_taxon, fleur_fk) values ("la","Heliotropium europaeum","heliotropium europaeum",229);
insert into taxonomy (lang, taxon, searched_taxon, fleur_fk) values ("en","European Heliotrope","european heliotrope",229);
insert into fleur_inflorescence (fleur_fk, inflorescence_fk) values (229,0);
insert into fleur_couleur (fleur_fk, couleur_fk) values (229,0);
insert into fleur_aspect (fleur_fk, aspect_fk) values (229,6);
insert into fleur_nb_petale (fleur_fk, nb_petale_fk) values (229,0);
insert into fleur_type_feuille (fleur_fk, type_feuille_fk) values (229,3);
insert into fleur_disposition_feuille (fleur_fk, disposition_feuille_fk) values (229,0);
insert into fleur_pilosite_tige (fleur_fk, pilosite_tige_fk) values (229,1);
insert into fleur_pilosite_feuille (fleur_fk, pilosite_feuille_fk) values (229,1);
insert into fleur (id,directory_name,scientific_name,scientific_family_fk,doc_url) values (230,"","Inula salicina",1,"");
insert into taxonomy (lang, taxon, searched_taxon, fleur_fk) values ("fr","Inule à feuilles de saule","inule a feuilles de saule",230);
insert into taxonomy (lang, taxon, searched_taxon, fleur_fk) values ("la","Inula salicina","inula salicina",230);
insert into taxonomy (lang, taxon, searched_taxon, fleur_fk) values ("en","willowleaf yellowhead","willowleaf yellowhead",230);
insert into fleur_inflorescence (fleur_fk, inflorescence_fk) values (230,1);
insert into fleur_couleur (fleur_fk, couleur_fk) values (230,3);
insert into fleur_aspect (fleur_fk, aspect_fk) values (230,1);
insert into fleur_nb_petale (fleur_fk, nb_petale_fk) values (230,1);
insert into fleur_type_feuille (fleur_fk, type_feuille_fk) values (230,3);
insert into fleur_disposition_feuille (fleur_fk, disposition_feuille_fk) values (230,0);
insert into fleur_pilosite_tige (fleur_fk, pilosite_tige_fk) values (230,0);
insert into fleur_pilosite_tige (fleur_fk, pilosite_tige_fk) values (230,1);
insert into fleur_pilosite_feuille (fleur_fk, pilosite_feuille_fk) values (230,1);
insert into fleur (id,directory_name,scientific_name,scientific_family_fk,doc_url) values (231,"","Inula britannica",1,"");
insert into taxonomy (lang, taxon, searched_taxon, fleur_fk) values ("fr","Inule britannique","inule britannique",231);
insert into taxonomy (lang, taxon, searched_taxon, fleur_fk) values ("la","Inula britannica","inula britannica",231);
insert into taxonomy (lang, taxon, searched_taxon, fleur_fk) values ("en","British yellowhead","british yellowhead",231);
insert into fleur_inflorescence (fleur_fk, inflorescence_fk) values (231,1);
insert into fleur_couleur (fleur_fk, couleur_fk) values (231,3);
insert into fleur_aspect (fleur_fk, aspect_fk) values (231,1);
insert into fleur_nb_petale (fleur_fk, nb_petale_fk) values (231,1);
insert into fleur_type_feuille (fleur_fk, type_feuille_fk) values (231,2);
insert into fleur_disposition_feuille (fleur_fk, disposition_feuille_fk) values (231,0);
insert into fleur_pilosite_tige (fleur_fk, pilosite_tige_fk) values (231,1);
insert into fleur_pilosite_feuille (fleur_fk, pilosite_feuille_fk) values (231,1);
insert into fleur (id,directory_name,scientific_name,scientific_family_fk,doc_url) values (232,"","Inula conyza",1,"");
insert into taxonomy (lang, taxon, searched_taxon, fleur_fk) values ("fr","Inule conyze","inule conyze",232);
insert into taxonomy (lang, taxon, searched_taxon, fleur_fk) values ("fr","Herbe aux mouches","herbe aux mouches",232);
insert into taxonomy (lang, taxon, searched_taxon, fleur_fk) values ("la","Inula conyza","inula conyza",232);
insert into taxonomy (lang, taxon, searched_taxon, fleur_fk) values ("en","plougman's-spikenard","plougman's-spikenard",232);
insert into fleur_inflorescence (fleur_fk, inflorescence_fk) values (232,0);
insert into fleur_couleur (fleur_fk, couleur_fk) values (232,3);
insert into fleur_aspect (fleur_fk, aspect_fk) values (232,4);
insert into fleur_nb_petale (fleur_fk, nb_petale_fk) values (232,1);
insert into fleur_type_feuille (fleur_fk, type_feuille_fk) values (232,2);
insert into fleur_disposition_feuille (fleur_fk, disposition_feuille_fk) values (232,0);
insert into fleur_pilosite_tige (fleur_fk, pilosite_tige_fk) values (232,1);
insert into fleur_pilosite_feuille (fleur_fk, pilosite_feuille_fk) values (232,2);
insert into fleur (id,directory_name,scientific_name,scientific_family_fk,doc_url) values (233,"","Dittrichia graveolens",1,"");
insert into taxonomy (lang, taxon, searched_taxon, fleur_fk) values ("fr","Inule odorante","inule odorante",233);
insert into taxonomy (lang, taxon, searched_taxon, fleur_fk) values ("fr","Inule fétide","inule fetide",233);
insert into taxonomy (lang, taxon, searched_taxon, fleur_fk) values ("la","Dittrichia graveolens","dittrichia graveolens",233);
insert into taxonomy (lang, taxon, searched_taxon, fleur_fk) values ("en","stinkwort","stinkwort",233);
insert into fleur_inflorescence (fleur_fk, inflorescence_fk) values (233,0);
insert into fleur_couleur (fleur_fk, couleur_fk) values (233,3);
insert into fleur_aspect (fleur_fk, aspect_fk) values (233,1);
insert into fleur_nb_petale (fleur_fk, nb_petale_fk) values (233,1);
insert into fleur_type_feuille (fleur_fk, type_feuille_fk) values (233,3);
insert into fleur_disposition_feuille (fleur_fk, disposition_feuille_fk) values (233,0);
insert into fleur_pilosite_tige (fleur_fk, pilosite_tige_fk) values (233,1);
insert into fleur_pilosite_feuille (fleur_fk, pilosite_feuille_fk) values (233,1);
insert into fleur (id,directory_name,scientific_name,scientific_family_fk,doc_url) values (234,"","Iris pseudacorus",36,"");
insert into taxonomy (lang, taxon, searched_taxon, fleur_fk) values ("fr","Iris des marais","iris des marais",234);
insert into taxonomy (lang, taxon, searched_taxon, fleur_fk) values ("fr","Iris jaune","iris jaune",234);
insert into taxonomy (lang, taxon, searched_taxon, fleur_fk) values ("fr","Iris faux acore","iris faux acore",234);
insert into taxonomy (lang, taxon, searched_taxon, fleur_fk) values ("la","Iris pseudacorus","iris pseudacorus",234);
insert into taxonomy (lang, taxon, searched_taxon, fleur_fk) values ("en","yellow iris","yellow iris",234);
insert into fleur_inflorescence (fleur_fk, inflorescence_fk) values (234,0);
insert into fleur_couleur (fleur_fk, couleur_fk) values (234,3);
insert into fleur_aspect (fleur_fk, aspect_fk) values (234,0);
insert into fleur_aspect (fleur_fk, aspect_fk) values (234,6);
insert into fleur_nb_petale (fleur_fk, nb_petale_fk) values (234,3);
insert into fleur_type_feuille (fleur_fk, type_feuille_fk) values (234,3);
insert into fleur_disposition_feuille (fleur_fk, disposition_feuille_fk) values (234,0);
insert into fleur_pilosite_tige (fleur_fk, pilosite_tige_fk) values (234,0);
insert into fleur_pilosite_feuille (fleur_fk, pilosite_feuille_fk) values (234,0);
insert into fleur (id,directory_name,scientific_name,scientific_family_fk,doc_url) values (235,"","Iris foetidissima",36,"");
insert into taxonomy (lang, taxon, searched_taxon, fleur_fk) values ("fr","Iris fétide","iris fetide",235);
insert into taxonomy (lang, taxon, searched_taxon, fleur_fk) values ("fr","Iris gigot","iris gigot",235);
insert into taxonomy (lang, taxon, searched_taxon, fleur_fk) values ("la","Iris foetidissima","iris foetidissima",235);
insert into taxonomy (lang, taxon, searched_taxon, fleur_fk) values ("en","Stinking iris","stinking iris",235);
insert into fleur_inflorescence (fleur_fk, inflorescence_fk) values (235,0);
insert into fleur_couleur (fleur_fk, couleur_fk) values (235,1);
insert into fleur_couleur (fleur_fk, couleur_fk) values (235,4);
insert into fleur_aspect (fleur_fk, aspect_fk) values (235,0);
insert into fleur_aspect (fleur_fk, aspect_fk) values (235,6);
insert into fleur_nb_petale (fleur_fk, nb_petale_fk) values (235,3);
insert into fleur_type_feuille (fleur_fk, type_feuille_fk) values (235,3);
insert into fleur_disposition_feuille (fleur_fk, disposition_feuille_fk) values (235,0);
insert into fleur_pilosite_tige (fleur_fk, pilosite_tige_fk) values (235,0);
insert into fleur_pilosite_feuille (fleur_fk, pilosite_feuille_fk) values (235,0);
insert into fleur (id,directory_name,scientific_name,scientific_family_fk,doc_url) values (236,"","Hyacinthoides non-scripta",37,"");
insert into taxonomy (lang, taxon, searched_taxon, fleur_fk) values ("fr","Jacinthe des bois","jacinthe des bois",236);
insert into taxonomy (lang, taxon, searched_taxon, fleur_fk) values ("fr","Endymion penché","endymion penche",236);
insert into taxonomy (lang, taxon, searched_taxon, fleur_fk) values ("fr","Jacinthe sauvage","jacinthe sauvage",236);
insert into taxonomy (lang, taxon, searched_taxon, fleur_fk) values ("la","Hyacinthoides non-scripta","hyacinthoides non-scripta",236);
insert into taxonomy (lang, taxon, searched_taxon, fleur_fk) values ("en","common bluebell","common bluebell",236);
insert into fleur_inflorescence (fleur_fk, inflorescence_fk) values (236,0);
insert into fleur_couleur (fleur_fk, couleur_fk) values (236,2);
insert into fleur_particularite (fleur_fk, particularite_fk) values (236,0);
insert into fleur_aspect (fleur_fk, aspect_fk) values (236,6);
insert into fleur_nb_petale (fleur_fk, nb_petale_fk) values (236,3);
insert into fleur_type_feuille (fleur_fk, type_feuille_fk) values (236,3);
insert into fleur_disposition_feuille (fleur_fk, disposition_feuille_fk) values (236,3);
insert into fleur_pilosite_tige (fleur_fk, pilosite_tige_fk) values (236,0);
insert into fleur_pilosite_feuille (fleur_fk, pilosite_feuille_fk) values (236,0);
insert into fleur (id,directory_name,scientific_name,scientific_family_fk,doc_url) values (237,"","Jasione montana",18,"");
insert into taxonomy (lang, taxon, searched_taxon, fleur_fk) values ("fr","Jasione des montagnes","jasione des montagnes",237);
insert into taxonomy (lang, taxon, searched_taxon, fleur_fk) values ("fr","Jasione ondulée","jasione ondulee",237);
insert into taxonomy (lang, taxon, searched_taxon, fleur_fk) values ("la","Jasione montana","jasione montana",237);
insert into taxonomy (lang, taxon, searched_taxon, fleur_fk) values ("en","Sheep's bit scabious","sheep's bit scabious",237);
insert into fleur_inflorescence (fleur_fk, inflorescence_fk) values (237,1);
insert into fleur_couleur (fleur_fk, couleur_fk) values (237,2);
insert into fleur_aspect (fleur_fk, aspect_fk) values (237,4);
insert into fleur_nb_petale (fleur_fk, nb_petale_fk) values (237,1);
insert into fleur_type_feuille (fleur_fk, type_feuille_fk) values (237,2);
insert into fleur_disposition_feuille (fleur_fk, disposition_feuille_fk) values (237,0);
insert into fleur_pilosite_tige (fleur_fk, pilosite_tige_fk) values (237,1);
insert into fleur_pilosite_feuille (fleur_fk, pilosite_feuille_fk) values (237,1);
insert into fleur (id,directory_name,scientific_name,scientific_family_fk,doc_url) values (238,"","Narcissus pseudonarcissus",6,"");
insert into taxonomy (lang, taxon, searched_taxon, fleur_fk) values ("fr","Jonquille","jonquille",238);
insert into taxonomy (lang, taxon, searched_taxon, fleur_fk) values ("fr","Narcisse janne","narcisse janne",238);
insert into taxonomy (lang, taxon, searched_taxon, fleur_fk) values ("fr","Narcisse trompette","narcisse trompette",238);
insert into taxonomy (lang, taxon, searched_taxon, fleur_fk) values ("la","Narcissus pseudonarcissus","narcissus pseudonarcissus",238);
insert into taxonomy (lang, taxon, searched_taxon, fleur_fk) values ("en","wild daffodil","wild daffodil",238);
insert into fleur_inflorescence (fleur_fk, inflorescence_fk) values (238,1);
insert into fleur_couleur (fleur_fk, couleur_fk) values (238,3);
insert into fleur_aspect (fleur_fk, aspect_fk) values (238,6);
insert into fleur_nb_petale (fleur_fk, nb_petale_fk) values (238,3);
insert into fleur_type_feuille (fleur_fk, type_feuille_fk) values (238,3);
insert into fleur_disposition_feuille (fleur_fk, disposition_feuille_fk) values (238,3);
insert into fleur_pilosite_tige (fleur_fk, pilosite_tige_fk) values (238,0);
insert into fleur_pilosite_feuille (fleur_fk, pilosite_feuille_fk) values (238,0);
insert into fleur (id,directory_name,scientific_name,scientific_family_fk,doc_url) values (239,"","Hesperis matronalis",7,"");
insert into taxonomy (lang, taxon, searched_taxon, fleur_fk) values ("fr","Julienne des dames","julienne des dames",239);
insert into taxonomy (lang, taxon, searched_taxon, fleur_fk) values ("fr","giroflée des dames","giroflee des dames",239);
insert into taxonomy (lang, taxon, searched_taxon, fleur_fk) values ("fr","violette de Damas","violette de damas",239);
insert into taxonomy (lang, taxon, searched_taxon, fleur_fk) values ("la","Hesperis matronalis","hesperis matronalis",239);
insert into taxonomy (lang, taxon, searched_taxon, fleur_fk) values ("en","dame's rocket","dame's rocket",239);
insert into fleur_inflorescence (fleur_fk, inflorescence_fk) values (239,0);
insert into fleur_couleur (fleur_fk, couleur_fk) values (239,1);
insert into fleur_couleur (fleur_fk, couleur_fk) values (239,0);
insert into fleur_aspect (fleur_fk, aspect_fk) values (239,0);
insert into fleur_nb_petale (fleur_fk, nb_petale_fk) values (239,2);
insert into fleur_type_feuille (fleur_fk, type_feuille_fk) values (239,2);
insert into fleur_disposition_feuille (fleur_fk, disposition_feuille_fk) values (239,0);
insert into fleur_pilosite_tige (fleur_fk, pilosite_tige_fk) values (239,1);
insert into fleur_pilosite_feuille (fleur_fk, pilosite_feuille_fk) values (239,1);
insert into fleur (id,directory_name,scientific_name,scientific_family_fk,doc_url) values (240,"","Ludwigia grandiflora",28,"");
insert into taxonomy (lang, taxon, searched_taxon, fleur_fk) values ("fr","Jussie à grandes fleurs","jussie a grandes fleurs",240);
insert into taxonomy (lang, taxon, searched_taxon, fleur_fk) values ("fr","Ludwigie à grandes fleurs. ","ludwigie a grandes fleurs. ",240);
insert into taxonomy (lang, taxon, searched_taxon, fleur_fk) values ("la","Ludwigia grandiflora","ludwigia grandiflora",240);
insert into taxonomy (lang, taxon, searched_taxon, fleur_fk) values ("en","large-flower primrose-willow","large-flower primrose-willow",240);
insert into fleur_inflorescence (fleur_fk, inflorescence_fk) values (240,1);
insert into fleur_couleur (fleur_fk, couleur_fk) values (240,3);
insert into fleur_aspect (fleur_fk, aspect_fk) values (240,0);
insert into fleur_nb_petale (fleur_fk, nb_petale_fk) values (240,0);
insert into fleur_type_feuille (fleur_fk, type_feuille_fk) values (240,3);
insert into fleur_disposition_feuille (fleur_fk, disposition_feuille_fk) values (240,0);
insert into fleur_pilosite_tige (fleur_fk, pilosite_tige_fk) values (240,1);
insert into fleur_pilosite_feuille (fleur_fk, pilosite_feuille_fk) values (240,0);
insert into fleur (id,directory_name,scientific_name,scientific_family_fk,doc_url) values (241,"","Knautia arvensis",19,"");
insert into taxonomy (lang, taxon, searched_taxon, fleur_fk) values ("fr","Knautie des champs","knautie des champs",241);
insert into taxonomy (lang, taxon, searched_taxon, fleur_fk) values ("fr","Scabieuse des champs","scabieuse des champs",241);
insert into taxonomy (lang, taxon, searched_taxon, fleur_fk) values ("la","Knautia arvensis","knautia arvensis",241);
insert into taxonomy (lang, taxon, searched_taxon, fleur_fk) values ("en","Field Scabious","field scabious",241);
insert into fleur_inflorescence (fleur_fk, inflorescence_fk) values (241,0);
insert into fleur_couleur (fleur_fk, couleur_fk) values (241,1);
insert into fleur_aspect (fleur_fk, aspect_fk) values (241,4);
insert into fleur_nb_petale (fleur_fk, nb_petale_fk) values (241,1);
insert into fleur_type_feuille (fleur_fk, type_feuille_fk) values (241,2);
insert into fleur_type_feuille (fleur_fk, type_feuille_fk) values (241,3);
insert into fleur_disposition_feuille (fleur_fk, disposition_feuille_fk) values (241,1);
insert into fleur_pilosite_tige (fleur_fk, pilosite_tige_fk) values (241,1);
insert into fleur_pilosite_feuille (fleur_fk, pilosite_feuille_fk) values (241,1);
insert into fleur (id,directory_name,scientific_name,scientific_family_fk,doc_url) values (242,"","Sonchus asper",1,"");
insert into taxonomy (lang, taxon, searched_taxon, fleur_fk) values ("fr","Laiteron âpre","laiteron apre",242);
insert into taxonomy (lang, taxon, searched_taxon, fleur_fk) values ("fr","Laiteron piquant","laiteron piquant",242);
insert into taxonomy (lang, taxon, searched_taxon, fleur_fk) values ("fr","Laiteron rude","laiteron rude",242);
insert into taxonomy (lang, taxon, searched_taxon, fleur_fk) values ("la","Sonchus asper","sonchus asper",242);
insert into taxonomy (lang, taxon, searched_taxon, fleur_fk) values ("en","sharp-fringed sow thistle","sharp-fringed sow thistle",242);
insert into fleur_inflorescence (fleur_fk, inflorescence_fk) values (242,0);
insert into fleur_couleur (fleur_fk, couleur_fk) values (242,3);
insert into fleur_aspect (fleur_fk, aspect_fk) values (242,4);
insert into fleur_nb_petale (fleur_fk, nb_petale_fk) values (242,1);
insert into fleur_type_feuille (fleur_fk, type_feuille_fk) values (242,2);
insert into fleur_disposition_feuille (fleur_fk, disposition_feuille_fk) values (242,0);
insert into fleur_pilosite_tige (fleur_fk, pilosite_tige_fk) values (242,0);
insert into fleur_pilosite_feuille (fleur_fk, pilosite_feuille_fk) values (242,0);
insert into fleur (id,directory_name,scientific_name,scientific_family_fk,doc_url) values (243,"","Sonchus arvensis",1,"");
insert into taxonomy (lang, taxon, searched_taxon, fleur_fk) values ("fr","Laiteron des champs","laiteron des champs",243);
insert into taxonomy (lang, taxon, searched_taxon, fleur_fk) values ("la","Sonchus arvensis","sonchus arvensis",243);
insert into taxonomy (lang, taxon, searched_taxon, fleur_fk) values ("en","field sow thistle","field sow thistle",243);
insert into fleur_inflorescence (fleur_fk, inflorescence_fk) values (243,0);
insert into fleur_couleur (fleur_fk, couleur_fk) values (243,3);
insert into fleur_aspect (fleur_fk, aspect_fk) values (243,4);
insert into fleur_nb_petale (fleur_fk, nb_petale_fk) values (243,1);
insert into fleur_type_feuille (fleur_fk, type_feuille_fk) values (243,1);
insert into fleur_disposition_feuille (fleur_fk, disposition_feuille_fk) values (243,0);
insert into fleur_pilosite_tige (fleur_fk, pilosite_tige_fk) values (243,0);
insert into fleur_pilosite_feuille (fleur_fk, pilosite_feuille_fk) values (243,0);
insert into fleur (id,directory_name,scientific_name,scientific_family_fk,doc_url) values (244,"","Sonchus oleraceus",1,"");
insert into taxonomy (lang, taxon, searched_taxon, fleur_fk) values ("fr","Laiteron maraîcher","laiteron maraicher",244);
insert into taxonomy (lang, taxon, searched_taxon, fleur_fk) values ("fr","Laiteron potager","laiteron potager",244);
insert into taxonomy (lang, taxon, searched_taxon, fleur_fk) values ("la","Sonchus oleraceus","sonchus oleraceus",244);
insert into taxonomy (lang, taxon, searched_taxon, fleur_fk) values ("en","common sow thistle","common sow thistle",244);
insert into fleur_inflorescence (fleur_fk, inflorescence_fk) values (244,0);
insert into fleur_couleur (fleur_fk, couleur_fk) values (244,3);
insert into fleur_aspect (fleur_fk, aspect_fk) values (244,4);
insert into fleur_nb_petale (fleur_fk, nb_petale_fk) values (244,1);
insert into fleur_type_feuille (fleur_fk, type_feuille_fk) values (244,1);
insert into fleur_disposition_feuille (fleur_fk, disposition_feuille_fk) values (244,0);
insert into fleur_pilosite_tige (fleur_fk, pilosite_tige_fk) values (244,0);
insert into fleur_pilosite_feuille (fleur_fk, pilosite_feuille_fk) values (244,0);
insert into fleur (id,directory_name,scientific_name,scientific_family_fk,doc_url) values (245,"","Mycelis muralis",1,"");
insert into taxonomy (lang, taxon, searched_taxon, fleur_fk) values ("fr","Laitue des murs","laitue des murs",245);
insert into taxonomy (lang, taxon, searched_taxon, fleur_fk) values ("fr","Laitue des murailles","laitue des murailles",245);
insert into taxonomy (lang, taxon, searched_taxon, fleur_fk) values ("la","Mycelis muralis","mycelis muralis",245);
insert into taxonomy (lang, taxon, searched_taxon, fleur_fk) values ("en","wall lettuce","wall lettuce",245);
insert into fleur_inflorescence (fleur_fk, inflorescence_fk) values (245,0);
insert into fleur_couleur (fleur_fk, couleur_fk) values (245,3);
insert into fleur_aspect (fleur_fk, aspect_fk) values (245,4);
insert into fleur_nb_petale (fleur_fk, nb_petale_fk) values (245,0);
insert into fleur_type_feuille (fleur_fk, type_feuille_fk) values (245,1);
insert into fleur_disposition_feuille (fleur_fk, disposition_feuille_fk) values (245,0);
insert into fleur_pilosite_tige (fleur_fk, pilosite_tige_fk) values (245,0);
insert into fleur_pilosite_feuille (fleur_fk, pilosite_feuille_fk) values (245,0);
insert into fleur (id,directory_name,scientific_name,scientific_family_fk,doc_url) values (246,"","Lactuca serriola",1,"");
insert into taxonomy (lang, taxon, searched_taxon, fleur_fk) values ("fr","Laitue scariole","laitue scariole",246);
insert into taxonomy (lang, taxon, searched_taxon, fleur_fk) values ("fr","Laitue sauvage","laitue sauvage",246);
insert into taxonomy (lang, taxon, searched_taxon, fleur_fk) values ("la","Lactuca serriola","lactuca serriola",246);
insert into taxonomy (lang, taxon, searched_taxon, fleur_fk) values ("en","prickly lettuce","prickly lettuce",246);
insert into fleur_inflorescence (fleur_fk, inflorescence_fk) values (246,0);
insert into fleur_couleur (fleur_fk, couleur_fk) values (246,3);
insert into fleur_aspect (fleur_fk, aspect_fk) values (246,4);
insert into fleur_nb_petale (fleur_fk, nb_petale_fk) values (246,1);
insert into fleur_type_feuille (fleur_fk, type_feuille_fk) values (246,2);
insert into fleur_disposition_feuille (fleur_fk, disposition_feuille_fk) values (246,0);
insert into fleur_pilosite_tige (fleur_fk, pilosite_tige_fk) values (246,0);
insert into fleur_pilosite_feuille (fleur_fk, pilosite_feuille_fk) values (246,0);
insert into fleur (id,directory_name,scientific_name,scientific_family_fk,doc_url) values (247,"","Lamium amplexicaule",3,"");
insert into taxonomy (lang, taxon, searched_taxon, fleur_fk) values ("fr","Lamier amplexicaule","lamier amplexicaule",247);
insert into taxonomy (lang, taxon, searched_taxon, fleur_fk) values ("la","Lamium amplexicaule","lamium amplexicaule",247);
insert into taxonomy (lang, taxon, searched_taxon, fleur_fk) values ("en","henbit deadnettle","henbit deadnettle",247);
insert into fleur_inflorescence (fleur_fk, inflorescence_fk) values (247,0);
insert into fleur_couleur (fleur_fk, couleur_fk) values (247,1);
insert into fleur_particularite (fleur_fk, particularite_fk) values (247,5);
insert into fleur_aspect (fleur_fk, aspect_fk) values (247,3);
insert into fleur_nb_petale (fleur_fk, nb_petale_fk) values (247,0);
insert into fleur_type_feuille (fleur_fk, type_feuille_fk) values (247,2);
insert into fleur_disposition_feuille (fleur_fk, disposition_feuille_fk) values (247,1);
insert into fleur_pilosite_tige (fleur_fk, pilosite_tige_fk) values (247,1);
insert into fleur_pilosite_feuille (fleur_fk, pilosite_feuille_fk) values (247,1);
insert into fleur (id,directory_name,scientific_name,scientific_family_fk,doc_url) values (248,"","Lamium album",3,"");
insert into taxonomy (lang, taxon, searched_taxon, fleur_fk) values ("fr","Lamier blanc","lamier blanc",248);
insert into taxonomy (lang, taxon, searched_taxon, fleur_fk) values ("fr","Ortie blanche","ortie blanche",248);
insert into taxonomy (lang, taxon, searched_taxon, fleur_fk) values ("la","Lamium album","lamium album",248);
insert into taxonomy (lang, taxon, searched_taxon, fleur_fk) values ("en","white deadnettle","white deadnettle",248);
insert into fleur_inflorescence (fleur_fk, inflorescence_fk) values (248,0);
insert into fleur_couleur (fleur_fk, couleur_fk) values (248,0);
insert into fleur_aspect (fleur_fk, aspect_fk) values (248,3);
insert into fleur_nb_petale (fleur_fk, nb_petale_fk) values (248,0);
insert into fleur_type_feuille (fleur_fk, type_feuille_fk) values (248,2);
insert into fleur_disposition_feuille (fleur_fk, disposition_feuille_fk) values (248,1);
insert into fleur_pilosite_tige (fleur_fk, pilosite_tige_fk) values (248,1);
insert into fleur_pilosite_feuille (fleur_fk, pilosite_feuille_fk) values (248,1);
insert into fleur (id,directory_name,scientific_name,scientific_family_fk,doc_url) values (249,"","Lamium galeobdolon",3,"");
insert into taxonomy (lang, taxon, searched_taxon, fleur_fk) values ("fr","Lamier jaune","lamier jaune",249);
insert into taxonomy (lang, taxon, searched_taxon, fleur_fk) values ("fr","Ortie jaune","ortie jaune",249);
insert into taxonomy (lang, taxon, searched_taxon, fleur_fk) values ("la","Lamium galeobdolon","lamium galeobdolon",249);
insert into taxonomy (lang, taxon, searched_taxon, fleur_fk) values ("en","yellow archangel","yellow archangel",249);
insert into fleur_inflorescence (fleur_fk, inflorescence_fk) values (249,0);
insert into fleur_couleur (fleur_fk, couleur_fk) values (249,3);
insert into fleur_particularite (fleur_fk, particularite_fk) values (249,5);
insert into fleur_aspect (fleur_fk, aspect_fk) values (249,3);
insert into fleur_nb_petale (fleur_fk, nb_petale_fk) values (249,2);
insert into fleur_type_feuille (fleur_fk, type_feuille_fk) values (249,2);
insert into fleur_disposition_feuille (fleur_fk, disposition_feuille_fk) values (249,1);
insert into fleur_pilosite_tige (fleur_fk, pilosite_tige_fk) values (249,1);
insert into fleur_pilosite_feuille (fleur_fk, pilosite_feuille_fk) values (249,1);
insert into fleur (id,directory_name,scientific_name,scientific_family_fk,doc_url) values (250,"","Lamium purpureum",3,"");
insert into taxonomy (lang, taxon, searched_taxon, fleur_fk) values ("fr","Lamier pourpre","lamier pourpre",250);
insert into taxonomy (lang, taxon, searched_taxon, fleur_fk) values ("fr","Pain de poulet","pain de poulet",250);
insert into taxonomy (lang, taxon, searched_taxon, fleur_fk) values ("fr","Ortie rouge","ortie rouge",250);
insert into taxonomy (lang, taxon, searched_taxon, fleur_fk) values ("la","Lamium purpureum","lamium purpureum",250);
insert into taxonomy (lang, taxon, searched_taxon, fleur_fk) values ("en","red deadnettle","red deadnettle",250);
insert into fleur_inflorescence (fleur_fk, inflorescence_fk) values (250,0);
insert into fleur_couleur (fleur_fk, couleur_fk) values (250,1);
insert into fleur_couleur (fleur_fk, couleur_fk) values (250,0);
insert into fleur_particularite (fleur_fk, particularite_fk) values (250,5);
insert into fleur_aspect (fleur_fk, aspect_fk) values (250,3);
insert into fleur_nb_petale (fleur_fk, nb_petale_fk) values (250,0);
insert into fleur_type_feuille (fleur_fk, type_feuille_fk) values (250,2);
insert into fleur_disposition_feuille (fleur_fk, disposition_feuille_fk) values (250,0);
insert into fleur_pilosite_tige (fleur_fk, pilosite_tige_fk) values (250,0);
insert into fleur_pilosite_feuille (fleur_fk, pilosite_feuille_fk) values (250,1);
insert into fleur (id,directory_name,scientific_name,scientific_family_fk,doc_url) values (251,"","Lamium maculatum",3,"");
insert into taxonomy (lang, taxon, searched_taxon, fleur_fk) values ("fr","Lamier tacheté","lamier tachete",251);
insert into taxonomy (lang, taxon, searched_taxon, fleur_fk) values ("fr","Lamier maculé","lamier macule",251);
insert into taxonomy (lang, taxon, searched_taxon, fleur_fk) values ("la","Lamium maculatum","lamium maculatum",251);
insert into taxonomy (lang, taxon, searched_taxon, fleur_fk) values ("en","spotted white deadnettle","spotted white deadnettle",251);
insert into fleur_inflorescence (fleur_fk, inflorescence_fk) values (251,0);
insert into fleur_couleur (fleur_fk, couleur_fk) values (251,1);
insert into fleur_particularite (fleur_fk, particularite_fk) values (251,5);
insert into fleur_aspect (fleur_fk, aspect_fk) values (251,3);
insert into fleur_nb_petale (fleur_fk, nb_petale_fk) values (251,0);
insert into fleur_type_feuille (fleur_fk, type_feuille_fk) values (251,2);
insert into fleur_disposition_feuille (fleur_fk, disposition_feuille_fk) values (251,1);
insert into fleur_pilosite_tige (fleur_fk, pilosite_tige_fk) values (251,1);
insert into fleur_pilosite_feuille (fleur_fk, pilosite_feuille_fk) values (251,1);
insert into fleur (id,directory_name,scientific_name,scientific_family_fk,doc_url) values (252,"","Xanthium orientale subsp. italicum ",1,"");
insert into taxonomy (lang, taxon, searched_taxon, fleur_fk) values ("fr","Lampourde d'Italie","lampourde d'italie",252);
insert into taxonomy (lang, taxon, searched_taxon, fleur_fk) values ("la","Xanthium orientale subsp. italicum ","xanthium orientale subsp. italicum ",252);
insert into taxonomy (lang, taxon, searched_taxon, fleur_fk) values ("en","Canada cocklebur","canada cocklebur",252);
insert into fleur_inflorescence (fleur_fk, inflorescence_fk) values (252,0);
insert into fleur_couleur (fleur_fk, couleur_fk) values (252,3);
insert into fleur_couleur (fleur_fk, couleur_fk) values (252,5);
insert into fleur_aspect (fleur_fk, aspect_fk) values (252,5);
insert into fleur_nb_petale (fleur_fk, nb_petale_fk) values (252,6);
insert into fleur_type_feuille (fleur_fk, type_feuille_fk) values (252,2);
insert into fleur_disposition_feuille (fleur_fk, disposition_feuille_fk) values (252,0);
insert into fleur_pilosite_tige (fleur_fk, pilosite_tige_fk) values (252,1);
insert into fleur_pilosite_feuille (fleur_fk, pilosite_feuille_fk) values (252,1);
insert into fleur (id,directory_name,scientific_name,scientific_family_fk,doc_url) values (253,"","Lapsana communis",1,"");
insert into taxonomy (lang, taxon, searched_taxon, fleur_fk) values ("fr","Lampsane commune","lampsane commune",253);
insert into taxonomy (lang, taxon, searched_taxon, fleur_fk) values ("la","Lapsana communis","lapsana communis",253);
insert into taxonomy (lang, taxon, searched_taxon, fleur_fk) values ("en","common nipplewort","common nipplewort",253);
insert into fleur_inflorescence (fleur_fk, inflorescence_fk) values (253,0);
insert into fleur_couleur (fleur_fk, couleur_fk) values (253,3);
insert into fleur_aspect (fleur_fk, aspect_fk) values (253,4);
insert into fleur_nb_petale (fleur_fk, nb_petale_fk) values (253,1);
insert into fleur_type_feuille (fleur_fk, type_feuille_fk) values (253,1);
insert into fleur_type_feuille (fleur_fk, type_feuille_fk) values (253,2);
insert into fleur_disposition_feuille (fleur_fk, disposition_feuille_fk) values (253,0);
insert into fleur_pilosite_tige (fleur_fk, pilosite_tige_fk) values (253,0);
insert into fleur_pilosite_tige (fleur_fk, pilosite_tige_fk) values (253,1);
insert into fleur_pilosite_feuille (fleur_fk, pilosite_feuille_fk) values (253,1);
insert into fleur (id,directory_name,scientific_name,scientific_family_fk,doc_url) values (254,"","Hedera helix",38,"");
insert into taxonomy (lang, taxon, searched_taxon, fleur_fk) values ("fr","Lierre","lierre",254);
insert into taxonomy (lang, taxon, searched_taxon, fleur_fk) values ("fr","Lierre grimpant","lierre grimpant",254);
insert into taxonomy (lang, taxon, searched_taxon, fleur_fk) values ("la","Hedera helix","hedera helix",254);
insert into taxonomy (lang, taxon, searched_taxon, fleur_fk) values ("en","English ivy ","english ivy ",254);
insert into fleur_inflorescence (fleur_fk, inflorescence_fk) values (254,0);
insert into fleur_couleur (fleur_fk, couleur_fk) values (254,5);
insert into fleur_couleur (fleur_fk, couleur_fk) values (254,3);
insert into fleur_aspect (fleur_fk, aspect_fk) values (254,0);
insert into fleur_nb_petale (fleur_fk, nb_petale_fk) values (254,0);
insert into fleur_type_feuille (fleur_fk, type_feuille_fk) values (254,3);
insert into fleur_disposition_feuille (fleur_fk, disposition_feuille_fk) values (254,0);
insert into fleur_pilosite_tige (fleur_fk, pilosite_tige_fk) values (254,0);
insert into fleur_pilosite_feuille (fleur_fk, pilosite_feuille_fk) values (254,0);
insert into fleur (id,directory_name,scientific_name,scientific_family_fk,doc_url) values (255,"","Limodorum abortivum",20,"");
insert into taxonomy (lang, taxon, searched_taxon, fleur_fk) values ("fr","Limodore à feuilles avortées","limodore a feuilles avortees",255);
insert into taxonomy (lang, taxon, searched_taxon, fleur_fk) values ("fr","Limodore sans feuille","limodore sans feuille",255);
insert into taxonomy (lang, taxon, searched_taxon, fleur_fk) values ("la","Limodorum abortivum","limodorum abortivum",255);
insert into taxonomy (lang, taxon, searched_taxon, fleur_fk) values ("en","Violet Limodore","violet limodore",255);
insert into fleur_inflorescence (fleur_fk, inflorescence_fk) values (255,0);
insert into fleur_couleur (fleur_fk, couleur_fk) values (255,2);
insert into fleur_couleur (fleur_fk, couleur_fk) values (255,0);
insert into fleur_particularite (fleur_fk, particularite_fk) values (255,2);
insert into fleur_particularite (fleur_fk, particularite_fk) values (255,6);
insert into fleur_aspect (fleur_fk, aspect_fk) values (255,2);
insert into fleur_nb_petale (fleur_fk, nb_petale_fk) values (255,3);
insert into fleur_type_feuille (fleur_fk, type_feuille_fk) values (255,4);
insert into fleur_disposition_feuille (fleur_fk, disposition_feuille_fk) values (255,0);
insert into fleur_pilosite_tige (fleur_fk, pilosite_tige_fk) values (255,0);
insert into fleur_pilosite_feuille (fleur_fk, pilosite_feuille_fk) values (255,0);
insert into fleur (id,directory_name,scientific_name,scientific_family_fk,doc_url) values (256,"","Linum bienne",39,"");
insert into taxonomy (lang, taxon, searched_taxon, fleur_fk) values ("fr","Lin bisannuel","lin bisannuel",256);
insert into taxonomy (lang, taxon, searched_taxon, fleur_fk) values ("fr","Lin à feuilles étroites","lin a feuilles etroites",256);
insert into taxonomy (lang, taxon, searched_taxon, fleur_fk) values ("la","Linum bienne","linum bienne",256);
insert into taxonomy (lang, taxon, searched_taxon, fleur_fk) values ("en","pale flax ","pale flax ",256);
insert into fleur_inflorescence (fleur_fk, inflorescence_fk) values (256,0);
insert into fleur_couleur (fleur_fk, couleur_fk) values (256,1);
insert into fleur_aspect (fleur_fk, aspect_fk) values (256,0);
insert into fleur_nb_petale (fleur_fk, nb_petale_fk) values (256,0);
insert into fleur_type_feuille (fleur_fk, type_feuille_fk) values (256,3);
insert into fleur_disposition_feuille (fleur_fk, disposition_feuille_fk) values (256,0);
insert into fleur_pilosite_tige (fleur_fk, pilosite_tige_fk) values (256,0);
insert into fleur_pilosite_feuille (fleur_fk, pilosite_feuille_fk) values (256,0);
insert into fleur (id,directory_name,scientific_name,scientific_family_fk,doc_url) values (257,"","Linum catharticum",39,"");
insert into taxonomy (lang, taxon, searched_taxon, fleur_fk) values ("fr","Lin purgatif","lin purgatif",257);
insert into taxonomy (lang, taxon, searched_taxon, fleur_fk) values ("la","Linum catharticum","linum catharticum",257);
insert into taxonomy (lang, taxon, searched_taxon, fleur_fk) values ("en","fairy flax","fairy flax",257);
insert into fleur_inflorescence (fleur_fk, inflorescence_fk) values (257,0);
insert into fleur_couleur (fleur_fk, couleur_fk) values (257,0);
insert into fleur_particularite (fleur_fk, particularite_fk) values (257,5);
insert into fleur_aspect (fleur_fk, aspect_fk) values (257,0);
insert into fleur_nb_petale (fleur_fk, nb_petale_fk) values (257,0);
insert into fleur_type_feuille (fleur_fk, type_feuille_fk) values (257,3);
insert into fleur_disposition_feuille (fleur_fk, disposition_feuille_fk) values (257,1);
insert into fleur_pilosite_tige (fleur_fk, pilosite_tige_fk) values (257,0);
insert into fleur_pilosite_feuille (fleur_fk, pilosite_feuille_fk) values (257,0);
insert into fleur (id,directory_name,scientific_name,scientific_family_fk,doc_url) values (258,"","Kickxia spuria",27,"");
insert into taxonomy (lang, taxon, searched_taxon, fleur_fk) values ("fr","Linaire bâtarde","linaire batarde",258);
insert into taxonomy (lang, taxon, searched_taxon, fleur_fk) values ("fr","Fausse velvote","fausse velvote",258);
insert into taxonomy (lang, taxon, searched_taxon, fleur_fk) values ("la","Kickxia spuria","kickxia spuria",258);
insert into taxonomy (lang, taxon, searched_taxon, fleur_fk) values ("en","roundleaf cancerwort ","roundleaf cancerwort ",258);
insert into fleur_inflorescence (fleur_fk, inflorescence_fk) values (258,1);
insert into fleur_couleur (fleur_fk, couleur_fk) values (258,3);
insert into fleur_couleur (fleur_fk, couleur_fk) values (258,4);
insert into fleur_particularite (fleur_fk, particularite_fk) values (258,2);
insert into fleur_particularite (fleur_fk, particularite_fk) values (258,5);
insert into fleur_aspect (fleur_fk, aspect_fk) values (258,3);
insert into fleur_nb_petale (fleur_fk, nb_petale_fk) values (258,0);
insert into fleur_type_feuille (fleur_fk, type_feuille_fk) values (258,2);
insert into fleur_disposition_feuille (fleur_fk, disposition_feuille_fk) values (258,0);
insert into fleur_disposition_feuille (fleur_fk, disposition_feuille_fk) values (258,1);
insert into fleur_pilosite_tige (fleur_fk, pilosite_tige_fk) values (258,1);
insert into fleur_pilosite_feuille (fleur_fk, pilosite_feuille_fk) values (258,1);
insert into fleur (id,directory_name,scientific_name,scientific_family_fk,doc_url) values (259,"","Linaria vulgaris",27,"");
insert into taxonomy (lang, taxon, searched_taxon, fleur_fk) values ("fr","Linaire commune","linaire commune",259);
insert into taxonomy (lang, taxon, searched_taxon, fleur_fk) values ("la","Linaria vulgaris","linaria vulgaris",259);
insert into taxonomy (lang, taxon, searched_taxon, fleur_fk) values ("en","Common Toadflax","common toadflax",259);
insert into fleur_inflorescence (fleur_fk, inflorescence_fk) values (259,0);
insert into fleur_couleur (fleur_fk, couleur_fk) values (259,3);
insert into fleur_particularite (fleur_fk, particularite_fk) values (259,2);
insert into fleur_particularite (fleur_fk, particularite_fk) values (259,5);
insert into fleur_aspect (fleur_fk, aspect_fk) values (259,3);
insert into fleur_nb_petale (fleur_fk, nb_petale_fk) values (259,0);
insert into fleur_type_feuille (fleur_fk, type_feuille_fk) values (259,3);
insert into fleur_disposition_feuille (fleur_fk, disposition_feuille_fk) values (259,0);
insert into fleur_pilosite_tige (fleur_fk, pilosite_tige_fk) values (259,0);
insert into fleur_pilosite_feuille (fleur_fk, pilosite_feuille_fk) values (259,0);
insert into fleur (id,directory_name,scientific_name,scientific_family_fk,doc_url) values (260,"","Linaria supina",27,"");
insert into taxonomy (lang, taxon, searched_taxon, fleur_fk) values ("fr","Linaire couchée","linaire couchee",260);
insert into taxonomy (lang, taxon, searched_taxon, fleur_fk) values ("fr","Linaire étalée","linaire etalee",260);
insert into taxonomy (lang, taxon, searched_taxon, fleur_fk) values ("la","Linaria supina","linaria supina",260);
insert into taxonomy (lang, taxon, searched_taxon, fleur_fk) values ("en","lesser butter and eggs ","lesser butter and eggs ",260);
insert into fleur_inflorescence (fleur_fk, inflorescence_fk) values (260,0);
insert into fleur_couleur (fleur_fk, couleur_fk) values (260,3);
insert into fleur_particularite (fleur_fk, particularite_fk) values (260,2);
insert into fleur_particularite (fleur_fk, particularite_fk) values (260,5);
insert into fleur_aspect (fleur_fk, aspect_fk) values (260,3);
insert into fleur_nb_petale (fleur_fk, nb_petale_fk) values (260,0);
insert into fleur_type_feuille (fleur_fk, type_feuille_fk) values (260,3);
insert into fleur_disposition_feuille (fleur_fk, disposition_feuille_fk) values (260,2);
insert into fleur_pilosite_tige (fleur_fk, pilosite_tige_fk) values (260,0);
insert into fleur_pilosite_feuille (fleur_fk, pilosite_feuille_fk) values (260,0);
insert into fleur (id,directory_name,scientific_name,scientific_family_fk,doc_url) values (261,"","Cymbalaria muralis",27,"");
insert into taxonomy (lang, taxon, searched_taxon, fleur_fk) values ("fr","Linaire cymbalaire","linaire cymbalaire",261);
insert into taxonomy (lang, taxon, searched_taxon, fleur_fk) values ("fr","Cymbalaire des murs","cymbalaire des murs",261);
insert into taxonomy (lang, taxon, searched_taxon, fleur_fk) values ("fr","Linaire des murs","linaire des murs",261);
insert into taxonomy (lang, taxon, searched_taxon, fleur_fk) values ("la","Cymbalaria muralis","cymbalaria muralis",261);
insert into taxonomy (lang, taxon, searched_taxon, fleur_fk) values ("en","ivy-leaved toadflax","ivy-leaved toadflax",261);
insert into fleur_inflorescence (fleur_fk, inflorescence_fk) values (261,1);
insert into fleur_couleur (fleur_fk, couleur_fk) values (261,1);
insert into fleur_couleur (fleur_fk, couleur_fk) values (261,0);
insert into fleur_particularite (fleur_fk, particularite_fk) values (261,2);
insert into fleur_particularite (fleur_fk, particularite_fk) values (261,5);
insert into fleur_aspect (fleur_fk, aspect_fk) values (261,3);
insert into fleur_nb_petale (fleur_fk, nb_petale_fk) values (261,0);
insert into fleur_type_feuille (fleur_fk, type_feuille_fk) values (261,3);
insert into fleur_disposition_feuille (fleur_fk, disposition_feuille_fk) values (261,0);
insert into fleur_disposition_feuille (fleur_fk, disposition_feuille_fk) values (261,1);
insert into fleur_pilosite_tige (fleur_fk, pilosite_tige_fk) values (261,0);
insert into fleur_pilosite_feuille (fleur_fk, pilosite_feuille_fk) values (261,0);
insert into fleur (id,directory_name,scientific_name,scientific_family_fk,doc_url) values (262,"","Kickxia elatine",27,"");
insert into taxonomy (lang, taxon, searched_taxon, fleur_fk) values ("fr","Linaire élatine","linaire elatine",262);
insert into taxonomy (lang, taxon, searched_taxon, fleur_fk) values ("fr","Velvote","velvote",262);
insert into taxonomy (lang, taxon, searched_taxon, fleur_fk) values ("la","Kickxia elatine","kickxia elatine",262);
insert into taxonomy (lang, taxon, searched_taxon, fleur_fk) values ("en","sharpleaf cancerwort","sharpleaf cancerwort",262);
insert into fleur_inflorescence (fleur_fk, inflorescence_fk) values (262,1);
insert into fleur_couleur (fleur_fk, couleur_fk) values (262,3);
insert into fleur_couleur (fleur_fk, couleur_fk) values (262,2);
insert into fleur_particularite (fleur_fk, particularite_fk) values (262,2);
insert into fleur_particularite (fleur_fk, particularite_fk) values (262,5);
insert into fleur_aspect (fleur_fk, aspect_fk) values (262,3);
insert into fleur_nb_petale (fleur_fk, nb_petale_fk) values (262,0);
insert into fleur_type_feuille (fleur_fk, type_feuille_fk) values (262,2);
insert into fleur_type_feuille (fleur_fk, type_feuille_fk) values (262,3);
insert into fleur_disposition_feuille (fleur_fk, disposition_feuille_fk) values (262,0);
insert into fleur_pilosite_tige (fleur_fk, pilosite_tige_fk) values (262,1);
insert into fleur_pilosite_feuille (fleur_fk, pilosite_feuille_fk) values (262,1);
insert into fleur (id,directory_name,scientific_name,scientific_family_fk,doc_url) values (263,"","Chaenorrhinum minus",27,"");
insert into taxonomy (lang, taxon, searched_taxon, fleur_fk) values ("fr","Linaire petite","linaire petite",263);
insert into taxonomy (lang, taxon, searched_taxon, fleur_fk) values ("fr","Petite linaire","petite linaire",263);
insert into taxonomy (lang, taxon, searched_taxon, fleur_fk) values ("la","Chaenorrhinum minus","chaenorrhinum minus",263);
insert into taxonomy (lang, taxon, searched_taxon, fleur_fk) values ("en","Small Toadflax","small toadflax",263);
insert into fleur_inflorescence (fleur_fk, inflorescence_fk) values (263,0);
insert into fleur_couleur (fleur_fk, couleur_fk) values (263,1);
insert into fleur_couleur (fleur_fk, couleur_fk) values (263,0);
insert into fleur_particularite (fleur_fk, particularite_fk) values (263,2);
insert into fleur_particularite (fleur_fk, particularite_fk) values (263,5);
insert into fleur_aspect (fleur_fk, aspect_fk) values (263,3);
insert into fleur_nb_petale (fleur_fk, nb_petale_fk) values (263,0);
insert into fleur_type_feuille (fleur_fk, type_feuille_fk) values (263,3);
insert into fleur_disposition_feuille (fleur_fk, disposition_feuille_fk) values (263,0);
insert into fleur_disposition_feuille (fleur_fk, disposition_feuille_fk) values (263,1);
insert into fleur_pilosite_tige (fleur_fk, pilosite_tige_fk) values (263,1);
insert into fleur_pilosite_feuille (fleur_fk, pilosite_feuille_fk) values (263,1);
insert into fleur (id,directory_name,scientific_name,scientific_family_fk,doc_url) values (264,"","Linaria repens",27,"");
insert into taxonomy (lang, taxon, searched_taxon, fleur_fk) values ("fr","Linaire striée","linaire striee",264);
insert into taxonomy (lang, taxon, searched_taxon, fleur_fk) values ("fr","Linaire rampante","linaire rampante",264);
insert into taxonomy (lang, taxon, searched_taxon, fleur_fk) values ("la","Linaria repens","linaria repens",264);
insert into taxonomy (lang, taxon, searched_taxon, fleur_fk) values ("en","Pale toadflax","pale toadflax",264);
insert into fleur_inflorescence (fleur_fk, inflorescence_fk) values (264,0);
insert into fleur_couleur (fleur_fk, couleur_fk) values (264,1);
insert into fleur_couleur (fleur_fk, couleur_fk) values (264,0);
insert into fleur_particularite (fleur_fk, particularite_fk) values (264,2);
insert into fleur_particularite (fleur_fk, particularite_fk) values (264,5);
insert into fleur_aspect (fleur_fk, aspect_fk) values (264,3);
insert into fleur_nb_petale (fleur_fk, nb_petale_fk) values (264,0);
insert into fleur_type_feuille (fleur_fk, type_feuille_fk) values (264,3);
insert into fleur_disposition_feuille (fleur_fk, disposition_feuille_fk) values (264,0);
insert into fleur_disposition_feuille (fleur_fk, disposition_feuille_fk) values (264,2);
insert into fleur_pilosite_tige (fleur_fk, pilosite_tige_fk) values (264,0);
insert into fleur_pilosite_feuille (fleur_fk, pilosite_feuille_fk) values (264,0);
insert into fleur (id,directory_name,scientific_name,scientific_family_fk,doc_url) values (265,"","Convolvulus arvensis",40,"");
insert into taxonomy (lang, taxon, searched_taxon, fleur_fk) values ("fr","Liseron des champs","liseron des champs",265);
insert into taxonomy (lang, taxon, searched_taxon, fleur_fk) values ("fr","Vrillée","vrillee",265);
insert into taxonomy (lang, taxon, searched_taxon, fleur_fk) values ("fr","Petit liseron","petit liseron",265);
insert into taxonomy (lang, taxon, searched_taxon, fleur_fk) values ("la","Convolvulus arvensis","convolvulus arvensis",265);
insert into taxonomy (lang, taxon, searched_taxon, fleur_fk) values ("en","field bindweed","field bindweed",265);
insert into fleur_inflorescence (fleur_fk, inflorescence_fk) values (265,1);
insert into fleur_couleur (fleur_fk, couleur_fk) values (265,1);
insert into fleur_couleur (fleur_fk, couleur_fk) values (265,0);
insert into fleur_particularite (fleur_fk, particularite_fk) values (265,5);
insert into fleur_aspect (fleur_fk, aspect_fk) values (265,6);
insert into fleur_nb_petale (fleur_fk, nb_petale_fk) values (265,0);
insert into fleur_type_feuille (fleur_fk, type_feuille_fk) values (265,3);
insert into fleur_disposition_feuille (fleur_fk, disposition_feuille_fk) values (265,0);
insert into fleur_pilosite_tige (fleur_fk, pilosite_tige_fk) values (265,0);
insert into fleur_pilosite_tige (fleur_fk, pilosite_tige_fk) values (265,1);
insert into fleur_pilosite_feuille (fleur_fk, pilosite_feuille_fk) values (265,0);
insert into fleur (id,directory_name,scientific_name,scientific_family_fk,doc_url) values (266,"","Calystegia sepium",40,"");
insert into taxonomy (lang, taxon, searched_taxon, fleur_fk) values ("fr","Liseron des haies","liseron des haies",266);
insert into taxonomy (lang, taxon, searched_taxon, fleur_fk) values ("fr","Grande vrille","grande vrille",266);
insert into taxonomy (lang, taxon, searched_taxon, fleur_fk) values ("fr","Grand liseron","grand liseron",266);
insert into taxonomy (lang, taxon, searched_taxon, fleur_fk) values ("la","Calystegia sepium","calystegia sepium",266);
insert into taxonomy (lang, taxon, searched_taxon, fleur_fk) values ("en","hedge false bindweed","hedge false bindweed",266);
insert into fleur_inflorescence (fleur_fk, inflorescence_fk) values (266,1);
insert into fleur_couleur (fleur_fk, couleur_fk) values (266,0);
insert into fleur_aspect (fleur_fk, aspect_fk) values (266,6);
insert into fleur_nb_petale (fleur_fk, nb_petale_fk) values (266,0);
insert into fleur_type_feuille (fleur_fk, type_feuille_fk) values (266,3);
insert into fleur_disposition_feuille (fleur_fk, disposition_feuille_fk) values (266,0);
insert into fleur_pilosite_tige (fleur_fk, pilosite_tige_fk) values (266,0);
insert into fleur_pilosite_feuille (fleur_fk, pilosite_feuille_fk) values (266,0);
insert into fleur (id,directory_name,scientific_name,scientific_family_fk,doc_url) values (267,"","Listera ovata",20,"");
insert into taxonomy (lang, taxon, searched_taxon, fleur_fk) values ("fr","Listère à feuilles ovales","listere a feuilles ovales",267);
insert into taxonomy (lang, taxon, searched_taxon, fleur_fk) values ("la","Listera ovata","listera ovata",267);
insert into taxonomy (lang, taxon, searched_taxon, fleur_fk) values ("en","eggleaf twayblade ","eggleaf twayblade ",267);
insert into fleur_inflorescence (fleur_fk, inflorescence_fk) values (267,0);
insert into fleur_couleur (fleur_fk, couleur_fk) values (267,5);
insert into fleur_particularite (fleur_fk, particularite_fk) values (267,6);
insert into fleur_aspect (fleur_fk, aspect_fk) values (267,2);
insert into fleur_nb_petale (fleur_fk, nb_petale_fk) values (267,3);
insert into fleur_type_feuille (fleur_fk, type_feuille_fk) values (267,3);
insert into fleur_disposition_feuille (fleur_fk, disposition_feuille_fk) values (267,1);
insert into fleur_pilosite_tige (fleur_fk, pilosite_tige_fk) values (267,1);
insert into fleur_pilosite_feuille (fleur_fk, pilosite_feuille_fk) values (267,0);
insert into fleur (id,directory_name,scientific_name,scientific_family_fk,doc_url) values (268,"","Lobelia urens",18,"");
insert into taxonomy (lang, taxon, searched_taxon, fleur_fk) values ("fr","Lobélie brûlante","lobelie brulante",268);
insert into taxonomy (lang, taxon, searched_taxon, fleur_fk) values ("fr","Cardinale des marais","cardinale des marais",268);
insert into taxonomy (lang, taxon, searched_taxon, fleur_fk) values ("la","Lobelia urens","lobelia urens",268);
insert into taxonomy (lang, taxon, searched_taxon, fleur_fk) values ("en","heath lobelia","heath lobelia",268);
insert into fleur_inflorescence (fleur_fk, inflorescence_fk) values (268,0);
insert into fleur_couleur (fleur_fk, couleur_fk) values (268,2);
insert into fleur_aspect (fleur_fk, aspect_fk) values (268,3);
insert into fleur_nb_petale (fleur_fk, nb_petale_fk) values (268,0);
insert into fleur_type_feuille (fleur_fk, type_feuille_fk) values (268,2);
insert into fleur_disposition_feuille (fleur_fk, disposition_feuille_fk) values (268,0);
insert into fleur_pilosite_tige (fleur_fk, pilosite_tige_fk) values (268,1);
insert into fleur_pilosite_feuille (fleur_fk, pilosite_feuille_fk) values (268,0);
insert into fleur (id,directory_name,scientific_name,scientific_family_fk,doc_url) values (269,"","Lotus corniculatus",12,"");
insert into taxonomy (lang, taxon, searched_taxon, fleur_fk) values ("fr","Lotier corniculé","lotier cornicule",269);
insert into taxonomy (lang, taxon, searched_taxon, fleur_fk) values ("fr","Lotier commun","lotier commun",269);
insert into taxonomy (lang, taxon, searched_taxon, fleur_fk) values ("la","Lotus corniculatus","lotus corniculatus",269);
insert into taxonomy (lang, taxon, searched_taxon, fleur_fk) values ("en","bird's-foot trefoil","bird's-foot trefoil",269);
insert into fleur_inflorescence (fleur_fk, inflorescence_fk) values (269,0);
insert into fleur_couleur (fleur_fk, couleur_fk) values (269,3);
insert into fleur_particularite (fleur_fk, particularite_fk) values (269,4);
insert into fleur_aspect (fleur_fk, aspect_fk) values (269,2);
insert into fleur_nb_petale (fleur_fk, nb_petale_fk) values (269,0);
insert into fleur_type_feuille (fleur_fk, type_feuille_fk) values (269,0);
insert into fleur_disposition_feuille (fleur_fk, disposition_feuille_fk) values (269,0);
insert into fleur_pilosite_tige (fleur_fk, pilosite_tige_fk) values (269,0);
insert into fleur_pilosite_tige (fleur_fk, pilosite_tige_fk) values (269,1);
insert into fleur_pilosite_feuille (fleur_fk, pilosite_feuille_fk) values (269,2);
insert into fleur (id,directory_name,scientific_name,scientific_family_fk,doc_url) values (270,"","Medicago sativa",12,"");
insert into taxonomy (lang, taxon, searched_taxon, fleur_fk) values ("fr","Luzerne commune","luzerne commune",270);
insert into taxonomy (lang, taxon, searched_taxon, fleur_fk) values ("fr","Luzerne cultivée","luzerne cultivee",270);
insert into taxonomy (lang, taxon, searched_taxon, fleur_fk) values ("la","Medicago sativa","medicago sativa",270);
insert into taxonomy (lang, taxon, searched_taxon, fleur_fk) values ("en","alfalfa","alfalfa",270);
insert into fleur_inflorescence (fleur_fk, inflorescence_fk) values (270,0);
insert into fleur_couleur (fleur_fk, couleur_fk) values (270,2);
insert into fleur_particularite (fleur_fk, particularite_fk) values (270,4);
insert into fleur_aspect (fleur_fk, aspect_fk) values (270,2);
insert into fleur_nb_petale (fleur_fk, nb_petale_fk) values (270,0);
insert into fleur_type_feuille (fleur_fk, type_feuille_fk) values (270,0);
insert into fleur_disposition_feuille (fleur_fk, disposition_feuille_fk) values (270,0);
insert into fleur_pilosite_tige (fleur_fk, pilosite_tige_fk) values (270,0);
insert into fleur_pilosite_tige (fleur_fk, pilosite_tige_fk) values (270,1);
insert into fleur_pilosite_feuille (fleur_fk, pilosite_feuille_fk) values (270,0);
insert into fleur_pilosite_feuille (fleur_fk, pilosite_feuille_fk) values (270,1);
insert into fleur (id,directory_name,scientific_name,scientific_family_fk,doc_url) values (271,"","Medicago lupulina",12,"");
insert into taxonomy (lang, taxon, searched_taxon, fleur_fk) values ("fr","Luzerne lupuline","luzerne lupuline",271);
insert into taxonomy (lang, taxon, searched_taxon, fleur_fk) values ("fr","Minette","minette",271);
insert into taxonomy (lang, taxon, searched_taxon, fleur_fk) values ("la","Medicago lupulina","medicago lupulina",271);
insert into taxonomy (lang, taxon, searched_taxon, fleur_fk) values ("en","black medick","black medick",271);
insert into fleur_inflorescence (fleur_fk, inflorescence_fk) values (271,0);
insert into fleur_couleur (fleur_fk, couleur_fk) values (271,3);
insert into fleur_particularite (fleur_fk, particularite_fk) values (271,4);
insert into fleur_aspect (fleur_fk, aspect_fk) values (271,2);
insert into fleur_nb_petale (fleur_fk, nb_petale_fk) values (271,0);
insert into fleur_type_feuille (fleur_fk, type_feuille_fk) values (271,0);
insert into fleur_disposition_feuille (fleur_fk, disposition_feuille_fk) values (271,0);
insert into fleur_pilosite_tige (fleur_fk, pilosite_tige_fk) values (271,1);
insert into fleur_pilosite_feuille (fleur_fk, pilosite_feuille_fk) values (271,1);
insert into fleur (id,directory_name,scientific_name,scientific_family_fk,doc_url) values (272,"","Medicago minima",12,"");
insert into taxonomy (lang, taxon, searched_taxon, fleur_fk) values ("fr","Luzerne naine","luzerne naine",272);
insert into taxonomy (lang, taxon, searched_taxon, fleur_fk) values ("fr","Petite luzerne","petite luzerne",272);
insert into taxonomy (lang, taxon, searched_taxon, fleur_fk) values ("la","Medicago minima","medicago minima",272);
insert into taxonomy (lang, taxon, searched_taxon, fleur_fk) values ("en","little bur-clover","little bur-clover",272);
insert into fleur_inflorescence (fleur_fk, inflorescence_fk) values (272,0);
insert into fleur_couleur (fleur_fk, couleur_fk) values (272,3);
insert into fleur_particularite (fleur_fk, particularite_fk) values (272,4);
insert into fleur_aspect (fleur_fk, aspect_fk) values (272,2);
insert into fleur_nb_petale (fleur_fk, nb_petale_fk) values (272,0);
insert into fleur_type_feuille (fleur_fk, type_feuille_fk) values (272,0);
insert into fleur_disposition_feuille (fleur_fk, disposition_feuille_fk) values (272,0);
insert into fleur_pilosite_tige (fleur_fk, pilosite_tige_fk) values (272,1);
insert into fleur_pilosite_feuille (fleur_fk, pilosite_feuille_fk) values (272,1);
insert into fleur (id,directory_name,scientific_name,scientific_family_fk,doc_url) values (273,"","Medicago arabica",12,"");
insert into taxonomy (lang, taxon, searched_taxon, fleur_fk) values ("fr","Luzerne tachée","luzerne tachee",273);
insert into taxonomy (lang, taxon, searched_taxon, fleur_fk) values ("fr","Luzerne d'Arabie","luzerne d'arabie",273);
insert into taxonomy (lang, taxon, searched_taxon, fleur_fk) values ("la","Medicago arabica","medicago arabica",273);
insert into taxonomy (lang, taxon, searched_taxon, fleur_fk) values ("en","spotted medick","spotted medick",273);
insert into fleur_inflorescence (fleur_fk, inflorescence_fk) values (273,0);
insert into fleur_couleur (fleur_fk, couleur_fk) values (273,3);
insert into fleur_particularite (fleur_fk, particularite_fk) values (273,4);
insert into fleur_aspect (fleur_fk, aspect_fk) values (273,2);
insert into fleur_nb_petale (fleur_fk, nb_petale_fk) values (273,0);
insert into fleur_type_feuille (fleur_fk, type_feuille_fk) values (273,0);
insert into fleur_disposition_feuille (fleur_fk, disposition_feuille_fk) values (273,0);
insert into fleur_pilosite_tige (fleur_fk, pilosite_tige_fk) values (273,0);
insert into fleur_pilosite_tige (fleur_fk, pilosite_tige_fk) values (273,1);
insert into fleur_pilosite_feuille (fleur_fk, pilosite_feuille_fk) values (273,0);
insert into fleur_pilosite_feuille (fleur_fk, pilosite_feuille_fk) values (273,2);
insert into fleur (id,directory_name,scientific_name,scientific_family_fk,doc_url) values (274,"","Lysimachia vulgaris",41,"");
insert into taxonomy (lang, taxon, searched_taxon, fleur_fk) values ("fr","Lysimaque commune","lysimaque commune",274);
insert into taxonomy (lang, taxon, searched_taxon, fleur_fk) values ("fr","Chasse-bosse","chasse-bosse",274);
insert into taxonomy (lang, taxon, searched_taxon, fleur_fk) values ("fr","Grande lysimaque","grande lysimaque",274);
insert into taxonomy (lang, taxon, searched_taxon, fleur_fk) values ("la","Lysimachia vulgaris","lysimachia vulgaris",274);
insert into taxonomy (lang, taxon, searched_taxon, fleur_fk) values ("en","garden yellow loosestrife","garden yellow loosestrife",274);
insert into fleur_inflorescence (fleur_fk, inflorescence_fk) values (274,0);
insert into fleur_couleur (fleur_fk, couleur_fk) values (274,3);
insert into fleur_aspect (fleur_fk, aspect_fk) values (274,6);
insert into fleur_nb_petale (fleur_fk, nb_petale_fk) values (274,0);
insert into fleur_type_feuille (fleur_fk, type_feuille_fk) values (274,3);
insert into fleur_disposition_feuille (fleur_fk, disposition_feuille_fk) values (274,2);
insert into fleur_pilosite_tige (fleur_fk, pilosite_tige_fk) values (274,1);
insert into fleur_pilosite_feuille (fleur_fk, pilosite_feuille_fk) values (274,1);
insert into fleur_pilosite_feuille (fleur_fk, pilosite_feuille_fk) values (274,2);
insert into fleur (id,directory_name,scientific_name,scientific_family_fk,doc_url) values (275,"","Lysimachia nemorum",41,"");
insert into taxonomy (lang, taxon, searched_taxon, fleur_fk) values ("fr","Lysimaque des bois","lysimaque des bois",275);
insert into taxonomy (lang, taxon, searched_taxon, fleur_fk) values ("la","Lysimachia nemorum","lysimachia nemorum",275);
insert into taxonomy (lang, taxon, searched_taxon, fleur_fk) values ("en","yellow pimpernel","yellow pimpernel",275);
insert into fleur_inflorescence (fleur_fk, inflorescence_fk) values (275,1);
insert into fleur_couleur (fleur_fk, couleur_fk) values (275,3);
insert into fleur_aspect (fleur_fk, aspect_fk) values (275,6);
insert into fleur_nb_petale (fleur_fk, nb_petale_fk) values (275,0);
insert into fleur_type_feuille (fleur_fk, type_feuille_fk) values (275,3);
insert into fleur_disposition_feuille (fleur_fk, disposition_feuille_fk) values (275,1);
insert into fleur_pilosite_tige (fleur_fk, pilosite_tige_fk) values (275,0);
insert into fleur_pilosite_feuille (fleur_fk, pilosite_feuille_fk) values (275,0);
insert into fleur (id,directory_name,scientific_name,scientific_family_fk,doc_url) values (276,"","Lysimachia nummularia",41,"");
insert into taxonomy (lang, taxon, searched_taxon, fleur_fk) values ("fr","Lysimaque nummulaire","lysimaque nummulaire",276);
insert into taxonomy (lang, taxon, searched_taxon, fleur_fk) values ("fr","Monnoyère","monnoyere",276);
insert into taxonomy (lang, taxon, searched_taxon, fleur_fk) values ("fr","Herbe aux écus","herbe aux ecus",276);
insert into taxonomy (lang, taxon, searched_taxon, fleur_fk) values ("la","Lysimachia nummularia","lysimachia nummularia",276);
insert into taxonomy (lang, taxon, searched_taxon, fleur_fk) values ("en","creeping jenny ","creeping jenny ",276);
insert into fleur_inflorescence (fleur_fk, inflorescence_fk) values (276,1);
insert into fleur_couleur (fleur_fk, couleur_fk) values (276,3);
insert into fleur_aspect (fleur_fk, aspect_fk) values (276,6);
insert into fleur_nb_petale (fleur_fk, nb_petale_fk) values (276,0);
insert into fleur_type_feuille (fleur_fk, type_feuille_fk) values (276,3);
insert into fleur_disposition_feuille (fleur_fk, disposition_feuille_fk) values (276,1);
insert into fleur_pilosite_tige (fleur_fk, pilosite_tige_fk) values (276,0);
insert into fleur_pilosite_feuille (fleur_fk, pilosite_feuille_fk) values (276,0);
insert into fleur (id,directory_name,scientific_name,scientific_family_fk,doc_url) values (277,"","Lysimachia punctata",41,"");
insert into taxonomy (lang, taxon, searched_taxon, fleur_fk) values ("fr","Lysimaque ponctuée","lysimaque ponctuee",277);
insert into taxonomy (lang, taxon, searched_taxon, fleur_fk) values ("la","Lysimachia punctata","lysimachia punctata",277);
insert into taxonomy (lang, taxon, searched_taxon, fleur_fk) values ("en","large yellow loosestrife ","large yellow loosestrife ",277);
insert into fleur_inflorescence (fleur_fk, inflorescence_fk) values (277,0);
insert into fleur_couleur (fleur_fk, couleur_fk) values (277,3);
insert into fleur_aspect (fleur_fk, aspect_fk) values (277,6);
insert into fleur_nb_petale (fleur_fk, nb_petale_fk) values (277,0);
insert into fleur_type_feuille (fleur_fk, type_feuille_fk) values (277,3);
insert into fleur_disposition_feuille (fleur_fk, disposition_feuille_fk) values (277,1);
insert into fleur_disposition_feuille (fleur_fk, disposition_feuille_fk) values (277,2);
insert into fleur_pilosite_tige (fleur_fk, pilosite_tige_fk) values (277,1);
insert into fleur_pilosite_feuille (fleur_fk, pilosite_feuille_fk) values (277,1);
insert into fleur (id,directory_name,scientific_name,scientific_family_fk,doc_url) values (278,"","Lythrum salicaria",42,"");
insert into taxonomy (lang, taxon, searched_taxon, fleur_fk) values ("fr","Lythrum salicaire","lythrum salicaire",278);
insert into taxonomy (lang, taxon, searched_taxon, fleur_fk) values ("fr","Salicaire officinale","salicaire officinale",278);
insert into taxonomy (lang, taxon, searched_taxon, fleur_fk) values ("fr","Lysimaque rouge","lysimaque rouge",278);
insert into taxonomy (lang, taxon, searched_taxon, fleur_fk) values ("la","Lythrum salicaria","lythrum salicaria",278);
insert into taxonomy (lang, taxon, searched_taxon, fleur_fk) values ("en","purple loosestrife","purple loosestrife",278);
insert into fleur_inflorescence (fleur_fk, inflorescence_fk) values (278,0);
insert into fleur_couleur (fleur_fk, couleur_fk) values (278,1);
insert into fleur_aspect (fleur_fk, aspect_fk) values (278,0);
insert into fleur_nb_petale (fleur_fk, nb_petale_fk) values (278,2);
insert into fleur_nb_petale (fleur_fk, nb_petale_fk) values (278,0);
insert into fleur_nb_petale (fleur_fk, nb_petale_fk) values (278,3);
insert into fleur_type_feuille (fleur_fk, type_feuille_fk) values (278,3);
insert into fleur_disposition_feuille (fleur_fk, disposition_feuille_fk) values (278,1);
insert into fleur_disposition_feuille (fleur_fk, disposition_feuille_fk) values (278,2);
insert into fleur_pilosite_tige (fleur_fk, pilosite_tige_fk) values (278,0);
insert into fleur_pilosite_tige (fleur_fk, pilosite_tige_fk) values (278,1);
insert into fleur_pilosite_feuille (fleur_fk, pilosite_feuille_fk) values (278,0);
insert into fleur_pilosite_feuille (fleur_fk, pilosite_feuille_fk) values (278,2);
insert into fleur (id,directory_name,scientific_name,scientific_family_fk,doc_url) values (279,"","Valerianella locusta f. carinata",25,"");
insert into taxonomy (lang, taxon, searched_taxon, fleur_fk) values ("fr","Mâche carénée","mache carenee",279);
insert into taxonomy (lang, taxon, searched_taxon, fleur_fk) values ("fr","Doucette carénée","doucette carenee",279);
insert into taxonomy (lang, taxon, searched_taxon, fleur_fk) values ("la","Valerianella locusta f. carinata","valerianella locusta f. carinata",279);
insert into taxonomy (lang, taxon, searched_taxon, fleur_fk) values ("en","European Corn Salad","european corn salad",279);
insert into fleur_inflorescence (fleur_fk, inflorescence_fk) values (279,0);
insert into fleur_couleur (fleur_fk, couleur_fk) values (279,0);
insert into fleur_couleur (fleur_fk, couleur_fk) values (279,2);
insert into fleur_aspect (fleur_fk, aspect_fk) values (279,6);
insert into fleur_nb_petale (fleur_fk, nb_petale_fk) values (279,0);
insert into fleur_type_feuille (fleur_fk, type_feuille_fk) values (279,2);
insert into fleur_type_feuille (fleur_fk, type_feuille_fk) values (279,3);
insert into fleur_disposition_feuille (fleur_fk, disposition_feuille_fk) values (279,1);
insert into fleur_pilosite_tige (fleur_fk, pilosite_tige_fk) values (279,1);
insert into fleur_pilosite_feuille (fleur_fk, pilosite_feuille_fk) values (279,0);
insert into fleur (id,directory_name,scientific_name,scientific_family_fk,doc_url) values (280,"","Valerianella locusta",43,"");
insert into taxonomy (lang, taxon, searched_taxon, fleur_fk) values ("fr","Mâche potagère","mache potagere",280);
insert into taxonomy (lang, taxon, searched_taxon, fleur_fk) values ("fr","Doucette","doucette",280);
insert into taxonomy (lang, taxon, searched_taxon, fleur_fk) values ("la","Valerianella locusta","valerianella locusta",280);
insert into taxonomy (lang, taxon, searched_taxon, fleur_fk) values ("en","Corn Salad","corn salad",280);
insert into fleur_inflorescence (fleur_fk, inflorescence_fk) values (280,0);
insert into fleur_couleur (fleur_fk, couleur_fk) values (280,0);
insert into fleur_couleur (fleur_fk, couleur_fk) values (280,2);
insert into fleur_aspect (fleur_fk, aspect_fk) values (280,6);
insert into fleur_nb_petale (fleur_fk, nb_petale_fk) values (280,0);
insert into fleur_type_feuille (fleur_fk, type_feuille_fk) values (280,2);
insert into fleur_type_feuille (fleur_fk, type_feuille_fk) values (280,3);
insert into fleur_disposition_feuille (fleur_fk, disposition_feuille_fk) values (280,1);
insert into fleur_pilosite_tige (fleur_fk, pilosite_tige_fk) values (280,1);
insert into fleur_pilosite_feuille (fleur_fk, pilosite_feuille_fk) values (280,1);
insert into fleur (id,directory_name,scientific_name,scientific_family_fk,doc_url) values (281,"","Leucanthemum vulgare",1,"");
insert into taxonomy (lang, taxon, searched_taxon, fleur_fk) values ("fr","Marguerite commune","marguerite commune",281);
insert into taxonomy (lang, taxon, searched_taxon, fleur_fk) values ("fr","Grande marguerite","grande marguerite",281);
insert into taxonomy (lang, taxon, searched_taxon, fleur_fk) values ("la","Leucanthemum vulgare","leucanthemum vulgare",281);
insert into taxonomy (lang, taxon, searched_taxon, fleur_fk) values ("en","oxeye daisy","oxeye daisy",281);
insert into fleur_inflorescence (fleur_fk, inflorescence_fk) values (281,1);
insert into fleur_couleur (fleur_fk, couleur_fk) values (281,0);
insert into fleur_aspect (fleur_fk, aspect_fk) values (281,1);
insert into fleur_nb_petale (fleur_fk, nb_petale_fk) values (281,1);
insert into fleur_type_feuille (fleur_fk, type_feuille_fk) values (281,2);
insert into fleur_disposition_feuille (fleur_fk, disposition_feuille_fk) values (281,0);
insert into fleur_pilosite_tige (fleur_fk, pilosite_tige_fk) values (281,1);
insert into fleur_pilosite_feuille (fleur_fk, pilosite_feuille_fk) values (281,1);
insert into fleur (id,directory_name,scientific_name,scientific_family_fk,doc_url) values (282,"","Matricaria recutita",1,"");
insert into taxonomy (lang, taxon, searched_taxon, fleur_fk) values ("fr","Matricaire camomille","matricaire camomille",282);
insert into taxonomy (lang, taxon, searched_taxon, fleur_fk) values ("fr","Camomille sauvage","camomille sauvage",282);
insert into taxonomy (lang, taxon, searched_taxon, fleur_fk) values ("la","Matricaria recutita","matricaria recutita",282);
insert into taxonomy (lang, taxon, searched_taxon, fleur_fk) values ("en","chamomile","chamomile",282);
insert into fleur_inflorescence (fleur_fk, inflorescence_fk) values (282,0);
insert into fleur_couleur (fleur_fk, couleur_fk) values (282,0);
insert into fleur_aspect (fleur_fk, aspect_fk) values (282,1);
insert into fleur_nb_petale (fleur_fk, nb_petale_fk) values (282,1);
insert into fleur_type_feuille (fleur_fk, type_feuille_fk) values (282,1);
insert into fleur_disposition_feuille (fleur_fk, disposition_feuille_fk) values (282,0);
insert into fleur_pilosite_tige (fleur_fk, pilosite_tige_fk) values (282,0);
insert into fleur_pilosite_tige (fleur_fk, pilosite_tige_fk) values (282,1);
insert into fleur_pilosite_feuille (fleur_fk, pilosite_feuille_fk) values (282,0);
insert into fleur_pilosite_feuille (fleur_fk, pilosite_feuille_fk) values (282,1);
insert into fleur (id,directory_name,scientific_name,scientific_family_fk,doc_url) values (283,"","Matricaria discoidea",1,"");
insert into taxonomy (lang, taxon, searched_taxon, fleur_fk) values ("fr","Matricaire discoïde","matricaire discoide",283);
insert into taxonomy (lang, taxon, searched_taxon, fleur_fk) values ("fr","Matricaire sans ligules","matricaire sans ligules",283);
insert into taxonomy (lang, taxon, searched_taxon, fleur_fk) values ("fr","Matricaire odorante","matricaire odorante",283);
insert into taxonomy (lang, taxon, searched_taxon, fleur_fk) values ("la","Matricaria discoidea","matricaria discoidea",283);
insert into taxonomy (lang, taxon, searched_taxon, fleur_fk) values ("en","pineappleweed","pineappleweed",283);
insert into fleur_inflorescence (fleur_fk, inflorescence_fk) values (283,0);
insert into fleur_couleur (fleur_fk, couleur_fk) values (283,5);
insert into fleur_aspect (fleur_fk, aspect_fk) values (283,4);
insert into fleur_nb_petale (fleur_fk, nb_petale_fk) values (283,1);
insert into fleur_type_feuille (fleur_fk, type_feuille_fk) values (283,1);
insert into fleur_disposition_feuille (fleur_fk, disposition_feuille_fk) values (283,0);
insert into fleur_pilosite_tige (fleur_fk, pilosite_tige_fk) values (283,0);
insert into fleur_pilosite_feuille (fleur_fk, pilosite_feuille_fk) values (283,0);
insert into fleur (id,directory_name,scientific_name,scientific_family_fk,doc_url) values (284,"","Matricaria perforata",1,"");
insert into taxonomy (lang, taxon, searched_taxon, fleur_fk) values ("fr","Matricaire inodore","matricaire inodore",284);
insert into taxonomy (lang, taxon, searched_taxon, fleur_fk) values ("fr","Camomille inodore","camomille inodore",284);
insert into taxonomy (lang, taxon, searched_taxon, fleur_fk) values ("fr"," Matricaire perforée"," matricaire perforee",284);
insert into taxonomy (lang, taxon, searched_taxon, fleur_fk) values ("la","Matricaria perforata","matricaria perforata",284);
insert into taxonomy (lang, taxon, searched_taxon, fleur_fk) values ("en","scentless mayweed","scentless mayweed",284);
insert into fleur_inflorescence (fleur_fk, inflorescence_fk) values (284,0);
insert into fleur_couleur (fleur_fk, couleur_fk) values (284,0);
insert into fleur_aspect (fleur_fk, aspect_fk) values (284,1);
insert into fleur_nb_petale (fleur_fk, nb_petale_fk) values (284,1);
insert into fleur_type_feuille (fleur_fk, type_feuille_fk) values (284,1);
insert into fleur_disposition_feuille (fleur_fk, disposition_feuille_fk) values (284,0);
insert into fleur_pilosite_tige (fleur_fk, pilosite_tige_fk) values (284,0);
insert into fleur_pilosite_feuille (fleur_fk, pilosite_feuille_fk) values (284,1);
insert into fleur (id,directory_name,scientific_name,scientific_family_fk,doc_url) values (285,"","Malva neglecta",34,"");
insert into taxonomy (lang, taxon, searched_taxon, fleur_fk) values ("fr","Mauve à feuilles rondes","mauve a feuilles rondes",285);
insert into taxonomy (lang, taxon, searched_taxon, fleur_fk) values ("fr","Petite mauve","petite mauve",285);
insert into taxonomy (lang, taxon, searched_taxon, fleur_fk) values ("fr","Mauve commune","mauve commune",285);
insert into taxonomy (lang, taxon, searched_taxon, fleur_fk) values ("la","Malva neglecta","malva neglecta",285);
insert into taxonomy (lang, taxon, searched_taxon, fleur_fk) values ("en","Common mallow","common mallow",285);
insert into fleur_inflorescence (fleur_fk, inflorescence_fk) values (285,0);
insert into fleur_couleur (fleur_fk, couleur_fk) values (285,0);
insert into fleur_couleur (fleur_fk, couleur_fk) values (285,1);
insert into fleur_particularite (fleur_fk, particularite_fk) values (285,1);
insert into fleur_particularite (fleur_fk, particularite_fk) values (285,5);
insert into fleur_aspect (fleur_fk, aspect_fk) values (285,6);
insert into fleur_aspect (fleur_fk, aspect_fk) values (285,0);
insert into fleur_nb_petale (fleur_fk, nb_petale_fk) values (285,0);
insert into fleur_type_feuille (fleur_fk, type_feuille_fk) values (285,2);
insert into fleur_disposition_feuille (fleur_fk, disposition_feuille_fk) values (285,0);
insert into fleur_pilosite_tige (fleur_fk, pilosite_tige_fk) values (285,1);
insert into fleur_pilosite_feuille (fleur_fk, pilosite_feuille_fk) values (285,1);
insert into fleur (id,directory_name,scientific_name,scientific_family_fk,doc_url) values (286,"","Malva moschata",34,"");
insert into taxonomy (lang, taxon, searched_taxon, fleur_fk) values ("fr","Mauve musquée","mauve musquee",286);
insert into taxonomy (lang, taxon, searched_taxon, fleur_fk) values ("la","Malva moschata","malva moschata",286);
insert into taxonomy (lang, taxon, searched_taxon, fleur_fk) values ("en","musk-mallow","musk-mallow",286);
insert into fleur_inflorescence (fleur_fk, inflorescence_fk) values (286,0);
insert into fleur_couleur (fleur_fk, couleur_fk) values (286,1);
insert into fleur_aspect (fleur_fk, aspect_fk) values (286,6);
insert into fleur_aspect (fleur_fk, aspect_fk) values (286,0);
insert into fleur_nb_petale (fleur_fk, nb_petale_fk) values (286,0);
insert into fleur_type_feuille (fleur_fk, type_feuille_fk) values (286,1);
insert into fleur_disposition_feuille (fleur_fk, disposition_feuille_fk) values (286,0);
insert into fleur_pilosite_tige (fleur_fk, pilosite_tige_fk) values (286,1);
insert into fleur_pilosite_feuille (fleur_fk, pilosite_feuille_fk) values (286,2);
insert into fleur (id,directory_name,scientific_name,scientific_family_fk,doc_url) values (287,"","Malva sylvestris",34,"");
insert into taxonomy (lang, taxon, searched_taxon, fleur_fk) values ("fr","Mauve sylvestre","mauve sylvestre",287);
insert into taxonomy (lang, taxon, searched_taxon, fleur_fk) values ("fr","Mauve des bois","mauve des bois",287);
insert into taxonomy (lang, taxon, searched_taxon, fleur_fk) values ("fr","Grande mauve","grande mauve",287);
insert into taxonomy (lang, taxon, searched_taxon, fleur_fk) values ("la","Malva sylvestris","malva sylvestris",287);
insert into taxonomy (lang, taxon, searched_taxon, fleur_fk) values ("en","High Mallow","high mallow",287);
insert into fleur_inflorescence (fleur_fk, inflorescence_fk) values (287,0);
insert into fleur_couleur (fleur_fk, couleur_fk) values (287,1);
insert into fleur_particularite (fleur_fk, particularite_fk) values (287,1);
insert into fleur_aspect (fleur_fk, aspect_fk) values (287,6);
insert into fleur_aspect (fleur_fk, aspect_fk) values (287,0);
insert into fleur_nb_petale (fleur_fk, nb_petale_fk) values (287,0);
insert into fleur_type_feuille (fleur_fk, type_feuille_fk) values (287,2);
insert into fleur_disposition_feuille (fleur_fk, disposition_feuille_fk) values (287,0);
insert into fleur_pilosite_tige (fleur_fk, pilosite_tige_fk) values (287,1);
insert into fleur_pilosite_feuille (fleur_fk, pilosite_feuille_fk) values (287,0);
insert into fleur (id,directory_name,scientific_name,scientific_family_fk,doc_url) values (288,"","Melampyrum cristatum",27,"");
insert into taxonomy (lang, taxon, searched_taxon, fleur_fk) values ("fr","Mélampyre à crêtes","melampyre a cretes",288);
insert into taxonomy (lang, taxon, searched_taxon, fleur_fk) values ("la","Melampyrum cristatum","melampyrum cristatum",288);
insert into taxonomy (lang, taxon, searched_taxon, fleur_fk) values ("en","Crested Cow-wheat","crested cow-wheat",288);
insert into fleur_inflorescence (fleur_fk, inflorescence_fk) values (288,0);
insert into fleur_couleur (fleur_fk, couleur_fk) values (288,0);
insert into fleur_particularite (fleur_fk, particularite_fk) values (288,5);
insert into fleur_aspect (fleur_fk, aspect_fk) values (288,3);
insert into fleur_nb_petale (fleur_fk, nb_petale_fk) values (288,5);
insert into fleur_nb_petale (fleur_fk, nb_petale_fk) values (288,2);
insert into fleur_type_feuille (fleur_fk, type_feuille_fk) values (288,3);
insert into fleur_disposition_feuille (fleur_fk, disposition_feuille_fk) values (288,1);
insert into fleur_pilosite_tige (fleur_fk, pilosite_tige_fk) values (288,1);
insert into fleur_pilosite_feuille (fleur_fk, pilosite_feuille_fk) values (288,1);
insert into fleur (id,directory_name,scientific_name,scientific_family_fk,doc_url) values (289,"","Melampyrum arvense",27,"");
insert into taxonomy (lang, taxon, searched_taxon, fleur_fk) values ("fr","Mélampyre des champs","melampyre des champs",289);
insert into taxonomy (lang, taxon, searched_taxon, fleur_fk) values ("fr","Rougeotte","rougeotte",289);
insert into taxonomy (lang, taxon, searched_taxon, fleur_fk) values ("la","Melampyrum arvense","melampyrum arvense",289);
insert into taxonomy (lang, taxon, searched_taxon, fleur_fk) values ("en","field cow-wheat","field cow-wheat",289);
insert into fleur_inflorescence (fleur_fk, inflorescence_fk) values (289,0);
insert into fleur_couleur (fleur_fk, couleur_fk) values (289,1);
insert into fleur_particularite (fleur_fk, particularite_fk) values (289,5);
insert into fleur_aspect (fleur_fk, aspect_fk) values (289,3);
insert into fleur_nb_petale (fleur_fk, nb_petale_fk) values (289,5);
insert into fleur_nb_petale (fleur_fk, nb_petale_fk) values (289,2);
insert into fleur_type_feuille (fleur_fk, type_feuille_fk) values (289,1);
insert into fleur_type_feuille (fleur_fk, type_feuille_fk) values (289,3);
insert into fleur_disposition_feuille (fleur_fk, disposition_feuille_fk) values (289,1);
insert into fleur_pilosite_tige (fleur_fk, pilosite_tige_fk) values (289,1);
insert into fleur_pilosite_feuille (fleur_fk, pilosite_feuille_fk) values (289,1);
insert into fleur (id,directory_name,scientific_name,scientific_family_fk,doc_url) values (290,"","Melampyrum pratense",27,"");
insert into taxonomy (lang, taxon, searched_taxon, fleur_fk) values ("fr","Mélampyre des prés","melampyre des pres",290);
insert into taxonomy (lang, taxon, searched_taxon, fleur_fk) values ("la","Melampyrum pratense","melampyrum pratense",290);
insert into taxonomy (lang, taxon, searched_taxon, fleur_fk) values ("en","common cow-wheat","common cow-wheat",290);
insert into fleur_inflorescence (fleur_fk, inflorescence_fk) values (290,0);
insert into fleur_couleur (fleur_fk, couleur_fk) values (290,0);
insert into fleur_couleur (fleur_fk, couleur_fk) values (290,3);
insert into fleur_particularite (fleur_fk, particularite_fk) values (290,5);
insert into fleur_aspect (fleur_fk, aspect_fk) values (290,3);
insert into fleur_nb_petale (fleur_fk, nb_petale_fk) values (290,5);
insert into fleur_nb_petale (fleur_fk, nb_petale_fk) values (290,2);
insert into fleur_type_feuille (fleur_fk, type_feuille_fk) values (290,3);
insert into fleur_disposition_feuille (fleur_fk, disposition_feuille_fk) values (290,1);
insert into fleur_pilosite_tige (fleur_fk, pilosite_tige_fk) values (290,0);
insert into fleur_pilosite_tige (fleur_fk, pilosite_tige_fk) values (290,1);
insert into fleur_pilosite_feuille (fleur_fk, pilosite_feuille_fk) values (290,1);
insert into fleur (id,directory_name,scientific_name,scientific_family_fk,doc_url) values (291,"","Melilotus albus",12,"");
insert into taxonomy (lang, taxon, searched_taxon, fleur_fk) values ("fr","Mélilot blanc","melilot blanc",291);
insert into taxonomy (lang, taxon, searched_taxon, fleur_fk) values ("la","Melilotus albus","melilotus albus",291);
insert into taxonomy (lang, taxon, searched_taxon, fleur_fk) values ("en","sweet clover","sweet clover",291);
insert into fleur_inflorescence (fleur_fk, inflorescence_fk) values (291,0);
insert into fleur_couleur (fleur_fk, couleur_fk) values (291,0);
insert into fleur_particularite (fleur_fk, particularite_fk) values (291,4);
insert into fleur_aspect (fleur_fk, aspect_fk) values (291,2);
insert into fleur_nb_petale (fleur_fk, nb_petale_fk) values (291,0);
insert into fleur_type_feuille (fleur_fk, type_feuille_fk) values (291,0);
insert into fleur_disposition_feuille (fleur_fk, disposition_feuille_fk) values (291,0);
insert into fleur_pilosite_tige (fleur_fk, pilosite_tige_fk) values (291,0);
insert into fleur_pilosite_tige (fleur_fk, pilosite_tige_fk) values (291,1);
insert into fleur_pilosite_feuille (fleur_fk, pilosite_feuille_fk) values (291,2);
insert into fleur (id,directory_name,scientific_name,scientific_family_fk,doc_url) values (292,"","Melilotus officinalis",12,"");
insert into taxonomy (lang, taxon, searched_taxon, fleur_fk) values ("fr","Mélilot officinal","melilot officinal",292);
insert into taxonomy (lang, taxon, searched_taxon, fleur_fk) values ("fr","Mélilot des prés","melilot des pres",292);
insert into taxonomy (lang, taxon, searched_taxon, fleur_fk) values ("la","Melilotus officinalis","melilotus officinalis",292);
insert into taxonomy (lang, taxon, searched_taxon, fleur_fk) values ("en","yellow sweet clover","yellow sweet clover",292);
insert into fleur_inflorescence (fleur_fk, inflorescence_fk) values (292,0);
insert into fleur_couleur (fleur_fk, couleur_fk) values (292,3);
insert into fleur_particularite (fleur_fk, particularite_fk) values (292,4);
insert into fleur_aspect (fleur_fk, aspect_fk) values (292,2);
insert into fleur_nb_petale (fleur_fk, nb_petale_fk) values (292,0);
insert into fleur_type_feuille (fleur_fk, type_feuille_fk) values (292,0);
insert into fleur_disposition_feuille (fleur_fk, disposition_feuille_fk) values (292,0);
insert into fleur_pilosite_tige (fleur_fk, pilosite_tige_fk) values (292,1);
insert into fleur_pilosite_feuille (fleur_fk, pilosite_feuille_fk) values (292,2);
insert into fleur (id,directory_name,scientific_name,scientific_family_fk,doc_url) values (293,"","Mentha aquatica ",3,"");
insert into taxonomy (lang, taxon, searched_taxon, fleur_fk) values ("fr","Menthe aquatique","menthe aquatique",293);
insert into taxonomy (lang, taxon, searched_taxon, fleur_fk) values ("la","Mentha aquatica ","mentha aquatica ",293);
insert into taxonomy (lang, taxon, searched_taxon, fleur_fk) values ("en","water mint","water mint",293);
insert into fleur_inflorescence (fleur_fk, inflorescence_fk) values (293,0);
insert into fleur_couleur (fleur_fk, couleur_fk) values (293,0);
insert into fleur_couleur (fleur_fk, couleur_fk) values (293,1);
insert into fleur_aspect (fleur_fk, aspect_fk) values (293,3);
insert into fleur_nb_petale (fleur_fk, nb_petale_fk) values (293,2);
insert into fleur_type_feuille (fleur_fk, type_feuille_fk) values (293,2);
insert into fleur_disposition_feuille (fleur_fk, disposition_feuille_fk) values (293,1);
insert into fleur_pilosite_tige (fleur_fk, pilosite_tige_fk) values (293,1);
insert into fleur_pilosite_feuille (fleur_fk, pilosite_feuille_fk) values (293,2);
insert into fleur (id,directory_name,scientific_name,scientific_family_fk,doc_url) values (294,"","Hypericum perforatum",44,"");
insert into taxonomy (lang, taxon, searched_taxon, fleur_fk) values ("fr","Millepertuis perforé","millepertuis perfore",294);
insert into taxonomy (lang, taxon, searched_taxon, fleur_fk) values ("fr","Herbe à mille trous","herbe a mille trous",294);
insert into taxonomy (lang, taxon, searched_taxon, fleur_fk) values ("fr","Millepertuis commun","millepertuis commun",294);
insert into taxonomy (lang, taxon, searched_taxon, fleur_fk) values ("la","Hypericum perforatum","hypericum perforatum",294);
insert into taxonomy (lang, taxon, searched_taxon, fleur_fk) values ("en","St John's wort","st john's wort",294);
insert into fleur_inflorescence (fleur_fk, inflorescence_fk) values (294,0);
insert into fleur_couleur (fleur_fk, couleur_fk) values (294,3);
insert into fleur_aspect (fleur_fk, aspect_fk) values (294,0);
insert into fleur_nb_petale (fleur_fk, nb_petale_fk) values (294,0);
insert into fleur_type_feuille (fleur_fk, type_feuille_fk) values (294,3);
insert into fleur_disposition_feuille (fleur_fk, disposition_feuille_fk) values (294,0);
insert into fleur_pilosite_tige (fleur_fk, pilosite_tige_fk) values (294,0);
insert into fleur_pilosite_feuille (fleur_fk, pilosite_feuille_fk) values (294,0);
insert into fleur (id,directory_name,scientific_name,scientific_family_fk,doc_url) values (295,"","Verbascum densiflorum",27,"");
insert into taxonomy (lang, taxon, searched_taxon, fleur_fk) values ("fr","Molène à fleurs denses","molene a fleurs denses",295);
insert into taxonomy (lang, taxon, searched_taxon, fleur_fk) values ("la","Verbascum densiflorum","verbascum densiflorum",295);
insert into taxonomy (lang, taxon, searched_taxon, fleur_fk) values ("en","dense-flowered mullein","dense-flowered mullein",295);
insert into fleur_inflorescence (fleur_fk, inflorescence_fk) values (295,0);
insert into fleur_couleur (fleur_fk, couleur_fk) values (295,3);
insert into fleur_aspect (fleur_fk, aspect_fk) values (295,3);
insert into fleur_nb_petale (fleur_fk, nb_petale_fk) values (295,0);
insert into fleur_type_feuille (fleur_fk, type_feuille_fk) values (295,2);
insert into fleur_type_feuille (fleur_fk, type_feuille_fk) values (295,3);
insert into fleur_disposition_feuille (fleur_fk, disposition_feuille_fk) values (295,0);
insert into fleur_pilosite_tige (fleur_fk, pilosite_tige_fk) values (295,1);
insert into fleur_pilosite_feuille (fleur_fk, pilosite_feuille_fk) values (295,1);
insert into fleur (id,directory_name,scientific_name,scientific_family_fk,doc_url) values (296,"","Verbascum blattaria",27,"");
insert into taxonomy (lang, taxon, searched_taxon, fleur_fk) values ("fr","Molène blattaire","molene blattaire",296);
insert into taxonomy (lang, taxon, searched_taxon, fleur_fk) values ("la","Verbascum blattaria","verbascum blattaria",296);
insert into taxonomy (lang, taxon, searched_taxon, fleur_fk) values ("en","Moth mullein","moth mullein",296);
insert into fleur_inflorescence (fleur_fk, inflorescence_fk) values (296,0);
insert into fleur_couleur (fleur_fk, couleur_fk) values (296,3);
insert into fleur_aspect (fleur_fk, aspect_fk) values (296,3);
insert into fleur_nb_petale (fleur_fk, nb_petale_fk) values (296,0);
insert into fleur_type_feuille (fleur_fk, type_feuille_fk) values (296,2);
insert into fleur_disposition_feuille (fleur_fk, disposition_feuille_fk) values (296,0);
insert into fleur_pilosite_tige (fleur_fk, pilosite_tige_fk) values (296,0);
insert into fleur_pilosite_tige (fleur_fk, pilosite_tige_fk) values (296,1);
insert into fleur_pilosite_feuille (fleur_fk, pilosite_feuille_fk) values (296,0);
insert into fleur (id,directory_name,scientific_name,scientific_family_fk,doc_url) values (297,"","Verbascum thapsus",27,"");
insert into taxonomy (lang, taxon, searched_taxon, fleur_fk) values ("fr","Molène bouillon-blanc","molene bouillon-blanc",297);
insert into taxonomy (lang, taxon, searched_taxon, fleur_fk) values ("fr","Bouillon blanc","bouillon blanc",297);
insert into taxonomy (lang, taxon, searched_taxon, fleur_fk) values ("la","Verbascum thapsus","verbascum thapsus",297);
insert into taxonomy (lang, taxon, searched_taxon, fleur_fk) values ("en","Common mullein","common mullein",297);
insert into fleur_inflorescence (fleur_fk, inflorescence_fk) values (297,0);
insert into fleur_couleur (fleur_fk, couleur_fk) values (297,3);
insert into fleur_aspect (fleur_fk, aspect_fk) values (297,3);
insert into fleur_nb_petale (fleur_fk, nb_petale_fk) values (297,0);
insert into fleur_type_feuille (fleur_fk, type_feuille_fk) values (297,2);
insert into fleur_type_feuille (fleur_fk, type_feuille_fk) values (297,3);
insert into fleur_disposition_feuille (fleur_fk, disposition_feuille_fk) values (297,0);
insert into fleur_pilosite_tige (fleur_fk, pilosite_tige_fk) values (297,1);
insert into fleur_pilosite_feuille (fleur_fk, pilosite_feuille_fk) values (297,1);
insert into fleur (id,directory_name,scientific_name,scientific_family_fk,doc_url) values (298,"","Verbascum virgatum",27,"");
insert into taxonomy (lang, taxon, searched_taxon, fleur_fk) values ("fr","Molène en baguette","molene en baguette",298);
insert into taxonomy (lang, taxon, searched_taxon, fleur_fk) values ("fr","Molène effilée","molene effilee",298);
insert into taxonomy (lang, taxon, searched_taxon, fleur_fk) values ("fr","Molène stricte","molene stricte",298);
insert into taxonomy (lang, taxon, searched_taxon, fleur_fk) values ("la","Verbascum virgatum","verbascum virgatum",298);
insert into taxonomy (lang, taxon, searched_taxon, fleur_fk) values ("en","Twiggy mullein","twiggy mullein",298);
insert into fleur_inflorescence (fleur_fk, inflorescence_fk) values (298,0);
insert into fleur_couleur (fleur_fk, couleur_fk) values (298,3);
insert into fleur_aspect (fleur_fk, aspect_fk) values (298,3);
insert into fleur_nb_petale (fleur_fk, nb_petale_fk) values (298,0);
insert into fleur_type_feuille (fleur_fk, type_feuille_fk) values (298,2);
insert into fleur_disposition_feuille (fleur_fk, disposition_feuille_fk) values (298,0);
insert into fleur_pilosite_tige (fleur_fk, pilosite_tige_fk) values (298,0);
insert into fleur_pilosite_tige (fleur_fk, pilosite_tige_fk) values (298,1);
insert into fleur_pilosite_feuille (fleur_fk, pilosite_feuille_fk) values (298,1);
insert into fleur (id,directory_name,scientific_name,scientific_family_fk,doc_url) values (299,"","Verbascum pulverulentum",27,"");
insert into taxonomy (lang, taxon, searched_taxon, fleur_fk) values ("fr","Molène floconneuse","molene floconneuse",299);
insert into taxonomy (lang, taxon, searched_taxon, fleur_fk) values ("la","Verbascum pulverulentum","verbascum pulverulentum",299);
insert into taxonomy (lang, taxon, searched_taxon, fleur_fk) values ("en","Hoary mullein","hoary mullein",299);
insert into fleur_inflorescence (fleur_fk, inflorescence_fk) values (299,0);
insert into fleur_couleur (fleur_fk, couleur_fk) values (299,3);
insert into fleur_aspect (fleur_fk, aspect_fk) values (299,3);
insert into fleur_nb_petale (fleur_fk, nb_petale_fk) values (299,0);
insert into fleur_type_feuille (fleur_fk, type_feuille_fk) values (299,3);
insert into fleur_disposition_feuille (fleur_fk, disposition_feuille_fk) values (299,0);
insert into fleur_pilosite_tige (fleur_fk, pilosite_tige_fk) values (299,1);
insert into fleur_pilosite_feuille (fleur_fk, pilosite_feuille_fk) values (299,1);
insert into fleur (id,directory_name,scientific_name,scientific_family_fk,doc_url) values (300,"","Solanum dulcamara",26,"");
insert into taxonomy (lang, taxon, searched_taxon, fleur_fk) values ("fr","Morelle douce-amère","morelle douce-amere",300);
insert into taxonomy (lang, taxon, searched_taxon, fleur_fk) values ("fr","Vigne de Judée","vigne de judee",300);
insert into taxonomy (lang, taxon, searched_taxon, fleur_fk) values ("fr","Douce-amère","douce-amere",300);
insert into taxonomy (lang, taxon, searched_taxon, fleur_fk) values ("la","Solanum dulcamara","solanum dulcamara",300);
insert into taxonomy (lang, taxon, searched_taxon, fleur_fk) values ("en","bittersweet nightshade","bittersweet nightshade",300);
insert into fleur_inflorescence (fleur_fk, inflorescence_fk) values (300,0);
insert into fleur_couleur (fleur_fk, couleur_fk) values (300,2);
insert into fleur_particularite (fleur_fk, particularite_fk) values (300,5);
insert into fleur_aspect (fleur_fk, aspect_fk) values (300,6);
insert into fleur_nb_petale (fleur_fk, nb_petale_fk) values (300,0);
insert into fleur_type_feuille (fleur_fk, type_feuille_fk) values (300,3);
insert into fleur_disposition_feuille (fleur_fk, disposition_feuille_fk) values (300,0);
insert into fleur_pilosite_tige (fleur_fk, pilosite_tige_fk) values (300,1);
insert into fleur_pilosite_feuille (fleur_fk, pilosite_feuille_fk) values (300,0);
insert into fleur_pilosite_feuille (fleur_fk, pilosite_feuille_fk) values (300,1);
insert into fleur (id,directory_name,scientific_name,scientific_family_fk,doc_url) values (301,"","Solanum nigrum",26,"");
insert into taxonomy (lang, taxon, searched_taxon, fleur_fk) values ("fr","Morelle noire","morelle noire",301);
insert into taxonomy (lang, taxon, searched_taxon, fleur_fk) values ("la","Solanum nigrum","solanum nigrum",301);
insert into taxonomy (lang, taxon, searched_taxon, fleur_fk) values ("en","European black nightshade","european black nightshade",301);
insert into fleur_inflorescence (fleur_fk, inflorescence_fk) values (301,0);
insert into fleur_couleur (fleur_fk, couleur_fk) values (301,0);
insert into fleur_aspect (fleur_fk, aspect_fk) values (301,6);
insert into fleur_nb_petale (fleur_fk, nb_petale_fk) values (301,0);
insert into fleur_type_feuille (fleur_fk, type_feuille_fk) values (301,2);
insert into fleur_type_feuille (fleur_fk, type_feuille_fk) values (301,3);
insert into fleur_disposition_feuille (fleur_fk, disposition_feuille_fk) values (301,0);
insert into fleur_pilosite_tige (fleur_fk, pilosite_tige_fk) values (301,0);
insert into fleur_pilosite_tige (fleur_fk, pilosite_tige_fk) values (301,1);
insert into fleur_pilosite_feuille (fleur_fk, pilosite_feuille_fk) values (301,1);
insert into fleur (id,directory_name,scientific_name,scientific_family_fk,doc_url) values (302,"","Lysimachia foemina",41,"");
insert into taxonomy (lang, taxon, searched_taxon, fleur_fk) values ("fr","Mouron bleu","mouron bleu",302);
insert into taxonomy (lang, taxon, searched_taxon, fleur_fk) values ("fr","Mouron femelle","mouron femelle",302);
insert into taxonomy (lang, taxon, searched_taxon, fleur_fk) values ("la","Lysimachia foemina","lysimachia foemina",302);
insert into taxonomy (lang, taxon, searched_taxon, fleur_fk) values ("la","Anagallis foemina","anagallis foemina",302);
insert into taxonomy (lang, taxon, searched_taxon, fleur_fk) values ("en","Poorman's Weatherglass","poorman's weatherglass",302);
insert into fleur_inflorescence (fleur_fk, inflorescence_fk) values (302,0);
insert into fleur_couleur (fleur_fk, couleur_fk) values (302,2);
insert into fleur_particularite (fleur_fk, particularite_fk) values (302,5);
insert into fleur_aspect (fleur_fk, aspect_fk) values (302,6);
insert into fleur_nb_petale (fleur_fk, nb_petale_fk) values (302,0);
insert into fleur_type_feuille (fleur_fk, type_feuille_fk) values (302,3);
insert into fleur_disposition_feuille (fleur_fk, disposition_feuille_fk) values (302,1);
insert into fleur_pilosite_tige (fleur_fk, pilosite_tige_fk) values (302,0);
insert into fleur_pilosite_feuille (fleur_fk, pilosite_feuille_fk) values (302,0);
insert into fleur (id,directory_name,scientific_name,scientific_family_fk,doc_url) values (303,"","Lysimachia arvensis",41,"");
insert into taxonomy (lang, taxon, searched_taxon, fleur_fk) values ("fr","Mouron rouge","mouron rouge",303);
insert into taxonomy (lang, taxon, searched_taxon, fleur_fk) values ("fr","Morgeline","morgeline",303);
insert into taxonomy (lang, taxon, searched_taxon, fleur_fk) values ("fr","Mouron des champs","mouron des champs",303);
insert into taxonomy (lang, taxon, searched_taxon, fleur_fk) values ("la","Lysimachia arvensis","lysimachia arvensis",303);
insert into taxonomy (lang, taxon, searched_taxon, fleur_fk) values ("la","Anagallis arvensis","anagallis arvensis",303);
insert into taxonomy (lang, taxon, searched_taxon, fleur_fk) values ("en","Scarlet pimpernel","scarlet pimpernel",303);
insert into fleur_inflorescence (fleur_fk, inflorescence_fk) values (303,0);
insert into fleur_couleur (fleur_fk, couleur_fk) values (303,1);
insert into fleur_aspect (fleur_fk, aspect_fk) values (303,6);
insert into fleur_nb_petale (fleur_fk, nb_petale_fk) values (303,0);
insert into fleur_type_feuille (fleur_fk, type_feuille_fk) values (303,3);
insert into fleur_disposition_feuille (fleur_fk, disposition_feuille_fk) values (303,1);
insert into fleur_pilosite_tige (fleur_fk, pilosite_tige_fk) values (303,0);
insert into fleur_pilosite_feuille (fleur_fk, pilosite_feuille_fk) values (303,0);
insert into fleur (id,directory_name,scientific_name,scientific_family_fk,doc_url) values (304,"","Sinapis alba",7,"");
insert into taxonomy (lang, taxon, searched_taxon, fleur_fk) values ("fr","Moutarde blanche","moutarde blanche",304);
insert into taxonomy (lang, taxon, searched_taxon, fleur_fk) values ("la","Sinapis alba","sinapis alba",304);
insert into taxonomy (lang, taxon, searched_taxon, fleur_fk) values ("en","White mustard","white mustard",304);
insert into fleur_inflorescence (fleur_fk, inflorescence_fk) values (304,0);
insert into fleur_couleur (fleur_fk, couleur_fk) values (304,3);
insert into fleur_aspect (fleur_fk, aspect_fk) values (304,0);
insert into fleur_nb_petale (fleur_fk, nb_petale_fk) values (304,2);
insert into fleur_type_feuille (fleur_fk, type_feuille_fk) values (304,1);
insert into fleur_disposition_feuille (fleur_fk, disposition_feuille_fk) values (304,0);
insert into fleur_pilosite_tige (fleur_fk, pilosite_tige_fk) values (304,1);
insert into fleur_pilosite_feuille (fleur_fk, pilosite_feuille_fk) values (304,1);
insert into fleur (id,directory_name,scientific_name,scientific_family_fk,doc_url) values (305,"","Sinapis arvensis",7,"");
insert into taxonomy (lang, taxon, searched_taxon, fleur_fk) values ("fr","Moutarde des champs","moutarde des champs",305);
insert into taxonomy (lang, taxon, searched_taxon, fleur_fk) values ("la","Sinapis arvensis","sinapis arvensis",305);
insert into taxonomy (lang, taxon, searched_taxon, fleur_fk) values ("en","Field mustard","field mustard",305);
insert into fleur_inflorescence (fleur_fk, inflorescence_fk) values (305,0);
insert into fleur_couleur (fleur_fk, couleur_fk) values (305,3);
insert into fleur_aspect (fleur_fk, aspect_fk) values (305,0);
insert into fleur_nb_petale (fleur_fk, nb_petale_fk) values (305,2);
insert into fleur_type_feuille (fleur_fk, type_feuille_fk) values (305,1);
insert into fleur_disposition_feuille (fleur_fk, disposition_feuille_fk) values (305,0);
insert into fleur_pilosite_tige (fleur_fk, pilosite_tige_fk) values (305,1);
insert into fleur_pilosite_feuille (fleur_fk, pilosite_feuille_fk) values (305,1);
insert into fleur (id,directory_name,scientific_name,scientific_family_fk,doc_url) values (306,"","Sinapis nigra",7,"");
insert into taxonomy (lang, taxon, searched_taxon, fleur_fk) values ("fr","Moutarde noire","moutarde noire",306);
insert into taxonomy (lang, taxon, searched_taxon, fleur_fk) values ("la","Sinapis nigra","sinapis nigra",306);
insert into taxonomy (lang, taxon, searched_taxon, fleur_fk) values ("la","Brassica nigra","brassica nigra",306);
insert into taxonomy (lang, taxon, searched_taxon, fleur_fk) values ("en","black mustard","black mustard",306);
insert into fleur_inflorescence (fleur_fk, inflorescence_fk) values (306,0);
insert into fleur_couleur (fleur_fk, couleur_fk) values (306,3);
insert into fleur_aspect (fleur_fk, aspect_fk) values (306,0);
insert into fleur_nb_petale (fleur_fk, nb_petale_fk) values (306,2);
insert into fleur_type_feuille (fleur_fk, type_feuille_fk) values (306,1);
insert into fleur_disposition_feuille (fleur_fk, disposition_feuille_fk) values (306,0);
insert into fleur_pilosite_tige (fleur_fk, pilosite_tige_fk) values (306,1);
insert into fleur_pilosite_feuille (fleur_fk, pilosite_feuille_fk) values (306,1);
insert into fleur (id,directory_name,scientific_name,scientific_family_fk,doc_url) values (307,"","Convallaria majalis",45,"");
insert into taxonomy (lang, taxon, searched_taxon, fleur_fk) values ("fr","Muguet","muguet",307);
insert into taxonomy (lang, taxon, searched_taxon, fleur_fk) values ("la","Convallaria majalis","convallaria majalis",307);
insert into taxonomy (lang, taxon, searched_taxon, fleur_fk) values ("en","Lily of the valley","lily of the valley",307);
insert into fleur_inflorescence (fleur_fk, inflorescence_fk) values (307,0);
insert into fleur_couleur (fleur_fk, couleur_fk) values (307,0);
insert into fleur_particularite (fleur_fk, particularite_fk) values (307,0);
insert into fleur_aspect (fleur_fk, aspect_fk) values (307,6);
insert into fleur_nb_petale (fleur_fk, nb_petale_fk) values (307,3);
insert into fleur_type_feuille (fleur_fk, type_feuille_fk) values (307,3);
insert into fleur_disposition_feuille (fleur_fk, disposition_feuille_fk) values (307,3);
insert into fleur_pilosite_tige (fleur_fk, pilosite_tige_fk) values (307,0);
insert into fleur_pilosite_feuille (fleur_fk, pilosite_feuille_fk) values (307,0);
insert into fleur (id,directory_name,scientific_name,scientific_family_fk,doc_url) values (308,"","Muscari comosum",11,"");
insert into taxonomy (lang, taxon, searched_taxon, fleur_fk) values ("fr","Muscari à toupet","muscari a toupet",308);
insert into taxonomy (lang, taxon, searched_taxon, fleur_fk) values ("la","Muscari comosum","muscari comosum",308);
insert into taxonomy (lang, taxon, searched_taxon, fleur_fk) values ("en","Tassel Hyacinth","tassel hyacinth",308);
insert into fleur_inflorescence (fleur_fk, inflorescence_fk) values (308,0);
insert into fleur_couleur (fleur_fk, couleur_fk) values (308,2);
insert into fleur_couleur (fleur_fk, couleur_fk) values (308,4);
insert into fleur_aspect (fleur_fk, aspect_fk) values (308,6);
insert into fleur_nb_petale (fleur_fk, nb_petale_fk) values (308,3);
insert into fleur_type_feuille (fleur_fk, type_feuille_fk) values (308,3);
insert into fleur_disposition_feuille (fleur_fk, disposition_feuille_fk) values (308,3);
insert into fleur_pilosite_tige (fleur_fk, pilosite_tige_fk) values (308,0);
insert into fleur_pilosite_feuille (fleur_fk, pilosite_feuille_fk) values (308,0);
insert into fleur (id,directory_name,scientific_name,scientific_family_fk,doc_url) values (309,"","Muscari neglectum",11,"");
insert into taxonomy (lang, taxon, searched_taxon, fleur_fk) values ("fr","Muscari négligé","muscari neglige",309);
insert into taxonomy (lang, taxon, searched_taxon, fleur_fk) values ("fr","Muscari oublié","muscari oublie",309);
insert into taxonomy (lang, taxon, searched_taxon, fleur_fk) values ("fr","Muscari en grappe","muscari en grappe",309);
insert into taxonomy (lang, taxon, searched_taxon, fleur_fk) values ("la","Muscari neglectum","muscari neglectum",309);
insert into taxonomy (lang, taxon, searched_taxon, fleur_fk) values ("en","Grape Hyacinth","grape hyacinth",309);
insert into fleur_inflorescence (fleur_fk, inflorescence_fk) values (309,0);
insert into fleur_couleur (fleur_fk, couleur_fk) values (309,2);
insert into fleur_particularite (fleur_fk, particularite_fk) values (309,0);
insert into fleur_aspect (fleur_fk, aspect_fk) values (309,6);
insert into fleur_nb_petale (fleur_fk, nb_petale_fk) values (309,3);
insert into fleur_type_feuille (fleur_fk, type_feuille_fk) values (309,3);
insert into fleur_disposition_feuille (fleur_fk, disposition_feuille_fk) values (309,3);
insert into fleur_pilosite_tige (fleur_fk, pilosite_tige_fk) values (309,0);
insert into fleur_pilosite_feuille (fleur_fk, pilosite_feuille_fk) values (309,0);
insert into fleur (id,directory_name,scientific_name,scientific_family_fk,doc_url) values (310,"","Myosotis discolor",14,"");
insert into taxonomy (lang, taxon, searched_taxon, fleur_fk) values ("fr","Myosotis bicolore","myosotis bicolore",310);
insert into taxonomy (lang, taxon, searched_taxon, fleur_fk) values ("fr","Myosotis changeant","myosotis changeant",310);
insert into taxonomy (lang, taxon, searched_taxon, fleur_fk) values ("la","Myosotis discolor","myosotis discolor",310);
insert into taxonomy (lang, taxon, searched_taxon, fleur_fk) values ("en","changing forget-me-not","changing forget-me-not",310);
insert into fleur_inflorescence (fleur_fk, inflorescence_fk) values (310,0);
insert into fleur_couleur (fleur_fk, couleur_fk) values (310,2);
insert into fleur_couleur (fleur_fk, couleur_fk) values (310,0);
insert into fleur_particularite (fleur_fk, particularite_fk) values (310,5);
insert into fleur_aspect (fleur_fk, aspect_fk) values (310,6);
insert into fleur_nb_petale (fleur_fk, nb_petale_fk) values (310,0);
insert into fleur_type_feuille (fleur_fk, type_feuille_fk) values (310,3);
insert into fleur_disposition_feuille (fleur_fk, disposition_feuille_fk) values (310,0);
insert into fleur_pilosite_tige (fleur_fk, pilosite_tige_fk) values (310,1);
insert into fleur_pilosite_feuille (fleur_fk, pilosite_feuille_fk) values (310,1);
insert into fleur (id,directory_name,scientific_name,scientific_family_fk,doc_url) values (311,"","Myosotis arvensis",14,"");
insert into taxonomy (lang, taxon, searched_taxon, fleur_fk) values ("fr","Myosotis des champs","myosotis des champs",311);
insert into taxonomy (lang, taxon, searched_taxon, fleur_fk) values ("fr","Myosotis intermédiaire","myosotis intermediaire",311);
insert into taxonomy (lang, taxon, searched_taxon, fleur_fk) values ("la","Myosotis arvensis","myosotis arvensis",311);
insert into taxonomy (lang, taxon, searched_taxon, fleur_fk) values ("en","Field Forget-me-not","field forget-me-not",311);
insert into fleur_inflorescence (fleur_fk, inflorescence_fk) values (311,0);
insert into fleur_couleur (fleur_fk, couleur_fk) values (311,2);
insert into fleur_particularite (fleur_fk, particularite_fk) values (311,5);
insert into fleur_aspect (fleur_fk, aspect_fk) values (311,6);
insert into fleur_nb_petale (fleur_fk, nb_petale_fk) values (311,0);
insert into fleur_type_feuille (fleur_fk, type_feuille_fk) values (311,3);
insert into fleur_disposition_feuille (fleur_fk, disposition_feuille_fk) values (311,0);
insert into fleur_pilosite_tige (fleur_fk, pilosite_tige_fk) values (311,1);
insert into fleur_pilosite_feuille (fleur_fk, pilosite_feuille_fk) values (311,1);
insert into fleur (id,directory_name,scientific_name,scientific_family_fk,doc_url) values (312,"","Myosotis scorpioides",14,"");
insert into taxonomy (lang, taxon, searched_taxon, fleur_fk) values ("fr","Myosotis des marais","myosotis des marais",312);
insert into taxonomy (lang, taxon, searched_taxon, fleur_fk) values ("fr","Myosotis queue de scorpion","myosotis queue de scorpion",312);
insert into taxonomy (lang, taxon, searched_taxon, fleur_fk) values ("la","Myosotis scorpioides","myosotis scorpioides",312);
insert into taxonomy (lang, taxon, searched_taxon, fleur_fk) values ("en","Water Forget-me-not","water forget-me-not",312);
insert into fleur_inflorescence (fleur_fk, inflorescence_fk) values (312,0);
insert into fleur_couleur (fleur_fk, couleur_fk) values (312,2);
insert into fleur_particularite (fleur_fk, particularite_fk) values (312,5);
insert into fleur_aspect (fleur_fk, aspect_fk) values (312,6);
insert into fleur_nb_petale (fleur_fk, nb_petale_fk) values (312,0);
insert into fleur_type_feuille (fleur_fk, type_feuille_fk) values (312,3);
insert into fleur_disposition_feuille (fleur_fk, disposition_feuille_fk) values (312,0);
insert into fleur_pilosite_tige (fleur_fk, pilosite_tige_fk) values (312,1);
insert into fleur_pilosite_feuille (fleur_fk, pilosite_feuille_fk) values (312,1);
insert into fleur (id,directory_name,scientific_name,scientific_family_fk,doc_url) values (313,"","Myosotis ramosissima",14,"");
insert into taxonomy (lang, taxon, searched_taxon, fleur_fk) values ("fr","Myosotis hérissé","myosotis herisse",313);
insert into taxonomy (lang, taxon, searched_taxon, fleur_fk) values ("fr","Myosotis très rameux","myosotis tres rameux",313);
insert into taxonomy (lang, taxon, searched_taxon, fleur_fk) values ("la","Myosotis ramosissima","myosotis ramosissima",313);
insert into taxonomy (lang, taxon, searched_taxon, fleur_fk) values ("en","Early Forget-me-not","early forget-me-not",313);
insert into fleur_inflorescence (fleur_fk, inflorescence_fk) values (313,0);
insert into fleur_couleur (fleur_fk, couleur_fk) values (313,2);
insert into fleur_particularite (fleur_fk, particularite_fk) values (313,5);
insert into fleur_aspect (fleur_fk, aspect_fk) values (313,6);
insert into fleur_nb_petale (fleur_fk, nb_petale_fk) values (313,0);
insert into fleur_type_feuille (fleur_fk, type_feuille_fk) values (313,3);
insert into fleur_disposition_feuille (fleur_fk, disposition_feuille_fk) values (313,0);
insert into fleur_pilosite_tige (fleur_fk, pilosite_tige_fk) values (313,1);
insert into fleur_pilosite_feuille (fleur_fk, pilosite_feuille_fk) values (313,1);
insert into fleur (id,directory_name,scientific_name,scientific_family_fk,doc_url) values (314,"","Neottia nidus-avis",20,"");
insert into taxonomy (lang, taxon, searched_taxon, fleur_fk) values ("fr","Néottie nid d'oiseau","neottie nid d'oiseau",314);
insert into taxonomy (lang, taxon, searched_taxon, fleur_fk) values ("la","Neottia nidus-avis","neottia nidus-avis",314);
insert into taxonomy (lang, taxon, searched_taxon, fleur_fk) values ("en","Bird's-nest Orchid","bird's-nest orchid",314);
insert into fleur_inflorescence (fleur_fk, inflorescence_fk) values (314,0);
insert into fleur_couleur (fleur_fk, couleur_fk) values (314,4);
insert into fleur_particularite (fleur_fk, particularite_fk) values (314,6);
insert into fleur_aspect (fleur_fk, aspect_fk) values (314,2);
insert into fleur_nb_petale (fleur_fk, nb_petale_fk) values (314,3);
insert into fleur_type_feuille (fleur_fk, type_feuille_fk) values (314,4);
insert into fleur_disposition_feuille (fleur_fk, disposition_feuille_fk) values (314,4);
insert into fleur_pilosite_tige (fleur_fk, pilosite_tige_fk) values (314,1);
insert into fleur_pilosite_feuille (fleur_fk, pilosite_feuille_fk) values (314,0);
insert into fleur (id,directory_name,scientific_name,scientific_family_fk,doc_url) values (315,"","Odontites vernus",27,"");
insert into taxonomy (lang, taxon, searched_taxon, fleur_fk) values ("fr","Odontite tardif","odontite tardif",315);
insert into taxonomy (lang, taxon, searched_taxon, fleur_fk) values ("fr","Euphraise tardive","euphraise tardive",315);
insert into taxonomy (lang, taxon, searched_taxon, fleur_fk) values ("la","Odontites vernus","odontites vernus",315);
insert into taxonomy (lang, taxon, searched_taxon, fleur_fk) values ("en","red bartsia","red bartsia",315);
insert into fleur_inflorescence (fleur_fk, inflorescence_fk) values (315,0);
insert into fleur_couleur (fleur_fk, couleur_fk) values (315,1);
insert into fleur_aspect (fleur_fk, aspect_fk) values (315,3);
insert into fleur_nb_petale (fleur_fk, nb_petale_fk) values (315,2);
insert into fleur_nb_petale (fleur_fk, nb_petale_fk) values (315,0);
insert into fleur_type_feuille (fleur_fk, type_feuille_fk) values (315,2);
insert into fleur_disposition_feuille (fleur_fk, disposition_feuille_fk) values (315,1);
insert into fleur_pilosite_tige (fleur_fk, pilosite_tige_fk) values (315,1);
insert into fleur_pilosite_feuille (fleur_fk, pilosite_feuille_fk) values (315,1);
insert into fleur (id,directory_name,scientific_name,scientific_family_fk,doc_url) values (316,"","Dianthus armeria",21,"");
insert into taxonomy (lang, taxon, searched_taxon, fleur_fk) values ("fr","Oeillet arméria","oeillet armeria",316);
insert into taxonomy (lang, taxon, searched_taxon, fleur_fk) values ("fr","Oeillet velu","oeillet velu",316);
insert into taxonomy (lang, taxon, searched_taxon, fleur_fk) values ("la","Dianthus armeria","dianthus armeria",316);
insert into taxonomy (lang, taxon, searched_taxon, fleur_fk) values ("en","Deptford Pink","deptford pink",316);
insert into fleur_inflorescence (fleur_fk, inflorescence_fk) values (316,0);
insert into fleur_couleur (fleur_fk, couleur_fk) values (316,1);
insert into fleur_particularite (fleur_fk, particularite_fk) values (316,5);
insert into fleur_aspect (fleur_fk, aspect_fk) values (316,0);
insert into fleur_nb_petale (fleur_fk, nb_petale_fk) values (316,0);
insert into fleur_type_feuille (fleur_fk, type_feuille_fk) values (316,3);
insert into fleur_disposition_feuille (fleur_fk, disposition_feuille_fk) values (316,1);
insert into fleur_pilosite_tige (fleur_fk, pilosite_tige_fk) values (316,1);
insert into fleur_pilosite_feuille (fleur_fk, pilosite_feuille_fk) values (316,1);
insert into fleur (id,directory_name,scientific_name,scientific_family_fk,doc_url) values (317,"","Dianthus carthusianorum",21,"");
insert into taxonomy (lang, taxon, searched_taxon, fleur_fk) values ("fr","Oeillet des Chartreux","oeillet des chartreux",317);
insert into taxonomy (lang, taxon, searched_taxon, fleur_fk) values ("la","Dianthus carthusianorum","dianthus carthusianorum",317);
insert into taxonomy (lang, taxon, searched_taxon, fleur_fk) values ("en","Carthusian Pink","carthusian pink",317);
insert into fleur_inflorescence (fleur_fk, inflorescence_fk) values (317,0);
insert into fleur_couleur (fleur_fk, couleur_fk) values (317,1);
insert into fleur_aspect (fleur_fk, aspect_fk) values (317,0);
insert into fleur_nb_petale (fleur_fk, nb_petale_fk) values (317,0);
insert into fleur_type_feuille (fleur_fk, type_feuille_fk) values (317,3);
insert into fleur_disposition_feuille (fleur_fk, disposition_feuille_fk) values (317,1);
insert into fleur_pilosite_tige (fleur_fk, pilosite_tige_fk) values (317,0);
insert into fleur_pilosite_feuille (fleur_fk, pilosite_feuille_fk) values (317,0);
insert into fleur (id,directory_name,scientific_name,scientific_family_fk,doc_url) values (318,"","Petrorhagia prolifera",21,"");
insert into taxonomy (lang, taxon, searched_taxon, fleur_fk) values ("fr","Oeillet prolifère","oeillet prolifere",318);
insert into taxonomy (lang, taxon, searched_taxon, fleur_fk) values ("fr","Petrorhagie prolifère","petrorhagie prolifere",318);
insert into taxonomy (lang, taxon, searched_taxon, fleur_fk) values ("fr","Tunique prolifère","tunique prolifere",318);
insert into taxonomy (lang, taxon, searched_taxon, fleur_fk) values ("la","Petrorhagia prolifera","petrorhagia prolifera",318);
insert into taxonomy (lang, taxon, searched_taxon, fleur_fk) values ("en","childing pink","childing pink",318);
insert into fleur_inflorescence (fleur_fk, inflorescence_fk) values (318,0);
insert into fleur_couleur (fleur_fk, couleur_fk) values (318,1);
insert into fleur_particularite (fleur_fk, particularite_fk) values (318,1);
insert into fleur_aspect (fleur_fk, aspect_fk) values (318,0);
insert into fleur_nb_petale (fleur_fk, nb_petale_fk) values (318,0);
insert into fleur_type_feuille (fleur_fk, type_feuille_fk) values (318,3);
insert into fleur_disposition_feuille (fleur_fk, disposition_feuille_fk) values (318,1);
insert into fleur_pilosite_tige (fleur_fk, pilosite_tige_fk) values (318,0);
insert into fleur_pilosite_feuille (fleur_fk, pilosite_feuille_fk) values (318,0);
insert into fleur (id,directory_name,scientific_name,scientific_family_fk,doc_url) values (319,"","Oenothera parviflora",28,"");
insert into taxonomy (lang, taxon, searched_taxon, fleur_fk) values ("fr","Onagre à petites fleurs","onagre a petites fleurs",319);
insert into taxonomy (lang, taxon, searched_taxon, fleur_fk) values ("fr","Onagre muriquée","onagre muriquee",319);
insert into taxonomy (lang, taxon, searched_taxon, fleur_fk) values ("la","Oenothera parviflora","oenothera parviflora",319);
insert into taxonomy (lang, taxon, searched_taxon, fleur_fk) values ("en","northern evening primrose","northern evening primrose",319);
insert into fleur_inflorescence (fleur_fk, inflorescence_fk) values (319,0);
insert into fleur_couleur (fleur_fk, couleur_fk) values (319,3);
insert into fleur_aspect (fleur_fk, aspect_fk) values (319,0);
insert into fleur_nb_petale (fleur_fk, nb_petale_fk) values (319,2);
insert into fleur_type_feuille (fleur_fk, type_feuille_fk) values (319,2);
insert into fleur_disposition_feuille (fleur_fk, disposition_feuille_fk) values (319,0);
insert into fleur_pilosite_tige (fleur_fk, pilosite_tige_fk) values (319,1);
insert into fleur_pilosite_feuille (fleur_fk, pilosite_feuille_fk) values (319,0);
insert into fleur_pilosite_feuille (fleur_fk, pilosite_feuille_fk) values (319,2);
insert into fleur (id,directory_name,scientific_name,scientific_family_fk,doc_url) values (320,"","Oenothera biennis",28,"");
insert into taxonomy (lang, taxon, searched_taxon, fleur_fk) values ("fr","Onagre bisannuelle","onagre bisannuelle",320);
insert into taxonomy (lang, taxon, searched_taxon, fleur_fk) values ("fr","Herbe aux ânes","herbe aux anes",320);
insert into taxonomy (lang, taxon, searched_taxon, fleur_fk) values ("la","Oenothera biennis","oenothera biennis",320);
insert into taxonomy (lang, taxon, searched_taxon, fleur_fk) values ("en","common evening-primrose","common evening-primrose",320);
insert into fleur_inflorescence (fleur_fk, inflorescence_fk) values (320,0);
insert into fleur_couleur (fleur_fk, couleur_fk) values (320,3);
insert into fleur_aspect (fleur_fk, aspect_fk) values (320,0);
insert into fleur_nb_petale (fleur_fk, nb_petale_fk) values (320,2);
insert into fleur_type_feuille (fleur_fk, type_feuille_fk) values (320,2);
insert into fleur_disposition_feuille (fleur_fk, disposition_feuille_fk) values (320,0);
insert into fleur_pilosite_tige (fleur_fk, pilosite_tige_fk) values (320,1);
insert into fleur_pilosite_feuille (fleur_fk, pilosite_feuille_fk) values (320,0);
insert into fleur_pilosite_feuille (fleur_fk, pilosite_feuille_fk) values (320,2);
insert into fleur (id,directory_name,scientific_name,scientific_family_fk,doc_url) values (321,"","Oenothera glazioviana",28,"");
insert into taxonomy (lang, taxon, searched_taxon, fleur_fk) values ("fr","Onagre de Glaziou","onagre de glaziou",321);
insert into taxonomy (lang, taxon, searched_taxon, fleur_fk) values ("fr","Onagre à grandes fleurs","onagre a grandes fleurs",321);
insert into taxonomy (lang, taxon, searched_taxon, fleur_fk) values ("la","Oenothera glazioviana","oenothera glazioviana",321);
insert into taxonomy (lang, taxon, searched_taxon, fleur_fk) values ("en","large-flowered evening primrose","large-flowered evening primrose",321);
insert into fleur_inflorescence (fleur_fk, inflorescence_fk) values (321,0);
insert into fleur_couleur (fleur_fk, couleur_fk) values (321,3);
insert into fleur_aspect (fleur_fk, aspect_fk) values (321,0);
insert into fleur_nb_petale (fleur_fk, nb_petale_fk) values (321,2);
insert into fleur_type_feuille (fleur_fk, type_feuille_fk) values (321,2);
insert into fleur_disposition_feuille (fleur_fk, disposition_feuille_fk) values (321,0);
insert into fleur_pilosite_tige (fleur_fk, pilosite_tige_fk) values (321,1);
insert into fleur_pilosite_feuille (fleur_fk, pilosite_feuille_fk) values (321,0);
insert into fleur_pilosite_feuille (fleur_fk, pilosite_feuille_fk) values (321,2);
insert into fleur (id,directory_name,scientific_name,scientific_family_fk,doc_url) values (322,"","Ophrys apifera",20,"");
insert into taxonomy (lang, taxon, searched_taxon, fleur_fk) values ("fr","Ophrys abeille","ophrys abeille",322);
insert into taxonomy (lang, taxon, searched_taxon, fleur_fk) values ("la","Ophrys apifera","ophrys apifera",322);
insert into taxonomy (lang, taxon, searched_taxon, fleur_fk) values ("en","bee orchid","bee orchid",322);
insert into fleur_inflorescence (fleur_fk, inflorescence_fk) values (322,0);
insert into fleur_couleur (fleur_fk, couleur_fk) values (322,1);
insert into fleur_particularite (fleur_fk, particularite_fk) values (322,6);
insert into fleur_particularite (fleur_fk, particularite_fk) values (322,5);
insert into fleur_aspect (fleur_fk, aspect_fk) values (322,2);
insert into fleur_nb_petale (fleur_fk, nb_petale_fk) values (322,3);
insert into fleur_type_feuille (fleur_fk, type_feuille_fk) values (322,3);
insert into fleur_disposition_feuille (fleur_fk, disposition_feuille_fk) values (322,0);
insert into fleur_pilosite_tige (fleur_fk, pilosite_tige_fk) values (322,0);
insert into fleur_pilosite_feuille (fleur_fk, pilosite_feuille_fk) values (322,0);
insert into fleur (id,directory_name,scientific_name,scientific_family_fk,doc_url) values (323,"","Ophrys aranifera",20,"");
insert into taxonomy (lang, taxon, searched_taxon, fleur_fk) values ("fr","Ophrys araignée","ophrys araignee",323);
insert into taxonomy (lang, taxon, searched_taxon, fleur_fk) values ("la","Ophrys aranifera","ophrys aranifera",323);
insert into taxonomy (lang, taxon, searched_taxon, fleur_fk) values ("en","Early Spider-orchid","early spider-orchid",323);
insert into fleur_inflorescence (fleur_fk, inflorescence_fk) values (323,0);
insert into fleur_couleur (fleur_fk, couleur_fk) values (323,5);
insert into fleur_particularite (fleur_fk, particularite_fk) values (323,6);
insert into fleur_particularite (fleur_fk, particularite_fk) values (323,5);
insert into fleur_aspect (fleur_fk, aspect_fk) values (323,2);
insert into fleur_nb_petale (fleur_fk, nb_petale_fk) values (323,3);
insert into fleur_type_feuille (fleur_fk, type_feuille_fk) values (323,3);
insert into fleur_disposition_feuille (fleur_fk, disposition_feuille_fk) values (323,0);
insert into fleur_pilosite_tige (fleur_fk, pilosite_tige_fk) values (323,0);
insert into fleur_pilosite_feuille (fleur_fk, pilosite_feuille_fk) values (323,0);
insert into fleur (id,directory_name,scientific_name,scientific_family_fk,doc_url) values (324,"","Ophrys insectifera",20,"");
insert into taxonomy (lang, taxon, searched_taxon, fleur_fk) values ("fr","Ophrys mouche","ophrys mouche",324);
insert into taxonomy (lang, taxon, searched_taxon, fleur_fk) values ("la","Ophrys insectifera","ophrys insectifera",324);
insert into taxonomy (lang, taxon, searched_taxon, fleur_fk) values ("en","Fly Orchid","fly orchid",324);
insert into fleur_inflorescence (fleur_fk, inflorescence_fk) values (324,0);
insert into fleur_couleur (fleur_fk, couleur_fk) values (324,5);
insert into fleur_couleur (fleur_fk, couleur_fk) values (324,4);
insert into fleur_particularite (fleur_fk, particularite_fk) values (324,6);
insert into fleur_particularite (fleur_fk, particularite_fk) values (324,5);
insert into fleur_aspect (fleur_fk, aspect_fk) values (324,2);
insert into fleur_nb_petale (fleur_fk, nb_petale_fk) values (324,3);
insert into fleur_type_feuille (fleur_fk, type_feuille_fk) values (324,3);
insert into fleur_disposition_feuille (fleur_fk, disposition_feuille_fk) values (324,3);
insert into fleur_pilosite_tige (fleur_fk, pilosite_tige_fk) values (324,0);
insert into fleur_pilosite_feuille (fleur_fk, pilosite_feuille_fk) values (324,0);
insert into fleur (id,directory_name,scientific_name,scientific_family_fk,doc_url) values (325,"","Himantoglossum hircinum",20,"");
insert into taxonomy (lang, taxon, searched_taxon, fleur_fk) values ("fr","Orchis bouc","orchis bouc",325);
insert into taxonomy (lang, taxon, searched_taxon, fleur_fk) values ("fr","Orchis à odeur de bouc","orchis a odeur de bouc",325);
insert into taxonomy (lang, taxon, searched_taxon, fleur_fk) values ("fr","Loroglosse à odeur de bouc","loroglosse a odeur de bouc",325);
insert into taxonomy (lang, taxon, searched_taxon, fleur_fk) values ("la","Himantoglossum hircinum","himantoglossum hircinum",325);
insert into taxonomy (lang, taxon, searched_taxon, fleur_fk) values ("en","lizard orchid","lizard orchid",325);
insert into fleur_inflorescence (fleur_fk, inflorescence_fk) values (325,0);
insert into fleur_couleur (fleur_fk, couleur_fk) values (325,5);
insert into fleur_particularite (fleur_fk, particularite_fk) values (325,6);
insert into fleur_particularite (fleur_fk, particularite_fk) values (325,5);
insert into fleur_aspect (fleur_fk, aspect_fk) values (325,2);
insert into fleur_nb_petale (fleur_fk, nb_petale_fk) values (325,3);
insert into fleur_type_feuille (fleur_fk, type_feuille_fk) values (325,3);
insert into fleur_disposition_feuille (fleur_fk, disposition_feuille_fk) values (325,0);
insert into fleur_pilosite_tige (fleur_fk, pilosite_tige_fk) values (325,0);
insert into fleur_pilosite_feuille (fleur_fk, pilosite_feuille_fk) values (325,0);
insert into fleur (id,directory_name,scientific_name,scientific_family_fk,doc_url) values (326,"","Anacamptis morio",20,"");
insert into taxonomy (lang, taxon, searched_taxon, fleur_fk) values ("fr","Orchis bouffon","orchis bouffon",326);
insert into taxonomy (lang, taxon, searched_taxon, fleur_fk) values ("fr","Morion","morion",326);
insert into taxonomy (lang, taxon, searched_taxon, fleur_fk) values ("la","Anacamptis morio","anacamptis morio",326);
insert into taxonomy (lang, taxon, searched_taxon, fleur_fk) values ("en","green-winged orchid","green-winged orchid",326);
insert into fleur_inflorescence (fleur_fk, inflorescence_fk) values (326,0);
insert into fleur_couleur (fleur_fk, couleur_fk) values (326,1);
insert into fleur_particularite (fleur_fk, particularite_fk) values (326,2);
insert into fleur_particularite (fleur_fk, particularite_fk) values (326,6);
insert into fleur_particularite (fleur_fk, particularite_fk) values (326,5);
insert into fleur_aspect (fleur_fk, aspect_fk) values (326,2);
insert into fleur_nb_petale (fleur_fk, nb_petale_fk) values (326,3);
insert into fleur_type_feuille (fleur_fk, type_feuille_fk) values (326,3);
insert into fleur_disposition_feuille (fleur_fk, disposition_feuille_fk) values (326,0);
insert into fleur_pilosite_tige (fleur_fk, pilosite_tige_fk) values (326,0);
insert into fleur_pilosite_feuille (fleur_fk, pilosite_feuille_fk) values (326,0);
insert into fleur (id,directory_name,scientific_name,scientific_family_fk,doc_url) values (327,"","Neotina ustulata",20,"");
insert into taxonomy (lang, taxon, searched_taxon, fleur_fk) values ("fr","Orchis brûlé","orchis brule",327);
insert into taxonomy (lang, taxon, searched_taxon, fleur_fk) values ("la","Neotina ustulata","neotina ustulata",327);
insert into taxonomy (lang, taxon, searched_taxon, fleur_fk) values ("la","Neotinea ustulata","neotinea ustulata",327);
insert into taxonomy (lang, taxon, searched_taxon, fleur_fk) values ("en","burnt orchid","burnt orchid",327);
insert into fleur_inflorescence (fleur_fk, inflorescence_fk) values (327,0);
insert into fleur_couleur (fleur_fk, couleur_fk) values (327,0);
insert into fleur_couleur (fleur_fk, couleur_fk) values (327,2);
insert into fleur_particularite (fleur_fk, particularite_fk) values (327,2);
insert into fleur_particularite (fleur_fk, particularite_fk) values (327,6);
insert into fleur_particularite (fleur_fk, particularite_fk) values (327,5);
insert into fleur_aspect (fleur_fk, aspect_fk) values (327,2);
insert into fleur_nb_petale (fleur_fk, nb_petale_fk) values (327,3);
insert into fleur_type_feuille (fleur_fk, type_feuille_fk) values (327,3);
insert into fleur_disposition_feuille (fleur_fk, disposition_feuille_fk) values (327,0);
insert into fleur_pilosite_tige (fleur_fk, pilosite_tige_fk) values (327,0);
insert into fleur_pilosite_feuille (fleur_fk, pilosite_feuille_fk) values (327,0);
insert into fleur (id,directory_name,scientific_name,scientific_family_fk,doc_url) values (328,"","Dactylorhiza fuchsii",20,"");
insert into taxonomy (lang, taxon, searched_taxon, fleur_fk) values ("fr","Orchis de Fuchs","orchis de fuchs",328);
insert into taxonomy (lang, taxon, searched_taxon, fleur_fk) values ("la","Dactylorhiza fuchsii","dactylorhiza fuchsii",328);
insert into taxonomy (lang, taxon, searched_taxon, fleur_fk) values ("en","common spotted orchid","common spotted orchid",328);
insert into fleur_inflorescence (fleur_fk, inflorescence_fk) values (328,0);
insert into fleur_couleur (fleur_fk, couleur_fk) values (328,1);
insert into fleur_couleur (fleur_fk, couleur_fk) values (328,0);
insert into fleur_particularite (fleur_fk, particularite_fk) values (328,2);
insert into fleur_particularite (fleur_fk, particularite_fk) values (328,6);
insert into fleur_particularite (fleur_fk, particularite_fk) values (328,5);
insert into fleur_aspect (fleur_fk, aspect_fk) values (328,2);
insert into fleur_nb_petale (fleur_fk, nb_petale_fk) values (328,3);
insert into fleur_type_feuille (fleur_fk, type_feuille_fk) values (328,3);
insert into fleur_disposition_feuille (fleur_fk, disposition_feuille_fk) values (328,0);
insert into fleur_pilosite_tige (fleur_fk, pilosite_tige_fk) values (328,0);
insert into fleur_pilosite_feuille (fleur_fk, pilosite_feuille_fk) values (328,0);
insert into fleur (id,directory_name,scientific_name,scientific_family_fk,doc_url) values (329,"","Orchis anthropophora",20,"");
insert into taxonomy (lang, taxon, searched_taxon, fleur_fk) values ("fr","Orchis homme pendu","orchis homme pendu",329);
insert into taxonomy (lang, taxon, searched_taxon, fleur_fk) values ("la","Orchis anthropophora","orchis anthropophora",329);
insert into taxonomy (lang, taxon, searched_taxon, fleur_fk) values ("en","Man Orchid","man orchid",329);
insert into fleur_inflorescence (fleur_fk, inflorescence_fk) values (329,0);
insert into fleur_couleur (fleur_fk, couleur_fk) values (329,5);
insert into fleur_couleur (fleur_fk, couleur_fk) values (329,3);
insert into fleur_particularite (fleur_fk, particularite_fk) values (329,6);
insert into fleur_particularite (fleur_fk, particularite_fk) values (329,5);
insert into fleur_aspect (fleur_fk, aspect_fk) values (329,2);
insert into fleur_nb_petale (fleur_fk, nb_petale_fk) values (329,3);
insert into fleur_type_feuille (fleur_fk, type_feuille_fk) values (329,3);
insert into fleur_disposition_feuille (fleur_fk, disposition_feuille_fk) values (329,0);
insert into fleur_pilosite_tige (fleur_fk, pilosite_tige_fk) values (329,0);
insert into fleur_pilosite_feuille (fleur_fk, pilosite_feuille_fk) values (329,0);
insert into fleur (id,directory_name,scientific_name,scientific_family_fk,doc_url) values (330,"","Orchis mascula",20,"");
insert into taxonomy (lang, taxon, searched_taxon, fleur_fk) values ("fr","Orchis mâle","orchis male",330);
insert into taxonomy (lang, taxon, searched_taxon, fleur_fk) values ("la","Orchis mascula","orchis mascula",330);
insert into taxonomy (lang, taxon, searched_taxon, fleur_fk) values ("en","early-purple orchid","early-purple orchid",330);
insert into fleur_inflorescence (fleur_fk, inflorescence_fk) values (330,0);
insert into fleur_couleur (fleur_fk, couleur_fk) values (330,1);
insert into fleur_particularite (fleur_fk, particularite_fk) values (330,2);
insert into fleur_particularite (fleur_fk, particularite_fk) values (330,6);
insert into fleur_particularite (fleur_fk, particularite_fk) values (330,5);
insert into fleur_aspect (fleur_fk, aspect_fk) values (330,2);
insert into fleur_nb_petale (fleur_fk, nb_petale_fk) values (330,3);
insert into fleur_type_feuille (fleur_fk, type_feuille_fk) values (330,3);
insert into fleur_disposition_feuille (fleur_fk, disposition_feuille_fk) values (330,0);
insert into fleur_pilosite_tige (fleur_fk, pilosite_tige_fk) values (330,0);
insert into fleur_pilosite_feuille (fleur_fk, pilosite_feuille_fk) values (330,0);
insert into fleur (id,directory_name,scientific_name,scientific_family_fk,doc_url) values (331,"","Orchis militaris",20,"");
insert into taxonomy (lang, taxon, searched_taxon, fleur_fk) values ("fr","Orchis militaire","orchis militaire",331);
insert into taxonomy (lang, taxon, searched_taxon, fleur_fk) values ("fr","Orchis casqué","orchis casque",331);
insert into taxonomy (lang, taxon, searched_taxon, fleur_fk) values ("la","Orchis militaris","orchis militaris",331);
insert into taxonomy (lang, taxon, searched_taxon, fleur_fk) values ("en","military orchid","military orchid",331);
insert into fleur_inflorescence (fleur_fk, inflorescence_fk) values (331,0);
insert into fleur_couleur (fleur_fk, couleur_fk) values (331,1);
insert into fleur_particularite (fleur_fk, particularite_fk) values (331,2);
insert into fleur_particularite (fleur_fk, particularite_fk) values (331,6);
insert into fleur_particularite (fleur_fk, particularite_fk) values (331,5);
insert into fleur_aspect (fleur_fk, aspect_fk) values (331,2);
insert into fleur_nb_petale (fleur_fk, nb_petale_fk) values (331,3);
insert into fleur_type_feuille (fleur_fk, type_feuille_fk) values (331,3);
insert into fleur_disposition_feuille (fleur_fk, disposition_feuille_fk) values (331,0);
insert into fleur_pilosite_tige (fleur_fk, pilosite_tige_fk) values (331,0);
insert into fleur_pilosite_feuille (fleur_fk, pilosite_feuille_fk) values (331,0);
insert into fleur (id,directory_name,scientific_name,scientific_family_fk,doc_url) values (332,"","Gymnadenia conopsea",20,"");
insert into taxonomy (lang, taxon, searched_taxon, fleur_fk) values ("fr","Orchis moucheron","orchis moucheron",332);
insert into taxonomy (lang, taxon, searched_taxon, fleur_fk) values ("la","Gymnadenia conopsea","gymnadenia conopsea",332);
insert into taxonomy (lang, taxon, searched_taxon, fleur_fk) values ("en","fragrant orchid","fragrant orchid",332);
insert into fleur_inflorescence (fleur_fk, inflorescence_fk) values (332,0);
insert into fleur_couleur (fleur_fk, couleur_fk) values (332,1);
insert into fleur_particularite (fleur_fk, particularite_fk) values (332,2);
insert into fleur_particularite (fleur_fk, particularite_fk) values (332,6);
insert into fleur_aspect (fleur_fk, aspect_fk) values (332,2);
insert into fleur_nb_petale (fleur_fk, nb_petale_fk) values (332,3);
insert into fleur_type_feuille (fleur_fk, type_feuille_fk) values (332,3);
insert into fleur_disposition_feuille (fleur_fk, disposition_feuille_fk) values (332,0);
insert into fleur_pilosite_tige (fleur_fk, pilosite_tige_fk) values (332,0);
insert into fleur_pilosite_feuille (fleur_fk, pilosite_feuille_fk) values (332,0);
insert into fleur (id,directory_name,scientific_name,scientific_family_fk,doc_url) values (333,"","Orchis purpurea",20,"");
insert into taxonomy (lang, taxon, searched_taxon, fleur_fk) values ("fr","Orchis pourpre","orchis pourpre",333);
insert into taxonomy (lang, taxon, searched_taxon, fleur_fk) values ("la","Orchis purpurea","orchis purpurea",333);
insert into taxonomy (lang, taxon, searched_taxon, fleur_fk) values ("en","lady orchid","lady orchid",333);
insert into fleur_inflorescence (fleur_fk, inflorescence_fk) values (333,0);
insert into fleur_couleur (fleur_fk, couleur_fk) values (333,2);
insert into fleur_couleur (fleur_fk, couleur_fk) values (333,0);
insert into fleur_particularite (fleur_fk, particularite_fk) values (333,2);
insert into fleur_particularite (fleur_fk, particularite_fk) values (333,6);
insert into fleur_particularite (fleur_fk, particularite_fk) values (333,5);
insert into fleur_aspect (fleur_fk, aspect_fk) values (333,2);
insert into fleur_nb_petale (fleur_fk, nb_petale_fk) values (333,3);
insert into fleur_type_feuille (fleur_fk, type_feuille_fk) values (333,3);
insert into fleur_disposition_feuille (fleur_fk, disposition_feuille_fk) values (333,3);
insert into fleur_pilosite_tige (fleur_fk, pilosite_tige_fk) values (333,0);
insert into fleur_pilosite_feuille (fleur_fk, pilosite_feuille_fk) values (333,0);
insert into fleur (id,directory_name,scientific_name,scientific_family_fk,doc_url) values (334,"","Anacamptis pyramidalis",20,"");
insert into taxonomy (lang, taxon, searched_taxon, fleur_fk) values ("fr","Orchis pyramidal","orchis pyramidal",334);
insert into taxonomy (lang, taxon, searched_taxon, fleur_fk) values ("fr","Anacamptis pyramidal","anacamptis pyramidal",334);
insert into taxonomy (lang, taxon, searched_taxon, fleur_fk) values ("la","Anacamptis pyramidalis","anacamptis pyramidalis",334);
insert into taxonomy (lang, taxon, searched_taxon, fleur_fk) values ("en","pyramidal orchid","pyramidal orchid",334);
insert into fleur_inflorescence (fleur_fk, inflorescence_fk) values (334,0);
insert into fleur_couleur (fleur_fk, couleur_fk) values (334,1);
insert into fleur_particularite (fleur_fk, particularite_fk) values (334,2);
insert into fleur_particularite (fleur_fk, particularite_fk) values (334,6);
insert into fleur_aspect (fleur_fk, aspect_fk) values (334,2);
insert into fleur_nb_petale (fleur_fk, nb_petale_fk) values (334,3);
insert into fleur_type_feuille (fleur_fk, type_feuille_fk) values (334,3);
insert into fleur_disposition_feuille (fleur_fk, disposition_feuille_fk) values (334,0);
insert into fleur_disposition_feuille (fleur_fk, disposition_feuille_fk) values (334,3);
insert into fleur_pilosite_tige (fleur_fk, pilosite_tige_fk) values (334,0);
insert into fleur_pilosite_feuille (fleur_fk, pilosite_feuille_fk) values (334,0);
insert into fleur (id,directory_name,scientific_name,scientific_family_fk,doc_url) values (335,"","Orchis simia",20,"");
insert into taxonomy (lang, taxon, searched_taxon, fleur_fk) values ("fr","Orchis singe","orchis singe",335);
insert into taxonomy (lang, taxon, searched_taxon, fleur_fk) values ("la","Orchis simia","orchis simia",335);
insert into taxonomy (lang, taxon, searched_taxon, fleur_fk) values ("en","monkey orchid","monkey orchid",335);
insert into fleur_inflorescence (fleur_fk, inflorescence_fk) values (335,0);
insert into fleur_couleur (fleur_fk, couleur_fk) values (335,0);
insert into fleur_couleur (fleur_fk, couleur_fk) values (335,1);
insert into fleur_particularite (fleur_fk, particularite_fk) values (335,2);
insert into fleur_particularite (fleur_fk, particularite_fk) values (335,6);
insert into fleur_particularite (fleur_fk, particularite_fk) values (335,5);
insert into fleur_aspect (fleur_fk, aspect_fk) values (335,2);
insert into fleur_nb_petale (fleur_fk, nb_petale_fk) values (335,3);
insert into fleur_type_feuille (fleur_fk, type_feuille_fk) values (335,3);
insert into fleur_disposition_feuille (fleur_fk, disposition_feuille_fk) values (335,0);
insert into fleur_disposition_feuille (fleur_fk, disposition_feuille_fk) values (335,3);
insert into fleur_pilosite_tige (fleur_fk, pilosite_tige_fk) values (335,0);
insert into fleur_pilosite_feuille (fleur_fk, pilosite_feuille_fk) values (335,0);
insert into fleur (id,directory_name,scientific_name,scientific_family_fk,doc_url) values (336,"","Dactylorhiza maculata",20,"");
insert into taxonomy (lang, taxon, searched_taxon, fleur_fk) values ("fr","Orchis tacheté","orchis tachete",336);
insert into taxonomy (lang, taxon, searched_taxon, fleur_fk) values ("la","Dactylorhiza maculata","dactylorhiza maculata",336);
insert into taxonomy (lang, taxon, searched_taxon, fleur_fk) values ("en","heath spotted-orchid","heath spotted-orchid",336);
insert into fleur_inflorescence (fleur_fk, inflorescence_fk) values (336,0);
insert into fleur_couleur (fleur_fk, couleur_fk) values (336,1);
insert into fleur_particularite (fleur_fk, particularite_fk) values (336,2);
insert into fleur_particularite (fleur_fk, particularite_fk) values (336,6);
insert into fleur_particularite (fleur_fk, particularite_fk) values (336,5);
insert into fleur_aspect (fleur_fk, aspect_fk) values (336,2);
insert into fleur_nb_petale (fleur_fk, nb_petale_fk) values (336,3);
insert into fleur_type_feuille (fleur_fk, type_feuille_fk) values (336,3);
insert into fleur_disposition_feuille (fleur_fk, disposition_feuille_fk) values (336,0);
insert into fleur_pilosite_tige (fleur_fk, pilosite_tige_fk) values (336,0);
insert into fleur_pilosite_feuille (fleur_fk, pilosite_feuille_fk) values (336,0);
insert into fleur (id,directory_name,scientific_name,scientific_family_fk,doc_url) values (337,"","Dactylorhiza viridis",20,"");
insert into taxonomy (lang, taxon, searched_taxon, fleur_fk) values ("fr","Orchis vert","orchis vert",337);
insert into taxonomy (lang, taxon, searched_taxon, fleur_fk) values ("fr","Orchis grenouille","orchis grenouille",337);
insert into taxonomy (lang, taxon, searched_taxon, fleur_fk) values ("la","Dactylorhiza viridis","dactylorhiza viridis",337);
insert into taxonomy (lang, taxon, searched_taxon, fleur_fk) values ("en","frog orchid","frog orchid",337);
insert into fleur_inflorescence (fleur_fk, inflorescence_fk) values (337,0);
insert into fleur_couleur (fleur_fk, couleur_fk) values (337,5);
insert into fleur_couleur (fleur_fk, couleur_fk) values (337,4);
insert into fleur_particularite (fleur_fk, particularite_fk) values (337,2);
insert into fleur_particularite (fleur_fk, particularite_fk) values (337,6);
insert into fleur_particularite (fleur_fk, particularite_fk) values (337,5);
insert into fleur_aspect (fleur_fk, aspect_fk) values (337,2);
insert into fleur_nb_petale (fleur_fk, nb_petale_fk) values (337,3);
insert into fleur_type_feuille (fleur_fk, type_feuille_fk) values (337,3);
insert into fleur_disposition_feuille (fleur_fk, disposition_feuille_fk) values (337,0);
insert into fleur_pilosite_tige (fleur_fk, pilosite_tige_fk) values (337,0);
insert into fleur_pilosite_feuille (fleur_fk, pilosite_feuille_fk) values (337,0);
insert into fleur (id,directory_name,scientific_name,scientific_family_fk,doc_url) values (338,"","Ornithogalum umbellatum",37,"");
insert into taxonomy (lang, taxon, searched_taxon, fleur_fk) values ("fr","Ornithogale en ombelle","ornithogale en ombelle",338);
insert into taxonomy (lang, taxon, searched_taxon, fleur_fk) values ("fr","Belle d'onze heures","belle d'onze heures",338);
insert into taxonomy (lang, taxon, searched_taxon, fleur_fk) values ("fr","Dame d'onze heures","dame d'onze heures",338);
insert into taxonomy (lang, taxon, searched_taxon, fleur_fk) values ("la","Ornithogalum umbellatum","ornithogalum umbellatum",338);
insert into taxonomy (lang, taxon, searched_taxon, fleur_fk) values ("en","Star-of-Bethlehem","star-of-bethlehem",338);
insert into fleur_inflorescence (fleur_fk, inflorescence_fk) values (338,0);
insert into fleur_couleur (fleur_fk, couleur_fk) values (338,0);
insert into fleur_aspect (fleur_fk, aspect_fk) values (338,0);
insert into fleur_nb_petale (fleur_fk, nb_petale_fk) values (338,3);
insert into fleur_type_feuille (fleur_fk, type_feuille_fk) values (338,3);
insert into fleur_type_feuille (fleur_fk, type_feuille_fk) values (338,4);
insert into fleur_disposition_feuille (fleur_fk, disposition_feuille_fk) values (338,3);
insert into fleur_pilosite_tige (fleur_fk, pilosite_tige_fk) values (338,0);
insert into fleur_pilosite_feuille (fleur_fk, pilosite_feuille_fk) values (338,0);
insert into fleur (id,directory_name,scientific_name,scientific_family_fk,doc_url) values (339,"","Orobanche hederae",46,"");
insert into taxonomy (lang, taxon, searched_taxon, fleur_fk) values ("fr","Orobanche du lierre","orobanche du lierre",339);
insert into taxonomy (lang, taxon, searched_taxon, fleur_fk) values ("la","Orobanche hederae","orobanche hederae",339);
insert into taxonomy (lang, taxon, searched_taxon, fleur_fk) values ("en","Ivy Broomrape","ivy broomrape",339);
insert into fleur_inflorescence (fleur_fk, inflorescence_fk) values (339,0);
insert into fleur_couleur (fleur_fk, couleur_fk) values (339,3);
insert into fleur_couleur (fleur_fk, couleur_fk) values (339,0);
insert into fleur_aspect (fleur_fk, aspect_fk) values (339,3);
insert into fleur_nb_petale (fleur_fk, nb_petale_fk) values (339,2);
insert into fleur_nb_petale (fleur_fk, nb_petale_fk) values (339,0);
insert into fleur_type_feuille (fleur_fk, type_feuille_fk) values (339,4);
insert into fleur_disposition_feuille (fleur_fk, disposition_feuille_fk) values (339,4);
insert into fleur_pilosite_tige (fleur_fk, pilosite_tige_fk) values (339,1);
insert into fleur_pilosite_feuille (fleur_fk, pilosite_feuille_fk) values (339,0);
insert into fleur (id,directory_name,scientific_name,scientific_family_fk,doc_url) values (340,"","Sedum acre",47,"");
insert into taxonomy (lang, taxon, searched_taxon, fleur_fk) values ("fr","Orpin âcre","orpin acre",340);
insert into taxonomy (lang, taxon, searched_taxon, fleur_fk) values ("fr","Vermiculaire","vermiculaire",340);
insert into taxonomy (lang, taxon, searched_taxon, fleur_fk) values ("fr","Poivre des murailles","poivre des murailles",340);
insert into taxonomy (lang, taxon, searched_taxon, fleur_fk) values ("la","Sedum acre","sedum acre",340);
insert into taxonomy (lang, taxon, searched_taxon, fleur_fk) values ("en","goldmoss stonecrop","goldmoss stonecrop",340);
insert into fleur_inflorescence (fleur_fk, inflorescence_fk) values (340,0);
insert into fleur_couleur (fleur_fk, couleur_fk) values (340,3);
insert into fleur_aspect (fleur_fk, aspect_fk) values (340,0);
insert into fleur_nb_petale (fleur_fk, nb_petale_fk) values (340,0);
insert into fleur_type_feuille (fleur_fk, type_feuille_fk) values (340,3);
insert into fleur_disposition_feuille (fleur_fk, disposition_feuille_fk) values (340,0);
insert into fleur_pilosite_tige (fleur_fk, pilosite_tige_fk) values (340,0);
insert into fleur_pilosite_feuille (fleur_fk, pilosite_feuille_fk) values (340,0);
insert into fleur (id,directory_name,scientific_name,scientific_family_fk,doc_url) values (341,"","Sedum album",47,"");
insert into taxonomy (lang, taxon, searched_taxon, fleur_fk) values ("fr","Orpin blanc","orpin blanc",341);
insert into taxonomy (lang, taxon, searched_taxon, fleur_fk) values ("fr","Sédum blanc","sedum blanc",341);
insert into taxonomy (lang, taxon, searched_taxon, fleur_fk) values ("la","Sedum album","sedum album",341);
insert into taxonomy (lang, taxon, searched_taxon, fleur_fk) values ("en","white stonecrop","white stonecrop",341);
insert into fleur_inflorescence (fleur_fk, inflorescence_fk) values (341,0);
insert into fleur_couleur (fleur_fk, couleur_fk) values (341,0);
insert into fleur_aspect (fleur_fk, aspect_fk) values (341,0);
insert into fleur_nb_petale (fleur_fk, nb_petale_fk) values (341,0);
insert into fleur_type_feuille (fleur_fk, type_feuille_fk) values (341,3);
insert into fleur_disposition_feuille (fleur_fk, disposition_feuille_fk) values (341,0);
insert into fleur_pilosite_tige (fleur_fk, pilosite_tige_fk) values (341,0);
insert into fleur_pilosite_feuille (fleur_fk, pilosite_feuille_fk) values (341,0);
insert into fleur (id,directory_name,scientific_name,scientific_family_fk,doc_url) values (342,"","Sedum rupestre",47,"");
insert into taxonomy (lang, taxon, searched_taxon, fleur_fk) values ("fr","Orpin rupestre","orpin rupestre",342);
insert into taxonomy (lang, taxon, searched_taxon, fleur_fk) values ("fr","Orpin réfléchi","orpin reflechi",342);
insert into taxonomy (lang, taxon, searched_taxon, fleur_fk) values ("fr","Orpin des rochers","orpin des rochers",342);
insert into taxonomy (lang, taxon, searched_taxon, fleur_fk) values ("la","Sedum rupestre","sedum rupestre",342);
insert into taxonomy (lang, taxon, searched_taxon, fleur_fk) values ("en","reflexed stonecrop","reflexed stonecrop",342);
insert into fleur_inflorescence (fleur_fk, inflorescence_fk) values (342,0);
insert into fleur_couleur (fleur_fk, couleur_fk) values (342,3);
insert into fleur_aspect (fleur_fk, aspect_fk) values (342,0);
insert into fleur_nb_petale (fleur_fk, nb_petale_fk) values (342,0);
insert into fleur_nb_petale (fleur_fk, nb_petale_fk) values (342,3);
insert into fleur_nb_petale (fleur_fk, nb_petale_fk) values (342,4);
insert into fleur_type_feuille (fleur_fk, type_feuille_fk) values (342,3);
insert into fleur_disposition_feuille (fleur_fk, disposition_feuille_fk) values (342,0);
insert into fleur_pilosite_tige (fleur_fk, pilosite_tige_fk) values (342,0);
insert into fleur_pilosite_feuille (fleur_fk, pilosite_feuille_fk) values (342,0);
insert into fleur (id,directory_name,scientific_name,scientific_family_fk,doc_url) values (343,"","Rumex acetosa",48,"");
insert into taxonomy (lang, taxon, searched_taxon, fleur_fk) values ("fr","Oseille commune","oseille commune",343);
insert into taxonomy (lang, taxon, searched_taxon, fleur_fk) values ("fr","Oseille des prés","oseille des pres",343);
insert into taxonomy (lang, taxon, searched_taxon, fleur_fk) values ("fr","Grande oseille","grande oseille",343);
insert into taxonomy (lang, taxon, searched_taxon, fleur_fk) values ("la","Rumex acetosa","rumex acetosa",343);
insert into taxonomy (lang, taxon, searched_taxon, fleur_fk) values ("en","common sorrel","common sorrel",343);
insert into fleur_inflorescence (fleur_fk, inflorescence_fk) values (343,0);
insert into fleur_couleur (fleur_fk, couleur_fk) values (343,1);
insert into fleur_couleur (fleur_fk, couleur_fk) values (343,5);
insert into fleur_aspect (fleur_fk, aspect_fk) values (343,0);
insert into fleur_nb_petale (fleur_fk, nb_petale_fk) values (343,3);
insert into fleur_type_feuille (fleur_fk, type_feuille_fk) values (343,2);
insert into fleur_type_feuille (fleur_fk, type_feuille_fk) values (343,3);
insert into fleur_disposition_feuille (fleur_fk, disposition_feuille_fk) values (343,0);
insert into fleur_pilosite_tige (fleur_fk, pilosite_tige_fk) values (343,0);
insert into fleur_pilosite_feuille (fleur_fk, pilosite_feuille_fk) values (343,0);
insert into fleur (id,directory_name,scientific_name,scientific_family_fk,doc_url) values (344,"","Oxalis corniculata",49,"");
insert into taxonomy (lang, taxon, searched_taxon, fleur_fk) values ("fr","Oxalis corniculée","oxalis corniculee",344);
insert into taxonomy (lang, taxon, searched_taxon, fleur_fk) values ("la","Oxalis corniculata","oxalis corniculata",344);
insert into taxonomy (lang, taxon, searched_taxon, fleur_fk) values ("en","creeping woodsorrel","creeping woodsorrel",344);
insert into fleur_inflorescence (fleur_fk, inflorescence_fk) values (344,0);
insert into fleur_inflorescence (fleur_fk, inflorescence_fk) values (344,1);
insert into fleur_couleur (fleur_fk, couleur_fk) values (344,3);
insert into fleur_aspect (fleur_fk, aspect_fk) values (344,0);
insert into fleur_nb_petale (fleur_fk, nb_petale_fk) values (344,0);
insert into fleur_type_feuille (fleur_fk, type_feuille_fk) values (344,0);
insert into fleur_disposition_feuille (fleur_fk, disposition_feuille_fk) values (344,0);
insert into fleur_pilosite_tige (fleur_fk, pilosite_tige_fk) values (344,1);
insert into fleur_pilosite_feuille (fleur_fk, pilosite_feuille_fk) values (344,0);
insert into fleur_pilosite_feuille (fleur_fk, pilosite_feuille_fk) values (344,1);
insert into fleur (id,directory_name,scientific_name,scientific_family_fk,doc_url) values (345,"","Oxalis fontana",49,"");
insert into taxonomy (lang, taxon, searched_taxon, fleur_fk) values ("fr","Oxalis droite","oxalis droite",345);
insert into taxonomy (lang, taxon, searched_taxon, fleur_fk) values ("fr","Oxalis d'Europe","oxalis d'europe",345);
insert into taxonomy (lang, taxon, searched_taxon, fleur_fk) values ("fr","Oxalis des fontaines","oxalis des fontaines",345);
insert into taxonomy (lang, taxon, searched_taxon, fleur_fk) values ("la","Oxalis fontana","oxalis fontana",345);
insert into taxonomy (lang, taxon, searched_taxon, fleur_fk) values ("la","Oxalis stricta","oxalis stricta",345);
insert into taxonomy (lang, taxon, searched_taxon, fleur_fk) values ("en","common yellow woodsorrel","common yellow woodsorrel",345);
insert into fleur_inflorescence (fleur_fk, inflorescence_fk) values (345,0);
insert into fleur_inflorescence (fleur_fk, inflorescence_fk) values (345,1);
insert into fleur_couleur (fleur_fk, couleur_fk) values (345,3);
insert into fleur_aspect (fleur_fk, aspect_fk) values (345,0);
insert into fleur_aspect (fleur_fk, aspect_fk) values (345,6);
insert into fleur_nb_petale (fleur_fk, nb_petale_fk) values (345,0);
insert into fleur_type_feuille (fleur_fk, type_feuille_fk) values (345,0);
insert into fleur_disposition_feuille (fleur_fk, disposition_feuille_fk) values (345,0);
insert into fleur_pilosite_tige (fleur_fk, pilosite_tige_fk) values (345,0);
insert into fleur_pilosite_tige (fleur_fk, pilosite_tige_fk) values (345,1);
insert into fleur_pilosite_feuille (fleur_fk, pilosite_feuille_fk) values (345,0);
insert into fleur (id,directory_name,scientific_name,scientific_family_fk,doc_url) values (346,"","Pastinaca sativa",0,"");
insert into taxonomy (lang, taxon, searched_taxon, fleur_fk) values ("fr","Panais","panais",346);
insert into taxonomy (lang, taxon, searched_taxon, fleur_fk) values ("la","Pastinaca sativa","pastinaca sativa",346);
insert into taxonomy (lang, taxon, searched_taxon, fleur_fk) values ("en","parsnip","parsnip",346);
insert into fleur_inflorescence (fleur_fk, inflorescence_fk) values (346,0);
insert into fleur_couleur (fleur_fk, couleur_fk) values (346,3);
insert into fleur_aspect (fleur_fk, aspect_fk) values (346,0);
insert into fleur_nb_petale (fleur_fk, nb_petale_fk) values (346,0);
insert into fleur_type_feuille (fleur_fk, type_feuille_fk) values (346,0);
insert into fleur_disposition_feuille (fleur_fk, disposition_feuille_fk) values (346,0);
insert into fleur_pilosite_tige (fleur_fk, pilosite_tige_fk) values (346,1);
insert into fleur_pilosite_feuille (fleur_fk, pilosite_feuille_fk) values (346,1);
insert into fleur (id,directory_name,scientific_name,scientific_family_fk,doc_url) values (347,"","Eryngium campestre",0,"");
insert into taxonomy (lang, taxon, searched_taxon, fleur_fk) values ("fr","Panicaut champêtre","panicaut champetre",347);
insert into taxonomy (lang, taxon, searched_taxon, fleur_fk) values ("fr","Chardon roulant","chardon roulant",347);
insert into taxonomy (lang, taxon, searched_taxon, fleur_fk) values ("la","Eryngium campestre","eryngium campestre",347);
insert into taxonomy (lang, taxon, searched_taxon, fleur_fk) values ("en","field eryngo","field eryngo",347);
insert into fleur_inflorescence (fleur_fk, inflorescence_fk) values (347,0);
insert into fleur_couleur (fleur_fk, couleur_fk) values (347,0);
insert into fleur_couleur (fleur_fk, couleur_fk) values (347,5);
insert into fleur_aspect (fleur_fk, aspect_fk) values (347,0);
insert into fleur_nb_petale (fleur_fk, nb_petale_fk) values (347,0);
insert into fleur_type_feuille (fleur_fk, type_feuille_fk) values (347,1);
insert into fleur_disposition_feuille (fleur_fk, disposition_feuille_fk) values (347,1);
insert into fleur_pilosite_tige (fleur_fk, pilosite_tige_fk) values (347,0);
insert into fleur_pilosite_feuille (fleur_fk, pilosite_feuille_fk) values (347,0);
insert into fleur (id,directory_name,scientific_name,scientific_family_fk,doc_url) values (348,"","Bellis perennis",1,"");
insert into taxonomy (lang, taxon, searched_taxon, fleur_fk) values ("fr","Pâquerette","paquerette",348);
insert into taxonomy (lang, taxon, searched_taxon, fleur_fk) values ("fr","Pâquerette vivace","paquerette vivace",348);
insert into taxonomy (lang, taxon, searched_taxon, fleur_fk) values ("la","Bellis perennis","bellis perennis",348);
insert into taxonomy (lang, taxon, searched_taxon, fleur_fk) values ("en","common daisy","common daisy",348);
insert into fleur_inflorescence (fleur_fk, inflorescence_fk) values (348,1);
insert into fleur_couleur (fleur_fk, couleur_fk) values (348,0);
insert into fleur_aspect (fleur_fk, aspect_fk) values (348,1);
insert into fleur_nb_petale (fleur_fk, nb_petale_fk) values (348,1);
insert into fleur_type_feuille (fleur_fk, type_feuille_fk) values (348,2);
insert into fleur_disposition_feuille (fleur_fk, disposition_feuille_fk) values (348,3);
insert into fleur_pilosite_tige (fleur_fk, pilosite_tige_fk) values (348,0);
insert into fleur_pilosite_feuille (fleur_fk, pilosite_feuille_fk) values (348,0);
insert into fleur_pilosite_feuille (fleur_fk, pilosite_feuille_fk) values (348,1);
insert into fleur (id,directory_name,scientific_name,scientific_family_fk,doc_url) values (349,"","Lepidium draba",7,"");
insert into taxonomy (lang, taxon, searched_taxon, fleur_fk) values ("fr","Passerage drave","passerage drave",349);
insert into taxonomy (lang, taxon, searched_taxon, fleur_fk) values ("fr","Cardaire drave","cardaire drave",349);
insert into taxonomy (lang, taxon, searched_taxon, fleur_fk) values ("la","Lepidium draba","lepidium draba",349);
insert into taxonomy (lang, taxon, searched_taxon, fleur_fk) values ("en","whitetop","whitetop",349);
insert into fleur_inflorescence (fleur_fk, inflorescence_fk) values (349,0);
insert into fleur_couleur (fleur_fk, couleur_fk) values (349,0);
insert into fleur_aspect (fleur_fk, aspect_fk) values (349,0);
insert into fleur_nb_petale (fleur_fk, nb_petale_fk) values (349,2);
insert into fleur_type_feuille (fleur_fk, type_feuille_fk) values (349,2);
insert into fleur_disposition_feuille (fleur_fk, disposition_feuille_fk) values (349,0);
insert into fleur_pilosite_tige (fleur_fk, pilosite_tige_fk) values (349,1);
insert into fleur_pilosite_feuille (fleur_fk, pilosite_feuille_fk) values (349,1);
insert into fleur (id,directory_name,scientific_name,scientific_family_fk,doc_url) values (350,"","Papaver somniferum",23,"");
insert into taxonomy (lang, taxon, searched_taxon, fleur_fk) values ("fr","Pavot","pavot",350);
insert into taxonomy (lang, taxon, searched_taxon, fleur_fk) values ("fr","Pavot somnifère","pavot somnifere",350);
insert into taxonomy (lang, taxon, searched_taxon, fleur_fk) values ("la","Papaver somniferum","papaver somniferum",350);
insert into taxonomy (lang, taxon, searched_taxon, fleur_fk) values ("en","opium poppy","opium poppy",350);
insert into fleur_inflorescence (fleur_fk, inflorescence_fk) values (350,1);
insert into fleur_couleur (fleur_fk, couleur_fk) values (350,1);
insert into fleur_couleur (fleur_fk, couleur_fk) values (350,0);
insert into fleur_particularite (fleur_fk, particularite_fk) values (350,5);
insert into fleur_aspect (fleur_fk, aspect_fk) values (350,0);
insert into fleur_nb_petale (fleur_fk, nb_petale_fk) values (350,2);
insert into fleur_type_feuille (fleur_fk, type_feuille_fk) values (350,2);
insert into fleur_disposition_feuille (fleur_fk, disposition_feuille_fk) values (350,0);
insert into fleur_pilosite_tige (fleur_fk, pilosite_tige_fk) values (350,0);
insert into fleur_pilosite_tige (fleur_fk, pilosite_tige_fk) values (350,1);
insert into fleur_pilosite_feuille (fleur_fk, pilosite_feuille_fk) values (350,0);
insert into fleur (id,directory_name,scientific_name,scientific_family_fk,doc_url) values (351,"","Pedicularis sylvatica",27,"");
insert into taxonomy (lang, taxon, searched_taxon, fleur_fk) values ("fr","Pédiculaire des bois","pediculaire des bois",351);
insert into taxonomy (lang, taxon, searched_taxon, fleur_fk) values ("la","Pedicularis sylvatica","pedicularis sylvatica",351);
insert into taxonomy (lang, taxon, searched_taxon, fleur_fk) values ("en","Common Lousewort","common lousewort",351);
insert into fleur_inflorescence (fleur_fk, inflorescence_fk) values (351,0);
insert into fleur_couleur (fleur_fk, couleur_fk) values (351,1);
insert into fleur_aspect (fleur_fk, aspect_fk) values (351,3);
insert into fleur_nb_petale (fleur_fk, nb_petale_fk) values (351,2);
insert into fleur_type_feuille (fleur_fk, type_feuille_fk) values (351,0);
insert into fleur_disposition_feuille (fleur_fk, disposition_feuille_fk) values (351,0);
insert into fleur_pilosite_tige (fleur_fk, pilosite_tige_fk) values (351,0);
insert into fleur_pilosite_feuille (fleur_fk, pilosite_feuille_fk) values (351,0);
insert into fleur (id,directory_name,scientific_name,scientific_family_fk,doc_url) values (352,"","Viola tricolor",50,"");
insert into taxonomy (lang, taxon, searched_taxon, fleur_fk) values ("fr","Pensée sauvage","pensee sauvage",352);
insert into taxonomy (lang, taxon, searched_taxon, fleur_fk) values ("fr","Pensée tricolore","pensee tricolore",352);
insert into taxonomy (lang, taxon, searched_taxon, fleur_fk) values ("la","Viola tricolor","viola tricolor",352);
insert into taxonomy (lang, taxon, searched_taxon, fleur_fk) values ("en","heartsease","heartsease",352);
insert into fleur_inflorescence (fleur_fk, inflorescence_fk) values (352,1);
insert into fleur_couleur (fleur_fk, couleur_fk) values (352,2);
insert into fleur_couleur (fleur_fk, couleur_fk) values (352,0);
insert into fleur_particularite (fleur_fk, particularite_fk) values (352,5);
insert into fleur_aspect (fleur_fk, aspect_fk) values (352,2);
insert into fleur_nb_petale (fleur_fk, nb_petale_fk) values (352,0);
insert into fleur_type_feuille (fleur_fk, type_feuille_fk) values (352,2);
insert into fleur_disposition_feuille (fleur_fk, disposition_feuille_fk) values (352,0);
insert into fleur_pilosite_tige (fleur_fk, pilosite_tige_fk) values (352,1);
insert into fleur_pilosite_feuille (fleur_fk, pilosite_feuille_fk) values (352,0);
insert into fleur (id,directory_name,scientific_name,scientific_family_fk,doc_url) values (353,"","Galanthus nivalis",6,"");
insert into taxonomy (lang, taxon, searched_taxon, fleur_fk) values ("fr","Perce-neige","perce-neige",353);
insert into taxonomy (lang, taxon, searched_taxon, fleur_fk) values ("la","Galanthus nivalis","galanthus nivalis",353);
insert into taxonomy (lang, taxon, searched_taxon, fleur_fk) values ("en","snowdrop","snowdrop",353);
insert into fleur_inflorescence (fleur_fk, inflorescence_fk) values (353,1);
insert into fleur_couleur (fleur_fk, couleur_fk) values (353,0);
insert into fleur_particularite (fleur_fk, particularite_fk) values (353,5);
insert into fleur_aspect (fleur_fk, aspect_fk) values (353,2);
insert into fleur_nb_petale (fleur_fk, nb_petale_fk) values (353,3);
insert into fleur_type_feuille (fleur_fk, type_feuille_fk) values (353,3);
insert into fleur_disposition_feuille (fleur_fk, disposition_feuille_fk) values (353,3);
insert into fleur_pilosite_tige (fleur_fk, pilosite_tige_fk) values (353,0);
insert into fleur_pilosite_feuille (fleur_fk, pilosite_feuille_fk) values (353,0);
insert into fleur (id,directory_name,scientific_name,scientific_family_fk,doc_url) values (354,"","Petasites pyrenaicus",1,"");
insert into taxonomy (lang, taxon, searched_taxon, fleur_fk) values ("fr","Pétasite odorant","petasite odorant",354);
insert into taxonomy (lang, taxon, searched_taxon, fleur_fk) values ("fr","Héliotrope d'hiver","heliotrope d'hiver",354);
insert into taxonomy (lang, taxon, searched_taxon, fleur_fk) values ("fr","Pétasite des Pyrénées","petasite des pyrenees",354);
insert into taxonomy (lang, taxon, searched_taxon, fleur_fk) values ("la","Petasites pyrenaicus","petasites pyrenaicus",354);
insert into taxonomy (lang, taxon, searched_taxon, fleur_fk) values ("en","Winter Heliotrope","winter heliotrope",354);
insert into fleur_inflorescence (fleur_fk, inflorescence_fk) values (354,0);
insert into fleur_couleur (fleur_fk, couleur_fk) values (354,0);
insert into fleur_couleur (fleur_fk, couleur_fk) values (354,1);
insert into fleur_aspect (fleur_fk, aspect_fk) values (354,1);
insert into fleur_nb_petale (fleur_fk, nb_petale_fk) values (354,1);
insert into fleur_type_feuille (fleur_fk, type_feuille_fk) values (354,2);
insert into fleur_disposition_feuille (fleur_fk, disposition_feuille_fk) values (354,3);
insert into fleur_pilosite_tige (fleur_fk, pilosite_tige_fk) values (354,1);
insert into fleur_pilosite_feuille (fleur_fk, pilosite_feuille_fk) values (354,2);
insert into fleur (id,directory_name,scientific_name,scientific_family_fk,doc_url) values (355,"","Centaurium pulchellum",13,"");
insert into taxonomy (lang, taxon, searched_taxon, fleur_fk) values ("fr","Petite centaurée","petite centauree",355);
insert into taxonomy (lang, taxon, searched_taxon, fleur_fk) values ("fr","Petite-centaurée élégante","petite-centauree elegante",355);
insert into taxonomy (lang, taxon, searched_taxon, fleur_fk) values ("la","Centaurium pulchellum","centaurium pulchellum",355);
insert into taxonomy (lang, taxon, searched_taxon, fleur_fk) values ("en","lesser centaury","lesser centaury",355);
insert into fleur_inflorescence (fleur_fk, inflorescence_fk) values (355,0);
insert into fleur_couleur (fleur_fk, couleur_fk) values (355,1);
insert into fleur_aspect (fleur_fk, aspect_fk) values (355,6);
insert into fleur_nb_petale (fleur_fk, nb_petale_fk) values (355,0);
insert into fleur_type_feuille (fleur_fk, type_feuille_fk) values (355,3);
insert into fleur_disposition_feuille (fleur_fk, disposition_feuille_fk) values (355,1);
insert into fleur_pilosite_tige (fleur_fk, pilosite_tige_fk) values (355,0);
insert into fleur_pilosite_feuille (fleur_fk, pilosite_feuille_fk) values (355,0);
insert into fleur (id,directory_name,scientific_name,scientific_family_fk,doc_url) values (356,"","Centaurium erythraea",13,"");
insert into taxonomy (lang, taxon, searched_taxon, fleur_fk) values ("fr","Petite centaurée rouge","petite centauree rouge",356);
insert into taxonomy (lang, taxon, searched_taxon, fleur_fk) values ("fr","Erythrée","erythree",356);
insert into taxonomy (lang, taxon, searched_taxon, fleur_fk) values ("la","Centaurium erythraea","centaurium erythraea",356);
insert into taxonomy (lang, taxon, searched_taxon, fleur_fk) values ("en","common centaury","common centaury",356);
insert into fleur_inflorescence (fleur_fk, inflorescence_fk) values (356,0);
insert into fleur_couleur (fleur_fk, couleur_fk) values (356,1);
insert into fleur_aspect (fleur_fk, aspect_fk) values (356,6);
insert into fleur_nb_petale (fleur_fk, nb_petale_fk) values (356,0);
insert into fleur_type_feuille (fleur_fk, type_feuille_fk) values (356,3);
insert into fleur_disposition_feuille (fleur_fk, disposition_feuille_fk) values (356,1);
insert into fleur_pilosite_tige (fleur_fk, pilosite_tige_fk) values (356,0);
insert into fleur_pilosite_feuille (fleur_fk, pilosite_feuille_fk) values (356,0);
insert into fleur (id,directory_name,scientific_name,scientific_family_fk,doc_url) values (357,"","Vinca minor",51,"");
insert into taxonomy (lang, taxon, searched_taxon, fleur_fk) values ("fr","Petite Pervenche","petite pervenche",357);
insert into taxonomy (lang, taxon, searched_taxon, fleur_fk) values ("la","Vinca minor","vinca minor",357);
insert into taxonomy (lang, taxon, searched_taxon, fleur_fk) values ("en","lesser periwinkle","lesser periwinkle",357);
insert into fleur_inflorescence (fleur_fk, inflorescence_fk) values (357,1);
insert into fleur_couleur (fleur_fk, couleur_fk) values (357,2);
insert into fleur_aspect (fleur_fk, aspect_fk) values (357,6);
insert into fleur_nb_petale (fleur_fk, nb_petale_fk) values (357,0);
insert into fleur_type_feuille (fleur_fk, type_feuille_fk) values (357,3);
insert into fleur_disposition_feuille (fleur_fk, disposition_feuille_fk) values (357,1);
insert into fleur_pilosite_tige (fleur_fk, pilosite_tige_fk) values (357,0);
insert into fleur_pilosite_feuille (fleur_fk, pilosite_feuille_fk) values (357,0);
insert into fleur (id,directory_name,scientific_name,scientific_family_fk,doc_url) values (358,"","Sanguisorba minor",4,"");
insert into taxonomy (lang, taxon, searched_taxon, fleur_fk) values ("fr","Petite Pimprenelle","petite pimprenelle",358);
insert into taxonomy (lang, taxon, searched_taxon, fleur_fk) values ("fr","Petite sanguisorbe","petite sanguisorbe",358);
insert into taxonomy (lang, taxon, searched_taxon, fleur_fk) values ("la","Sanguisorba minor","sanguisorba minor",358);
insert into taxonomy (lang, taxon, searched_taxon, fleur_fk) values ("en","Salad burnet","salad burnet",358);
insert into fleur_inflorescence (fleur_fk, inflorescence_fk) values (358,0);
insert into fleur_couleur (fleur_fk, couleur_fk) values (358,5);
insert into fleur_couleur (fleur_fk, couleur_fk) values (358,1);
insert into fleur_aspect (fleur_fk, aspect_fk) values (358,0);
insert into fleur_nb_petale (fleur_fk, nb_petale_fk) values (358,2);
insert into fleur_type_feuille (fleur_fk, type_feuille_fk) values (358,0);
insert into fleur_disposition_feuille (fleur_fk, disposition_feuille_fk) values (358,0);
insert into fleur_pilosite_tige (fleur_fk, pilosite_tige_fk) values (358,0);
insert into fleur_pilosite_tige (fleur_fk, pilosite_tige_fk) values (358,1);
insert into fleur (id,directory_name,scientific_name,scientific_family_fk,doc_url) values (359,"","Simethis mattiazzii",52,"");
insert into taxonomy (lang, taxon, searched_taxon, fleur_fk) values ("fr","Phalangère à feuilles planes","phalangere a feuilles planes",359);
insert into taxonomy (lang, taxon, searched_taxon, fleur_fk) values ("fr","Siméthis à feuilles planes","simethis a feuilles planes",359);
insert into taxonomy (lang, taxon, searched_taxon, fleur_fk) values ("fr","Siméthis de Mattiazzi,","simethis de mattiazzi,",359);
insert into taxonomy (lang, taxon, searched_taxon, fleur_fk) values ("la","Simethis mattiazzii","simethis mattiazzii",359);
insert into taxonomy (lang, taxon, searched_taxon, fleur_fk) values ("en","Kerry Lily","kerry lily",359);
insert into fleur_inflorescence (fleur_fk, inflorescence_fk) values (359,0);
insert into fleur_couleur (fleur_fk, couleur_fk) values (359,0);
insert into fleur_couleur (fleur_fk, couleur_fk) values (359,1);
insert into fleur_aspect (fleur_fk, aspect_fk) values (359,0);
insert into fleur_nb_petale (fleur_fk, nb_petale_fk) values (359,3);
insert into fleur_type_feuille (fleur_fk, type_feuille_fk) values (359,3);
insert into fleur_disposition_feuille (fleur_fk, disposition_feuille_fk) values (359,3);
insert into fleur_pilosite_tige (fleur_fk, pilosite_tige_fk) values (359,0);
insert into fleur_pilosite_feuille (fleur_fk, pilosite_feuille_fk) values (359,0);
insert into fleur (id,directory_name,scientific_name,scientific_family_fk,doc_url) values (360,"","Anthericum liliago",5,"");
insert into taxonomy (lang, taxon, searched_taxon, fleur_fk) values ("fr","Phalangère à feuilles de lys","phalangere a feuilles de lys",360);
insert into taxonomy (lang, taxon, searched_taxon, fleur_fk) values ("la","Anthericum liliago","anthericum liliago",360);
insert into taxonomy (lang, taxon, searched_taxon, fleur_fk) values ("en","St Bernard's lily","st bernard's lily",360);
insert into fleur_inflorescence (fleur_fk, inflorescence_fk) values (360,0);
insert into fleur_couleur (fleur_fk, couleur_fk) values (360,0);
insert into fleur_aspect (fleur_fk, aspect_fk) values (360,0);
insert into fleur_nb_petale (fleur_fk, nb_petale_fk) values (360,3);
insert into fleur_type_feuille (fleur_fk, type_feuille_fk) values (360,3);
insert into fleur_disposition_feuille (fleur_fk, disposition_feuille_fk) values (360,3);
insert into fleur_pilosite_tige (fleur_fk, pilosite_tige_fk) values (360,0);
insert into fleur_pilosite_feuille (fleur_fk, pilosite_feuille_fk) values (360,0);
insert into fleur (id,directory_name,scientific_name,scientific_family_fk,doc_url) values (361,"","Picris hieracioides",1,"");
insert into taxonomy (lang, taxon, searched_taxon, fleur_fk) values ("fr","Picris fausse vipérine","picris fausse viperine",361);
insert into taxonomy (lang, taxon, searched_taxon, fleur_fk) values ("fr","Picride fausse-épervière","picride fausse-eperviere",361);
insert into taxonomy (lang, taxon, searched_taxon, fleur_fk) values ("la","Picris hieracioides","picris hieracioides",361);
insert into taxonomy (lang, taxon, searched_taxon, fleur_fk) values ("en","hawkweed oxtongue","hawkweed oxtongue",361);
insert into fleur_inflorescence (fleur_fk, inflorescence_fk) values (361,0);
insert into fleur_couleur (fleur_fk, couleur_fk) values (361,3);
insert into fleur_aspect (fleur_fk, aspect_fk) values (361,4);
insert into fleur_nb_petale (fleur_fk, nb_petale_fk) values (361,1);
insert into fleur_type_feuille (fleur_fk, type_feuille_fk) values (361,2);
insert into fleur_disposition_feuille (fleur_fk, disposition_feuille_fk) values (361,0);
insert into fleur_pilosite_tige (fleur_fk, pilosite_tige_fk) values (361,1);
insert into fleur_pilosite_feuille (fleur_fk, pilosite_feuille_fk) values (361,1);
insert into fleur (id,directory_name,scientific_name,scientific_family_fk,doc_url) values (362,"","Picris echioides",1,"");
insert into taxonomy (lang, taxon, searched_taxon, fleur_fk) values ("fr","Picris fausse-épervière","picris fausse-eperviere",362);
insert into taxonomy (lang, taxon, searched_taxon, fleur_fk) values ("fr","Picride fausse vipérine","picride fausse viperine",362);
insert into taxonomy (lang, taxon, searched_taxon, fleur_fk) values ("la","Picris echioides","picris echioides",362);
insert into taxonomy (lang, taxon, searched_taxon, fleur_fk) values ("la","Helminthotheca echioides","helminthotheca echioides",362);
insert into taxonomy (lang, taxon, searched_taxon, fleur_fk) values ("en","bristly oxtongue","bristly oxtongue",362);
insert into fleur_inflorescence (fleur_fk, inflorescence_fk) values (362,0);
insert into fleur_couleur (fleur_fk, couleur_fk) values (362,3);
insert into fleur_aspect (fleur_fk, aspect_fk) values (362,4);
insert into fleur_nb_petale (fleur_fk, nb_petale_fk) values (362,1);
insert into fleur_type_feuille (fleur_fk, type_feuille_fk) values (362,2);
insert into fleur_disposition_feuille (fleur_fk, disposition_feuille_fk) values (362,0);
insert into fleur_pilosite_tige (fleur_fk, pilosite_tige_fk) values (362,1);
insert into fleur_pilosite_feuille (fleur_fk, pilosite_feuille_fk) values (362,1);
insert into fleur (id,directory_name,scientific_name,scientific_family_fk,doc_url) values (363,"","Ornithopus compressus",12,"");
insert into taxonomy (lang, taxon, searched_taxon, fleur_fk) values ("fr","Pied d'oiseau comprimé","pied d'oiseau comprime",363);
insert into taxonomy (lang, taxon, searched_taxon, fleur_fk) values ("fr","Ornithope comprimé","ornithope comprime",363);
insert into taxonomy (lang, taxon, searched_taxon, fleur_fk) values ("la","Ornithopus compressus","ornithopus compressus",363);
insert into taxonomy (lang, taxon, searched_taxon, fleur_fk) values ("en","yellow serradella","yellow serradella",363);
insert into fleur_inflorescence (fleur_fk, inflorescence_fk) values (363,0);
insert into fleur_couleur (fleur_fk, couleur_fk) values (363,3);
insert into fleur_particularite (fleur_fk, particularite_fk) values (363,4);
insert into fleur_aspect (fleur_fk, aspect_fk) values (363,2);
insert into fleur_nb_petale (fleur_fk, nb_petale_fk) values (363,0);
insert into fleur_type_feuille (fleur_fk, type_feuille_fk) values (363,0);
insert into fleur_disposition_feuille (fleur_fk, disposition_feuille_fk) values (363,0);
insert into fleur_pilosite_tige (fleur_fk, pilosite_tige_fk) values (363,1);
insert into fleur_pilosite_feuille (fleur_fk, pilosite_feuille_fk) values (363,1);
insert into fleur (id,directory_name,scientific_name,scientific_family_fk,doc_url) values (364,"","Ornithopus perpusillus",12,"");
insert into taxonomy (lang, taxon, searched_taxon, fleur_fk) values ("fr","Pied d'oiseau délicat","pied d'oiseau delicat",364);
insert into taxonomy (lang, taxon, searched_taxon, fleur_fk) values ("fr","Ornithope délicat","ornithope delicat",364);
insert into taxonomy (lang, taxon, searched_taxon, fleur_fk) values ("la","Ornithopus perpusillus","ornithopus perpusillus",364);
insert into taxonomy (lang, taxon, searched_taxon, fleur_fk) values ("en","little white bird's foot","little white bird's foot",364);
insert into fleur_inflorescence (fleur_fk, inflorescence_fk) values (364,0);
insert into fleur_couleur (fleur_fk, couleur_fk) values (364,0);
insert into fleur_couleur (fleur_fk, couleur_fk) values (364,1);
insert into fleur_particularite (fleur_fk, particularite_fk) values (364,4);
insert into fleur_particularite (fleur_fk, particularite_fk) values (364,5);
insert into fleur_aspect (fleur_fk, aspect_fk) values (364,2);
insert into fleur_nb_petale (fleur_fk, nb_petale_fk) values (364,0);
insert into fleur_type_feuille (fleur_fk, type_feuille_fk) values (364,0);
insert into fleur_disposition_feuille (fleur_fk, disposition_feuille_fk) values (364,0);
insert into fleur_pilosite_tige (fleur_fk, pilosite_tige_fk) values (364,1);
insert into fleur_pilosite_feuille (fleur_fk, pilosite_feuille_fk) values (364,1);
insert into fleur (id,directory_name,scientific_name,scientific_family_fk,doc_url) values (365,"","Thalictrum flavum",2,"");
insert into taxonomy (lang, taxon, searched_taxon, fleur_fk) values ("fr","Pigamon jaune","pigamon jaune",365);
insert into taxonomy (lang, taxon, searched_taxon, fleur_fk) values ("fr","Pigamon noircissant","pigamon noircissant",365);
insert into taxonomy (lang, taxon, searched_taxon, fleur_fk) values ("fr","Pigamon des rives","pigamon des rives",365);
insert into taxonomy (lang, taxon, searched_taxon, fleur_fk) values ("la","Thalictrum flavum","thalictrum flavum",365);
insert into taxonomy (lang, taxon, searched_taxon, fleur_fk) values ("en","yellow meadow-rue","yellow meadow-rue",365);
insert into fleur_inflorescence (fleur_fk, inflorescence_fk) values (365,0);
insert into fleur_couleur (fleur_fk, couleur_fk) values (365,0);
insert into fleur_couleur (fleur_fk, couleur_fk) values (365,3);
insert into fleur_aspect (fleur_fk, aspect_fk) values (365,0);
insert into fleur_nb_petale (fleur_fk, nb_petale_fk) values (365,2);
insert into fleur_nb_petale (fleur_fk, nb_petale_fk) values (365,0);
insert into fleur_type_feuille (fleur_fk, type_feuille_fk) values (365,0);
insert into fleur_disposition_feuille (fleur_fk, disposition_feuille_fk) values (365,0);
insert into fleur_pilosite_tige (fleur_fk, pilosite_tige_fk) values (365,0);
insert into fleur_pilosite_feuille (fleur_fk, pilosite_feuille_fk) values (365,0);
insert into fleur (id,directory_name,scientific_name,scientific_family_fk,doc_url) values (366,"","Taraxacum officinale",1,"");
insert into taxonomy (lang, taxon, searched_taxon, fleur_fk) values ("fr","Pissenlit","pissenlit",366);
insert into taxonomy (lang, taxon, searched_taxon, fleur_fk) values ("fr","Pissenlit dent-de lion","pissenlit dent-de lion",366);
insert into taxonomy (lang, taxon, searched_taxon, fleur_fk) values ("la","Taraxacum officinale","taraxacum officinale",366);
insert into taxonomy (lang, taxon, searched_taxon, fleur_fk) values ("la","Taraxacum dens-leonis","taraxacum dens-leonis",366);
insert into taxonomy (lang, taxon, searched_taxon, fleur_fk) values ("en","dandelion","dandelion",366);
insert into fleur_inflorescence (fleur_fk, inflorescence_fk) values (366,1);
insert into fleur_couleur (fleur_fk, couleur_fk) values (366,3);
insert into fleur_aspect (fleur_fk, aspect_fk) values (366,4);
insert into fleur_nb_petale (fleur_fk, nb_petale_fk) values (366,1);
insert into fleur_type_feuille (fleur_fk, type_feuille_fk) values (366,2);
insert into fleur_disposition_feuille (fleur_fk, disposition_feuille_fk) values (366,3);
insert into fleur_pilosite_tige (fleur_fk, pilosite_tige_fk) values (366,0);
insert into fleur_pilosite_feuille (fleur_fk, pilosite_feuille_fk) values (366,0);
insert into fleur (id,directory_name,scientific_name,scientific_family_fk,doc_url) values (367,"","Plantago lanceolata",53,"");
insert into taxonomy (lang, taxon, searched_taxon, fleur_fk) values ("fr","Plantain lancéolé","plantain lanceole",367);
insert into taxonomy (lang, taxon, searched_taxon, fleur_fk) values ("fr","Herbe à cinq côtes","herbe a cinq cotes",367);
insert into taxonomy (lang, taxon, searched_taxon, fleur_fk) values ("fr","Plantain étroit","plantain etroit",367);
insert into taxonomy (lang, taxon, searched_taxon, fleur_fk) values ("la","Plantago lanceolata","plantago lanceolata",367);
insert into taxonomy (lang, taxon, searched_taxon, fleur_fk) values ("en","English plantain","english plantain",367);
insert into fleur_inflorescence (fleur_fk, inflorescence_fk) values (367,0);
insert into fleur_couleur (fleur_fk, couleur_fk) values (367,0);
insert into fleur_aspect (fleur_fk, aspect_fk) values (367,6);
insert into fleur_nb_petale (fleur_fk, nb_petale_fk) values (367,2);
insert into fleur_type_feuille (fleur_fk, type_feuille_fk) values (367,3);
insert into fleur_disposition_feuille (fleur_fk, disposition_feuille_fk) values (367,3);
insert into fleur_pilosite_tige (fleur_fk, pilosite_tige_fk) values (367,1);
insert into fleur_pilosite_feuille (fleur_fk, pilosite_feuille_fk) values (367,1);
insert into fleur (id,directory_name,scientific_name,scientific_family_fk,doc_url) values (368,"","Platanthera bifolia",20,"");
insert into taxonomy (lang, taxon, searched_taxon, fleur_fk) values ("fr","Platanthère à deux feuilles","platanthere a deux feuilles",368);
insert into taxonomy (lang, taxon, searched_taxon, fleur_fk) values ("la","Platanthera bifolia","platanthera bifolia",368);
insert into taxonomy (lang, taxon, searched_taxon, fleur_fk) values ("en","lesser butterfly-orchid","lesser butterfly-orchid",368);
insert into fleur_inflorescence (fleur_fk, inflorescence_fk) values (368,0);
insert into fleur_couleur (fleur_fk, couleur_fk) values (368,0);
insert into fleur_particularite (fleur_fk, particularite_fk) values (368,6);
insert into fleur_particularite (fleur_fk, particularite_fk) values (368,2);
insert into fleur_particularite (fleur_fk, particularite_fk) values (368,5);
insert into fleur_aspect (fleur_fk, aspect_fk) values (368,2);
insert into fleur_nb_petale (fleur_fk, nb_petale_fk) values (368,3);
insert into fleur_type_feuille (fleur_fk, type_feuille_fk) values (368,3);
insert into fleur_disposition_feuille (fleur_fk, disposition_feuille_fk) values (368,0);
insert into fleur_pilosite_tige (fleur_fk, pilosite_tige_fk) values (368,0);
insert into fleur_pilosite_feuille (fleur_fk, pilosite_feuille_fk) values (368,0);
insert into fleur (id,directory_name,scientific_name,scientific_family_fk,doc_url) values (369,"","Platanthera chlorantha",20,"");
insert into taxonomy (lang, taxon, searched_taxon, fleur_fk) values ("fr","Platanthère verdâtre","platanthere verdatre",369);
insert into taxonomy (lang, taxon, searched_taxon, fleur_fk) values ("fr","Platanthère à fleurs verdâtres","platanthere a fleurs verdatres",369);
insert into taxonomy (lang, taxon, searched_taxon, fleur_fk) values ("la","Platanthera chlorantha","platanthera chlorantha",369);
insert into taxonomy (lang, taxon, searched_taxon, fleur_fk) values ("en","Greater Butterfly-orchid","greater butterfly-orchid",369);
insert into fleur_inflorescence (fleur_fk, inflorescence_fk) values (369,0);
insert into fleur_couleur (fleur_fk, couleur_fk) values (369,0);
insert into fleur_couleur (fleur_fk, couleur_fk) values (369,5);
insert into fleur_particularite (fleur_fk, particularite_fk) values (369,6);
insert into fleur_particularite (fleur_fk, particularite_fk) values (369,2);
insert into fleur_particularite (fleur_fk, particularite_fk) values (369,5);
insert into fleur_aspect (fleur_fk, aspect_fk) values (369,2);
insert into fleur_nb_petale (fleur_fk, nb_petale_fk) values (369,3);
insert into fleur_type_feuille (fleur_fk, type_feuille_fk) values (369,3);
insert into fleur_disposition_feuille (fleur_fk, disposition_feuille_fk) values (369,0);
insert into fleur_pilosite_tige (fleur_fk, pilosite_tige_fk) values (369,0);
insert into fleur_pilosite_feuille (fleur_fk, pilosite_feuille_fk) values (369,0);
insert into fleur (id,directory_name,scientific_name,scientific_family_fk,doc_url) values (370,"","Polygala vulgaris",54,"");
insert into taxonomy (lang, taxon, searched_taxon, fleur_fk) values ("fr","Polygala commun","polygala commun",370);
insert into taxonomy (lang, taxon, searched_taxon, fleur_fk) values ("fr","Polygale commun","polygale commun",370);
insert into taxonomy (lang, taxon, searched_taxon, fleur_fk) values ("la","Polygala vulgaris","polygala vulgaris",370);
insert into taxonomy (lang, taxon, searched_taxon, fleur_fk) values ("en","common milkwort","common milkwort",370);
insert into fleur_inflorescence (fleur_fk, inflorescence_fk) values (370,0);
insert into fleur_couleur (fleur_fk, couleur_fk) values (370,1);
insert into fleur_couleur (fleur_fk, couleur_fk) values (370,2);
insert into fleur_aspect (fleur_fk, aspect_fk) values (370,3);
insert into fleur_nb_petale (fleur_fk, nb_petale_fk) values (370,5);
insert into fleur_type_feuille (fleur_fk, type_feuille_fk) values (370,3);
insert into fleur_disposition_feuille (fleur_fk, disposition_feuille_fk) values (370,0);
insert into fleur_pilosite_tige (fleur_fk, pilosite_tige_fk) values (370,1);
insert into fleur_pilosite_feuille (fleur_fk, pilosite_feuille_fk) values (370,0);
insert into fleur_pilosite_feuille (fleur_fk, pilosite_feuille_fk) values (370,1);
insert into fleur (id,directory_name,scientific_name,scientific_family_fk,doc_url) values (371,"","Caltha palustris",2,"");
insert into taxonomy (lang, taxon, searched_taxon, fleur_fk) values ("fr","Populage des marais","populage des marais",371);
insert into taxonomy (lang, taxon, searched_taxon, fleur_fk) values ("fr","Souci d'eau","souci d'eau",371);
insert into taxonomy (lang, taxon, searched_taxon, fleur_fk) values ("fr","Caltha des marais","caltha des marais",371);
insert into taxonomy (lang, taxon, searched_taxon, fleur_fk) values ("la","Caltha palustris","caltha palustris",371);
insert into taxonomy (lang, taxon, searched_taxon, fleur_fk) values ("en","marsh-marigold","marsh-marigold",371);
insert into fleur_inflorescence (fleur_fk, inflorescence_fk) values (371,0);
insert into fleur_inflorescence (fleur_fk, inflorescence_fk) values (371,1);
insert into fleur_couleur (fleur_fk, couleur_fk) values (371,3);
insert into fleur_aspect (fleur_fk, aspect_fk) values (371,0);
insert into fleur_nb_petale (fleur_fk, nb_petale_fk) values (371,0);
insert into fleur_nb_petale (fleur_fk, nb_petale_fk) values (371,3);
insert into fleur_type_feuille (fleur_fk, type_feuille_fk) values (371,2);
insert into fleur_disposition_feuille (fleur_fk, disposition_feuille_fk) values (371,0);
insert into fleur_pilosite_tige (fleur_fk, pilosite_tige_fk) values (371,0);
insert into fleur_pilosite_feuille (fleur_fk, pilosite_feuille_fk) values (371,0);
insert into fleur (id,directory_name,scientific_name,scientific_family_fk,doc_url) values (372,"","Hypochaeris radicata",1,"");
insert into taxonomy (lang, taxon, searched_taxon, fleur_fk) values ("fr","Porcelle enracinée","porcelle enracinee",372);
insert into taxonomy (lang, taxon, searched_taxon, fleur_fk) values ("la","Hypochaeris radicata","hypochaeris radicata",372);
insert into taxonomy (lang, taxon, searched_taxon, fleur_fk) values ("en","catsear","catsear",372);
insert into fleur_inflorescence (fleur_fk, inflorescence_fk) values (372,1);
insert into fleur_couleur (fleur_fk, couleur_fk) values (372,3);
insert into fleur_aspect (fleur_fk, aspect_fk) values (372,4);
insert into fleur_nb_petale (fleur_fk, nb_petale_fk) values (372,1);
insert into fleur_type_feuille (fleur_fk, type_feuille_fk) values (372,2);
insert into fleur_disposition_feuille (fleur_fk, disposition_feuille_fk) values (372,3);
insert into fleur_pilosite_tige (fleur_fk, pilosite_tige_fk) values (372,0);
insert into fleur_pilosite_feuille (fleur_fk, pilosite_feuille_fk) values (372,1);
insert into fleur (id,directory_name,scientific_name,scientific_family_fk,doc_url) values (373,"","Potentilla argentea",4,"");
insert into taxonomy (lang, taxon, searched_taxon, fleur_fk) values ("fr","Potentille argentée","potentille argentee",373);
insert into taxonomy (lang, taxon, searched_taxon, fleur_fk) values ("la","Potentilla argentea","potentilla argentea",373);
insert into taxonomy (lang, taxon, searched_taxon, fleur_fk) values ("en","Hoeary Cinquefoil","hoeary cinquefoil",373);
insert into fleur_inflorescence (fleur_fk, inflorescence_fk) values (373,0);
insert into fleur_couleur (fleur_fk, couleur_fk) values (373,3);
insert into fleur_particularite (fleur_fk, particularite_fk) values (373,1);
insert into fleur_aspect (fleur_fk, aspect_fk) values (373,0);
insert into fleur_nb_petale (fleur_fk, nb_petale_fk) values (373,2);
insert into fleur_nb_petale (fleur_fk, nb_petale_fk) values (373,0);
insert into fleur_type_feuille (fleur_fk, type_feuille_fk) values (373,0);
insert into fleur_disposition_feuille (fleur_fk, disposition_feuille_fk) values (373,0);
insert into fleur_pilosite_tige (fleur_fk, pilosite_tige_fk) values (373,1);
insert into fleur_pilosite_feuille (fleur_fk, pilosite_feuille_fk) values (373,1);
insert into fleur (id,directory_name,scientific_name,scientific_family_fk,doc_url) values (374,"","Potentilla sterilis",4,"");
insert into taxonomy (lang, taxon, searched_taxon, fleur_fk) values ("fr","Potentille faux fraisier","potentille faux fraisier",374);
insert into taxonomy (lang, taxon, searched_taxon, fleur_fk) values ("fr","Potentille stérile","potentille sterile",374);
insert into taxonomy (lang, taxon, searched_taxon, fleur_fk) values ("la","Potentilla sterilis","potentilla sterilis",374);
insert into taxonomy (lang, taxon, searched_taxon, fleur_fk) values ("en","Barren Strawberry","barren strawberry",374);
insert into fleur_inflorescence (fleur_fk, inflorescence_fk) values (374,0);
insert into fleur_couleur (fleur_fk, couleur_fk) values (374,0);
insert into fleur_particularite (fleur_fk, particularite_fk) values (374,1);
insert into fleur_aspect (fleur_fk, aspect_fk) values (374,0);
insert into fleur_nb_petale (fleur_fk, nb_petale_fk) values (374,0);
insert into fleur_type_feuille (fleur_fk, type_feuille_fk) values (374,0);
insert into fleur_disposition_feuille (fleur_fk, disposition_feuille_fk) values (374,0);
insert into fleur_pilosite_tige (fleur_fk, pilosite_tige_fk) values (374,1);
insert into fleur_pilosite_feuille (fleur_fk, pilosite_feuille_fk) values (374,1);
insert into fleur (id,directory_name,scientific_name,scientific_family_fk,doc_url) values (375,"","Potentilla neumanniana",4,"");
insert into taxonomy (lang, taxon, searched_taxon, fleur_fk) values ("fr","Potentille printanière","potentille printaniere",375);
insert into taxonomy (lang, taxon, searched_taxon, fleur_fk) values ("fr","Potentille de Tabernaemontanus","potentille de tabernaemontanus",375);
insert into taxonomy (lang, taxon, searched_taxon, fleur_fk) values ("fr","Potentille de Neumann","potentille de neumann",375);
insert into taxonomy (lang, taxon, searched_taxon, fleur_fk) values ("la","Potentilla neumanniana","potentilla neumanniana",375);
insert into taxonomy (lang, taxon, searched_taxon, fleur_fk) values ("la","Potentilla verna","potentilla verna",375);
insert into taxonomy (lang, taxon, searched_taxon, fleur_fk) values ("en","spring cinquefoil","spring cinquefoil",375);
insert into fleur_inflorescence (fleur_fk, inflorescence_fk) values (375,0);
insert into fleur_couleur (fleur_fk, couleur_fk) values (375,3);
insert into fleur_particularite (fleur_fk, particularite_fk) values (375,1);
insert into fleur_aspect (fleur_fk, aspect_fk) values (375,0);
insert into fleur_nb_petale (fleur_fk, nb_petale_fk) values (375,0);
insert into fleur_type_feuille (fleur_fk, type_feuille_fk) values (375,0);
insert into fleur_disposition_feuille (fleur_fk, disposition_feuille_fk) values (375,0);
insert into fleur_pilosite_tige (fleur_fk, pilosite_tige_fk) values (375,1);
insert into fleur_pilosite_feuille (fleur_fk, pilosite_feuille_fk) values (375,1);
insert into fleur (id,directory_name,scientific_name,scientific_family_fk,doc_url) values (376,"","Potentilla reptans",4,"");
insert into taxonomy (lang, taxon, searched_taxon, fleur_fk) values ("fr","Potentille rampante","potentille rampante",376);
insert into taxonomy (lang, taxon, searched_taxon, fleur_fk) values ("fr","Quintefeuille","quintefeuille",376);
insert into taxonomy (lang, taxon, searched_taxon, fleur_fk) values ("la","Potentilla reptans","potentilla reptans",376);
insert into taxonomy (lang, taxon, searched_taxon, fleur_fk) values ("en","creeping cinquefoil","creeping cinquefoil",376);
insert into fleur_inflorescence (fleur_fk, inflorescence_fk) values (376,0);
insert into fleur_couleur (fleur_fk, couleur_fk) values (376,3);
insert into fleur_particularite (fleur_fk, particularite_fk) values (376,1);
insert into fleur_aspect (fleur_fk, aspect_fk) values (376,0);
insert into fleur_nb_petale (fleur_fk, nb_petale_fk) values (376,0);
insert into fleur_type_feuille (fleur_fk, type_feuille_fk) values (376,0);
insert into fleur_disposition_feuille (fleur_fk, disposition_feuille_fk) values (376,0);
insert into fleur_disposition_feuille (fleur_fk, disposition_feuille_fk) values (376,1);
insert into fleur_pilosite_tige (fleur_fk, pilosite_tige_fk) values (376,1);
insert into fleur_pilosite_feuille (fleur_fk, pilosite_feuille_fk) values (376,1);
insert into fleur_pilosite_feuille (fleur_fk, pilosite_feuille_fk) values (376,2);
insert into fleur (id,directory_name,scientific_name,scientific_family_fk,doc_url) values (377,"","Potentilla erecta",4,"");
insert into taxonomy (lang, taxon, searched_taxon, fleur_fk) values ("fr","Potentille tormentille","potentille tormentille",377);
insert into taxonomy (lang, taxon, searched_taxon, fleur_fk) values ("fr","Tormentille","tormentille",377);
insert into taxonomy (lang, taxon, searched_taxon, fleur_fk) values ("fr","Potentille dressée","potentille dressee",377);
insert into taxonomy (lang, taxon, searched_taxon, fleur_fk) values ("la","Potentilla erecta","potentilla erecta",377);
insert into taxonomy (lang, taxon, searched_taxon, fleur_fk) values ("en","Tormentil","tormentil",377);
insert into fleur_inflorescence (fleur_fk, inflorescence_fk) values (377,0);
insert into fleur_couleur (fleur_fk, couleur_fk) values (377,3);
insert into fleur_particularite (fleur_fk, particularite_fk) values (377,1);
insert into fleur_aspect (fleur_fk, aspect_fk) values (377,0);
insert into fleur_nb_petale (fleur_fk, nb_petale_fk) values (377,2);
insert into fleur_type_feuille (fleur_fk, type_feuille_fk) values (377,0);
insert into fleur_disposition_feuille (fleur_fk, disposition_feuille_fk) values (377,0);
insert into fleur_pilosite_tige (fleur_fk, pilosite_tige_fk) values (377,1);
insert into fleur_pilosite_feuille (fleur_fk, pilosite_feuille_fk) values (377,1);
insert into fleur (id,directory_name,scientific_name,scientific_family_fk,doc_url) values (378,"","Primula vulgaris",41,"");
insert into taxonomy (lang, taxon, searched_taxon, fleur_fk) values ("fr","Primevère acaule","primevere acaule",378);
insert into taxonomy (lang, taxon, searched_taxon, fleur_fk) values ("fr","Primevère commune","primevere commune",378);
insert into taxonomy (lang, taxon, searched_taxon, fleur_fk) values ("la","Primula vulgaris","primula vulgaris",378);
insert into taxonomy (lang, taxon, searched_taxon, fleur_fk) values ("en","primrose","primrose",378);
insert into fleur_inflorescence (fleur_fk, inflorescence_fk) values (378,1);
insert into fleur_couleur (fleur_fk, couleur_fk) values (378,0);
insert into fleur_couleur (fleur_fk, couleur_fk) values (378,3);
insert into fleur_particularite (fleur_fk, particularite_fk) values (378,1);
insert into fleur_particularite (fleur_fk, particularite_fk) values (378,5);
insert into fleur_aspect (fleur_fk, aspect_fk) values (378,6);
insert into fleur_nb_petale (fleur_fk, nb_petale_fk) values (378,0);
insert into fleur_type_feuille (fleur_fk, type_feuille_fk) values (378,2);
insert into fleur_disposition_feuille (fleur_fk, disposition_feuille_fk) values (378,3);
insert into fleur_pilosite_tige (fleur_fk, pilosite_tige_fk) values (378,1);
insert into fleur_pilosite_feuille (fleur_fk, pilosite_feuille_fk) values (378,2);
insert into fleur (id,directory_name,scientific_name,scientific_family_fk,doc_url) values (379,"","Primula elatior",41,"");
insert into taxonomy (lang, taxon, searched_taxon, fleur_fk) values ("fr","Primevère élevée","primevere elevee",379);
insert into taxonomy (lang, taxon, searched_taxon, fleur_fk) values ("fr","Coucou élevé","coucou eleve",379);
insert into taxonomy (lang, taxon, searched_taxon, fleur_fk) values ("fr","Primevère des bois","primevere des bois",379);
insert into taxonomy (lang, taxon, searched_taxon, fleur_fk) values ("la","Primula elatior","primula elatior",379);
insert into taxonomy (lang, taxon, searched_taxon, fleur_fk) values ("en","oxlip","oxlip",379);
insert into fleur_inflorescence (fleur_fk, inflorescence_fk) values (379,0);
insert into fleur_couleur (fleur_fk, couleur_fk) values (379,3);
insert into fleur_particularite (fleur_fk, particularite_fk) values (379,1);
insert into fleur_particularite (fleur_fk, particularite_fk) values (379,5);
insert into fleur_aspect (fleur_fk, aspect_fk) values (379,6);
insert into fleur_nb_petale (fleur_fk, nb_petale_fk) values (379,0);
insert into fleur_type_feuille (fleur_fk, type_feuille_fk) values (379,2);
insert into fleur_disposition_feuille (fleur_fk, disposition_feuille_fk) values (379,3);
insert into fleur_pilosite_tige (fleur_fk, pilosite_tige_fk) values (379,1);
insert into fleur_pilosite_feuille (fleur_fk, pilosite_feuille_fk) values (379,1);
insert into fleur (id,directory_name,scientific_name,scientific_family_fk,doc_url) values (380,"","Primula veris",41,"");
insert into taxonomy (lang, taxon, searched_taxon, fleur_fk) values ("fr","Primevère officinale","primevere officinale",380);
insert into taxonomy (lang, taxon, searched_taxon, fleur_fk) values ("fr","Primevère coucou","primevere coucou",380);
insert into taxonomy (lang, taxon, searched_taxon, fleur_fk) values ("fr","Coucou","coucou",380);
insert into taxonomy (lang, taxon, searched_taxon, fleur_fk) values ("la","Primula veris","primula veris",380);
insert into taxonomy (lang, taxon, searched_taxon, fleur_fk) values ("en","cowslip","cowslip",380);
insert into fleur_inflorescence (fleur_fk, inflorescence_fk) values (380,0);
insert into fleur_couleur (fleur_fk, couleur_fk) values (380,3);
insert into fleur_particularite (fleur_fk, particularite_fk) values (380,1);
insert into fleur_particularite (fleur_fk, particularite_fk) values (380,5);
insert into fleur_aspect (fleur_fk, aspect_fk) values (380,6);
insert into fleur_nb_petale (fleur_fk, nb_petale_fk) values (380,0);
insert into fleur_type_feuille (fleur_fk, type_feuille_fk) values (380,2);
insert into fleur_disposition_feuille (fleur_fk, disposition_feuille_fk) values (380,3);
insert into fleur_pilosite_tige (fleur_fk, pilosite_tige_fk) values (380,0);
insert into fleur_pilosite_feuille (fleur_fk, pilosite_feuille_fk) values (380,2);
insert into fleur (id,directory_name,scientific_name,scientific_family_fk,doc_url) values (381,"","Pulicaria vulgaris",1,"");
insert into taxonomy (lang, taxon, searched_taxon, fleur_fk) values ("fr","Pulicaire commune","pulicaire commune",381);
insert into taxonomy (lang, taxon, searched_taxon, fleur_fk) values ("la","Pulicaria vulgaris","pulicaria vulgaris",381);
insert into taxonomy (lang, taxon, searched_taxon, fleur_fk) values ("en","Small Fleabane","small fleabane",381);
insert into fleur_inflorescence (fleur_fk, inflorescence_fk) values (381,0);
insert into fleur_couleur (fleur_fk, couleur_fk) values (381,3);
insert into fleur_aspect (fleur_fk, aspect_fk) values (381,1);
insert into fleur_nb_petale (fleur_fk, nb_petale_fk) values (381,1);
insert into fleur_type_feuille (fleur_fk, type_feuille_fk) values (381,2);
insert into fleur_disposition_feuille (fleur_fk, disposition_feuille_fk) values (381,0);
insert into fleur_pilosite_tige (fleur_fk, pilosite_tige_fk) values (381,1);
insert into fleur_pilosite_feuille (fleur_fk, pilosite_feuille_fk) values (381,2);
insert into fleur (id,directory_name,scientific_name,scientific_family_fk,doc_url) values (382,"","Pulicaria dysenterica",1,"");
insert into taxonomy (lang, taxon, searched_taxon, fleur_fk) values ("fr","Pulicaire dysentérique","pulicaire dysenterique",382);
insert into taxonomy (lang, taxon, searched_taxon, fleur_fk) values ("fr","Herbe Saint-Roch","herbe saint-roch",382);
insert into taxonomy (lang, taxon, searched_taxon, fleur_fk) values ("la","Pulicaria dysenterica","pulicaria dysenterica",382);
insert into taxonomy (lang, taxon, searched_taxon, fleur_fk) values ("en","Common Fleabane","common fleabane",382);
insert into fleur_inflorescence (fleur_fk, inflorescence_fk) values (382,0);
insert into fleur_couleur (fleur_fk, couleur_fk) values (382,3);
insert into fleur_aspect (fleur_fk, aspect_fk) values (382,1);
insert into fleur_nb_petale (fleur_fk, nb_petale_fk) values (382,1);
insert into fleur_type_feuille (fleur_fk, type_feuille_fk) values (382,2);
insert into fleur_disposition_feuille (fleur_fk, disposition_feuille_fk) values (382,0);
insert into fleur_pilosite_tige (fleur_fk, pilosite_tige_fk) values (382,1);
insert into fleur_pilosite_feuille (fleur_fk, pilosite_feuille_fk) values (382,1);
insert into fleur (id,directory_name,scientific_name,scientific_family_fk,doc_url) values (383,"","Pulmonaria longifolia",14,"");
insert into taxonomy (lang, taxon, searched_taxon, fleur_fk) values ("fr","Pulmonaire à feuilles longues","pulmonaire a feuilles longues",383);
insert into taxonomy (lang, taxon, searched_taxon, fleur_fk) values ("la","Pulmonaria longifolia","pulmonaria longifolia",383);
insert into taxonomy (lang, taxon, searched_taxon, fleur_fk) values ("en","Narrow-leaved Lungwort","narrow-leaved lungwort",383);
insert into fleur_inflorescence (fleur_fk, inflorescence_fk) values (383,0);
insert into fleur_couleur (fleur_fk, couleur_fk) values (383,1);
insert into fleur_couleur (fleur_fk, couleur_fk) values (383,2);
insert into fleur_aspect (fleur_fk, aspect_fk) values (383,6);
insert into fleur_nb_petale (fleur_fk, nb_petale_fk) values (383,0);
insert into fleur_type_feuille (fleur_fk, type_feuille_fk) values (383,3);
insert into fleur_disposition_feuille (fleur_fk, disposition_feuille_fk) values (383,0);
insert into fleur_pilosite_tige (fleur_fk, pilosite_tige_fk) values (383,1);
insert into fleur_pilosite_feuille (fleur_fk, pilosite_feuille_fk) values (383,1);
insert into fleur (id,directory_name,scientific_name,scientific_family_fk,doc_url) values (384,"","Raphanus raphanistrum",7,"");
insert into taxonomy (lang, taxon, searched_taxon, fleur_fk) values ("fr","Radis ravenelle","radis ravenelle",384);
insert into taxonomy (lang, taxon, searched_taxon, fleur_fk) values ("fr","Ravenelle","ravenelle",384);
insert into taxonomy (lang, taxon, searched_taxon, fleur_fk) values ("fr","Radis sauvage","radis sauvage",384);
insert into taxonomy (lang, taxon, searched_taxon, fleur_fk) values ("la","Raphanus raphanistrum","raphanus raphanistrum",384);
insert into taxonomy (lang, taxon, searched_taxon, fleur_fk) values ("en","wild radish","wild radish",384);
insert into fleur_inflorescence (fleur_fk, inflorescence_fk) values (384,0);
insert into fleur_couleur (fleur_fk, couleur_fk) values (384,3);
insert into fleur_couleur (fleur_fk, couleur_fk) values (384,0);
insert into fleur_particularite (fleur_fk, particularite_fk) values (384,5);
insert into fleur_aspect (fleur_fk, aspect_fk) values (384,0);
insert into fleur_nb_petale (fleur_fk, nb_petale_fk) values (384,2);
insert into fleur_type_feuille (fleur_fk, type_feuille_fk) values (384,0);
insert into fleur_disposition_feuille (fleur_fk, disposition_feuille_fk) values (384,0);
insert into fleur_pilosite_tige (fleur_fk, pilosite_tige_fk) values (384,0);
insert into fleur_pilosite_feuille (fleur_fk, pilosite_feuille_fk) values (384,2);
insert into fleur (id,directory_name,scientific_name,scientific_family_fk,doc_url) values (385,"","Ranunculus ophioglossifolius",2,"");
insert into taxonomy (lang, taxon, searched_taxon, fleur_fk) values ("fr","Renoncule à feuilles d'ophioglosse","renoncule a feuilles d'ophioglosse",385);
insert into taxonomy (lang, taxon, searched_taxon, fleur_fk) values ("la","Ranunculus ophioglossifolius","ranunculus ophioglossifolius",385);
insert into taxonomy (lang, taxon, searched_taxon, fleur_fk) values ("en","adder's-tongue spearwort","adder's-tongue spearwort",385);
insert into fleur_inflorescence (fleur_fk, inflorescence_fk) values (385,1);
insert into fleur_couleur (fleur_fk, couleur_fk) values (385,3);
insert into fleur_aspect (fleur_fk, aspect_fk) values (385,0);
insert into fleur_nb_petale (fleur_fk, nb_petale_fk) values (385,0);
insert into fleur_type_feuille (fleur_fk, type_feuille_fk) values (385,3);
insert into fleur_disposition_feuille (fleur_fk, disposition_feuille_fk) values (385,0);
insert into fleur_pilosite_tige (fleur_fk, pilosite_tige_fk) values (385,1);
insert into fleur_pilosite_feuille (fleur_fk, pilosite_feuille_fk) values (385,0);
insert into fleur_pilosite_feuille (fleur_fk, pilosite_feuille_fk) values (385,1);
insert into fleur (id,directory_name,scientific_name,scientific_family_fk,doc_url) values (386,"","Ranunculus acris",2,"");
insert into taxonomy (lang, taxon, searched_taxon, fleur_fk) values ("fr","Renoncule âcre","renoncule acre",386);
insert into taxonomy (lang, taxon, searched_taxon, fleur_fk) values ("fr","Bouton d'or","bouton d'or",386);
insert into taxonomy (lang, taxon, searched_taxon, fleur_fk) values ("la","Ranunculus acris","ranunculus acris",386);
insert into taxonomy (lang, taxon, searched_taxon, fleur_fk) values ("en","meadow buttercup","meadow buttercup",386);
insert into fleur_inflorescence (fleur_fk, inflorescence_fk) values (386,0);
insert into fleur_inflorescence (fleur_fk, inflorescence_fk) values (386,1);
insert into fleur_couleur (fleur_fk, couleur_fk) values (386,3);
insert into fleur_aspect (fleur_fk, aspect_fk) values (386,0);
insert into fleur_nb_petale (fleur_fk, nb_petale_fk) values (386,0);
insert into fleur_type_feuille (fleur_fk, type_feuille_fk) values (386,1);
insert into fleur_disposition_feuille (fleur_fk, disposition_feuille_fk) values (386,0);
insert into fleur_pilosite_tige (fleur_fk, pilosite_tige_fk) values (386,1);
insert into fleur_pilosite_feuille (fleur_fk, pilosite_feuille_fk) values (386,1);
insert into fleur_pilosite_feuille (fleur_fk, pilosite_feuille_fk) values (386,2);
insert into fleur (id,directory_name,scientific_name,scientific_family_fk,doc_url) values (387,"","Ranunculus bulbosus",2,"");
insert into taxonomy (lang, taxon, searched_taxon, fleur_fk) values ("fr","Renoncule bulbeuse","renoncule bulbeuse",387);
insert into taxonomy (lang, taxon, searched_taxon, fleur_fk) values ("fr","Rave de saint Antoine","rave de saint antoine",387);
insert into taxonomy (lang, taxon, searched_taxon, fleur_fk) values ("la","Ranunculus bulbosus","ranunculus bulbosus",387);
insert into taxonomy (lang, taxon, searched_taxon, fleur_fk) values ("en","St Anthony's turnip","st anthony's turnip",387);
insert into fleur_inflorescence (fleur_fk, inflorescence_fk) values (387,1);
insert into fleur_couleur (fleur_fk, couleur_fk) values (387,3);
insert into fleur_aspect (fleur_fk, aspect_fk) values (387,0);
insert into fleur_nb_petale (fleur_fk, nb_petale_fk) values (387,0);
insert into fleur_type_feuille (fleur_fk, type_feuille_fk) values (387,0);
insert into fleur_disposition_feuille (fleur_fk, disposition_feuille_fk) values (387,0);
insert into fleur_pilosite_tige (fleur_fk, pilosite_tige_fk) values (387,1);
insert into fleur_pilosite_feuille (fleur_fk, pilosite_feuille_fk) values (387,0);
insert into fleur_pilosite_feuille (fleur_fk, pilosite_feuille_fk) values (387,2);
insert into fleur (id,directory_name,scientific_name,scientific_family_fk,doc_url) values (388,"","Ranunculus flammula",2,"");
insert into taxonomy (lang, taxon, searched_taxon, fleur_fk) values ("fr","Renoncule flammette","renoncule flammette",388);
insert into taxonomy (lang, taxon, searched_taxon, fleur_fk) values ("la","Ranunculus flammula","ranunculus flammula",388);
insert into taxonomy (lang, taxon, searched_taxon, fleur_fk) values ("en","lesser spearwort","lesser spearwort",388);
insert into fleur_inflorescence (fleur_fk, inflorescence_fk) values (388,1);
insert into fleur_couleur (fleur_fk, couleur_fk) values (388,3);
insert into fleur_aspect (fleur_fk, aspect_fk) values (388,0);
insert into fleur_nb_petale (fleur_fk, nb_petale_fk) values (388,0);
insert into fleur_type_feuille (fleur_fk, type_feuille_fk) values (388,3);
insert into fleur_disposition_feuille (fleur_fk, disposition_feuille_fk) values (388,0);
insert into fleur_pilosite_tige (fleur_fk, pilosite_tige_fk) values (388,0);
insert into fleur_pilosite_tige (fleur_fk, pilosite_tige_fk) values (388,1);
insert into fleur_pilosite_feuille (fleur_fk, pilosite_feuille_fk) values (388,0);
insert into fleur (id,directory_name,scientific_name,scientific_family_fk,doc_url) values (389,"","Ranunculus repens",2,"");
insert into taxonomy (lang, taxon, searched_taxon, fleur_fk) values ("fr","Renoncule rampante","renoncule rampante",389);
insert into taxonomy (lang, taxon, searched_taxon, fleur_fk) values ("la","Ranunculus repens","ranunculus repens",389);
insert into taxonomy (lang, taxon, searched_taxon, fleur_fk) values ("en","creeping buttercup","creeping buttercup",389);
insert into fleur_inflorescence (fleur_fk, inflorescence_fk) values (389,1);
insert into fleur_couleur (fleur_fk, couleur_fk) values (389,3);
insert into fleur_aspect (fleur_fk, aspect_fk) values (389,0);
insert into fleur_nb_petale (fleur_fk, nb_petale_fk) values (389,0);
insert into fleur_type_feuille (fleur_fk, type_feuille_fk) values (389,0);
insert into fleur_disposition_feuille (fleur_fk, disposition_feuille_fk) values (389,3);
insert into fleur_pilosite_tige (fleur_fk, pilosite_tige_fk) values (389,1);
insert into fleur_pilosite_feuille (fleur_fk, pilosite_feuille_fk) values (389,0);
insert into fleur_pilosite_feuille (fleur_fk, pilosite_feuille_fk) values (389,2);
insert into fleur (id,directory_name,scientific_name,scientific_family_fk,doc_url) values (390,"","Ranunculus sardous",2,"");
insert into taxonomy (lang, taxon, searched_taxon, fleur_fk) values ("fr","Renoncule sarde","renoncule sarde",390);
insert into taxonomy (lang, taxon, searched_taxon, fleur_fk) values ("fr","Sardonie","sardonie",390);
insert into taxonomy (lang, taxon, searched_taxon, fleur_fk) values ("la","Ranunculus sardous","ranunculus sardous",390);
insert into taxonomy (lang, taxon, searched_taxon, fleur_fk) values ("en","hairy buttercup","hairy buttercup",390);
insert into fleur_inflorescence (fleur_fk, inflorescence_fk) values (390,0);
insert into fleur_couleur (fleur_fk, couleur_fk) values (390,3);
insert into fleur_aspect (fleur_fk, aspect_fk) values (390,0);
insert into fleur_nb_petale (fleur_fk, nb_petale_fk) values (390,0);
insert into fleur_nb_petale (fleur_fk, nb_petale_fk) values (390,3);
insert into fleur_type_feuille (fleur_fk, type_feuille_fk) values (390,1);
insert into fleur_type_feuille (fleur_fk, type_feuille_fk) values (390,0);
insert into fleur_disposition_feuille (fleur_fk, disposition_feuille_fk) values (390,0);
insert into fleur_pilosite_tige (fleur_fk, pilosite_tige_fk) values (390,1);
insert into fleur_pilosite_feuille (fleur_fk, pilosite_feuille_fk) values (390,1);
insert into fleur (id,directory_name,scientific_name,scientific_family_fk,doc_url) values (391,"","Ranunculus auricomus",2,"");
insert into taxonomy (lang, taxon, searched_taxon, fleur_fk) values ("fr","Renoncule tête d'or","renoncule tete d'or",391);
insert into taxonomy (lang, taxon, searched_taxon, fleur_fk) values ("la","Ranunculus auricomus","ranunculus auricomus",391);
insert into taxonomy (lang, taxon, searched_taxon, fleur_fk) values ("en","Goldilocks Buttercup","goldilocks buttercup",391);
insert into fleur_inflorescence (fleur_fk, inflorescence_fk) values (391,1);
insert into fleur_couleur (fleur_fk, couleur_fk) values (391,3);
insert into fleur_aspect (fleur_fk, aspect_fk) values (391,0);
insert into fleur_nb_petale (fleur_fk, nb_petale_fk) values (391,0);
insert into fleur_type_feuille (fleur_fk, type_feuille_fk) values (391,2);
insert into fleur_disposition_feuille (fleur_fk, disposition_feuille_fk) values (391,0);
insert into fleur_pilosite_tige (fleur_fk, pilosite_tige_fk) values (391,1);
insert into fleur_pilosite_feuille (fleur_fk, pilosite_feuille_fk) values (391,0);
insert into fleur_pilosite_feuille (fleur_fk, pilosite_feuille_fk) values (391,2);
insert into fleur (id,directory_name,scientific_name,scientific_family_fk,doc_url) values (392,"","Polygonum aviculare",48,"");
insert into taxonomy (lang, taxon, searched_taxon, fleur_fk) values ("fr","Renouée des oiseaux","renouee des oiseaux",392);
insert into taxonomy (lang, taxon, searched_taxon, fleur_fk) values ("fr","Trainasse","trainasse",392);
insert into taxonomy (lang, taxon, searched_taxon, fleur_fk) values ("la","Polygonum aviculare","polygonum aviculare",392);
insert into taxonomy (lang, taxon, searched_taxon, fleur_fk) values ("en","common knotgrass","common knotgrass",392);
insert into fleur_inflorescence (fleur_fk, inflorescence_fk) values (392,0);
insert into fleur_couleur (fleur_fk, couleur_fk) values (392,0);
insert into fleur_aspect (fleur_fk, aspect_fk) values (392,0);
insert into fleur_nb_petale (fleur_fk, nb_petale_fk) values (392,0);
insert into fleur_type_feuille (fleur_fk, type_feuille_fk) values (392,3);
insert into fleur_disposition_feuille (fleur_fk, disposition_feuille_fk) values (392,0);
insert into fleur_pilosite_tige (fleur_fk, pilosite_tige_fk) values (392,0);
insert into fleur_pilosite_feuille (fleur_fk, pilosite_feuille_fk) values (392,0);
insert into fleur (id,directory_name,scientific_name,scientific_family_fk,doc_url) values (393,"","Reynoutria japonica",48,"");
insert into taxonomy (lang, taxon, searched_taxon, fleur_fk) values ("fr","Renouée du Japon","renouee du japon",393);
insert into taxonomy (lang, taxon, searched_taxon, fleur_fk) values ("fr","Reynoutre du Japon","reynoutre du japon",393);
insert into taxonomy (lang, taxon, searched_taxon, fleur_fk) values ("fr","Renouée à feuilles pointues","renouee a feuilles pointues",393);
insert into taxonomy (lang, taxon, searched_taxon, fleur_fk) values ("la","Reynoutria japonica","reynoutria japonica",393);
insert into taxonomy (lang, taxon, searched_taxon, fleur_fk) values ("la","Fallopia japonica","fallopia japonica",393);
insert into taxonomy (lang, taxon, searched_taxon, fleur_fk) values ("en","Japanese knotweed","japanese knotweed",393);
insert into fleur_inflorescence (fleur_fk, inflorescence_fk) values (393,0);
insert into fleur_couleur (fleur_fk, couleur_fk) values (393,0);
insert into fleur_particularite (fleur_fk, particularite_fk) values (393,5);
insert into fleur_aspect (fleur_fk, aspect_fk) values (393,0);
insert into fleur_aspect (fleur_fk, aspect_fk) values (393,6);
insert into fleur_nb_petale (fleur_fk, nb_petale_fk) values (393,0);
insert into fleur_type_feuille (fleur_fk, type_feuille_fk) values (393,3);
insert into fleur_disposition_feuille (fleur_fk, disposition_feuille_fk) values (393,0);
insert into fleur_pilosite_tige (fleur_fk, pilosite_tige_fk) values (393,0);
insert into fleur_pilosite_feuille (fleur_fk, pilosite_feuille_fk) values (393,0);
insert into fleur (id,directory_name,scientific_name,scientific_family_fk,doc_url) values (394,"","Polygonum persicaria",48,"");
insert into taxonomy (lang, taxon, searched_taxon, fleur_fk) values ("fr","Renouée persicaire","renouee persicaire",394);
insert into taxonomy (lang, taxon, searched_taxon, fleur_fk) values ("fr","Pied rouge","pied rouge",394);
insert into taxonomy (lang, taxon, searched_taxon, fleur_fk) values ("fr","Persicaire","persicaire",394);
insert into taxonomy (lang, taxon, searched_taxon, fleur_fk) values ("la","Polygonum persicaria","polygonum persicaria",394);
insert into taxonomy (lang, taxon, searched_taxon, fleur_fk) values ("en","lady's thumb","lady's thumb",394);
insert into fleur_inflorescence (fleur_fk, inflorescence_fk) values (394,0);
insert into fleur_couleur (fleur_fk, couleur_fk) values (394,0);
insert into fleur_couleur (fleur_fk, couleur_fk) values (394,1);
insert into fleur_aspect (fleur_fk, aspect_fk) values (394,0);
insert into fleur_nb_petale (fleur_fk, nb_petale_fk) values (394,0);
insert into fleur_type_feuille (fleur_fk, type_feuille_fk) values (394,3);
insert into fleur_disposition_feuille (fleur_fk, disposition_feuille_fk) values (394,0);
insert into fleur_pilosite_tige (fleur_fk, pilosite_tige_fk) values (394,0);
insert into fleur_pilosite_tige (fleur_fk, pilosite_tige_fk) values (394,1);
insert into fleur_pilosite_feuille (fleur_fk, pilosite_feuille_fk) values (394,2);
insert into fleur (id,directory_name,scientific_name,scientific_family_fk,doc_url) values (395,"","Reseda luteola",55,"");
insert into taxonomy (lang, taxon, searched_taxon, fleur_fk) values ("fr","Réséda jaunâtre","reseda jaunatre",395);
insert into taxonomy (lang, taxon, searched_taxon, fleur_fk) values ("fr","Gaude","gaude",395);
insert into taxonomy (lang, taxon, searched_taxon, fleur_fk) values ("fr","Réséda des teinturiers","reseda des teinturiers",395);
insert into taxonomy (lang, taxon, searched_taxon, fleur_fk) values ("la","Reseda luteola","reseda luteola",395);
insert into taxonomy (lang, taxon, searched_taxon, fleur_fk) values ("en","dyer's rocket","dyer's rocket",395);
insert into fleur_inflorescence (fleur_fk, inflorescence_fk) values (395,0);
insert into fleur_couleur (fleur_fk, couleur_fk) values (395,3);
insert into fleur_couleur (fleur_fk, couleur_fk) values (395,5);
insert into fleur_aspect (fleur_fk, aspect_fk) values (395,2);
insert into fleur_nb_petale (fleur_fk, nb_petale_fk) values (395,2);
insert into fleur_type_feuille (fleur_fk, type_feuille_fk) values (395,3);
insert into fleur_disposition_feuille (fleur_fk, disposition_feuille_fk) values (395,0);
insert into fleur_pilosite_tige (fleur_fk, pilosite_tige_fk) values (395,0);
insert into fleur_pilosite_feuille (fleur_fk, pilosite_feuille_fk) values (395,0);
insert into fleur (id,directory_name,scientific_name,scientific_family_fk,doc_url) values (396,"","Reseda lutea",55,"");
insert into taxonomy (lang, taxon, searched_taxon, fleur_fk) values ("fr","Réséda jaune","reseda jaune",396);
insert into taxonomy (lang, taxon, searched_taxon, fleur_fk) values ("fr","Réséda bâtard","reseda batard",396);
insert into taxonomy (lang, taxon, searched_taxon, fleur_fk) values ("fr","Réséda sauvage","reseda sauvage",396);
insert into taxonomy (lang, taxon, searched_taxon, fleur_fk) values ("la","Reseda lutea","reseda lutea",396);
insert into taxonomy (lang, taxon, searched_taxon, fleur_fk) values ("en","wild mignonette","wild mignonette",396);
insert into fleur_inflorescence (fleur_fk, inflorescence_fk) values (396,0);
insert into fleur_couleur (fleur_fk, couleur_fk) values (396,3);
insert into fleur_couleur (fleur_fk, couleur_fk) values (396,0);
insert into fleur_aspect (fleur_fk, aspect_fk) values (396,2);
insert into fleur_nb_petale (fleur_fk, nb_petale_fk) values (396,2);
insert into fleur_type_feuille (fleur_fk, type_feuille_fk) values (396,1);
insert into fleur_disposition_feuille (fleur_fk, disposition_feuille_fk) values (396,0);
insert into fleur_pilosite_tige (fleur_fk, pilosite_tige_fk) values (396,0);
insert into fleur_pilosite_feuille (fleur_fk, pilosite_feuille_fk) values (396,0);
insert into fleur (id,directory_name,scientific_name,scientific_family_fk,doc_url) values (397,"","Rhinanthus minor",27,"");
insert into taxonomy (lang, taxon, searched_taxon, fleur_fk) values ("fr","Rhinanthe à petites fleurs","rhinanthe a petites fleurs",397);
insert into taxonomy (lang, taxon, searched_taxon, fleur_fk) values ("fr","Petit rhinante","petit rhinante",397);
insert into taxonomy (lang, taxon, searched_taxon, fleur_fk) values ("fr","Petite cocriste","petite cocriste",397);
insert into taxonomy (lang, taxon, searched_taxon, fleur_fk) values ("la","Rhinanthus minor","rhinanthus minor",397);
insert into taxonomy (lang, taxon, searched_taxon, fleur_fk) values ("en","Yellow rattle","yellow rattle",397);
insert into fleur_inflorescence (fleur_fk, inflorescence_fk) values (397,0);
insert into fleur_couleur (fleur_fk, couleur_fk) values (397,3);
insert into fleur_aspect (fleur_fk, aspect_fk) values (397,3);
insert into fleur_nb_petale (fleur_fk, nb_petale_fk) values (397,0);
insert into fleur_type_feuille (fleur_fk, type_feuille_fk) values (397,2);
insert into fleur_disposition_feuille (fleur_fk, disposition_feuille_fk) values (397,1);
insert into fleur_pilosite_tige (fleur_fk, pilosite_tige_fk) values (397,0);
insert into fleur_pilosite_feuille (fleur_fk, pilosite_feuille_fk) values (397,0);
insert into fleur (id,directory_name,scientific_name,scientific_family_fk,doc_url) values (398,"","Rhinanthus alectorolophus",27,"");
insert into taxonomy (lang, taxon, searched_taxon, fleur_fk) values ("fr","Rhinanthe velu","rhinanthe velu",398);
insert into taxonomy (lang, taxon, searched_taxon, fleur_fk) values ("fr","Rhinanthe crête-de-coq","rhinanthe crete-de-coq",398);
insert into taxonomy (lang, taxon, searched_taxon, fleur_fk) values ("la","Rhinanthus alectorolophus","rhinanthus alectorolophus",398);
insert into taxonomy (lang, taxon, searched_taxon, fleur_fk) values ("en","Greater Yellow Rattle","greater yellow rattle",398);
insert into fleur_inflorescence (fleur_fk, inflorescence_fk) values (398,0);
insert into fleur_couleur (fleur_fk, couleur_fk) values (398,3);
insert into fleur_particularite (fleur_fk, particularite_fk) values (398,5);
insert into fleur_aspect (fleur_fk, aspect_fk) values (398,3);
insert into fleur_nb_petale (fleur_fk, nb_petale_fk) values (398,0);
insert into fleur_type_feuille (fleur_fk, type_feuille_fk) values (398,2);
insert into fleur_disposition_feuille (fleur_fk, disposition_feuille_fk) values (398,1);
insert into fleur_pilosite_tige (fleur_fk, pilosite_tige_fk) values (398,1);
insert into fleur_pilosite_feuille (fleur_fk, pilosite_feuille_fk) values (398,1);
insert into fleur (id,directory_name,scientific_name,scientific_family_fk,doc_url) values (399,"","Rorippa amphibia",7,"");
insert into taxonomy (lang, taxon, searched_taxon, fleur_fk) values ("fr","Rorippe amphibie","rorippe amphibie",399);
insert into taxonomy (lang, taxon, searched_taxon, fleur_fk) values ("fr","Cresson amphibie","cresson amphibie",399);
insert into taxonomy (lang, taxon, searched_taxon, fleur_fk) values ("la","Rorippa amphibia","rorippa amphibia",399);
insert into taxonomy (lang, taxon, searched_taxon, fleur_fk) values ("en","great yellowcress","great yellowcress",399);
insert into fleur_inflorescence (fleur_fk, inflorescence_fk) values (399,0);
insert into fleur_couleur (fleur_fk, couleur_fk) values (399,3);
insert into fleur_aspect (fleur_fk, aspect_fk) values (399,0);
insert into fleur_nb_petale (fleur_fk, nb_petale_fk) values (399,2);
insert into fleur_type_feuille (fleur_fk, type_feuille_fk) values (399,1);
insert into fleur_type_feuille (fleur_fk, type_feuille_fk) values (399,3);
insert into fleur_disposition_feuille (fleur_fk, disposition_feuille_fk) values (399,0);
insert into fleur_pilosite_tige (fleur_fk, pilosite_tige_fk) values (399,0);
insert into fleur_pilosite_tige (fleur_fk, pilosite_tige_fk) values (399,1);
insert into fleur_pilosite_feuille (fleur_fk, pilosite_feuille_fk) values (399,0);
insert into fleur (id,directory_name,scientific_name,scientific_family_fk,doc_url) values (400,"","Rorippa sylvestris",7,"");
insert into taxonomy (lang, taxon, searched_taxon, fleur_fk) values ("fr","Rorippe des bois","rorippe des bois",400);
insert into taxonomy (lang, taxon, searched_taxon, fleur_fk) values ("fr","Rorippe sylvestre","rorippe sylvestre",400);
insert into taxonomy (lang, taxon, searched_taxon, fleur_fk) values ("fr","Cresson des bois","cresson des bois",400);
insert into taxonomy (lang, taxon, searched_taxon, fleur_fk) values ("la","Rorippa sylvestris","rorippa sylvestris",400);
insert into taxonomy (lang, taxon, searched_taxon, fleur_fk) values ("en","Creeping Yellowcress","creeping yellowcress",400);
insert into fleur_inflorescence (fleur_fk, inflorescence_fk) values (400,0);
insert into fleur_couleur (fleur_fk, couleur_fk) values (400,3);
insert into fleur_aspect (fleur_fk, aspect_fk) values (400,0);
insert into fleur_nb_petale (fleur_fk, nb_petale_fk) values (400,2);
insert into fleur_type_feuille (fleur_fk, type_feuille_fk) values (400,1);
insert into fleur_type_feuille (fleur_fk, type_feuille_fk) values (400,0);
insert into fleur_disposition_feuille (fleur_fk, disposition_feuille_fk) values (400,0);
insert into fleur_pilosite_tige (fleur_fk, pilosite_tige_fk) values (400,0);
insert into fleur_pilosite_tige (fleur_fk, pilosite_tige_fk) values (400,1);
insert into fleur_pilosite_feuille (fleur_fk, pilosite_feuille_fk) values (400,0);
insert into fleur (id,directory_name,scientific_name,scientific_family_fk,doc_url) values (401,"","Rorippa palustris",7,"");
insert into taxonomy (lang, taxon, searched_taxon, fleur_fk) values ("fr","Rorippe des marais","rorippe des marais",401);
insert into taxonomy (lang, taxon, searched_taxon, fleur_fk) values ("fr","Cresson des marais","cresson des marais",401);
insert into taxonomy (lang, taxon, searched_taxon, fleur_fk) values ("la","Rorippa palustris","rorippa palustris",401);
insert into taxonomy (lang, taxon, searched_taxon, fleur_fk) values ("en","bog yellowcress","bog yellowcress",401);
insert into fleur_inflorescence (fleur_fk, inflorescence_fk) values (401,0);
insert into fleur_couleur (fleur_fk, couleur_fk) values (401,3);
insert into fleur_aspect (fleur_fk, aspect_fk) values (401,0);
insert into fleur_nb_petale (fleur_fk, nb_petale_fk) values (401,2);
insert into fleur_type_feuille (fleur_fk, type_feuille_fk) values (401,1);
insert into fleur_disposition_feuille (fleur_fk, disposition_feuille_fk) values (401,0);
insert into fleur_pilosite_tige (fleur_fk, pilosite_tige_fk) values (401,1);
insert into fleur_pilosite_feuille (fleur_fk, pilosite_feuille_fk) values (401,2);
insert into fleur (id,directory_name,scientific_name,scientific_family_fk,doc_url) values (402,"","Rorippa stylosa",7,"");
insert into taxonomy (lang, taxon, searched_taxon, fleur_fk) values ("fr","Rorippe des Pyrénées","rorippe des pyrenees",402);
insert into taxonomy (lang, taxon, searched_taxon, fleur_fk) values ("fr","Cresson des Pyrénées","cresson des pyrenees",402);
insert into taxonomy (lang, taxon, searched_taxon, fleur_fk) values ("la","Rorippa stylosa","rorippa stylosa",402);
insert into fleur_inflorescence (fleur_fk, inflorescence_fk) values (402,0);
insert into fleur_couleur (fleur_fk, couleur_fk) values (402,3);
insert into fleur_aspect (fleur_fk, aspect_fk) values (402,0);
insert into fleur_nb_petale (fleur_fk, nb_petale_fk) values (402,2);
insert into fleur_type_feuille (fleur_fk, type_feuille_fk) values (402,1);
insert into fleur_type_feuille (fleur_fk, type_feuille_fk) values (402,0);
insert into fleur_disposition_feuille (fleur_fk, disposition_feuille_fk) values (402,0);
insert into fleur_pilosite_tige (fleur_fk, pilosite_tige_fk) values (402,1);
insert into fleur_pilosite_feuille (fleur_fk, pilosite_feuille_fk) values (402,0);
insert into fleur_pilosite_feuille (fleur_fk, pilosite_feuille_fk) values (402,1);
insert into fleur (id,directory_name,scientific_name,scientific_family_fk,doc_url) values (403,"","Onobrychis viciifolia",12,"");
insert into taxonomy (lang, taxon, searched_taxon, fleur_fk) values ("fr","Sainfoin","sainfoin",403);
insert into taxonomy (lang, taxon, searched_taxon, fleur_fk) values ("fr","Sainfoin à feuilles de vesce","sainfoin a feuilles de vesce",403);
insert into taxonomy (lang, taxon, searched_taxon, fleur_fk) values ("fr","Esparcette","esparcette",403);
insert into taxonomy (lang, taxon, searched_taxon, fleur_fk) values ("la","Onobrychis viciifolia","onobrychis viciifolia",403);
insert into taxonomy (lang, taxon, searched_taxon, fleur_fk) values ("en","common sainfoin","common sainfoin",403);
insert into fleur_inflorescence (fleur_fk, inflorescence_fk) values (403,0);
insert into fleur_couleur (fleur_fk, couleur_fk) values (403,1);
insert into fleur_particularite (fleur_fk, particularite_fk) values (403,4);
insert into fleur_particularite (fleur_fk, particularite_fk) values (403,5);
insert into fleur_aspect (fleur_fk, aspect_fk) values (403,2);
insert into fleur_nb_petale (fleur_fk, nb_petale_fk) values (403,0);
insert into fleur_type_feuille (fleur_fk, type_feuille_fk) values (403,0);
insert into fleur_disposition_feuille (fleur_fk, disposition_feuille_fk) values (403,0);
insert into fleur_pilosite_tige (fleur_fk, pilosite_tige_fk) values (403,1);
insert into fleur_pilosite_feuille (fleur_fk, pilosite_feuille_fk) values (403,2);
insert into fleur (id,directory_name,scientific_name,scientific_family_fk,doc_url) values (404,"","Tragopogon pratensis",1,"");
insert into taxonomy (lang, taxon, searched_taxon, fleur_fk) values ("fr","Salsifis des prés","salsifis des pres",404);
insert into taxonomy (lang, taxon, searched_taxon, fleur_fk) values ("la","Tragopogon pratensis","tragopogon pratensis",404);
insert into taxonomy (lang, taxon, searched_taxon, fleur_fk) values ("en","Meadow Salsify","meadow salsify",404);
insert into fleur_inflorescence (fleur_fk, inflorescence_fk) values (404,1);
insert into fleur_couleur (fleur_fk, couleur_fk) values (404,3);
insert into fleur_aspect (fleur_fk, aspect_fk) values (404,4);
insert into fleur_nb_petale (fleur_fk, nb_petale_fk) values (404,1);
insert into fleur_type_feuille (fleur_fk, type_feuille_fk) values (404,3);
insert into fleur_disposition_feuille (fleur_fk, disposition_feuille_fk) values (404,0);
insert into fleur_pilosite_tige (fleur_fk, pilosite_tige_fk) values (404,0);
insert into fleur_pilosite_feuille (fleur_fk, pilosite_feuille_fk) values (404,0);
insert into fleur (id,directory_name,scientific_name,scientific_family_fk,doc_url) values (405,"","Sanicula europaea",0,"");
insert into taxonomy (lang, taxon, searched_taxon, fleur_fk) values ("fr","Sanicle","sanicle",405);
insert into taxonomy (lang, taxon, searched_taxon, fleur_fk) values ("fr","Herbe de Saint-Laurent","herbe de saint-laurent",405);
insert into taxonomy (lang, taxon, searched_taxon, fleur_fk) values ("la","Sanicula europaea","sanicula europaea",405);
insert into taxonomy (lang, taxon, searched_taxon, fleur_fk) values ("en","sanicle","sanicle",405);
insert into fleur_inflorescence (fleur_fk, inflorescence_fk) values (405,0);
insert into fleur_couleur (fleur_fk, couleur_fk) values (405,0);
insert into fleur_aspect (fleur_fk, aspect_fk) values (405,0);
insert into fleur_nb_petale (fleur_fk, nb_petale_fk) values (405,0);
insert into fleur_type_feuille (fleur_fk, type_feuille_fk) values (405,1);
insert into fleur_disposition_feuille (fleur_fk, disposition_feuille_fk) values (405,3);
insert into fleur_pilosite_tige (fleur_fk, pilosite_tige_fk) values (405,0);
insert into fleur_pilosite_feuille (fleur_fk, pilosite_feuille_fk) values (405,0);
insert into fleur (id,directory_name,scientific_name,scientific_family_fk,doc_url) values (406,"","Saponaria officinalis",21,"");
insert into taxonomy (lang, taxon, searched_taxon, fleur_fk) values ("fr","Saponaire officinale","saponaire officinale",406);
insert into taxonomy (lang, taxon, searched_taxon, fleur_fk) values ("la","Saponaria officinalis","saponaria officinalis",406);
insert into taxonomy (lang, taxon, searched_taxon, fleur_fk) values ("en","common soapwort","common soapwort",406);
insert into fleur_inflorescence (fleur_fk, inflorescence_fk) values (406,0);
insert into fleur_couleur (fleur_fk, couleur_fk) values (406,1);
insert into fleur_aspect (fleur_fk, aspect_fk) values (406,0);
insert into fleur_nb_petale (fleur_fk, nb_petale_fk) values (406,0);
insert into fleur_type_feuille (fleur_fk, type_feuille_fk) values (406,3);
insert into fleur_disposition_feuille (fleur_fk, disposition_feuille_fk) values (406,1);
insert into fleur_pilosite_tige (fleur_fk, pilosite_tige_fk) values (406,0);
insert into fleur_pilosite_tige (fleur_fk, pilosite_tige_fk) values (406,1);
insert into fleur_pilosite_feuille (fleur_fk, pilosite_feuille_fk) values (406,0);
insert into fleur (id,directory_name,scientific_name,scientific_family_fk,doc_url) values (407,"","Salvia pratensis",3,"");
insert into taxonomy (lang, taxon, searched_taxon, fleur_fk) values ("fr","Sauge des prés","sauge des pres",407);
insert into taxonomy (lang, taxon, searched_taxon, fleur_fk) values ("fr","Sauge commune","sauge commune",407);
insert into taxonomy (lang, taxon, searched_taxon, fleur_fk) values ("la","Salvia pratensis","salvia pratensis",407);
insert into taxonomy (lang, taxon, searched_taxon, fleur_fk) values ("en","meadow sage","meadow sage",407);
insert into fleur_inflorescence (fleur_fk, inflorescence_fk) values (407,0);
insert into fleur_couleur (fleur_fk, couleur_fk) values (407,2);
insert into fleur_aspect (fleur_fk, aspect_fk) values (407,3);
insert into fleur_nb_petale (fleur_fk, nb_petale_fk) values (407,2);
insert into fleur_nb_petale (fleur_fk, nb_petale_fk) values (407,0);
insert into fleur_type_feuille (fleur_fk, type_feuille_fk) values (407,2);
insert into fleur_disposition_feuille (fleur_fk, disposition_feuille_fk) values (407,1);
insert into fleur_disposition_feuille (fleur_fk, disposition_feuille_fk) values (407,3);
insert into fleur_pilosite_tige (fleur_fk, pilosite_tige_fk) values (407,1);
insert into fleur_pilosite_feuille (fleur_fk, pilosite_feuille_fk) values (407,2);
insert into fleur (id,directory_name,scientific_name,scientific_family_fk,doc_url) values (408,"","Saxifraga tridactylites",56,"");
insert into taxonomy (lang, taxon, searched_taxon, fleur_fk) values ("fr","Saxifrage à trois doigts","saxifrage a trois doigts",408);
insert into taxonomy (lang, taxon, searched_taxon, fleur_fk) values ("fr","Petite saxifrage","petite saxifrage",408);
insert into taxonomy (lang, taxon, searched_taxon, fleur_fk) values ("fr","Perce-pierre","perce-pierre",408);
insert into taxonomy (lang, taxon, searched_taxon, fleur_fk) values ("la","Saxifraga tridactylites","saxifraga tridactylites",408);
insert into taxonomy (lang, taxon, searched_taxon, fleur_fk) values ("en","rue-leaved saxifrage","rue-leaved saxifrage",408);
insert into fleur_inflorescence (fleur_fk, inflorescence_fk) values (408,0);
insert into fleur_inflorescence (fleur_fk, inflorescence_fk) values (408,1);
insert into fleur_couleur (fleur_fk, couleur_fk) values (408,0);
insert into fleur_aspect (fleur_fk, aspect_fk) values (408,0);
insert into fleur_nb_petale (fleur_fk, nb_petale_fk) values (408,0);
insert into fleur_type_feuille (fleur_fk, type_feuille_fk) values (408,1);
insert into fleur_disposition_feuille (fleur_fk, disposition_feuille_fk) values (408,0);
insert into fleur_pilosite_tige (fleur_fk, pilosite_tige_fk) values (408,1);
insert into fleur_pilosite_feuille (fleur_fk, pilosite_feuille_fk) values (408,1);
insert into fleur (id,directory_name,scientific_name,scientific_family_fk,doc_url) values (409,"","Saxifraga granulata",56,"");
insert into taxonomy (lang, taxon, searched_taxon, fleur_fk) values ("fr","Saxifrage granulée","saxifrage granulee",409);
insert into taxonomy (lang, taxon, searched_taxon, fleur_fk) values ("fr","Saxifrage à bulbilles","saxifrage a bulbilles",409);
insert into taxonomy (lang, taxon, searched_taxon, fleur_fk) values ("la","Saxifraga granulata","saxifraga granulata",409);
insert into taxonomy (lang, taxon, searched_taxon, fleur_fk) values ("en","meadow saxifrage","meadow saxifrage",409);
insert into fleur_inflorescence (fleur_fk, inflorescence_fk) values (409,0);
insert into fleur_couleur (fleur_fk, couleur_fk) values (409,0);
insert into fleur_aspect (fleur_fk, aspect_fk) values (409,0);
insert into fleur_nb_petale (fleur_fk, nb_petale_fk) values (409,0);
insert into fleur_type_feuille (fleur_fk, type_feuille_fk) values (409,1);
insert into fleur_type_feuille (fleur_fk, type_feuille_fk) values (409,2);
insert into fleur_disposition_feuille (fleur_fk, disposition_feuille_fk) values (409,0);
insert into fleur_pilosite_tige (fleur_fk, pilosite_tige_fk) values (409,1);
insert into fleur_pilosite_feuille (fleur_fk, pilosite_feuille_fk) values (409,1);
insert into fleur (id,directory_name,scientific_name,scientific_family_fk,doc_url) values (410,"","Scabiosa columbaria",19,"");
insert into taxonomy (lang, taxon, searched_taxon, fleur_fk) values ("fr","Scabieuse colombaire","scabieuse colombaire",410);
insert into taxonomy (lang, taxon, searched_taxon, fleur_fk) values ("la","Scabiosa columbaria","scabiosa columbaria",410);
insert into taxonomy (lang, taxon, searched_taxon, fleur_fk) values ("en","small scabious","small scabious",410);
insert into fleur_inflorescence (fleur_fk, inflorescence_fk) values (410,1);
insert into fleur_couleur (fleur_fk, couleur_fk) values (410,2);
insert into fleur_aspect (fleur_fk, aspect_fk) values (410,4);
insert into fleur_nb_petale (fleur_fk, nb_petale_fk) values (410,1);
insert into fleur_type_feuille (fleur_fk, type_feuille_fk) values (410,1);
insert into fleur_type_feuille (fleur_fk, type_feuille_fk) values (410,2);
insert into fleur_disposition_feuille (fleur_fk, disposition_feuille_fk) values (410,1);
insert into fleur_pilosite_tige (fleur_fk, pilosite_tige_fk) values (410,0);
insert into fleur_pilosite_tige (fleur_fk, pilosite_tige_fk) values (410,1);
insert into fleur_pilosite_feuille (fleur_fk, pilosite_feuille_fk) values (410,1);
insert into fleur (id,directory_name,scientific_name,scientific_family_fk,doc_url) values (411,"","Polygonatum multiflorum",45,"");
insert into taxonomy (lang, taxon, searched_taxon, fleur_fk) values ("fr","Sceau de Salomon commun","sceau de salomon commun",411);
insert into taxonomy (lang, taxon, searched_taxon, fleur_fk) values ("fr","Sceau de Salomon multiflore","sceau de salomon multiflore",411);
insert into taxonomy (lang, taxon, searched_taxon, fleur_fk) values ("la","Polygonatum multiflorum","polygonatum multiflorum",411);
insert into taxonomy (lang, taxon, searched_taxon, fleur_fk) values ("en","Solomon's seal","solomon's seal",411);
insert into fleur_inflorescence (fleur_fk, inflorescence_fk) values (411,0);
insert into fleur_couleur (fleur_fk, couleur_fk) values (411,0);
insert into fleur_aspect (fleur_fk, aspect_fk) values (411,6);
insert into fleur_nb_petale (fleur_fk, nb_petale_fk) values (411,3);
insert into fleur_type_feuille (fleur_fk, type_feuille_fk) values (411,3);
insert into fleur_disposition_feuille (fleur_fk, disposition_feuille_fk) values (411,0);
insert into fleur_pilosite_tige (fleur_fk, pilosite_tige_fk) values (411,0);
insert into fleur_pilosite_feuille (fleur_fk, pilosite_feuille_fk) values (411,0);
insert into fleur (id,directory_name,scientific_name,scientific_family_fk,doc_url) values (412,"","Scrophularia auriculata",27,"");
insert into taxonomy (lang, taxon, searched_taxon, fleur_fk) values ("fr","Scrofulaire aquatique","scrofulaire aquatique",412);
insert into taxonomy (lang, taxon, searched_taxon, fleur_fk) values ("fr","Scrofulaire à oreillettes","scrofulaire a oreillettes",412);
insert into taxonomy (lang, taxon, searched_taxon, fleur_fk) values ("fr","Scrofulaire de Balbis","scrofulaire de balbis",412);
insert into taxonomy (lang, taxon, searched_taxon, fleur_fk) values ("la","Scrophularia auriculata","scrophularia auriculata",412);
insert into taxonomy (lang, taxon, searched_taxon, fleur_fk) values ("en","water figwort","water figwort",412);
insert into fleur_inflorescence (fleur_fk, inflorescence_fk) values (412,0);
insert into fleur_couleur (fleur_fk, couleur_fk) values (412,1);
insert into fleur_couleur (fleur_fk, couleur_fk) values (412,4);
insert into fleur_aspect (fleur_fk, aspect_fk) values (412,3);
insert into fleur_nb_petale (fleur_fk, nb_petale_fk) values (412,0);
insert into fleur_type_feuille (fleur_fk, type_feuille_fk) values (412,2);
insert into fleur_disposition_feuille (fleur_fk, disposition_feuille_fk) values (412,1);
insert into fleur_pilosite_tige (fleur_fk, pilosite_tige_fk) values (412,0);
insert into fleur_pilosite_tige (fleur_fk, pilosite_tige_fk) values (412,1);
insert into fleur_pilosite_feuille (fleur_fk, pilosite_feuille_fk) values (412,0);
insert into fleur (id,directory_name,scientific_name,scientific_family_fk,doc_url) values (413,"","Scrophularia canina",27,"");
insert into taxonomy (lang, taxon, searched_taxon, fleur_fk) values ("fr","Scrofulaire des chiens","scrofulaire des chiens",413);
insert into taxonomy (lang, taxon, searched_taxon, fleur_fk) values ("la","Scrophularia canina","scrophularia canina",413);
insert into taxonomy (lang, taxon, searched_taxon, fleur_fk) values ("en","Dog Figwort","dog figwort",413);
insert into fleur_inflorescence (fleur_fk, inflorescence_fk) values (413,0);
insert into fleur_couleur (fleur_fk, couleur_fk) values (413,1);
insert into fleur_couleur (fleur_fk, couleur_fk) values (413,4);
insert into fleur_particularite (fleur_fk, particularite_fk) values (413,5);
insert into fleur_aspect (fleur_fk, aspect_fk) values (413,3);
insert into fleur_nb_petale (fleur_fk, nb_petale_fk) values (413,0);
insert into fleur_type_feuille (fleur_fk, type_feuille_fk) values (413,1);
insert into fleur_disposition_feuille (fleur_fk, disposition_feuille_fk) values (413,0);
insert into fleur_pilosite_tige (fleur_fk, pilosite_tige_fk) values (413,0);
insert into fleur_pilosite_tige (fleur_fk, pilosite_tige_fk) values (413,1);
insert into fleur_pilosite_feuille (fleur_fk, pilosite_feuille_fk) values (413,0);
insert into fleur (id,directory_name,scientific_name,scientific_family_fk,doc_url) values (414,"","Scrophularia nodosa",27,"");
insert into taxonomy (lang, taxon, searched_taxon, fleur_fk) values ("fr","Scrofulaire noueuse","scrofulaire noueuse",414);
insert into taxonomy (lang, taxon, searched_taxon, fleur_fk) values ("la","Scrophularia nodosa","scrophularia nodosa",414);
insert into taxonomy (lang, taxon, searched_taxon, fleur_fk) values ("en","Common figwort","common figwort",414);
insert into fleur_inflorescence (fleur_fk, inflorescence_fk) values (414,0);
insert into fleur_couleur (fleur_fk, couleur_fk) values (414,5);
insert into fleur_couleur (fleur_fk, couleur_fk) values (414,4);
insert into fleur_particularite (fleur_fk, particularite_fk) values (414,5);
insert into fleur_aspect (fleur_fk, aspect_fk) values (414,3);
insert into fleur_nb_petale (fleur_fk, nb_petale_fk) values (414,0);
insert into fleur_type_feuille (fleur_fk, type_feuille_fk) values (414,2);
insert into fleur_disposition_feuille (fleur_fk, disposition_feuille_fk) values (414,1);
insert into fleur_pilosite_tige (fleur_fk, pilosite_tige_fk) values (414,0);
insert into fleur_pilosite_feuille (fleur_fk, pilosite_feuille_fk) values (414,0);
insert into fleur (id,directory_name,scientific_name,scientific_family_fk,doc_url) values (415,"","Scutellaria galericulata",3,"");
insert into taxonomy (lang, taxon, searched_taxon, fleur_fk) values ("fr","Scutellaire toque","scutellaire toque",415);
insert into taxonomy (lang, taxon, searched_taxon, fleur_fk) values ("fr","Tertianaire","tertianaire",415);
insert into taxonomy (lang, taxon, searched_taxon, fleur_fk) values ("fr","Grande toque","grande toque",415);
insert into taxonomy (lang, taxon, searched_taxon, fleur_fk) values ("la","Scutellaria galericulata","scutellaria galericulata",415);
insert into taxonomy (lang, taxon, searched_taxon, fleur_fk) values ("en","Common skullcap","common skullcap",415);
insert into fleur_inflorescence (fleur_fk, inflorescence_fk) values (415,0);
insert into fleur_couleur (fleur_fk, couleur_fk) values (415,2);
insert into fleur_aspect (fleur_fk, aspect_fk) values (415,3);
insert into fleur_nb_petale (fleur_fk, nb_petale_fk) values (415,0);
insert into fleur_type_feuille (fleur_fk, type_feuille_fk) values (415,2);
insert into fleur_disposition_feuille (fleur_fk, disposition_feuille_fk) values (415,1);
insert into fleur_pilosite_tige (fleur_fk, pilosite_tige_fk) values (415,1);
insert into fleur_pilosite_feuille (fleur_fk, pilosite_feuille_fk) values (415,2);
insert into fleur (id,directory_name,scientific_name,scientific_family_fk,doc_url) values (416,"","Senecio vulgaris",1,"");
insert into taxonomy (lang, taxon, searched_taxon, fleur_fk) values ("fr","Séneçon commun","senecon commun",416);
insert into taxonomy (lang, taxon, searched_taxon, fleur_fk) values ("la","Senecio vulgaris","senecio vulgaris",416);
insert into taxonomy (lang, taxon, searched_taxon, fleur_fk) values ("en","common groundsel","common groundsel",416);
insert into fleur_inflorescence (fleur_fk, inflorescence_fk) values (416,0);
insert into fleur_couleur (fleur_fk, couleur_fk) values (416,3);
insert into fleur_aspect (fleur_fk, aspect_fk) values (416,4);
insert into fleur_nb_petale (fleur_fk, nb_petale_fk) values (416,1);
insert into fleur_type_feuille (fleur_fk, type_feuille_fk) values (416,1);
insert into fleur_disposition_feuille (fleur_fk, disposition_feuille_fk) values (416,0);
insert into fleur_pilosite_tige (fleur_fk, pilosite_tige_fk) values (416,1);
insert into fleur_pilosite_feuille (fleur_fk, pilosite_feuille_fk) values (416,1);
insert into fleur (id,directory_name,scientific_name,scientific_family_fk,doc_url) values (417,"","Senecio inaequidens",1,"");
insert into taxonomy (lang, taxon, searched_taxon, fleur_fk) values ("fr","Séneçon du Cap","senecon du cap",417);
insert into taxonomy (lang, taxon, searched_taxon, fleur_fk) values ("fr","Séneçon de Mazamet","senecon de mazamet",417);
insert into taxonomy (lang, taxon, searched_taxon, fleur_fk) values ("la","Senecio inaequidens","senecio inaequidens",417);
insert into taxonomy (lang, taxon, searched_taxon, fleur_fk) values ("en","South African ragwort","south african ragwort",417);
insert into fleur_inflorescence (fleur_fk, inflorescence_fk) values (417,0);
insert into fleur_couleur (fleur_fk, couleur_fk) values (417,3);
insert into fleur_aspect (fleur_fk, aspect_fk) values (417,1);
insert into fleur_nb_petale (fleur_fk, nb_petale_fk) values (417,1);
insert into fleur_type_feuille (fleur_fk, type_feuille_fk) values (417,2);
insert into fleur_disposition_feuille (fleur_fk, disposition_feuille_fk) values (417,0);
insert into fleur_pilosite_tige (fleur_fk, pilosite_tige_fk) values (417,0);
insert into fleur_pilosite_feuille (fleur_fk, pilosite_feuille_fk) values (417,1);
insert into fleur (id,directory_name,scientific_name,scientific_family_fk,doc_url) values (418,"","Senecio jacobaea",1,"");
insert into taxonomy (lang, taxon, searched_taxon, fleur_fk) values ("fr","Séneçon jacobée","senecon jacobee",418);
insert into taxonomy (lang, taxon, searched_taxon, fleur_fk) values ("fr","Séneçon de Jacob","senecon de jacob",418);
insert into taxonomy (lang, taxon, searched_taxon, fleur_fk) values ("la","Senecio jacobaea","senecio jacobaea",418);
insert into taxonomy (lang, taxon, searched_taxon, fleur_fk) values ("en","common ragwort","common ragwort",418);
insert into fleur_inflorescence (fleur_fk, inflorescence_fk) values (418,0);
insert into fleur_couleur (fleur_fk, couleur_fk) values (418,3);
insert into fleur_aspect (fleur_fk, aspect_fk) values (418,1);
insert into fleur_nb_petale (fleur_fk, nb_petale_fk) values (418,1);
insert into fleur_type_feuille (fleur_fk, type_feuille_fk) values (418,1);
insert into fleur_disposition_feuille (fleur_fk, disposition_feuille_fk) values (418,0);
insert into fleur_pilosite_tige (fleur_fk, pilosite_tige_fk) values (418,0);
insert into fleur_pilosite_tige (fleur_fk, pilosite_tige_fk) values (418,1);
insert into fleur_pilosite_feuille (fleur_fk, pilosite_feuille_fk) values (418,0);
insert into fleur_pilosite_feuille (fleur_fk, pilosite_feuille_fk) values (418,1);
insert into fleur (id,directory_name,scientific_name,scientific_family_fk,doc_url) values (419,"","Silene latifolia",21,"");
insert into taxonomy (lang, taxon, searched_taxon, fleur_fk) values ("fr","Silène blanc","silene blanc",419);
insert into taxonomy (lang, taxon, searched_taxon, fleur_fk) values ("fr","Lychnis dioïque","lychnis dioique",419);
insert into taxonomy (lang, taxon, searched_taxon, fleur_fk) values ("fr","Compagnon blanc","compagnon blanc",419);
insert into taxonomy (lang, taxon, searched_taxon, fleur_fk) values ("la","Silene latifolia","silene latifolia",419);
insert into taxonomy (lang, taxon, searched_taxon, fleur_fk) values ("en","white campion","white campion",419);
insert into fleur_inflorescence (fleur_fk, inflorescence_fk) values (419,0);
insert into fleur_couleur (fleur_fk, couleur_fk) values (419,0);
insert into fleur_particularite (fleur_fk, particularite_fk) values (419,1);
insert into fleur_aspect (fleur_fk, aspect_fk) values (419,0);
insert into fleur_nb_petale (fleur_fk, nb_petale_fk) values (419,0);
insert into fleur_type_feuille (fleur_fk, type_feuille_fk) values (419,3);
insert into fleur_disposition_feuille (fleur_fk, disposition_feuille_fk) values (419,1);
insert into fleur_pilosite_tige (fleur_fk, pilosite_tige_fk) values (419,1);
insert into fleur_pilosite_feuille (fleur_fk, pilosite_feuille_fk) values (419,1);
insert into fleur (id,directory_name,scientific_name,scientific_family_fk,doc_url) values (420,"","Silene conica",21,"");
insert into taxonomy (lang, taxon, searched_taxon, fleur_fk) values ("fr","Silène conique","silene conique",420);
insert into taxonomy (lang, taxon, searched_taxon, fleur_fk) values ("la","Silene conica","silene conica",420);
insert into taxonomy (lang, taxon, searched_taxon, fleur_fk) values ("en","sand catchfly","sand catchfly",420);
insert into fleur_inflorescence (fleur_fk, inflorescence_fk) values (420,0);
insert into fleur_couleur (fleur_fk, couleur_fk) values (420,1);
insert into fleur_particularite (fleur_fk, particularite_fk) values (420,1);
insert into fleur_aspect (fleur_fk, aspect_fk) values (420,0);
insert into fleur_nb_petale (fleur_fk, nb_petale_fk) values (420,0);
insert into fleur_type_feuille (fleur_fk, type_feuille_fk) values (420,3);
insert into fleur_disposition_feuille (fleur_fk, disposition_feuille_fk) values (420,1);
insert into fleur_pilosite_tige (fleur_fk, pilosite_tige_fk) values (420,1);
insert into fleur_pilosite_feuille (fleur_fk, pilosite_feuille_fk) values (420,1);
insert into fleur (id,directory_name,scientific_name,scientific_family_fk,doc_url) values (421,"","Silene dioica",21,"");
insert into taxonomy (lang, taxon, searched_taxon, fleur_fk) values ("fr","Silène dioïque","silene dioique",421);
insert into taxonomy (lang, taxon, searched_taxon, fleur_fk) values ("fr","Compagnon rouge","compagnon rouge",421);
insert into taxonomy (lang, taxon, searched_taxon, fleur_fk) values ("la","Silene dioica","silene dioica",421);
insert into taxonomy (lang, taxon, searched_taxon, fleur_fk) values ("en","red campion","red campion",421);
insert into fleur_inflorescence (fleur_fk, inflorescence_fk) values (421,0);
insert into fleur_couleur (fleur_fk, couleur_fk) values (421,1);
insert into fleur_particularite (fleur_fk, particularite_fk) values (421,1);
insert into fleur_aspect (fleur_fk, aspect_fk) values (421,0);
insert into fleur_nb_petale (fleur_fk, nb_petale_fk) values (421,0);
insert into fleur_type_feuille (fleur_fk, type_feuille_fk) values (421,3);
insert into fleur_disposition_feuille (fleur_fk, disposition_feuille_fk) values (421,1);
insert into fleur_pilosite_tige (fleur_fk, pilosite_tige_fk) values (421,1);
insert into fleur_pilosite_feuille (fleur_fk, pilosite_feuille_fk) values (421,1);
insert into fleur (id,directory_name,scientific_name,scientific_family_fk,doc_url) values (422,"","Silene vulgaris",21,"");
insert into taxonomy (lang, taxon, searched_taxon, fleur_fk) values ("fr","Silène enflé","silene enfle",422);
insert into taxonomy (lang, taxon, searched_taxon, fleur_fk) values ("fr","Silène commun","silene commun",422);
insert into taxonomy (lang, taxon, searched_taxon, fleur_fk) values ("la","Silene vulgaris","silene vulgaris",422);
insert into taxonomy (lang, taxon, searched_taxon, fleur_fk) values ("en","bladder campion","bladder campion",422);
insert into fleur_inflorescence (fleur_fk, inflorescence_fk) values (422,0);
insert into fleur_couleur (fleur_fk, couleur_fk) values (422,0);
insert into fleur_particularite (fleur_fk, particularite_fk) values (422,1);
insert into fleur_aspect (fleur_fk, aspect_fk) values (422,0);
insert into fleur_nb_petale (fleur_fk, nb_petale_fk) values (422,0);
insert into fleur_type_feuille (fleur_fk, type_feuille_fk) values (422,3);
insert into fleur_disposition_feuille (fleur_fk, disposition_feuille_fk) values (422,1);
insert into fleur_pilosite_tige (fleur_fk, pilosite_tige_fk) values (422,0);
insert into fleur_pilosite_feuille (fleur_fk, pilosite_feuille_fk) values (422,0);
insert into fleur (id,directory_name,scientific_name,scientific_family_fk,doc_url) values (423,"","Silene flos-cuculi",21,"");
insert into taxonomy (lang, taxon, searched_taxon, fleur_fk) values ("fr","Silène fleur de coucou","silene fleur de coucou",423);
insert into taxonomy (lang, taxon, searched_taxon, fleur_fk) values ("fr","Lychnis fleur de coucou","lychnis fleur de coucou",423);
insert into taxonomy (lang, taxon, searched_taxon, fleur_fk) values ("la","Silene flos-cuculi","silene flos-cuculi",423);
insert into taxonomy (lang, taxon, searched_taxon, fleur_fk) values ("la","Lychnis flos-cuculi","lychnis flos-cuculi",423);
insert into taxonomy (lang, taxon, searched_taxon, fleur_fk) values ("en","Ragged Robin","ragged robin",423);
insert into fleur_inflorescence (fleur_fk, inflorescence_fk) values (423,0);
insert into fleur_couleur (fleur_fk, couleur_fk) values (423,1);
insert into fleur_particularite (fleur_fk, particularite_fk) values (423,1);
insert into fleur_aspect (fleur_fk, aspect_fk) values (423,0);
insert into fleur_nb_petale (fleur_fk, nb_petale_fk) values (423,0);
insert into fleur_type_feuille (fleur_fk, type_feuille_fk) values (423,3);
insert into fleur_disposition_feuille (fleur_fk, disposition_feuille_fk) values (423,1);
insert into fleur_pilosite_tige (fleur_fk, pilosite_tige_fk) values (423,1);
insert into fleur_pilosite_feuille (fleur_fk, pilosite_feuille_fk) values (423,0);
insert into fleur (id,directory_name,scientific_name,scientific_family_fk,doc_url) values (424,"","Silene otites",21,"");
insert into taxonomy (lang, taxon, searched_taxon, fleur_fk) values ("fr","Silène oreille","silene oreille",424);
insert into taxonomy (lang, taxon, searched_taxon, fleur_fk) values ("la","Silene otites","silene otites",424);
insert into taxonomy (lang, taxon, searched_taxon, fleur_fk) values ("en","Spanish catchfly","spanish catchfly",424);
insert into fleur_inflorescence (fleur_fk, inflorescence_fk) values (424,0);
insert into fleur_couleur (fleur_fk, couleur_fk) values (424,3);
insert into fleur_couleur (fleur_fk, couleur_fk) values (424,0);
insert into fleur_aspect (fleur_fk, aspect_fk) values (424,0);
insert into fleur_nb_petale (fleur_fk, nb_petale_fk) values (424,0);
insert into fleur_type_feuille (fleur_fk, type_feuille_fk) values (424,3);
insert into fleur_disposition_feuille (fleur_fk, disposition_feuille_fk) values (424,1);
insert into fleur_disposition_feuille (fleur_fk, disposition_feuille_fk) values (424,3);
insert into fleur_pilosite_tige (fleur_fk, pilosite_tige_fk) values (424,1);
insert into fleur_pilosite_feuille (fleur_fk, pilosite_feuille_fk) values (424,1);
insert into fleur (id,directory_name,scientific_name,scientific_family_fk,doc_url) values (425,"","Silene nutans",21,"");
insert into taxonomy (lang, taxon, searched_taxon, fleur_fk) values ("fr","Silène penché","silene penche",425);
insert into taxonomy (lang, taxon, searched_taxon, fleur_fk) values ("la","Silene nutans","silene nutans",425);
insert into taxonomy (lang, taxon, searched_taxon, fleur_fk) values ("en","Nottingham catchfly","nottingham catchfly",425);
insert into fleur_inflorescence (fleur_fk, inflorescence_fk) values (425,0);
insert into fleur_couleur (fleur_fk, couleur_fk) values (425,0);
insert into fleur_particularite (fleur_fk, particularite_fk) values (425,1);
insert into fleur_aspect (fleur_fk, aspect_fk) values (425,0);
insert into fleur_nb_petale (fleur_fk, nb_petale_fk) values (425,0);
insert into fleur_type_feuille (fleur_fk, type_feuille_fk) values (425,3);
insert into fleur_disposition_feuille (fleur_fk, disposition_feuille_fk) values (425,1);
insert into fleur_pilosite_tige (fleur_fk, pilosite_tige_fk) values (425,1);
insert into fleur_pilosite_feuille (fleur_fk, pilosite_feuille_fk) values (425,1);
insert into fleur (id,directory_name,scientific_name,scientific_family_fk,doc_url) values (426,"","Viscaria vulgaris",21,"");
insert into taxonomy (lang, taxon, searched_taxon, fleur_fk) values ("fr","Silène visqueux","silene visqueux",426);
insert into taxonomy (lang, taxon, searched_taxon, fleur_fk) values ("la","Viscaria vulgaris","viscaria vulgaris",426);
insert into taxonomy (lang, taxon, searched_taxon, fleur_fk) values ("la","Lychnis viscaria","lychnis viscaria",426);
insert into taxonomy (lang, taxon, searched_taxon, fleur_fk) values ("en","Sticky Catchfly","sticky catchfly",426);
insert into fleur_inflorescence (fleur_fk, inflorescence_fk) values (426,0);
insert into fleur_couleur (fleur_fk, couleur_fk) values (426,1);
insert into fleur_particularite (fleur_fk, particularite_fk) values (426,1);
insert into fleur_aspect (fleur_fk, aspect_fk) values (426,0);
insert into fleur_nb_petale (fleur_fk, nb_petale_fk) values (426,0);
insert into fleur_type_feuille (fleur_fk, type_feuille_fk) values (426,3);
insert into fleur_disposition_feuille (fleur_fk, disposition_feuille_fk) values (426,1);
insert into fleur_pilosite_tige (fleur_fk, pilosite_tige_fk) values (426,0);
insert into fleur_pilosite_feuille (fleur_fk, pilosite_feuille_fk) values (426,0);
insert into fleur (id,directory_name,scientific_name,scientific_family_fk,doc_url) values (427,"","Sisymbrium officinale",7,"");
insert into taxonomy (lang, taxon, searched_taxon, fleur_fk) values ("fr","Sisymbre officinal","sisymbre officinal",427);
insert into taxonomy (lang, taxon, searched_taxon, fleur_fk) values ("fr","Herbe au chantre","herbe au chantre",427);
insert into taxonomy (lang, taxon, searched_taxon, fleur_fk) values ("fr","Vélar officinal","velar officinal",427);
insert into taxonomy (lang, taxon, searched_taxon, fleur_fk) values ("la","Sisymbrium officinale","sisymbrium officinale",427);
insert into taxonomy (lang, taxon, searched_taxon, fleur_fk) values ("en","hedge mustard","hedge mustard",427);
insert into fleur_inflorescence (fleur_fk, inflorescence_fk) values (427,0);
insert into fleur_couleur (fleur_fk, couleur_fk) values (427,3);
insert into fleur_aspect (fleur_fk, aspect_fk) values (427,0);
insert into fleur_nb_petale (fleur_fk, nb_petale_fk) values (427,2);
insert into fleur_type_feuille (fleur_fk, type_feuille_fk) values (427,1);
insert into fleur_disposition_feuille (fleur_fk, disposition_feuille_fk) values (427,0);
insert into fleur_pilosite_tige (fleur_fk, pilosite_tige_fk) values (427,1);
insert into fleur_pilosite_feuille (fleur_fk, pilosite_feuille_fk) values (427,1);
insert into fleur (id,directory_name,scientific_name,scientific_family_fk,doc_url) values (428,"","Solidago canadensis",1,"");
insert into taxonomy (lang, taxon, searched_taxon, fleur_fk) values ("fr","Solidage du Canada","solidage du canada",428);
insert into taxonomy (lang, taxon, searched_taxon, fleur_fk) values ("fr","Gerbe d'or","gerbe d'or",428);
insert into taxonomy (lang, taxon, searched_taxon, fleur_fk) values ("la","Solidago canadensis","solidago canadensis",428);
insert into taxonomy (lang, taxon, searched_taxon, fleur_fk) values ("en","Canada golden-rod","canada golden-rod",428);
insert into fleur_inflorescence (fleur_fk, inflorescence_fk) values (428,0);
insert into fleur_couleur (fleur_fk, couleur_fk) values (428,3);
insert into fleur_aspect (fleur_fk, aspect_fk) values (428,1);
insert into fleur_nb_petale (fleur_fk, nb_petale_fk) values (428,1);
insert into fleur_type_feuille (fleur_fk, type_feuille_fk) values (428,2);
insert into fleur_disposition_feuille (fleur_fk, disposition_feuille_fk) values (428,0);
insert into fleur_pilosite_tige (fleur_fk, pilosite_tige_fk) values (428,0);
insert into fleur_pilosite_feuille (fleur_fk, pilosite_feuille_fk) values (428,0);
insert into fleur_pilosite_feuille (fleur_fk, pilosite_feuille_fk) values (428,1);
insert into fleur (id,directory_name,scientific_name,scientific_family_fk,doc_url) values (429,"","Solidago virgaurea",1,"");
insert into taxonomy (lang, taxon, searched_taxon, fleur_fk) values ("fr","Solidage verge-d'or","solidage verge-d'or",429);
insert into taxonomy (lang, taxon, searched_taxon, fleur_fk) values ("fr","Verge d'or","verge d'or",429);
insert into taxonomy (lang, taxon, searched_taxon, fleur_fk) values ("la","Solidago virgaurea","solidago virgaurea",429);
insert into taxonomy (lang, taxon, searched_taxon, fleur_fk) values ("en","European goldenrod","european goldenrod",429);
insert into fleur_inflorescence (fleur_fk, inflorescence_fk) values (429,0);
insert into fleur_couleur (fleur_fk, couleur_fk) values (429,3);
insert into fleur_aspect (fleur_fk, aspect_fk) values (429,1);
insert into fleur_nb_petale (fleur_fk, nb_petale_fk) values (429,1);
insert into fleur_type_feuille (fleur_fk, type_feuille_fk) values (429,2);
insert into fleur_disposition_feuille (fleur_fk, disposition_feuille_fk) values (429,0);
insert into fleur_pilosite_tige (fleur_fk, pilosite_tige_fk) values (429,1);
insert into fleur_pilosite_feuille (fleur_fk, pilosite_feuille_fk) values (429,1);
insert into fleur_pilosite_feuille (fleur_fk, pilosite_feuille_fk) values (429,2);
insert into fleur (id,directory_name,scientific_name,scientific_family_fk,doc_url) values (430,"","Spergularia rubra",21,"");
insert into taxonomy (lang, taxon, searched_taxon, fleur_fk) values ("fr","Spéculaire miroir-de-Vénus","speculaire miroir-de-venus",430);
insert into taxonomy (lang, taxon, searched_taxon, fleur_fk) values ("la","Spergularia rubra","spergularia rubra",430);
insert into taxonomy (lang, taxon, searched_taxon, fleur_fk) values ("en","red sand spurrey","red sand spurrey",430);
insert into fleur_inflorescence (fleur_fk, inflorescence_fk) values (430,0);
insert into fleur_couleur (fleur_fk, couleur_fk) values (430,1);
insert into fleur_aspect (fleur_fk, aspect_fk) values (430,0);
insert into fleur_nb_petale (fleur_fk, nb_petale_fk) values (430,0);
insert into fleur_type_feuille (fleur_fk, type_feuille_fk) values (430,3);
insert into fleur_type_feuille (fleur_fk, type_feuille_fk) values (430,4);
insert into fleur_disposition_feuille (fleur_fk, disposition_feuille_fk) values (430,2);
insert into fleur_pilosite_tige (fleur_fk, pilosite_tige_fk) values (430,1);
insert into fleur_pilosite_feuille (fleur_fk, pilosite_feuille_fk) values (430,0);
insert into fleur (id,directory_name,scientific_name,scientific_family_fk,doc_url) values (431,"","Legousia speculum-veneris",18,"");
insert into taxonomy (lang, taxon, searched_taxon, fleur_fk) values ("fr","Spergulaire rouge","spergulaire rouge",431);
insert into taxonomy (lang, taxon, searched_taxon, fleur_fk) values ("fr","Miroir-de-Vénus","miroir-de-venus",431);
insert into taxonomy (lang, taxon, searched_taxon, fleur_fk) values ("la","Legousia speculum-veneris","legousia speculum-veneris",431);
insert into taxonomy (lang, taxon, searched_taxon, fleur_fk) values ("en","European Venus' looking glass","european venus' looking glass",431);
insert into fleur_inflorescence (fleur_fk, inflorescence_fk) values (431,0);
insert into fleur_couleur (fleur_fk, couleur_fk) values (431,2);
insert into fleur_aspect (fleur_fk, aspect_fk) values (431,6);
insert into fleur_nb_petale (fleur_fk, nb_petale_fk) values (431,0);
insert into fleur_type_feuille (fleur_fk, type_feuille_fk) values (431,3);
insert into fleur_disposition_feuille (fleur_fk, disposition_feuille_fk) values (431,0);
insert into fleur_pilosite_tige (fleur_fk, pilosite_tige_fk) values (431,0);
insert into fleur_pilosite_tige (fleur_fk, pilosite_tige_fk) values (431,1);
insert into fleur_pilosite_feuille (fleur_fk, pilosite_feuille_fk) values (431,1);
insert into fleur (id,directory_name,scientific_name,scientific_family_fk,doc_url) values (432,"","Stellaria holostea",21,"");
insert into taxonomy (lang, taxon, searched_taxon, fleur_fk) values ("fr","Stellaire holostée","stellaire holostee",432);
insert into taxonomy (lang, taxon, searched_taxon, fleur_fk) values ("la","Stellaria holostea","stellaria holostea",432);
insert into taxonomy (lang, taxon, searched_taxon, fleur_fk) values ("en","greater stitchwort","greater stitchwort",432);
insert into fleur_inflorescence (fleur_fk, inflorescence_fk) values (432,0);
insert into fleur_couleur (fleur_fk, couleur_fk) values (432,0);
insert into fleur_particularite (fleur_fk, particularite_fk) values (432,1);
insert into fleur_aspect (fleur_fk, aspect_fk) values (432,0);
insert into fleur_nb_petale (fleur_fk, nb_petale_fk) values (432,0);
insert into fleur_type_feuille (fleur_fk, type_feuille_fk) values (432,3);
insert into fleur_disposition_feuille (fleur_fk, disposition_feuille_fk) values (432,1);
insert into fleur_pilosite_tige (fleur_fk, pilosite_tige_fk) values (432,1);
insert into fleur_pilosite_feuille (fleur_fk, pilosite_feuille_fk) values (432,2);
insert into fleur (id,directory_name,scientific_name,scientific_family_fk,doc_url) values (433,"","Stellaria media",21,"");
insert into taxonomy (lang, taxon, searched_taxon, fleur_fk) values ("fr","Stellaire intermédiaire","stellaire intermediaire",433);
insert into taxonomy (lang, taxon, searched_taxon, fleur_fk) values ("la","Stellaria media","stellaria media",433);
insert into taxonomy (lang, taxon, searched_taxon, fleur_fk) values ("en","chickweed","chickweed",433);
insert into fleur_inflorescence (fleur_fk, inflorescence_fk) values (433,0);
insert into fleur_couleur (fleur_fk, couleur_fk) values (433,0);
insert into fleur_particularite (fleur_fk, particularite_fk) values (433,1);
insert into fleur_aspect (fleur_fk, aspect_fk) values (433,0);
insert into fleur_nb_petale (fleur_fk, nb_petale_fk) values (433,0);
insert into fleur_type_feuille (fleur_fk, type_feuille_fk) values (433,3);
insert into fleur_disposition_feuille (fleur_fk, disposition_feuille_fk) values (433,1);
insert into fleur_pilosite_tige (fleur_fk, pilosite_tige_fk) values (433,1);
insert into fleur_pilosite_feuille (fleur_fk, pilosite_feuille_fk) values (433,0);
insert into fleur (id,directory_name,scientific_name,scientific_family_fk,doc_url) values (434,"","Succisa pratensis",19,"");
insert into taxonomy (lang, taxon, searched_taxon, fleur_fk) values ("fr","Succise des prés","succise des pres",434);
insert into taxonomy (lang, taxon, searched_taxon, fleur_fk) values ("fr","Mors du diable","mors du diable",434);
insert into taxonomy (lang, taxon, searched_taxon, fleur_fk) values ("la","Succisa pratensis","succisa pratensis",434);
insert into taxonomy (lang, taxon, searched_taxon, fleur_fk) values ("en","Devil's-bit","devil's-bit",434);
insert into fleur_inflorescence (fleur_fk, inflorescence_fk) values (434,1);
insert into fleur_couleur (fleur_fk, couleur_fk) values (434,2);
insert into fleur_couleur (fleur_fk, couleur_fk) values (434,1);
insert into fleur_aspect (fleur_fk, aspect_fk) values (434,4);
insert into fleur_nb_petale (fleur_fk, nb_petale_fk) values (434,1);
insert into fleur_type_feuille (fleur_fk, type_feuille_fk) values (434,2);
insert into fleur_disposition_feuille (fleur_fk, disposition_feuille_fk) values (434,1);
insert into fleur_pilosite_tige (fleur_fk, pilosite_tige_fk) values (434,1);
insert into fleur_pilosite_feuille (fleur_fk, pilosite_feuille_fk) values (434,1);
insert into fleur (id,directory_name,scientific_name,scientific_family_fk,doc_url) values (435,"","Monotropa hypopitys",15,"");
insert into taxonomy (lang, taxon, searched_taxon, fleur_fk) values ("fr","Sucepin","sucepin",435);
insert into taxonomy (lang, taxon, searched_taxon, fleur_fk) values ("fr","Monotrope sucepin","monotrope sucepin",435);
insert into taxonomy (lang, taxon, searched_taxon, fleur_fk) values ("la","Monotropa hypopitys","monotropa hypopitys",435);
insert into taxonomy (lang, taxon, searched_taxon, fleur_fk) values ("en","Dutchman's pipe","dutchman's pipe",435);
insert into fleur_inflorescence (fleur_fk, inflorescence_fk) values (435,0);
insert into fleur_couleur (fleur_fk, couleur_fk) values (435,4);
insert into fleur_aspect (fleur_fk, aspect_fk) values (435,0);
insert into fleur_nb_petale (fleur_fk, nb_petale_fk) values (435,2);
insert into fleur_nb_petale (fleur_fk, nb_petale_fk) values (435,0);
insert into fleur_type_feuille (fleur_fk, type_feuille_fk) values (435,4);
insert into fleur_disposition_feuille (fleur_fk, disposition_feuille_fk) values (435,4);
insert into fleur_pilosite_tige (fleur_fk, pilosite_tige_fk) values (435,0);
insert into fleur_pilosite_feuille (fleur_fk, pilosite_feuille_fk) values (435,0);
insert into fleur (id,directory_name,scientific_name,scientific_family_fk,doc_url) values (436,"","Kandis perfoliata",7,"");
insert into taxonomy (lang, taxon, searched_taxon, fleur_fk) values ("fr","Tabouret perfolié","tabouret perfolie",436);
insert into taxonomy (lang, taxon, searched_taxon, fleur_fk) values ("fr","Monnoyère à feuilles embrassantes","monnoyere a feuilles embrassantes",436);
insert into taxonomy (lang, taxon, searched_taxon, fleur_fk) values ("la","Kandis perfoliata","kandis perfoliata",436);
insert into taxonomy (lang, taxon, searched_taxon, fleur_fk) values ("la","Microthlaspi perfoliatum","microthlaspi perfoliatum",436);
insert into taxonomy (lang, taxon, searched_taxon, fleur_fk) values ("en","claspleaf pennycress","claspleaf pennycress",436);
insert into fleur_inflorescence (fleur_fk, inflorescence_fk) values (436,0);
insert into fleur_couleur (fleur_fk, couleur_fk) values (436,0);
insert into fleur_aspect (fleur_fk, aspect_fk) values (436,0);
insert into fleur_nb_petale (fleur_fk, nb_petale_fk) values (436,2);
insert into fleur_type_feuille (fleur_fk, type_feuille_fk) values (436,2);
insert into fleur_disposition_feuille (fleur_fk, disposition_feuille_fk) values (436,0);
insert into fleur_pilosite_tige (fleur_fk, pilosite_tige_fk) values (436,0);
insert into fleur_pilosite_feuille (fleur_fk, pilosite_feuille_fk) values (436,0);
insert into fleur (id,directory_name,scientific_name,scientific_family_fk,doc_url) values (437,"","Tanacetum vulgare",1,"");
insert into taxonomy (lang, taxon, searched_taxon, fleur_fk) values ("fr","Tanaisie commune","tanaisie commune",437);
insert into taxonomy (lang, taxon, searched_taxon, fleur_fk) values ("fr","Barbotine","barbotine",437);
insert into taxonomy (lang, taxon, searched_taxon, fleur_fk) values ("la","Tanacetum vulgare","tanacetum vulgare",437);
insert into taxonomy (lang, taxon, searched_taxon, fleur_fk) values ("en","common tansy","common tansy",437);
insert into fleur_inflorescence (fleur_fk, inflorescence_fk) values (437,0);
insert into fleur_couleur (fleur_fk, couleur_fk) values (437,3);
insert into fleur_aspect (fleur_fk, aspect_fk) values (437,4);
insert into fleur_nb_petale (fleur_fk, nb_petale_fk) values (437,1);
insert into fleur_type_feuille (fleur_fk, type_feuille_fk) values (437,0);
insert into fleur_disposition_feuille (fleur_fk, disposition_feuille_fk) values (437,0);
insert into fleur_pilosite_tige (fleur_fk, pilosite_tige_fk) values (437,0);
insert into fleur_pilosite_feuille (fleur_fk, pilosite_feuille_fk) values (437,0);
insert into fleur (id,directory_name,scientific_name,scientific_family_fk,doc_url) values (438,"","Thymus serpyllum",3,"");
insert into taxonomy (lang, taxon, searched_taxon, fleur_fk) values ("fr","Thym serpolet","thym serpolet",438);
insert into taxonomy (lang, taxon, searched_taxon, fleur_fk) values ("fr","Serpolet","serpolet",438);
insert into taxonomy (lang, taxon, searched_taxon, fleur_fk) values ("la","Thymus serpyllum","thymus serpyllum",438);
insert into taxonomy (lang, taxon, searched_taxon, fleur_fk) values ("en","Wild thyme","wild thyme",438);
insert into fleur_inflorescence (fleur_fk, inflorescence_fk) values (438,0);
insert into fleur_couleur (fleur_fk, couleur_fk) values (438,1);
insert into fleur_particularite (fleur_fk, particularite_fk) values (438,5);
insert into fleur_aspect (fleur_fk, aspect_fk) values (438,3);
insert into fleur_nb_petale (fleur_fk, nb_petale_fk) values (438,2);
insert into fleur_nb_petale (fleur_fk, nb_petale_fk) values (438,0);
insert into fleur_type_feuille (fleur_fk, type_feuille_fk) values (438,3);
insert into fleur_disposition_feuille (fleur_fk, disposition_feuille_fk) values (438,1);
insert into fleur_pilosite_tige (fleur_fk, pilosite_tige_fk) values (438,0);
insert into fleur_pilosite_tige (fleur_fk, pilosite_tige_fk) values (438,1);
insert into fleur_pilosite_feuille (fleur_fk, pilosite_feuille_fk) values (438,0);
insert into fleur (id,directory_name,scientific_name,scientific_family_fk,doc_url) values (439,"","Trifolium repens",12,"");
insert into taxonomy (lang, taxon, searched_taxon, fleur_fk) values ("fr","Trèfle blanc","trefle blanc",439);
insert into taxonomy (lang, taxon, searched_taxon, fleur_fk) values ("fr","Trèfle de Hollande","trefle de hollande",439);
insert into taxonomy (lang, taxon, searched_taxon, fleur_fk) values ("fr","Trèfle rampant","trefle rampant",439);
insert into taxonomy (lang, taxon, searched_taxon, fleur_fk) values ("la","Trifolium repens","trifolium repens",439);
insert into taxonomy (lang, taxon, searched_taxon, fleur_fk) values ("en","white clover","white clover",439);
insert into fleur_inflorescence (fleur_fk, inflorescence_fk) values (439,0);
insert into fleur_couleur (fleur_fk, couleur_fk) values (439,0);
insert into fleur_particularite (fleur_fk, particularite_fk) values (439,4);
insert into fleur_aspect (fleur_fk, aspect_fk) values (439,2);
insert into fleur_nb_petale (fleur_fk, nb_petale_fk) values (439,0);
insert into fleur_type_feuille (fleur_fk, type_feuille_fk) values (439,0);
insert into fleur_disposition_feuille (fleur_fk, disposition_feuille_fk) values (439,0);
insert into fleur_pilosite_tige (fleur_fk, pilosite_tige_fk) values (439,0);
insert into fleur_pilosite_feuille (fleur_fk, pilosite_feuille_fk) values (439,0);
insert into fleur (id,directory_name,scientific_name,scientific_family_fk,doc_url) values (440,"","Trifolium arvense",12,"");
insert into taxonomy (lang, taxon, searched_taxon, fleur_fk) values ("fr","Trèfle des champs","trefle des champs",440);
insert into taxonomy (lang, taxon, searched_taxon, fleur_fk) values ("fr","Trèfle pied-de-lièvre","trefle pied-de-lievre",440);
insert into taxonomy (lang, taxon, searched_taxon, fleur_fk) values ("la","Trifolium arvense","trifolium arvense",440);
insert into taxonomy (lang, taxon, searched_taxon, fleur_fk) values ("en","haresfoot clover","haresfoot clover",440);
insert into fleur_inflorescence (fleur_fk, inflorescence_fk) values (440,0);
insert into fleur_couleur (fleur_fk, couleur_fk) values (440,0);
insert into fleur_couleur (fleur_fk, couleur_fk) values (440,1);
insert into fleur_particularite (fleur_fk, particularite_fk) values (440,4);
insert into fleur_aspect (fleur_fk, aspect_fk) values (440,2);
insert into fleur_nb_petale (fleur_fk, nb_petale_fk) values (440,0);
insert into fleur_type_feuille (fleur_fk, type_feuille_fk) values (440,0);
insert into fleur_disposition_feuille (fleur_fk, disposition_feuille_fk) values (440,0);
insert into fleur_pilosite_tige (fleur_fk, pilosite_tige_fk) values (440,1);
insert into fleur_pilosite_feuille (fleur_fk, pilosite_feuille_fk) values (440,1);
insert into fleur (id,directory_name,scientific_name,scientific_family_fk,doc_url) values (441,"","Trifolium pratense",12,"");
insert into taxonomy (lang, taxon, searched_taxon, fleur_fk) values ("fr","Trèfle des prés","trefle des pres",441);
insert into taxonomy (lang, taxon, searched_taxon, fleur_fk) values ("fr","Trèfle rouge","trefle rouge",441);
insert into taxonomy (lang, taxon, searched_taxon, fleur_fk) values ("fr","Trèfle commun","trefle commun",441);
insert into taxonomy (lang, taxon, searched_taxon, fleur_fk) values ("la","Trifolium pratense","trifolium pratense",441);
insert into taxonomy (lang, taxon, searched_taxon, fleur_fk) values ("en","red clover","red clover",441);
insert into fleur_inflorescence (fleur_fk, inflorescence_fk) values (441,0);
insert into fleur_couleur (fleur_fk, couleur_fk) values (441,1);
insert into fleur_particularite (fleur_fk, particularite_fk) values (441,4);
insert into fleur_aspect (fleur_fk, aspect_fk) values (441,2);
insert into fleur_nb_petale (fleur_fk, nb_petale_fk) values (441,0);
insert into fleur_type_feuille (fleur_fk, type_feuille_fk) values (441,0);
insert into fleur_disposition_feuille (fleur_fk, disposition_feuille_fk) values (441,0);
insert into fleur_pilosite_tige (fleur_fk, pilosite_tige_fk) values (441,0);
insert into fleur_pilosite_feuille (fleur_fk, pilosite_feuille_fk) values (441,2);
insert into fleur (id,directory_name,scientific_name,scientific_family_fk,doc_url) values (442,"","Trifolium subterraneum",12,"");
insert into taxonomy (lang, taxon, searched_taxon, fleur_fk) values ("fr","Trèfle enterreur","trefle enterreur",442);
insert into taxonomy (lang, taxon, searched_taxon, fleur_fk) values ("fr","Trèfle souterrain","trefle souterrain",442);
insert into taxonomy (lang, taxon, searched_taxon, fleur_fk) values ("la","Trifolium subterraneum","trifolium subterraneum",442);
insert into taxonomy (lang, taxon, searched_taxon, fleur_fk) values ("en","subterranean clover","subterranean clover",442);
insert into fleur_inflorescence (fleur_fk, inflorescence_fk) values (442,0);
insert into fleur_couleur (fleur_fk, couleur_fk) values (442,0);
insert into fleur_particularite (fleur_fk, particularite_fk) values (442,4);
insert into fleur_aspect (fleur_fk, aspect_fk) values (442,2);
insert into fleur_nb_petale (fleur_fk, nb_petale_fk) values (442,0);
insert into fleur_type_feuille (fleur_fk, type_feuille_fk) values (442,0);
insert into fleur_disposition_feuille (fleur_fk, disposition_feuille_fk) values (442,0);
insert into fleur_pilosite_tige (fleur_fk, pilosite_tige_fk) values (442,1);
insert into fleur_pilosite_feuille (fleur_fk, pilosite_feuille_fk) values (442,1);
insert into fleur (id,directory_name,scientific_name,scientific_family_fk,doc_url) values (443,"","Trifolium fragiferum",12,"");
insert into taxonomy (lang, taxon, searched_taxon, fleur_fk) values ("fr","Trèfle fraise","trefle fraise",443);
insert into taxonomy (lang, taxon, searched_taxon, fleur_fk) values ("fr","Trèfle porte-fraise","trefle porte-fraise",443);
insert into taxonomy (lang, taxon, searched_taxon, fleur_fk) values ("la","Trifolium fragiferum","trifolium fragiferum",443);
insert into taxonomy (lang, taxon, searched_taxon, fleur_fk) values ("en","strawberry clover","strawberry clover",443);
insert into fleur_inflorescence (fleur_fk, inflorescence_fk) values (443,0);
insert into fleur_couleur (fleur_fk, couleur_fk) values (443,1);
insert into fleur_particularite (fleur_fk, particularite_fk) values (443,4);
insert into fleur_aspect (fleur_fk, aspect_fk) values (443,2);
insert into fleur_nb_petale (fleur_fk, nb_petale_fk) values (443,0);
insert into fleur_type_feuille (fleur_fk, type_feuille_fk) values (443,0);
insert into fleur_disposition_feuille (fleur_fk, disposition_feuille_fk) values (443,0);
insert into fleur_pilosite_tige (fleur_fk, pilosite_tige_fk) values (443,1);
insert into fleur_pilosite_feuille (fleur_fk, pilosite_feuille_fk) values (443,1);
insert into fleur (id,directory_name,scientific_name,scientific_family_fk,doc_url) values (444,"","Trifolium incarnatum",12,"");
insert into taxonomy (lang, taxon, searched_taxon, fleur_fk) values ("fr","Trèfle incarnat","trefle incarnat",444);
insert into taxonomy (lang, taxon, searched_taxon, fleur_fk) values ("fr","Trèfle de Molineri","trefle de molineri",444);
insert into taxonomy (lang, taxon, searched_taxon, fleur_fk) values ("fr","Trèfle du Roussillon","trefle du roussillon",444);
insert into taxonomy (lang, taxon, searched_taxon, fleur_fk) values ("la","Trifolium incarnatum","trifolium incarnatum",444);
insert into taxonomy (lang, taxon, searched_taxon, fleur_fk) values ("en","crimson clover","crimson clover",444);
insert into fleur_inflorescence (fleur_fk, inflorescence_fk) values (444,0);
insert into fleur_couleur (fleur_fk, couleur_fk) values (444,1);
insert into fleur_particularite (fleur_fk, particularite_fk) values (444,4);
insert into fleur_aspect (fleur_fk, aspect_fk) values (444,2);
insert into fleur_nb_petale (fleur_fk, nb_petale_fk) values (444,0);
insert into fleur_type_feuille (fleur_fk, type_feuille_fk) values (444,0);
insert into fleur_disposition_feuille (fleur_fk, disposition_feuille_fk) values (444,0);
insert into fleur_pilosite_tige (fleur_fk, pilosite_tige_fk) values (444,1);
insert into fleur_pilosite_feuille (fleur_fk, pilosite_feuille_fk) values (444,1);
insert into fleur (id,directory_name,scientific_name,scientific_family_fk,doc_url) values (445,"","Trifolium striatum",12,"");
insert into taxonomy (lang, taxon, searched_taxon, fleur_fk) values ("fr","Trèfle strié","trefle strie",445);
insert into taxonomy (lang, taxon, searched_taxon, fleur_fk) values ("la","Trifolium striatum","trifolium striatum",445);
insert into taxonomy (lang, taxon, searched_taxon, fleur_fk) values ("en","knotted clover","knotted clover",445);
insert into fleur_inflorescence (fleur_fk, inflorescence_fk) values (445,0);
insert into fleur_couleur (fleur_fk, couleur_fk) values (445,1);
insert into fleur_particularite (fleur_fk, particularite_fk) values (445,4);
insert into fleur_aspect (fleur_fk, aspect_fk) values (445,2);
insert into fleur_nb_petale (fleur_fk, nb_petale_fk) values (445,0);
insert into fleur_type_feuille (fleur_fk, type_feuille_fk) values (445,0);
insert into fleur_disposition_feuille (fleur_fk, disposition_feuille_fk) values (445,0);
insert into fleur_pilosite_tige (fleur_fk, pilosite_tige_fk) values (445,1);
insert into fleur_pilosite_feuille (fleur_fk, pilosite_feuille_fk) values (445,1);
insert into fleur (id,directory_name,scientific_name,scientific_family_fk,doc_url) values (446,"","Tussilago farfara",1,"");
insert into taxonomy (lang, taxon, searched_taxon, fleur_fk) values ("fr","Tussilage","tussilage",446);
insert into taxonomy (lang, taxon, searched_taxon, fleur_fk) values ("fr","Pas d'âne","pas d'ane",446);
insert into taxonomy (lang, taxon, searched_taxon, fleur_fk) values ("la","Tussilago farfara","tussilago farfara",446);
insert into taxonomy (lang, taxon, searched_taxon, fleur_fk) values ("en","coltsfoot","coltsfoot",446);
insert into fleur_inflorescence (fleur_fk, inflorescence_fk) values (446,1);
insert into fleur_couleur (fleur_fk, couleur_fk) values (446,3);
insert into fleur_aspect (fleur_fk, aspect_fk) values (446,1);
insert into fleur_nb_petale (fleur_fk, nb_petale_fk) values (446,1);
insert into fleur_type_feuille (fleur_fk, type_feuille_fk) values (446,2);
insert into fleur_disposition_feuille (fleur_fk, disposition_feuille_fk) values (446,0);
insert into fleur_pilosite_tige (fleur_fk, pilosite_tige_fk) values (446,1);
insert into fleur_pilosite_feuille (fleur_fk, pilosite_feuille_fk) values (446,1);
insert into fleur (id,directory_name,scientific_name,scientific_family_fk,doc_url) values (447,"","Valeriana officinalis",43,"");
insert into taxonomy (lang, taxon, searched_taxon, fleur_fk) values ("fr","Valériane officinale","valeriane officinale",447);
insert into taxonomy (lang, taxon, searched_taxon, fleur_fk) values ("fr","Valériane des collines","valeriane des collines",447);
insert into taxonomy (lang, taxon, searched_taxon, fleur_fk) values ("fr","Valériane à petites feuilles","valeriane a petites feuilles",447);
insert into taxonomy (lang, taxon, searched_taxon, fleur_fk) values ("la","Valeriana officinalis","valeriana officinalis",447);
insert into taxonomy (lang, taxon, searched_taxon, fleur_fk) values ("en","Valerian","valerian",447);
insert into fleur_inflorescence (fleur_fk, inflorescence_fk) values (447,0);
insert into fleur_couleur (fleur_fk, couleur_fk) values (447,0);
insert into fleur_couleur (fleur_fk, couleur_fk) values (447,1);
insert into fleur_aspect (fleur_fk, aspect_fk) values (447,6);
insert into fleur_nb_petale (fleur_fk, nb_petale_fk) values (447,0);
insert into fleur_type_feuille (fleur_fk, type_feuille_fk) values (447,0);
insert into fleur_disposition_feuille (fleur_fk, disposition_feuille_fk) values (447,1);
insert into fleur_pilosite_tige (fleur_fk, pilosite_tige_fk) values (447,1);
insert into fleur_pilosite_feuille (fleur_fk, pilosite_feuille_fk) values (447,2);
insert into fleur (id,directory_name,scientific_name,scientific_family_fk,doc_url) values (448,"","Veronica scutellata",27,"");
insert into taxonomy (lang, taxon, searched_taxon, fleur_fk) values ("fr","Véronique à écusson","veronique a ecusson",448);
insert into taxonomy (lang, taxon, searched_taxon, fleur_fk) values ("la","Veronica scutellata","veronica scutellata",448);
insert into taxonomy (lang, taxon, searched_taxon, fleur_fk) values ("en","marsh speedwell","marsh speedwell",448);
insert into fleur_inflorescence (fleur_fk, inflorescence_fk) values (448,0);
insert into fleur_couleur (fleur_fk, couleur_fk) values (448,2);
insert into fleur_aspect (fleur_fk, aspect_fk) values (448,3);
insert into fleur_nb_petale (fleur_fk, nb_petale_fk) values (448,2);
insert into fleur_type_feuille (fleur_fk, type_feuille_fk) values (448,3);
insert into fleur_disposition_feuille (fleur_fk, disposition_feuille_fk) values (448,1);
insert into fleur_pilosite_tige (fleur_fk, pilosite_tige_fk) values (448,0);
insert into fleur_pilosite_feuille (fleur_fk, pilosite_feuille_fk) values (448,0);
insert into fleur (id,directory_name,scientific_name,scientific_family_fk,doc_url) values (449,"","Veronica hederifolia",27,"");
insert into taxonomy (lang, taxon, searched_taxon, fleur_fk) values ("fr","Véronique à feuille de lierre","veronique a feuille de lierre",449);
insert into taxonomy (lang, taxon, searched_taxon, fleur_fk) values ("la","Veronica hederifolia","veronica hederifolia",449);
insert into taxonomy (lang, taxon, searched_taxon, fleur_fk) values ("en","Ivy-leaved Speedwell","ivy-leaved speedwell",449);
insert into fleur_inflorescence (fleur_fk, inflorescence_fk) values (449,0);
insert into fleur_couleur (fleur_fk, couleur_fk) values (449,2);
insert into fleur_aspect (fleur_fk, aspect_fk) values (449,3);
insert into fleur_nb_petale (fleur_fk, nb_petale_fk) values (449,2);
insert into fleur_type_feuille (fleur_fk, type_feuille_fk) values (449,2);
insert into fleur_disposition_feuille (fleur_fk, disposition_feuille_fk) values (449,0);
insert into fleur_disposition_feuille (fleur_fk, disposition_feuille_fk) values (449,1);
insert into fleur_pilosite_tige (fleur_fk, pilosite_tige_fk) values (449,1);
insert into fleur_pilosite_feuille (fleur_fk, pilosite_feuille_fk) values (449,1);
insert into fleur (id,directory_name,scientific_name,scientific_family_fk,doc_url) values (450,"","Veronica serpyllifolia",27,"");
insert into taxonomy (lang, taxon, searched_taxon, fleur_fk) values ("fr","Véronique à feuilles de serpolet","veronique a feuilles de serpolet",450);
insert into taxonomy (lang, taxon, searched_taxon, fleur_fk) values ("la","Veronica serpyllifolia","veronica serpyllifolia",450);
insert into taxonomy (lang, taxon, searched_taxon, fleur_fk) values ("en","thyme-leaved speedwell","thyme-leaved speedwell",450);
insert into fleur_inflorescence (fleur_fk, inflorescence_fk) values (450,0);
insert into fleur_couleur (fleur_fk, couleur_fk) values (450,0);
insert into fleur_particularite (fleur_fk, particularite_fk) values (450,5);
insert into fleur_aspect (fleur_fk, aspect_fk) values (450,3);
insert into fleur_nb_petale (fleur_fk, nb_petale_fk) values (450,2);
insert into fleur_type_feuille (fleur_fk, type_feuille_fk) values (450,2);
insert into fleur_disposition_feuille (fleur_fk, disposition_feuille_fk) values (450,1);
insert into fleur_pilosite_tige (fleur_fk, pilosite_tige_fk) values (450,1);
insert into fleur_pilosite_feuille (fleur_fk, pilosite_feuille_fk) values (450,2);
insert into fleur (id,directory_name,scientific_name,scientific_family_fk,doc_url) values (451,"","Veronica agrestis",27,"");
insert into taxonomy (lang, taxon, searched_taxon, fleur_fk) values ("fr","Véronique agreste","veronique agreste",451);
insert into taxonomy (lang, taxon, searched_taxon, fleur_fk) values ("fr","Véronique rustique","veronique rustique",451);
insert into taxonomy (lang, taxon, searched_taxon, fleur_fk) values ("la","Veronica agrestis","veronica agrestis",451);
insert into taxonomy (lang, taxon, searched_taxon, fleur_fk) values ("en","green field-speedwell","green field-speedwell",451);
insert into fleur_inflorescence (fleur_fk, inflorescence_fk) values (451,1);
insert into fleur_couleur (fleur_fk, couleur_fk) values (451,0);
insert into fleur_couleur (fleur_fk, couleur_fk) values (451,2);
insert into fleur_aspect (fleur_fk, aspect_fk) values (451,3);
insert into fleur_nb_petale (fleur_fk, nb_petale_fk) values (451,2);
insert into fleur_type_feuille (fleur_fk, type_feuille_fk) values (451,2);
insert into fleur_disposition_feuille (fleur_fk, disposition_feuille_fk) values (451,0);
insert into fleur_pilosite_tige (fleur_fk, pilosite_tige_fk) values (451,1);
insert into fleur_pilosite_feuille (fleur_fk, pilosite_feuille_fk) values (451,1);
insert into fleur (id,directory_name,scientific_name,scientific_family_fk,doc_url) values (452,"","Veronica beccabunga",27,"");
insert into taxonomy (lang, taxon, searched_taxon, fleur_fk) values ("fr","Véronique beccabunga","veronique beccabunga",452);
insert into taxonomy (lang, taxon, searched_taxon, fleur_fk) values ("fr","Cresson de cheval","cresson de cheval",452);
insert into taxonomy (lang, taxon, searched_taxon, fleur_fk) values ("fr","Véronique des ruisseaux","veronique des ruisseaux",452);
insert into taxonomy (lang, taxon, searched_taxon, fleur_fk) values ("la","Veronica beccabunga","veronica beccabunga",452);
insert into taxonomy (lang, taxon, searched_taxon, fleur_fk) values ("en","European speedwell","european speedwell",452);
insert into fleur_inflorescence (fleur_fk, inflorescence_fk) values (452,0);
insert into fleur_couleur (fleur_fk, couleur_fk) values (452,2);
insert into fleur_aspect (fleur_fk, aspect_fk) values (452,3);
insert into fleur_nb_petale (fleur_fk, nb_petale_fk) values (452,2);
insert into fleur_type_feuille (fleur_fk, type_feuille_fk) values (452,2);
insert into fleur_disposition_feuille (fleur_fk, disposition_feuille_fk) values (452,1);
insert into fleur_pilosite_tige (fleur_fk, pilosite_tige_fk) values (452,0);
insert into fleur_pilosite_feuille (fleur_fk, pilosite_feuille_fk) values (452,0);
insert into fleur (id,directory_name,scientific_name,scientific_family_fk,doc_url) values (453,"","Veronica prostrata",27,"");
insert into taxonomy (lang, taxon, searched_taxon, fleur_fk) values ("fr","Véronique couchée","veronique couchee",453);
insert into taxonomy (lang, taxon, searched_taxon, fleur_fk) values ("la","Veronica prostrata","veronica prostrata",453);
insert into taxonomy (lang, taxon, searched_taxon, fleur_fk) values ("en","sprawling speedwell","sprawling speedwell",453);
insert into fleur_inflorescence (fleur_fk, inflorescence_fk) values (453,0);
insert into fleur_couleur (fleur_fk, couleur_fk) values (453,2);
insert into fleur_aspect (fleur_fk, aspect_fk) values (453,3);
insert into fleur_nb_petale (fleur_fk, nb_petale_fk) values (453,2);
insert into fleur_type_feuille (fleur_fk, type_feuille_fk) values (453,3);
insert into fleur_disposition_feuille (fleur_fk, disposition_feuille_fk) values (453,1);
insert into fleur_pilosite_tige (fleur_fk, pilosite_tige_fk) values (453,1);
insert into fleur_pilosite_feuille (fleur_fk, pilosite_feuille_fk) values (453,1);
insert into fleur (id,directory_name,scientific_name,scientific_family_fk,doc_url) values (454,"","Veronica persica",27,"");
insert into taxonomy (lang, taxon, searched_taxon, fleur_fk) values ("fr","Véronique de Perse","veronique de perse",454);
insert into taxonomy (lang, taxon, searched_taxon, fleur_fk) values ("fr","Véronique commune","veronique commune",454);
insert into taxonomy (lang, taxon, searched_taxon, fleur_fk) values ("la","Veronica persica","veronica persica",454);
insert into taxonomy (lang, taxon, searched_taxon, fleur_fk) values ("en","common field-speedwell","common field-speedwell",454);
insert into fleur_inflorescence (fleur_fk, inflorescence_fk) values (454,1);
insert into fleur_couleur (fleur_fk, couleur_fk) values (454,2);
insert into fleur_particularite (fleur_fk, particularite_fk) values (454,5);
insert into fleur_aspect (fleur_fk, aspect_fk) values (454,3);
insert into fleur_nb_petale (fleur_fk, nb_petale_fk) values (454,2);
insert into fleur_type_feuille (fleur_fk, type_feuille_fk) values (454,2);
insert into fleur_disposition_feuille (fleur_fk, disposition_feuille_fk) values (454,0);
insert into fleur_disposition_feuille (fleur_fk, disposition_feuille_fk) values (454,1);
insert into fleur_pilosite_tige (fleur_fk, pilosite_tige_fk) values (454,1);
insert into fleur_pilosite_feuille (fleur_fk, pilosite_feuille_fk) values (454,1);
insert into fleur (id,directory_name,scientific_name,scientific_family_fk,doc_url) values (455,"","Veronica arvensis",27,"");
insert into taxonomy (lang, taxon, searched_taxon, fleur_fk) values ("fr","Véronique des champs","veronique des champs",455);
insert into taxonomy (lang, taxon, searched_taxon, fleur_fk) values ("la","Veronica arvensis","veronica arvensis",455);
insert into taxonomy (lang, taxon, searched_taxon, fleur_fk) values ("en","corn speedwell","corn speedwell",455);
insert into fleur_inflorescence (fleur_fk, inflorescence_fk) values (455,0);
insert into fleur_couleur (fleur_fk, couleur_fk) values (455,2);
insert into fleur_aspect (fleur_fk, aspect_fk) values (455,3);
insert into fleur_nb_petale (fleur_fk, nb_petale_fk) values (455,2);
insert into fleur_type_feuille (fleur_fk, type_feuille_fk) values (455,2);
insert into fleur_disposition_feuille (fleur_fk, disposition_feuille_fk) values (455,1);
insert into fleur_pilosite_tige (fleur_fk, pilosite_tige_fk) values (455,1);
insert into fleur_pilosite_feuille (fleur_fk, pilosite_feuille_fk) values (455,1);
insert into fleur (id,directory_name,scientific_name,scientific_family_fk,doc_url) values (456,"","Veronica montana",27,"");
insert into taxonomy (lang, taxon, searched_taxon, fleur_fk) values ("fr","Véronique des montagnes","veronique des montagnes",456);
insert into taxonomy (lang, taxon, searched_taxon, fleur_fk) values ("la","Veronica montana","veronica montana",456);
insert into taxonomy (lang, taxon, searched_taxon, fleur_fk) values ("en","mountain speedwell","mountain speedwell",456);
insert into fleur_inflorescence (fleur_fk, inflorescence_fk) values (456,0);
insert into fleur_couleur (fleur_fk, couleur_fk) values (456,2);
insert into fleur_particularite (fleur_fk, particularite_fk) values (456,5);
insert into fleur_aspect (fleur_fk, aspect_fk) values (456,3);
insert into fleur_nb_petale (fleur_fk, nb_petale_fk) values (456,2);
insert into fleur_type_feuille (fleur_fk, type_feuille_fk) values (456,2);
insert into fleur_disposition_feuille (fleur_fk, disposition_feuille_fk) values (456,1);
insert into fleur_pilosite_tige (fleur_fk, pilosite_tige_fk) values (456,1);
insert into fleur_pilosite_feuille (fleur_fk, pilosite_feuille_fk) values (456,1);
insert into fleur (id,directory_name,scientific_name,scientific_family_fk,doc_url) values (457,"","Veronica austriaca",27,"");
insert into taxonomy (lang, taxon, searched_taxon, fleur_fk) values ("fr","Véronique germandrée","veronique germandree",457);
insert into taxonomy (lang, taxon, searched_taxon, fleur_fk) values ("la","Veronica austriaca","veronica austriaca",457);
insert into taxonomy (lang, taxon, searched_taxon, fleur_fk) values ("en","Saw-leaved speedwell","saw-leaved speedwell",457);
insert into fleur_inflorescence (fleur_fk, inflorescence_fk) values (457,0);
insert into fleur_couleur (fleur_fk, couleur_fk) values (457,2);
insert into fleur_aspect (fleur_fk, aspect_fk) values (457,3);
insert into fleur_nb_petale (fleur_fk, nb_petale_fk) values (457,2);
insert into fleur_type_feuille (fleur_fk, type_feuille_fk) values (457,2);
insert into fleur_disposition_feuille (fleur_fk, disposition_feuille_fk) values (457,1);
insert into fleur_pilosite_tige (fleur_fk, pilosite_tige_fk) values (457,1);
insert into fleur_pilosite_feuille (fleur_fk, pilosite_feuille_fk) values (457,1);
insert into fleur (id,directory_name,scientific_name,scientific_family_fk,doc_url) values (458,"","Veronica anagallis-aquatica",27,"");
insert into taxonomy (lang, taxon, searched_taxon, fleur_fk) values ("fr","Véronique mouron d'eau","veronique mouron d'eau",458);
insert into taxonomy (lang, taxon, searched_taxon, fleur_fk) values ("fr","Mouron aquatique","mouron aquatique",458);
insert into taxonomy (lang, taxon, searched_taxon, fleur_fk) values ("la","Veronica anagallis-aquatica","veronica anagallis-aquatica",458);
insert into taxonomy (lang, taxon, searched_taxon, fleur_fk) values ("en","water speedwell","water speedwell",458);
insert into fleur_inflorescence (fleur_fk, inflorescence_fk) values (458,0);
insert into fleur_couleur (fleur_fk, couleur_fk) values (458,2);
insert into fleur_particularite (fleur_fk, particularite_fk) values (458,5);
insert into fleur_aspect (fleur_fk, aspect_fk) values (458,3);
insert into fleur_nb_petale (fleur_fk, nb_petale_fk) values (458,2);
insert into fleur_type_feuille (fleur_fk, type_feuille_fk) values (458,2);
insert into fleur_disposition_feuille (fleur_fk, disposition_feuille_fk) values (458,1);
insert into fleur_pilosite_tige (fleur_fk, pilosite_tige_fk) values (458,0);
insert into fleur_pilosite_feuille (fleur_fk, pilosite_feuille_fk) values (458,0);
insert into fleur (id,directory_name,scientific_name,scientific_family_fk,doc_url) values (459,"","Veronica officinalis",27,"");
insert into taxonomy (lang, taxon, searched_taxon, fleur_fk) values ("fr","Véronique officinale","veronique officinale",459);
insert into taxonomy (lang, taxon, searched_taxon, fleur_fk) values ("la","Veronica officinalis","veronica officinalis",459);
insert into taxonomy (lang, taxon, searched_taxon, fleur_fk) values ("en","common speedwel","common speedwel",459);
insert into fleur_inflorescence (fleur_fk, inflorescence_fk) values (459,0);
insert into fleur_couleur (fleur_fk, couleur_fk) values (459,2);
insert into fleur_particularite (fleur_fk, particularite_fk) values (459,5);
insert into fleur_aspect (fleur_fk, aspect_fk) values (459,3);
insert into fleur_nb_petale (fleur_fk, nb_petale_fk) values (459,2);
insert into fleur_type_feuille (fleur_fk, type_feuille_fk) values (459,2);
insert into fleur_disposition_feuille (fleur_fk, disposition_feuille_fk) values (459,1);
insert into fleur_pilosite_tige (fleur_fk, pilosite_tige_fk) values (459,1);
insert into fleur_pilosite_feuille (fleur_fk, pilosite_feuille_fk) values (459,1);
insert into fleur (id,directory_name,scientific_name,scientific_family_fk,doc_url) values (460,"","Veronica chamaedrys",27,"");
insert into taxonomy (lang, taxon, searched_taxon, fleur_fk) values ("fr","Véronique petit-chêne","veronique petit-chene",460);
insert into taxonomy (lang, taxon, searched_taxon, fleur_fk) values ("la","Veronica chamaedrys","veronica chamaedrys",460);
insert into taxonomy (lang, taxon, searched_taxon, fleur_fk) values ("en","germander speedwell","germander speedwell",460);
insert into fleur_inflorescence (fleur_fk, inflorescence_fk) values (460,0);
insert into fleur_couleur (fleur_fk, couleur_fk) values (460,2);
insert into fleur_particularite (fleur_fk, particularite_fk) values (460,5);
insert into fleur_aspect (fleur_fk, aspect_fk) values (460,3);
insert into fleur_nb_petale (fleur_fk, nb_petale_fk) values (460,2);
insert into fleur_type_feuille (fleur_fk, type_feuille_fk) values (460,2);
insert into fleur_disposition_feuille (fleur_fk, disposition_feuille_fk) values (460,1);
insert into fleur_pilosite_tige (fleur_fk, pilosite_tige_fk) values (460,1);
insert into fleur_pilosite_feuille (fleur_fk, pilosite_feuille_fk) values (460,1);
insert into fleur (id,directory_name,scientific_name,scientific_family_fk,doc_url) values (461,"","Veronica peregrina",27,"");
insert into taxonomy (lang, taxon, searched_taxon, fleur_fk) values ("fr","Véronique voyageuse","veronique voyageuse",461);
insert into taxonomy (lang, taxon, searched_taxon, fleur_fk) values ("la","Veronica peregrina","veronica peregrina",461);
insert into taxonomy (lang, taxon, searched_taxon, fleur_fk) values ("en","American speedwell","american speedwell",461);
insert into fleur_inflorescence (fleur_fk, inflorescence_fk) values (461,0);
insert into fleur_couleur (fleur_fk, couleur_fk) values (461,2);
insert into fleur_couleur (fleur_fk, couleur_fk) values (461,0);
insert into fleur_aspect (fleur_fk, aspect_fk) values (461,3);
insert into fleur_nb_petale (fleur_fk, nb_petale_fk) values (461,2);
insert into fleur_nb_petale (fleur_fk, nb_petale_fk) values (461,0);
insert into fleur_nb_petale (fleur_fk, nb_petale_fk) values (461,3);
insert into fleur_type_feuille (fleur_fk, type_feuille_fk) values (461,2);
insert into fleur_disposition_feuille (fleur_fk, disposition_feuille_fk) values (461,1);
insert into fleur_pilosite_tige (fleur_fk, pilosite_tige_fk) values (461,0);
insert into fleur_pilosite_feuille (fleur_fk, pilosite_feuille_fk) values (461,0);
insert into fleur (id,directory_name,scientific_name,scientific_family_fk,doc_url) values (462,"","Vicia cracca",12,"");
insert into taxonomy (lang, taxon, searched_taxon, fleur_fk) values ("fr","Vesce cracca","vesce cracca",462);
insert into taxonomy (lang, taxon, searched_taxon, fleur_fk) values ("fr","Vesce de Cracovie","vesce de cracovie",462);
insert into taxonomy (lang, taxon, searched_taxon, fleur_fk) values ("fr","Jarosse","jarosse",462);
insert into taxonomy (lang, taxon, searched_taxon, fleur_fk) values ("la","Vicia cracca","vicia cracca",462);
insert into taxonomy (lang, taxon, searched_taxon, fleur_fk) values ("en","tufted vetch","tufted vetch",462);
insert into fleur_inflorescence (fleur_fk, inflorescence_fk) values (462,0);
insert into fleur_couleur (fleur_fk, couleur_fk) values (462,1);
insert into fleur_couleur (fleur_fk, couleur_fk) values (462,2);
insert into fleur_particularite (fleur_fk, particularite_fk) values (462,0);
insert into fleur_particularite (fleur_fk, particularite_fk) values (462,4);
insert into fleur_aspect (fleur_fk, aspect_fk) values (462,2);
insert into fleur_nb_petale (fleur_fk, nb_petale_fk) values (462,0);
insert into fleur_type_feuille (fleur_fk, type_feuille_fk) values (462,0);
insert into fleur_disposition_feuille (fleur_fk, disposition_feuille_fk) values (462,0);
insert into fleur_pilosite_tige (fleur_fk, pilosite_tige_fk) values (462,1);
insert into fleur_pilosite_feuille (fleur_fk, pilosite_feuille_fk) values (462,0);
insert into fleur_pilosite_feuille (fleur_fk, pilosite_feuille_fk) values (462,1);
insert into fleur (id,directory_name,scientific_name,scientific_family_fk,doc_url) values (463,"","Vicia sativa",12,"");
insert into taxonomy (lang, taxon, searched_taxon, fleur_fk) values ("fr","Vesce cultivée","vesce cultivee",463);
insert into taxonomy (lang, taxon, searched_taxon, fleur_fk) values ("fr","Vesce commune","vesce commune",463);
insert into taxonomy (lang, taxon, searched_taxon, fleur_fk) values ("la","Vicia sativa","vicia sativa",463);
insert into taxonomy (lang, taxon, searched_taxon, fleur_fk) values ("en","common vetch","common vetch",463);
insert into fleur_inflorescence (fleur_fk, inflorescence_fk) values (463,0);
insert into fleur_couleur (fleur_fk, couleur_fk) values (463,1);
insert into fleur_particularite (fleur_fk, particularite_fk) values (463,4);
insert into fleur_aspect (fleur_fk, aspect_fk) values (463,2);
insert into fleur_nb_petale (fleur_fk, nb_petale_fk) values (463,0);
insert into fleur_type_feuille (fleur_fk, type_feuille_fk) values (463,0);
insert into fleur_disposition_feuille (fleur_fk, disposition_feuille_fk) values (463,0);
insert into fleur_pilosite_tige (fleur_fk, pilosite_tige_fk) values (463,1);
insert into fleur_pilosite_feuille (fleur_fk, pilosite_feuille_fk) values (463,1);
insert into fleur (id,directory_name,scientific_name,scientific_family_fk,doc_url) values (464,"","Vicia pannonica",12,"");
insert into taxonomy (lang, taxon, searched_taxon, fleur_fk) values ("fr","Vesce de Hongrie","vesce de hongrie",464);
insert into taxonomy (lang, taxon, searched_taxon, fleur_fk) values ("la","Vicia pannonica","vicia pannonica",464);
insert into taxonomy (lang, taxon, searched_taxon, fleur_fk) values ("en","Hungarian vetch","hungarian vetch",464);
insert into fleur_inflorescence (fleur_fk, inflorescence_fk) values (464,0);
insert into fleur_couleur (fleur_fk, couleur_fk) values (464,0);
insert into fleur_particularite (fleur_fk, particularite_fk) values (464,4);
insert into fleur_particularite (fleur_fk, particularite_fk) values (464,5);
insert into fleur_aspect (fleur_fk, aspect_fk) values (464,2);
insert into fleur_nb_petale (fleur_fk, nb_petale_fk) values (464,0);
insert into fleur_type_feuille (fleur_fk, type_feuille_fk) values (464,0);
insert into fleur_disposition_feuille (fleur_fk, disposition_feuille_fk) values (464,0);
insert into fleur_pilosite_tige (fleur_fk, pilosite_tige_fk) values (464,1);
insert into fleur_pilosite_feuille (fleur_fk, pilosite_feuille_fk) values (464,1);
insert into fleur (id,directory_name,scientific_name,scientific_family_fk,doc_url) values (465,"","Viola alba",50,"");
insert into taxonomy (lang, taxon, searched_taxon, fleur_fk) values ("fr","Violette blanche","violette blanche",465);
insert into taxonomy (lang, taxon, searched_taxon, fleur_fk) values ("la","Viola alba","viola alba",465);
insert into taxonomy (lang, taxon, searched_taxon, fleur_fk) values ("en","white violet","white violet",465);
insert into fleur_inflorescence (fleur_fk, inflorescence_fk) values (465,1);
insert into fleur_couleur (fleur_fk, couleur_fk) values (465,0);
insert into fleur_particularite (fleur_fk, particularite_fk) values (465,2);
insert into fleur_aspect (fleur_fk, aspect_fk) values (465,2);
insert into fleur_nb_petale (fleur_fk, nb_petale_fk) values (465,0);
insert into fleur_type_feuille (fleur_fk, type_feuille_fk) values (465,2);
insert into fleur_disposition_feuille (fleur_fk, disposition_feuille_fk) values (465,3);
insert into fleur_pilosite_tige (fleur_fk, pilosite_tige_fk) values (465,0);
insert into fleur_pilosite_feuille (fleur_fk, pilosite_feuille_fk) values (465,1);
insert into fleur (id,directory_name,scientific_name,scientific_family_fk,doc_url) values (466,"","Viola riviniana",50,"");
insert into taxonomy (lang, taxon, searched_taxon, fleur_fk) values ("fr","Violette de Rivin","violette de rivin",466);
insert into taxonomy (lang, taxon, searched_taxon, fleur_fk) values ("fr","Violette des bois","violette des bois",466);
insert into taxonomy (lang, taxon, searched_taxon, fleur_fk) values ("la","Viola riviniana","viola riviniana",466);
insert into taxonomy (lang, taxon, searched_taxon, fleur_fk) values ("en","common dog-violet","common dog-violet",466);
insert into fleur_inflorescence (fleur_fk, inflorescence_fk) values (466,1);
insert into fleur_couleur (fleur_fk, couleur_fk) values (466,2);
insert into fleur_particularite (fleur_fk, particularite_fk) values (466,2);
insert into fleur_particularite (fleur_fk, particularite_fk) values (466,5);
insert into fleur_aspect (fleur_fk, aspect_fk) values (466,2);
insert into fleur_nb_petale (fleur_fk, nb_petale_fk) values (466,0);
insert into fleur_type_feuille (fleur_fk, type_feuille_fk) values (466,2);
insert into fleur_disposition_feuille (fleur_fk, disposition_feuille_fk) values (466,0);
insert into fleur_disposition_feuille (fleur_fk, disposition_feuille_fk) values (466,3);
insert into fleur_pilosite_tige (fleur_fk, pilosite_tige_fk) values (466,0);
insert into fleur_pilosite_feuille (fleur_fk, pilosite_feuille_fk) values (466,2);
insert into fleur (id,directory_name,scientific_name,scientific_family_fk,doc_url) values (467,"","Viola odorata",50,"");
insert into taxonomy (lang, taxon, searched_taxon, fleur_fk) values ("fr","Violette odorante","violette odorante",467);
insert into taxonomy (lang, taxon, searched_taxon, fleur_fk) values ("la","Viola odorata","viola odorata",467);
insert into taxonomy (lang, taxon, searched_taxon, fleur_fk) values ("en","wood violet","wood violet",467);
insert into fleur_inflorescence (fleur_fk, inflorescence_fk) values (467,1);
insert into fleur_couleur (fleur_fk, couleur_fk) values (467,2);
insert into fleur_particularite (fleur_fk, particularite_fk) values (467,2);
insert into fleur_particularite (fleur_fk, particularite_fk) values (467,5);
insert into fleur_aspect (fleur_fk, aspect_fk) values (467,2);
insert into fleur_nb_petale (fleur_fk, nb_petale_fk) values (467,0);
insert into fleur_type_feuille (fleur_fk, type_feuille_fk) values (467,2);
insert into fleur_disposition_feuille (fleur_fk, disposition_feuille_fk) values (467,3);
insert into fleur_pilosite_tige (fleur_fk, pilosite_tige_fk) values (467,1);
insert into fleur_pilosite_feuille (fleur_fk, pilosite_feuille_fk) values (467,2);
insert into fleur (id,directory_name,scientific_name,scientific_family_fk,doc_url) values (468,"","Echium vulgare",14,"");
insert into taxonomy (lang, taxon, searched_taxon, fleur_fk) values ("fr","Vipérine commune","viperine commune",468);
insert into taxonomy (lang, taxon, searched_taxon, fleur_fk) values ("la","Echium vulgare","echium vulgare",468);
insert into taxonomy (lang, taxon, searched_taxon, fleur_fk) values ("en","Viper's Bugloss","viper's bugloss",468);
insert into fleur_inflorescence (fleur_fk, inflorescence_fk) values (468,0);
insert into fleur_couleur (fleur_fk, couleur_fk) values (468,2);
insert into fleur_particularite (fleur_fk, particularite_fk) values (468,5);
insert into fleur_aspect (fleur_fk, aspect_fk) values (468,3);
insert into fleur_nb_petale (fleur_fk, nb_petale_fk) values (468,0);
insert into fleur_type_feuille (fleur_fk, type_feuille_fk) values (468,3);
insert into fleur_disposition_feuille (fleur_fk, disposition_feuille_fk) values (468,0);
insert into fleur_pilosite_tige (fleur_fk, pilosite_tige_fk) values (468,1);
insert into fleur_pilosite_feuille (fleur_fk, pilosite_feuille_fk) values (468,1);
insert into fleur (id,directory_name,scientific_name,scientific_family_fk,doc_url) values (469,"","Anthyllis vulneraria",12,"");
insert into taxonomy (lang, taxon, searched_taxon, fleur_fk) values ("fr","Vulnéraire","vulneraire",469);
insert into taxonomy (lang, taxon, searched_taxon, fleur_fk) values ("fr","Anthyllide vulnéraire","anthyllide vulneraire",469);
insert into taxonomy (lang, taxon, searched_taxon, fleur_fk) values ("la","Anthyllis vulneraria","anthyllis vulneraria",469);
insert into taxonomy (lang, taxon, searched_taxon, fleur_fk) values ("en","Common kidneyvetch","common kidneyvetch",469);
insert into fleur_inflorescence (fleur_fk, inflorescence_fk) values (469,0);
insert into fleur_couleur (fleur_fk, couleur_fk) values (469,3);
insert into fleur_particularite (fleur_fk, particularite_fk) values (469,4);
insert into fleur_aspect (fleur_fk, aspect_fk) values (469,2);
insert into fleur_nb_petale (fleur_fk, nb_petale_fk) values (469,0);
insert into fleur_type_feuille (fleur_fk, type_feuille_fk) values (469,0);
insert into fleur_disposition_feuille (fleur_fk, disposition_feuille_fk) values (469,0);
insert into fleur_pilosite_tige (fleur_fk, pilosite_tige_fk) values (469,1);
insert into fleur_pilosite_feuille (fleur_fk, pilosite_feuille_fk) values (469,2);
